{
  "#ALL_SERVICES": {
    "active_intent_accuracy": 0.9694835680751174,
    "average_cat_accuracy": 0.7115986814997941,
    "average_goal_accuracy": 0.853470364135343,
    "average_noncat_accuracy": 0.9049835246805473,
    "joint_cat_accuracy": 0.7266678987248198,
    "joint_goal_accuracy": 0.5730427397719651,
    "joint_noncat_accuracy": 0.7250811871227365,
    "requested_slots_f1": 0.9504367474689406,
    "requested_slots_precision": 0.9842219986586184,
    "requested_slots_recall": 0.9528001341381623
  },
  "#SEEN_SERVICES": {
    "active_intent_accuracy": 0.9912339851652057,
    "average_cat_accuracy": 0.8867351704810836,
    "average_goal_accuracy": 0.9149697802197801,
    "average_noncat_accuracy": 0.9429064171122995,
    "joint_cat_accuracy": 0.8949609652235628,
    "joint_goal_accuracy": 0.7953407282535401,
    "joint_noncat_accuracy": 0.8857162171274444,
    "requested_slots_f1": 0.9825691166554282,
    "requested_slots_precision": 0.995729377388177,
    "requested_slots_recall": 0.9853337828725557
  },
  "#UNSEEN_SERVICES": {
    "active_intent_accuracy": 0.9479653102068045,
    "average_cat_accuracy": 0.5146621148459383,
    "average_goal_accuracy": 0.7913106433243419,
    "average_noncat_accuracy": 0.8656014808938254,
    "joint_cat_accuracy": 0.5437716930196683,
    "joint_goal_accuracy": 0.3531175116744496,
    "joint_noncat_accuracy": 0.5661607404936624,
    "requested_slots_f1": 0.9186473522030559,
    "requested_slots_precision": 0.9728374471870136,
    "requested_slots_recall": 0.9206137424949966
  },
  "Alarm_1": {
    "active_intent_accuracy": 0.8558951965065502,
    "average_goal_accuracy": 0.762987012987013,
    "average_noncat_accuracy": 0.762987012987013,
    "joint_goal_accuracy": 0.534410480349345,
    "joint_noncat_accuracy": 0.534410480349345,
    "requested_slots_f1": 0.9956331877729258,
    "requested_slots_precision": 0.9956331877729258,
    "requested_slots_recall": 1.0
  },
  "Banks_2": {
    "active_intent_accuracy": 0.9969040247678018,
    "average_cat_accuracy": 0.920265780730897,
    "average_goal_accuracy": 0.8495625692137321,
    "average_noncat_accuracy": 0.6553296703296704,
    "joint_cat_accuracy": 0.8544891640866873,
    "joint_goal_accuracy": 0.5820433436532507,
    "joint_noncat_accuracy": 0.653250773993808,
    "requested_slots_f1": 0.9009287925696594,
    "requested_slots_precision": 1.0,
    "requested_slots_recall": 0.9009287925696594
  },
  "Buses_1": {
    "active_intent_accuracy": 0.9893899204244032,
    "average_cat_accuracy": 0.996,
    "average_goal_accuracy": 0.9571926345609065,
    "average_noncat_accuracy": 0.9468333333333333,
    "joint_cat_accuracy": 0.9973474801061007,
    "joint_goal_accuracy": 0.8750397877984084,
    "joint_noncat_accuracy": 0.8776923076923077,
    "requested_slots_f1": 0.9964633068081343,
    "requested_slots_precision": 0.9973474801061007,
    "requested_slots_recall": 0.9973474801061007
  },
  "Events_1": {
    "active_intent_accuracy": 0.9942418426103646,
    "average_cat_accuracy": 1.0,
    "average_goal_accuracy": 0.9565212247738344,
    "average_noncat_accuracy": 0.9372907725321888,
    "joint_cat_accuracy": 1.0,
    "joint_goal_accuracy": 0.8437044145873321,
    "joint_noncat_accuracy": 0.8437044145873321,
    "requested_slots_f1": 0.9910428662827894,
    "requested_slots_precision": 1.0,
    "requested_slots_recall": 0.9904030710172744
  },
  "Flights_3": {
    "active_intent_accuracy": 0.9639934533551555,
    "average_cat_accuracy": 0.719877344877345,
    "average_goal_accuracy": 0.8603879650625683,
    "average_noncat_accuracy": 0.9278932584269663,
    "joint_cat_accuracy": 0.5122749590834698,
    "joint_goal_accuracy": 0.40261931260229133,
    "joint_noncat_accuracy": 0.7876320785597382,
    "requested_slots_f1": 0.8816148390616477,
    "requested_slots_precision": 1.0,
    "requested_slots_recall": 0.881342062193126
  },
  "Homes_1": {
    "active_intent_accuracy": 0.9965928449744463,
    "average_cat_accuracy": 0.9884615384615385,
    "average_goal_accuracy": 0.9672568407960198,
    "average_noncat_accuracy": 0.9562782204515271,
    "joint_cat_accuracy": 0.9574105621805792,
    "joint_goal_accuracy": 0.8782453151618398,
    "joint_noncat_accuracy": 0.9174275979557069,
    "requested_slots_f1": 0.9943214082907438,
    "requested_slots_precision": 0.995741056218058,
    "requested_slots_recall": 0.9982964224872232
  },
  "Hotels_1": {
    "active_intent_accuracy": 0.9713261648745519,
    "average_cat_accuracy": 0.9624413145539906,
    "average_goal_accuracy": 0.9755113636363637,
    "average_noncat_accuracy": 0.9784477124183006,
    "joint_cat_accuracy": 0.946236559139785,
    "joint_goal_accuracy": 0.8851254480286738,
    "joint_noncat_accuracy": 0.9367383512544804,
    "requested_slots_f1": 0.9952210274790919,
    "requested_slots_precision": 0.996415770609319,
    "requested_slots_recall": 0.9946236559139785
  },
  "Hotels_4": {
    "active_intent_accuracy": 0.9964285714285714,
    "average_cat_accuracy": 0.8996913580246914,
    "average_goal_accuracy": 0.8597480827537008,
    "average_noncat_accuracy": 0.8425196078431373,
    "joint_cat_accuracy": 0.7785714285714286,
    "joint_goal_accuracy": 0.17606285714285716,
    "joint_noncat_accuracy": 0.22081285714285714,
    "requested_slots_f1": 0.9409523809523809,
    "requested_slots_precision": 0.9452380952380951,
    "requested_slots_recall": 0.9482142857142857
  },
  "Media_2": {
    "active_intent_accuracy": 0.9523809523809523,
    "average_cat_accuracy": 0.21212121212121213,
    "average_goal_accuracy": 0.8248865979381443,
    "average_noncat_accuracy": 0.9409536082474227,
    "joint_cat_accuracy": 0.5873015873015873,
    "joint_goal_accuracy": 0.3253384126984127,
    "joint_noncat_accuracy": 0.4906501587301587,
    "requested_slots_f1": 0.9343915343915343,
    "requested_slots_precision": 0.9349206349206349,
    "requested_slots_recall": 0.9428571428571428
  },
  "Movies_2": {
    "active_intent_accuracy": 0.9829545454545454,
    "average_goal_accuracy": 0.7168457300275481,
    "average_noncat_accuracy": 0.7168457300275481,
    "joint_goal_accuracy": 0.32557613636363636,
    "joint_noncat_accuracy": 0.32557613636363636,
    "requested_slots_f1": 0.9128787878787878,
    "requested_slots_precision": 0.9356060606060606,
    "requested_slots_recall": 0.9147727272727273
  },
  "Music_1": {
    "active_intent_accuracy": 0.9838056680161943,
    "average_cat_accuracy": 0.7418300653594772,
    "average_goal_accuracy": 0.8586785150078989,
    "average_noncat_accuracy": 0.9373529411764704,
    "joint_cat_accuracy": 0.7773279352226721,
    "joint_goal_accuracy": 0.6686639676113361,
    "joint_noncat_accuracy": 0.8670445344129555,
    "requested_slots_f1": 0.9959514170040485,
    "requested_slots_precision": 0.9959514170040485,
    "requested_slots_recall": 1.0
  },
  "RentalCars_1": {
    "active_intent_accuracy": 0.9969512195121951,
    "average_cat_accuracy": 0.7692307692307693,
    "average_goal_accuracy": 0.9439074074074074,
    "average_noncat_accuracy": 0.9634342105263158,
    "joint_cat_accuracy": 0.8384146341463414,
    "joint_goal_accuracy": 0.7374719512195123,
    "joint_noncat_accuracy": 0.8758673780487805,
    "requested_slots_f1": 1.0,
    "requested_slots_precision": 1.0,
    "requested_slots_recall": 1.0
  },
  "Restaurants_2": {
    "active_intent_accuracy": 0.9298245614035088,
    "average_cat_accuracy": 0.3949579831932773,
    "average_goal_accuracy": 0.7780761741122566,
    "average_noncat_accuracy": 0.8501635002878526,
    "joint_cat_accuracy": 0.6124401913875598,
    "joint_goal_accuracy": 0.4133736842105263,
    "joint_noncat_accuracy": 0.5368984051036683,
    "requested_slots_f1": 0.9228677754993545,
    "requested_slots_precision": 0.946943115364168,
    "requested_slots_recall": 0.9282296650717703
  },
  "RideSharing_1": {
    "active_intent_accuracy": 1.0,
    "average_cat_accuracy": 0.9695652173913043,
    "average_goal_accuracy": 0.9421008403361345,