{
  "#ALL_SERVICES": {
    "active_intent_accuracy": 0.966297786720322,
    "average_cat_accuracy": 0.707869798104656,
    "average_goal_accuracy": 0.8423948211764912,
    "average_noncat_accuracy": 0.8913639813193228,
    "joint_cat_accuracy": 0.7274071336167067,
    "joint_goal_accuracy": 0.5602627934272301,
    "joint_noncat_accuracy": 0.7077707243460764,
    "requested_slots_f1": 0.9504359490274983,
    "requested_slots_precision": 0.9841828750279453,
    "requested_slots_recall": 0.9526324614352784
  },
  "#SEEN_SERVICES": {
    "active_intent_accuracy": 0.9892110586648685,
    "average_cat_accuracy": 0.8862680990191499,
    "average_goal_accuracy": 0.910121323914181,
    "average_noncat_accuracy": 0.938953272217978,
    "joint_cat_accuracy": 0.8942512420156139,
    "joint_goal_accuracy": 0.7864962575859743,
    "joint_noncat_accuracy": 0.877333648010789,
    "requested_slots_f1": 0.9834120026972354,
    "requested_slots_precision": 0.9950550685547312,
    "requested_slots_recall": 0.9865138233310856
  },
  "#UNSEEN_SERVICES": {
    "active_intent_accuracy": 0.9436290860573716,
    "average_cat_accuracy": 0.507265406162465,
    "average_goal_accuracy": 0.773941154951429,
    "average_noncat_accuracy": 0.8419436070342456,
    "joint_cat_accuracy": 0.5460856151176243,
    "joint_goal_accuracy": 0.3364440960640427,
    "joint_noncat_accuracy": 0.5400176784523015,
    "requested_slots_f1": 0.9178118745830554,
    "requested_slots_precision": 0.973426728930398,
    "requested_slots_recall": 0.9191127418278853
  },
  "Alarm_1": {
    "active_intent_accuracy": 0.8427947598253275,
    "average_goal_accuracy": 0.7116883116883117,
    "average_noncat_accuracy": 0.7116883116883117,
    "joint_goal_accuracy": 0.4959825327510918,
    "joint_noncat_accuracy": 0.4959825327510918,
    "requested_slots_f1": 0.9956331877729258,
    "requested_slots_precision": 0.9956331877729258,
    "requested_slots_recall": 1.0
  },
  "Banks_2": {
    "active_intent_accuracy": 0.9969040247678018,
    "average_cat_accuracy": 0.915282392026578,
    "average_goal_accuracy": 0.8009136212624585,
    "average_noncat_accuracy": 0.5035714285714286,
    "joint_cat_accuracy": 0.8452012383900929,
    "joint_goal_accuracy": 0.5015479876160991,
    "joint_noncat_accuracy": 0.541795665634675,
    "requested_slots_f1": 0.9009287925696594,
    "requested_slots_precision": 1.0,
    "requested_slots_recall": 0.9009287925696594
  },
  "Buses_1": {
    "active_intent_accuracy": 0.986737400530504,
    "average_cat_accuracy": 0.996,
    "average_goal_accuracy": 0.960754957507082,
    "average_noncat_accuracy": 0.9514761904761905,
    "joint_cat_accuracy": 0.9973474801061007,
    "joint_goal_accuracy": 0.8900265251989389,
    "joint_noncat_accuracy": 0.8926790450928381,
    "requested_slots_f1": 0.9955791335101679,
    "requested_slots_precision": 0.9960212201591512,
    "requested_slots_recall": 0.9973474801061007
  },
  "Events_1": {
    "active_intent_accuracy": 0.9942418426103646,
    "average_cat_accuracy": 1.0,
    "average_goal_accuracy": 0.9443963117606123,
    "average_noncat_accuracy": 0.9184388412017166,
    "joint_cat_accuracy": 1.0,
    "joint_goal_accuracy": 0.7982917466410749,
    "joint_noncat_accuracy": 0.7982917466410749,
    "requested_slots_f1": 0.9904030710172744,
    "requested_slots_precision": 1.0,
    "requested_slots_recall": 0.989443378119002
  },
  "Flights_3": {
    "active_intent_accuracy": 0.9590834697217676,
    "average_cat_accuracy": 0.7153679653679653,
    "average_goal_accuracy": 0.8443570588729319,
    "average_noncat_accuracy": 0.9090246566791511,
    "joint_cat_accuracy": 0.513911620294599,
    "joint_goal_accuracy": 0.3897878887070376,
    "joint_noncat_accuracy": 0.7436222585924713,
    "requested_slots_f1": 0.8827059465357339,
    "requested_slots_precision": 1.0,
    "requested_slots_recall": 0.8821603927986906
  },
  "Homes_1": {
    "active_intent_accuracy": 0.9948892674616695,
    "average_cat_accuracy": 0.9826923076923076,
    "average_goal_accuracy": 0.9625660092395166,
    "average_noncat_accuracy": 0.9536221779548474,
    "joint_cat_accuracy": 0.9608177172061328,
    "joint_goal_accuracy": 0.8816524701873935,
    "joint_noncat_accuracy": 0.9106132879045996,
    "requested_slots_f1": 0.9943214082907438,
    "requested_slots_precision": 0.9940374787052811,
    "requested_slots_recall": 1.0
  },
  "Hotels_1": {
    "active_intent_accuracy": 0.9713261648745519,
    "average_cat_accuracy": 0.9342723004694836,
    "average_goal_accuracy": 0.9665467171717173,
    "average_noncat_accuracy": 0.9784477124183006,
    "joint_cat_accuracy": 0.9032258064516129,
    "joint_goal_accuracy": 0.8421146953405018,
    "joint_noncat_accuracy": 0.9367383512544804,
    "requested_slots_f1": 0.9952210274790919,
    "requested_slots_precision": 0.996415770609319,
    "requested_slots_recall": 0.9946236559139785
  },
  "Hotels_4": {
    "active_intent_accuracy": 1.0,
    "average_cat_accuracy": 0.8510802469135803,
    "average_goal_accuracy": 0.8145306759407882,
    "average_noncat_accuracy": 0.8016699346405229,
    "joint_cat_accuracy": 0.8214285714285714,
    "joint_goal_accuracy": 0.17160714285714285,
    "joint_noncat_accuracy": 0.22728571428571426,
    "requested_slots_f1": 0.946547619047619,
    "requested_slots_precision": 0.9494047619047619,
    "requested_slots_recall": 0.9517857142857142
  },
  "Media_2": {
    "active_intent_accuracy": 0.9523809523809523,
    "average_cat_accuracy": 0.19393939393939394,
    "average_goal_accuracy": 0.8289616265750287,
    "average_noncat_accuracy": 0.9495962199312716,
    "joint_cat_accuracy": 0.5777777777777777,
    "joint_goal_accuracy": 0.3174349206349206,
    "joint_noncat_accuracy": 0.4922704761904762,
    "requested_slots_f1": 0.9301587301587302,
    "requested_slots_precision": 0.9285714285714286,
    "requested_slots_recall": 0.9365079365079365
  },
  "Movies_2": {
    "active_intent_accuracy": 0.9829545454545454,
    "average_goal_accuracy": 0.7172314049586777,
    "average_noncat_accuracy": 0.7172314049586777,
    "joint_goal_accuracy": 0.3203806818181818,
    "joint_noncat_accuracy": 0.3203806818181818,
    "requested_slots_f1": 0.9128787878787878,
    "requested_slots_precision": 0.9412878787878788,
    "requested_slots_recall": 0.9147727272727273
  },
  "Music_1": {
    "active_intent_accuracy": 0.979757085020243,
    "average_cat_accuracy": 0.7418300653594772,
    "average_goal_accuracy": 0.8586785150078989,
    "average_noncat_accuracy": 0.9373529411764704,
    "joint_cat_accuracy": 0.7773279352226721,
    "joint_goal_accuracy": 0.6686639676113361,
    "joint_noncat_accuracy": 0.8670445344129555,
    "requested_slots_f1": 0.9959514170040485,
    "requested_slots_precision": 0.9959514170040485,
    "requested_slots_recall": 1.0
  },
  "RentalCars_1": {
    "active_intent_accuracy": 0.9969512195121951,
    "average_cat_accuracy": 0.8102564102564103,
    "average_goal_accuracy": 0.9493649237472768,
    "average_noncat_accuracy": 0.9649276315789475,
    "joint_cat_accuracy": 0.8628048780487805,
    "joint_goal_accuracy": 0.7695451219512195,
    "joint_noncat_accuracy": 0.8835503048780486,
    "requested_slots_f1": 1.0,
    "requested_slots_precision": 1.0,
    "requested_slots_recall": 1.0
  },
  "Restaurants_2": {
    "active_intent_accuracy": 0.9282296650717703,
    "average_cat_accuracy": 0.40336134453781514,
    "average_goal_accuracy": 0.7704557560137457,
    "average_noncat_accuracy": 0.8392613701784686,
    "joint_cat_accuracy": 0.6108452950558214,
    "joint_goal_accuracy": 0.4090749601275917,
    "joint_noncat_accuracy": 0.5183732057416268,
    "requested_slots_f1": 0.9190324295587454,
    "requested_slots_precision": 0.9494949494949495,
    "requested_slots_recall": 0.9234449760765551
  },
  "RideSharing_1": {
    "active_intent_accuracy": 1.0,
    "average_cat_accuracy": 0.9695652173913043,
    "average_goal_accuracy": 0.9463025210084034,
    "average_noncat_accuracy": 0.9130805687203791,