{
  "#ALL_SERVICES": {
    "active_intent_accuracy": 0.9354460093896714,
    "average_cat_accuracy": 0.6704779563246808,
    "average_goal_accuracy": 0.7611772825314991,
    "average_noncat_accuracy": 0.7897026010248427,
    "joint_cat_accuracy": 0.6824986139345777,
    "joint_goal_accuracy": 0.41984964788732393,
    "joint_noncat_accuracy": 0.5444360831656606,
    "requested_slots_f1": 0.9395056849030693,
    "requested_slots_precision": 0.9800106192711826,
    "requested_slots_recall": 0.9450871898054997
  },
  "#SEEN_SERVICES": {
    "active_intent_accuracy": 0.9645987862440998,
    "average_cat_accuracy": 0.8579324303285069,
    "average_goal_accuracy": 0.8225711843711843,
    "average_noncat_accuracy": 0.8175425897631781,
    "joint_cat_accuracy": 0.836763662171753,
    "joint_goal_accuracy": 0.533688671611598,
    "joint_noncat_accuracy": 0.6250689817936615,
    "requested_slots_f1": 0.9703079343672736,
    "requested_slots_precision": 0.9873567093728928,
    "requested_slots_recall": 0.9775792312879299
  },
  "#UNSEEN_SERVICES": {
    "active_intent_accuracy": 0.9066044029352902,
    "average_cat_accuracy": 0.45969012605042014,
    "average_goal_accuracy": 0.6991242088468116,
    "average_noncat_accuracy": 0.7607914187491736,
    "joint_cat_accuracy": 0.5148476667952179,
    "joint_goal_accuracy": 0.3072257171447632,
    "joint_noncat_accuracy": 0.46466384256170773,
    "requested_slots_f1": 0.9090322119508244,
    "requested_slots_precision": 0.972742939737603,
    "requested_slots_recall": 0.9129419613075384
  },
  "Alarm_1": {
    "active_intent_accuracy": 0.7336244541484717,
    "average_goal_accuracy": 0.6768181818181818,
    "average_noncat_accuracy": 0.6768181818181818,
    "joint_goal_accuracy": 0.5667248908296945,
    "joint_noncat_accuracy": 0.5667248908296945,
    "requested_slots_f1": 1.0,
    "requested_slots_precision": 1.0,
    "requested_slots_recall": 1.0
  },
  "Banks_2": {
    "active_intent_accuracy": 0.9690402476780186,
    "average_cat_accuracy": 0.9534883720930233,
    "average_goal_accuracy": 0.8756921373200443,
    "average_noncat_accuracy": 0.6895604395604396,
    "joint_cat_accuracy": 0.9040247678018576,
    "joint_goal_accuracy": 0.6068111455108359,
    "joint_noncat_accuracy": 0.6687306501547987,
    "requested_slots_f1": 0.9009287925696594,
    "requested_slots_precision": 1.0,
    "requested_slots_recall": 0.9009287925696594
  },
  "Buses_1": {
    "active_intent_accuracy": 0.9840848806366048,
    "average_cat_accuracy": 0.996,
    "average_goal_accuracy": 0.9070203021718604,
    "average_noncat_accuracy": 0.8873285714285716,
    "joint_cat_accuracy": 0.9946949602122016,
    "joint_goal_accuracy": 0.6306989389920424,
    "joint_noncat_accuracy": 0.6360039787798408,
    "requested_slots_f1": 0.980548187444739,
    "requested_slots_precision": 0.9708222811671088,
    "requested_slots_recall": 1.0
  },
  "Events_1": {
    "active_intent_accuracy": 0.9078694817658349,
    "average_cat_accuracy": 0.9898648648648649,
    "average_goal_accuracy": 0.845418580375783,
    "average_noncat_accuracy": 0.7724713876967096,
    "joint_cat_accuracy": 0.9846449136276392,
    "joint_goal_accuracy": 0.5396161228406909,
    "joint_noncat_accuracy": 0.5396161228406909,
    "requested_slots_f1": 0.9795265515035187,
    "requested_slots_precision": 0.9980806142034548,
    "requested_slots_recall": 0.9769673704414588
  },
  "Flights_3": {
    "active_intent_accuracy": 0.9410801963993454,
    "average_cat_accuracy": 0.6697330447330446,
    "average_goal_accuracy": 0.852316515495087,
    "average_noncat_accuracy": 0.9383177278401997,
    "joint_cat_accuracy": 0.48117839607201307,
    "joint_goal_accuracy": 0.3643050736497545,
    "joint_noncat_accuracy": 0.7632085106382979,
    "requested_slots_f1": 0.8805237315875614,
    "requested_slots_precision": 1.0,
    "requested_slots_recall": 0.8805237315875614
  },
  "Homes_1": {
    "active_intent_accuracy": 0.9642248722316865,
    "average_cat_accuracy": 0.9102564102564102,
    "average_goal_accuracy": 0.8464529584221748,
    "average_noncat_accuracy": 0.8309661354581673,
    "joint_cat_accuracy": 0.8194207836456558,
    "joint_goal_accuracy": 0.5664054514480409,
    "joint_noncat_accuracy": 0.6701260647359455,
    "requested_slots_f1": 0.9936399772856331,
    "requested_slots_precision": 0.9937535491198184,
    "requested_slots_recall": 0.9991482112436116
  },
  "Hotels_1": {
    "active_intent_accuracy": 0.978494623655914,
    "average_cat_accuracy": 0.852112676056338,
    "average_goal_accuracy": 0.8499774531024531,
    "average_noncat_accuracy": 0.8443562091503268,
    "joint_cat_accuracy": 0.8172043010752689,
    "joint_goal_accuracy": 0.4728315412186381,
    "joint_noncat_accuracy": 0.5522222222222222,
    "requested_slots_f1": 0.959020310633214,
    "requested_slots_precision": 0.96415770609319,
    "requested_slots_recall": 0.9695340501792115
  },
  "Hotels_4": {
    "active_intent_accuracy": 0.9857142857142858,
    "average_cat_accuracy": 0.7445987654320988,
    "average_goal_accuracy": 0.7025638487604781,
    "average_noncat_accuracy": 0.6960261437908497,
    "joint_cat_accuracy": 0.7178571428571429,
    "joint_goal_accuracy": 0.10126571428571426,
    "joint_noncat_accuracy": 0.130305,
    "requested_slots_f1": 0.9154166666666667,
    "requested_slots_precision": 0.9244047619047621,
    "requested_slots_recall": 0.9392857142857143
  },
  "Media_2": {
    "active_intent_accuracy": 0.9428571428571428,
    "average_cat_accuracy": 0.006060606060606061,
    "average_goal_accuracy": 0.43442439862542964,
    "average_noncat_accuracy": 0.5234707903780069,
    "joint_cat_accuracy": 0.4793650793650794,
    "joint_goal_accuracy": 0.0925552380952381,
    "joint_noncat_accuracy": 0.09730126984126984,
    "requested_slots_f1": 0.9253968253968254,
    "requested_slots_precision": 0.9492063492063492,
    "requested_slots_recall": 0.9349206349206349
  },
  "Movies_2": {
    "active_intent_accuracy": 0.9943181818181818,
    "average_goal_accuracy": 0.8096418732782369,
    "average_noncat_accuracy": 0.8096418732782369,
    "joint_goal_accuracy": 0.4285227272727273,
    "joint_noncat_accuracy": 0.4285227272727273,
    "requested_slots_f1": 0.8977272727272727,
    "requested_slots_precision": 0.9640151515151515,
    "requested_slots_recall": 0.8977272727272727
  },
  "Music_1": {
    "active_intent_accuracy": 0.9595141700404858,
    "average_cat_accuracy": 0.7091503267973857,
    "average_goal_accuracy": 0.6742496050552923,
    "average_noncat_accuracy": 0.6429738562091504,
    "joint_cat_accuracy": 0.5748987854251012,
    "joint_goal_accuracy": 0.29554655870445345,
    "joint_noncat_accuracy": 0.48582995951417,
    "requested_slots_f1": 0.9919028340080972,
    "requested_slots_precision": 0.9959514170040485,
    "requested_slots_recall": 0.9919028340080972
  },
  "RentalCars_1": {
    "active_intent_accuracy": 0.9878048780487805,
    "average_cat_accuracy": 0.8153846153846154,
    "average_goal_accuracy": 0.8538218954248366,
    "average_noncat_accuracy": 0.8503859649122807,
    "joint_cat_accuracy": 0.8628048780487805,
    "joint_goal_accuracy": 0.4440899390243903,
    "joint_noncat_accuracy": 0.4593338414634147,
    "requested_slots_f1": 0.9939024390243902,
    "requested_slots_precision": 1.0,
    "requested_slots_recall": 0.9939024390243902
  },
  "Restaurants_2": {
    "active_intent_accuracy": 0.8006379585326954,
    "average_cat_accuracy": 0.28851540616246496,
    "average_goal_accuracy": 0.6781829487808869,
    "average_noncat_accuracy": 0.7442417962003454,
    "joint_cat_accuracy": 0.5566188197767146,
    "joint_goal_accuracy": 0.3201961722488038,
    "joint_noncat_accuracy": 0.39811052631578947,
    "requested_slots_f1": 0.8933470038733196,
    "requested_slots_precision": 0.943833067517278,
    "requested_slots_recall": 0.9019138755980861
  },
  "RideSharing_1": {
    "active_intent_accuracy": 1.0,
    "average_cat_accuracy": 0.9826086956521739,