{
  "#ALL_SERVICES": {
    "active_intent_accuracy": 0.9235412474849095,
    "average_cat_accuracy": 0.696023897816234,
    "average_goal_accuracy": 0.8204779681896694,
    "average_noncat_accuracy": 0.870408445222806,
    "joint_cat_accuracy": 0.7007946775087784,
    "joint_goal_accuracy": 0.5203321428571429,
    "joint_noncat_accuracy": 0.654201180147552,
    "requested_slots_f1": 0.9467503433298202,
    "requested_slots_precision": 0.9794908338922423,
    "requested_slots_recall": 0.9519617706237424
  },
  "#SEEN_SERVICES": {
    "active_intent_accuracy": 0.9787592717464598,
    "average_cat_accuracy": 0.8886034563288183,
    "average_goal_accuracy": 0.8975499040641898,
    "average_noncat_accuracy": 0.9275739750445633,
    "joint_cat_accuracy": 0.8892831795599716,
    "joint_goal_accuracy": 0.752143830074174,
    "joint_noncat_accuracy": 0.8440723533378288,
    "requested_slots_f1": 0.9779163857046528,
    "requested_slots_precision": 0.9894358282760171,
    "requested_slots_recall": 0.9833108563722185
  },
  "#UNSEEN_SERVICES": {
    "active_intent_accuracy": 0.8689126084056037,
    "average_cat_accuracy": 0.4794730392156863,
    "average_goal_accuracy": 0.7425785291162004,
    "average_noncat_accuracy": 0.8110433690334524,
    "joint_cat_accuracy": 0.49595063632857694,
    "joint_goal_accuracy": 0.2909947631754503,
    "joint_noncat_accuracy": 0.46635665056704473,
    "requested_slots_f1": 0.9159169605133582,
    "requested_slots_precision": 0.9696519902156993,
    "requested_slots_recall": 0.9209472981987992
  },
  "Alarm_1": {
    "active_intent_accuracy": 0.7292576419213974,
    "average_goal_accuracy": 0.724935064935065,
    "average_noncat_accuracy": 0.724935064935065,
    "joint_goal_accuracy": 0.4981659388646289,
    "joint_noncat_accuracy": 0.4981659388646289,
    "requested_slots_f1": 1.0,
    "requested_slots_precision": 1.0,
    "requested_slots_recall": 1.0
  },
  "Banks_2": {
    "active_intent_accuracy": 0.9628482972136223,
    "average_cat_accuracy": 0.9318936877076412,
    "average_goal_accuracy": 0.8489036544850498,
    "average_noncat_accuracy": 0.6403296703296704,
    "joint_cat_accuracy": 0.8854489164086687,
    "joint_goal_accuracy": 0.5680495356037152,
    "joint_noncat_accuracy": 0.6113931888544892,
    "requested_slots_f1": 0.9009287925696594,
    "requested_slots_precision": 1.0,
    "requested_slots_recall": 0.9009287925696594
  },
  "Buses_1": {
    "active_intent_accuracy": 0.9920424403183024,
    "average_cat_accuracy": 1.0,
    "average_goal_accuracy": 0.9757195467422095,
    "average_noncat_accuracy": 0.9716261904761905,
    "joint_cat_accuracy": 1.0,
    "joint_goal_accuracy": 0.9282758620689656,
    "joint_noncat_accuracy": 0.9282758620689656,
    "requested_slots_f1": 0.980548187444739,
    "requested_slots_precision": 0.9708222811671088,
    "requested_slots_recall": 1.0
  },
  "Events_1": {
    "active_intent_accuracy": 0.9558541266794626,
    "average_cat_accuracy": 0.9954954954954955,
    "average_goal_accuracy": 0.9359975643702159,
    "average_noncat_accuracy": 0.9085228898426323,
    "joint_cat_accuracy": 0.9884836852207294,
    "joint_goal_accuracy": 0.7241074856046065,
    "joint_noncat_accuracy": 0.733704414587332,
    "requested_slots_f1": 0.9868202175303903,
    "requested_slots_precision": 0.9984005118362124,
    "requested_slots_recall": 0.9875239923224568
  },
  "Flights_3": {
    "active_intent_accuracy": 0.972176759410802,
    "average_cat_accuracy": 0.7123015873015874,
    "average_goal_accuracy": 0.7812500629881581,
    "average_noncat_accuracy": 0.8260486891385768,
    "joint_cat_accuracy": 0.5220949263502455,
    "joint_goal_accuracy": 0.27047528641571195,
    "joint_noncat_accuracy": 0.5334749590834698,
    "requested_slots_f1": 0.8805237315875614,
    "requested_slots_precision": 1.0,
    "requested_slots_recall": 0.8805237315875614
  },
  "Homes_1": {
    "active_intent_accuracy": 0.9863713798977853,
    "average_cat_accuracy": 0.9932692307692308,
    "average_goal_accuracy": 0.9851896321961622,
    "average_noncat_accuracy": 0.9807934926958831,
    "joint_cat_accuracy": 0.9846678023850085,
    "joint_goal_accuracy": 0.9424531516183987,
    "joint_noncat_accuracy": 0.949267461669506,
    "requested_slots_f1": 0.9960249858035206,
    "requested_slots_precision": 0.995741056218058,
    "requested_slots_recall": 1.0
  },
  "Hotels_1": {
    "active_intent_accuracy": 0.9713261648745519,
    "average_cat_accuracy": 0.8004694835680751,
    "average_goal_accuracy": 0.9247857142857142,
    "average_noncat_accuracy": 0.9881078431372547,
    "joint_cat_accuracy": 0.7383512544802867,
    "joint_goal_accuracy": 0.7177060931899641,
    "joint_noncat_accuracy": 0.9560931899641577,
    "requested_slots_f1": 0.9880525686977301,
    "requested_slots_precision": 0.996415770609319,
    "requested_slots_recall": 0.9874551971326165
  },
  "Hotels_4": {
    "active_intent_accuracy": 0.9821428571428571,
    "average_cat_accuracy": 0.7145061728395062,
    "average_goal_accuracy": 0.8132443374353486,
    "average_noncat_accuracy": 0.8633496732026145,
    "joint_cat_accuracy": 0.4142857142857143,
    "joint_goal_accuracy": 0.1,
    "joint_noncat_accuracy": 0.19442142857142858,
    "requested_slots_f1": 0.9283333333333333,
    "requested_slots_precision": 0.9244047619047618,
    "requested_slots_recall": 0.9482142857142857
  },
  "Media_2": {
    "active_intent_accuracy": 0.9238095238095239,
    "average_cat_accuracy": 0.01818181818181818,
    "average_goal_accuracy": 0.6389089347079038,
    "average_noncat_accuracy": 0.7443012600229095,
    "joint_cat_accuracy": 0.4857142857142857,
    "joint_goal_accuracy": 0.21067873015873015,
    "joint_noncat_accuracy": 0.22297821714285712,
    "requested_slots_f1": 0.9317460317460318,
    "requested_slots_precision": 0.9301587301587302,
    "requested_slots_recall": 0.9412698412698413
  },
  "Movies_2": {
    "active_intent_accuracy": 0.9715909090909091,
    "average_goal_accuracy": 0.6119972451790633,
    "average_noncat_accuracy": 0.6119972451790633,
    "joint_goal_accuracy": 0.31998806818181813,
    "joint_noncat_accuracy": 0.31998806818181813,
    "requested_slots_f1": 0.9090909090909091,
    "requested_slots_precision": 0.9128787878787878,
    "requested_slots_recall": 0.9119318181818182
  },
  "Music_1": {
    "active_intent_accuracy": 0.9595141700404858,
    "average_cat_accuracy": 0.696078431372549,
    "average_goal_accuracy": 0.8464186413902054,
    "average_noncat_accuracy": 0.9356617647058824,
    "joint_cat_accuracy": 0.7408906882591093,
    "joint_goal_accuracy": 0.6393522267206478,
    "joint_noncat_accuracy": 0.8597975708502025,
    "requested_slots_f1": 0.9946018893387314,
    "requested_slots_precision": 0.9979757085020243,
    "requested_slots_recall": 0.9959514170040485
  },
  "RentalCars_1": {
    "active_intent_accuracy": 0.9908536585365854,
    "average_cat_accuracy": 0.9692307692307692,
    "average_goal_accuracy": 0.9343627450980395,
    "average_noncat_accuracy": 0.9288223684210525,
    "joint_cat_accuracy": 0.9542682926829268,
    "joint_goal_accuracy": 0.694597256097561,
    "joint_noncat_accuracy": 0.7122801829268293,
    "requested_slots_f1": 0.9939024390243902,
    "requested_slots_precision": 0.9969512195121951,
    "requested_slots_recall": 0.9969512195121951
  },
  "Restaurants_2": {
    "active_intent_accuracy": 0.6889952153110048,
    "average_cat_accuracy": 0.40896358543417366,
    "average_goal_accuracy": 0.7818790091638029,
    "average_noncat_accuracy": 0.8447112838226828,
    "joint_cat_accuracy": 0.6028708133971292,
    "joint_goal_accuracy": 0.3586925039872408,
    "joint_noncat_accuracy": 0.4672795853269537,
    "requested_slots_f1": 0.9061441482494114,
    "requested_slots_precision": 0.9481924508240297,
    "requested_slots_recall": 0.9210526315789473
  },
  "RideSharing_1": {
    "active_intent_accuracy": 1.0,
    "average_cat_accuracy": 0.9826086956521739,
    "average_goal_accuracy": 0.957310924369748,