{
  "#ALL_SERVICES": {
    "active_intent_accuracy": 0.9193494299128102,
    "average_cat_accuracy": 0.6544911413267408,
    "average_goal_accuracy": 0.8137804797853593,
    "average_noncat_accuracy": 0.8802160277615618,
    "joint_cat_accuracy": 0.666235446313066,
    "joint_goal_accuracy": 0.4693483568075117,
    "joint_noncat_accuracy": 0.644859708249497,
    "requested_slots_f1": 0.9401568138992688,
    "requested_slots_precision": 0.9713754750726581,
    "requested_slots_recall": 0.9461770623742455
  },
  "#SEEN_SERVICES": {
    "active_intent_accuracy": 0.961564396493594,
    "average_cat_accuracy": 0.8343453215008563,
    "average_goal_accuracy": 0.8588082330368043,
    "average_noncat_accuracy": 0.8980889355742298,
    "joint_cat_accuracy": 0.8254080908445706,
    "joint_goal_accuracy": 0.646383648010789,
    "joint_noncat_accuracy": 0.7834390424814565,
    "requested_slots_f1": 0.9718700831647561,
    "requested_slots_precision": 0.9860080917060013,
    "requested_slots_recall": 0.9782535401213756
  },
  "#UNSEEN_SERVICES": {
    "active_intent_accuracy": 0.8775850567044696,
    "average_cat_accuracy": 0.452249649859944,
    "average_goal_accuracy": 0.7682692741665343,
    "average_noncat_accuracy": 0.8616554277403146,
    "joint_cat_accuracy": 0.49325106054762824,
    "joint_goal_accuracy": 0.2942027018012008,
    "joint_noncat_accuracy": 0.5077595396931288,
    "requested_slots_f1": 0.9087820451729725,
    "requested_slots_precision": 0.9568990438069825,
    "requested_slots_recall": 0.9144429619746498
  },
  "Alarm_1": {
    "active_intent_accuracy": 0.7467248908296943,
    "average_goal_accuracy": 0.6583766233766233,
    "average_noncat_accuracy": 0.6583766233766233,
    "joint_goal_accuracy": 0.44113668122270744,
    "joint_noncat_accuracy": 0.44113668122270744,
    "requested_slots_f1": 1.0,
    "requested_slots_precision": 1.0,
    "requested_slots_recall": 1.0
  },
  "Banks_2": {
    "active_intent_accuracy": 0.9752321981424149,
    "average_cat_accuracy": 0.8737541528239202,
    "average_goal_accuracy": 0.8173338870431893,
    "average_noncat_accuracy": 0.6782417582417583,
    "joint_cat_accuracy": 0.804953560371517,
    "joint_goal_accuracy": 0.5406811145510836,
    "joint_noncat_accuracy": 0.6626315789473685,
    "requested_slots_f1": 0.9009287925696594,
    "requested_slots_precision": 1.0,
    "requested_slots_recall": 0.9009287925696594
  },
  "Buses_1": {
    "active_intent_accuracy": 0.986737400530504,
    "average_cat_accuracy": 0.964,
    "average_goal_accuracy": 0.9636628895184136,
    "average_noncat_accuracy": 0.9621047619047619,
    "joint_cat_accuracy": 0.9761273209549072,
    "joint_goal_accuracy": 0.8884893899204245,
    "joint_noncat_accuracy": 0.9123620689655173,
    "requested_slots_f1": 0.980548187444739,
    "requested_slots_precision": 0.9708222811671088,
    "requested_slots_recall": 1.0
  },
  "Events_1": {
    "active_intent_accuracy": 0.8829174664107485,
    "average_cat_accuracy": 0.9617117117117117,
    "average_goal_accuracy": 0.8886043841336118,
    "average_noncat_accuracy": 0.8508673104434907,
    "joint_cat_accuracy": 0.9673704414587332,
    "joint_goal_accuracy": 0.5978502879078694,
    "joint_noncat_accuracy": 0.6202303262955854,
    "requested_slots_f1": 0.9974408189379398,
    "requested_slots_precision": 0.9990403071017274,
    "requested_slots_recall": 0.9980806142034548
  },
  "Flights_3": {
    "active_intent_accuracy": 0.9689034369885434,
    "average_cat_accuracy": 0.6693722943722944,
    "average_goal_accuracy": 0.8555153481145544,
    "average_noncat_accuracy": 0.941563670411985,
    "joint_cat_accuracy": 0.5008183306055647,
    "joint_goal_accuracy": 0.36531980360065464,
    "joint_noncat_accuracy": 0.7373001636661212,
    "requested_slots_f1": 0.8805237315875614,
    "requested_slots_precision": 1.0,
    "requested_slots_recall": 0.8805237315875614
  },
  "Homes_1": {
    "active_intent_accuracy": 0.9846678023850085,
    "average_cat_accuracy": 0.8884615384615384,
    "average_goal_accuracy": 0.9205255863539447,
    "average_noncat_accuracy": 0.9746812749003984,
    "joint_cat_accuracy": 0.8143100511073254,
    "joint_goal_accuracy": 0.7900851788756388,
    "joint_noncat_accuracy": 0.9528109028960817,
    "requested_slots_f1": 0.9918228279386713,
    "requested_slots_precision": 0.9886428165814877,
    "requested_slots_recall": 1.0
  },
  "Hotels_1": {
    "active_intent_accuracy": 0.96415770609319,
    "average_cat_accuracy": 0.6541471048513301,
    "average_goal_accuracy": 0.8660975829725831,
    "average_noncat_accuracy": 0.9789313725490196,
    "joint_cat_accuracy": 0.5555555555555556,
    "joint_goal_accuracy": 0.5046594982078854,
    "joint_noncat_accuracy": 0.9030824372759857,
    "requested_slots_f1": 0.951732377538829,
    "requested_slots_precision": 0.9683393070489843,
    "requested_slots_recall": 0.9516129032258065
  },
  "Hotels_4": {
    "active_intent_accuracy": 0.8928571428571429,
    "average_cat_accuracy": 0.58179012345679,
    "average_goal_accuracy": 0.7929451578384162,
    "average_noncat_accuracy": 0.9061633986928104,
    "joint_cat_accuracy": 0.4928571428571429,
    "joint_goal_accuracy": 0.11375,
    "joint_noncat_accuracy": 0.3253314285714286,
    "requested_slots_f1": 0.8902210884353741,
    "requested_slots_precision": 0.8803571428571428,
    "requested_slots_recall": 0.9196428571428571
  },
  "Media_2": {
    "active_intent_accuracy": 0.9365079365079365,
    "average_cat_accuracy": 0.1393939393939394,
    "average_goal_accuracy": 0.7859461626575028,
    "average_noncat_accuracy": 0.9086397479954181,
    "joint_cat_accuracy": 0.5492063492063493,
    "joint_goal_accuracy": 0.28361777777777775,
    "joint_noncat_accuracy": 0.43728761904761904,
    "requested_slots_f1": 0.9285714285714286,
    "requested_slots_precision": 0.9333333333333333,
    "requested_slots_recall": 0.9412698412698413
  },
  "Movies_2": {
    "active_intent_accuracy": 0.9829545454545454,
    "average_goal_accuracy": 0.7422451790633607,
    "average_noncat_accuracy": 0.7422451790633607,
    "joint_goal_accuracy": 0.34971250000000004,
    "joint_noncat_accuracy": 0.34971250000000004,
    "requested_slots_f1": 0.9,
    "requested_slots_precision": 0.9119318181818182,
    "requested_slots_recall": 0.9090909090909091
  },
  "Music_1": {
    "active_intent_accuracy": 0.9595141700404858,
    "average_cat_accuracy": 0.7189542483660131,
    "average_goal_accuracy": 0.7499597156398106,
    "average_noncat_accuracy": 0.7536519607843137,
    "joint_cat_accuracy": 0.7651821862348178,
    "joint_goal_accuracy": 0.46406275303643724,
    "joint_noncat_accuracy": 0.5830506072874494,
    "requested_slots_f1": 0.9743589743589745,
    "requested_slots_precision": 0.9939271255060729,
    "requested_slots_recall": 0.9736842105263158
  },
  "RentalCars_1": {
    "active_intent_accuracy": 0.9634146341463414,
    "average_cat_accuracy": 0.9641025641025641,
    "average_goal_accuracy": 0.8734117647058823,
    "average_noncat_accuracy": 0.8565740131578948,
    "joint_cat_accuracy": 0.9451219512195121,
    "joint_goal_accuracy": 0.5279076219512195,
    "joint_noncat_accuracy": 0.5455182926829268,
    "requested_slots_f1": 0.9969512195121951,
    "requested_slots_precision": 1.0,
    "requested_slots_recall": 0.9969512195121951
  },
  "Restaurants_2": {
    "active_intent_accuracy": 0.773524720893142,
    "average_cat_accuracy": 0.3926237161531279,
    "average_goal_accuracy": 0.7762813573883162,
    "average_noncat_accuracy": 0.8398416810592976,
    "joint_cat_accuracy": 0.5869218500797448,
    "joint_goal_accuracy": 0.2654066985645933,
    "joint_noncat_accuracy": 0.32856315789473683,
    "requested_slots_f1": 0.8900053163211058,
    "requested_slots_precision": 0.9167198298777246,
    "requested_slots_recall": 0.9003189792663477
  },
  "RideSharing_1": {
    "active_intent_accuracy": 1.0,
    "average_cat_accuracy": 0.9521739130434783,
    "average_goal_accuracy": 0.9398879551820729,