{
  "#ALL_SERVICES": {
    "active_intent_accuracy": 0.07863849765258216,
    "average_cat_accuracy": 0.2323650597445406,
    "average_goal_accuracy": 0.24932882219358007,
    "average_noncat_accuracy": 0.2502711292728806,
    "joint_cat_accuracy": 0.174274625762336,
    "joint_goal_accuracy": 0.005377761821931589,
    "joint_noncat_accuracy": 0.018012127311016094,
    "requested_slots_f1": 0.03623814440821748,
    "requested_slots_precision": 0.02171529801278884,
    "requested_slots_recall": 1.0
  },
  "#SEEN_SERVICES": {
    "active_intent_accuracy": 0.0815913688469319,
    "average_cat_accuracy": 0.27658415070839176,
    "average_goal_accuracy": 0.26807486481772197,
    "average_noncat_accuracy": 0.25909281894576014,
    "joint_cat_accuracy": 0.20794889992902768,
    "joint_goal_accuracy": 0.008965828700606878,
    "joint_noncat_accuracy": 0.03250602768071477,
    "requested_slots_f1": 0.03974564058852663,
    "requested_slots_precision": 0.023951075147973327,
    "requested_slots_recall": 1.0
  },
  "#UNSEEN_SERVICES": {
    "active_intent_accuracy": 0.07571714476317545,
    "average_cat_accuracy": 0.18264180672268907,
    "average_goal_accuracy": 0.23038150773082278,
    "average_noncat_accuracy": 0.24111000925558643,
    "joint_cat_accuracy": 0.1376783648283841,
    "joint_goal_accuracy": 0.0018279931887925287,
    "joint_noncat_accuracy": 0.0036729316817545035,
    "requested_slots_f1": 0.032768086479332575,
    "requested_slots_precision": 0.01950338507651226,
    "requested_slots_recall": 1.0
  },
  "Alarm_1": {
    "active_intent_accuracy": 0.09170305676855896,
    "average_goal_accuracy": 0.1966883116883117,
    "average_noncat_accuracy": 0.1966883116883117,
    "joint_goal_accuracy": 0.019103493449781662,
    "joint_noncat_accuracy": 0.019103493449781662,
    "requested_slots_f1": 0.0,
    "requested_slots_precision": 0.0,
    "requested_slots_recall": 1.0
  },
  "Banks_2": {
    "active_intent_accuracy": 0.06501547987616099,
    "average_cat_accuracy": 0.42358803986710963,
    "average_goal_accuracy": 0.3387375415282392,
    "average_noncat_accuracy": 0.18373626373626373,
    "joint_cat_accuracy": 0.13312693498452013,
    "joint_goal_accuracy": 0.0021455108359133127,
    "joint_noncat_accuracy": 0.014268421052631581,
    "requested_slots_f1": 0.028306059265811586,
    "requested_slots_precision": 0.016511867905056758,
    "requested_slots_recall": 1.0
  },
  "Buses_1": {
    "active_intent_accuracy": 0.07161803713527852,
    "average_cat_accuracy": 0.236,
    "average_goal_accuracy": 0.2330972615675165,
    "average_noncat_accuracy": 0.23576666666666665,
    "joint_cat_accuracy": 0.3209549071618037,
    "joint_goal_accuracy": 0.0002918155702917772,
    "joint_noncat_accuracy": 0.0010737377984084881,
    "requested_slots_f1": 0.04253677357125633,
    "requested_slots_precision": 0.025346301208370173,
    "requested_slots_recall": 1.0
  },
  "Events_1": {
    "active_intent_accuracy": 0.09788867562380038,
    "average_cat_accuracy": 0.3096846846846847,
    "average_goal_accuracy": 0.27992762700069596,
    "average_noncat_accuracy": 0.27300786838340485,
    "joint_cat_accuracy": 0.14971209213051823,
    "joint_goal_accuracy": 8.980238003838771e-05,
    "joint_noncat_accuracy": 0.0010641952975047983,
    "requested_slots_f1": 0.026871401151631478,
    "requested_slots_precision": 0.015355086372360844,
    "requested_slots_recall": 1.0
  },
  "Flights_3": {
    "active_intent_accuracy": 0.07692307692307693,
    "average_cat_accuracy": 0.04599567099567099,
    "average_goal_accuracy": 0.18779812295288487,
    "average_noncat_accuracy": 0.25778089887640454,
    "joint_cat_accuracy": 0.09656301145662848,
    "joint_goal_accuracy": 0.0,
    "joint_noncat_accuracy": 0.000998075433715221,
    "requested_slots_f1": 0.0202716283343383,
    "requested_slots_precision": 0.011167805911235196,
    "requested_slots_recall": 1.0
  },
  "Homes_1": {
    "active_intent_accuracy": 0.07155025553662692,
    "average_cat_accuracy": 0.16538461538461538,
    "average_goal_accuracy": 0.23890076403695804,
    "average_noncat_accuracy": 0.2986354581673307,
    "joint_cat_accuracy": 0.10902896081771721,
    "joint_goal_accuracy": 0.0003071652470187393,
    "joint_noncat_accuracy": 0.006117870528109029,
    "requested_slots_f1": 0.04088586030664395,
    "requested_slots_precision": 0.02436115843270869,
    "requested_slots_recall": 1.0
  },
  "Hotels_1": {
    "active_intent_accuracy": 0.05734767025089606,
    "average_cat_accuracy": 0.49452269170579033,
    "average_goal_accuracy": 0.3111145382395382,
    "average_noncat_accuracy": 0.25102287581699345,
    "joint_cat_accuracy": 0.08960573476702509,
    "joint_goal_accuracy": 0.0,
    "joint_noncat_accuracy": 0.0008112776702508959,
    "requested_slots_f1": 0.04898446833930705,
    "requested_slots_precision": 0.02867383512544803,
    "requested_slots_recall": 1.0
  },
  "Hotels_4": {
    "active_intent_accuracy": 0.05357142857142857,
    "average_cat_accuracy": 0.29012345679012347,
    "average_goal_accuracy": 0.24788264669163548,
    "average_noncat_accuracy": 0.2443235294117647,
    "joint_cat_accuracy": 0.09642857142857143,
    "joint_goal_accuracy": 4.268699999999999e-05,
    "joint_noncat_accuracy": 0.0010033341428571428,
    "requested_slots_f1": 0.045887445887445893,
    "requested_slots_precision": 0.026785714285714288,
    "requested_slots_recall": 1.0
  },
  "Media_2": {
    "active_intent_accuracy": 0.07301587301587302,
    "average_cat_accuracy": 0.10909090909090909,
    "average_goal_accuracy": 0.26185337915234824,
    "average_noncat_accuracy": 0.29079037800687285,
    "joint_cat_accuracy": 0.33650793650793653,
    "joint_goal_accuracy": 0.00015244603174603176,
    "joint_noncat_accuracy": 0.0007098739682539682,
    "requested_slots_f1": 0.04625850340136054,
    "requested_slots_precision": 0.02962962962962963,
    "requested_slots_recall": 1.0
  },
  "Movies_2": {
    "active_intent_accuracy": 0.1590909090909091,
    "average_goal_accuracy": 0.2611707988980716,
    "average_noncat_accuracy": 0.2611707988980716,
    "joint_goal_accuracy": 0.00166875,
    "joint_noncat_accuracy": 0.00166875,
    "requested_slots_f1": 0.05762987012987013,
    "requested_slots_precision": 0.0375,
    "requested_slots_recall": 1.0
  },
  "Music_1": {
    "active_intent_accuracy": 0.06072874493927125,
    "average_cat_accuracy": 0.1503267973856209,
    "average_goal_accuracy": 0.2450173775671406,
    "average_noncat_accuracy": 0.2975,
    "joint_cat_accuracy": 0.3765182186234818,
    "joint_goal_accuracy": 0.0,
    "joint_noncat_accuracy": 8.045344129554656e-06,
    "requested_slots_f1": 0.0465587044534413,
    "requested_slots_precision": 0.02834008097165992,
    "requested_slots_recall": 1.0
  },
  "RentalCars_1": {
    "active_intent_accuracy": 0.07926829268292683,
    "average_cat_accuracy": 0.10256410256410256,
    "average_goal_accuracy": 0.21801034858387802,
    "average_noncat_accuracy": 0.2355235745614035,
    "joint_cat_accuracy": 0.18597560975609756,
    "joint_goal_accuracy": 3.3964682926829266e-05,
    "joint_noncat_accuracy": 0.00030399247256097565,
    "requested_slots_f1": 0.025745257452574527,
    "requested_slots_precision": 0.014481707317073171,
    "requested_slots_recall": 1.0
  },
  "Restaurants_2": {
    "active_intent_accuracy": 0.07496012759170653,
    "average_cat_accuracy": 0.25023342670401494,
    "average_goal_accuracy": 0.22540306414662084,
    "average_noncat_accuracy": 0.218811168681635,
    "joint_cat_accuracy": 0.09409888357256778,
    "joint_goal_accuracy": 0.0,
    "joint_noncat_accuracy": 8.995265055821371e-05,
    "requested_slots_f1": 0.03151234730182099,
    "requested_slots_precision": 0.017809675704412546,
    "requested_slots_recall": 1.0
  },
  "RideSharing_1": {
    "active_intent_accuracy": 0.09727626459143969,
    "average_cat_accuracy": 0.591304347826087,
    "average_goal_accuracy": 0.4507983193277312,
    "average_noncat_accuracy": 0.19862559241706162,