{
  "#ALL_SERVICES": {
    "active_intent_accuracy": 0.9394701542588867,
    "average_cat_accuracy": 0.6493613514627112,
    "average_goal_accuracy": 0.6590318256744789,
    "average_noncat_accuracy": 0.6559583900888629,
    "joint_cat_accuracy": 0.6216965440768805,
    "joint_goal_accuracy": 0.3427666163648558,
    "joint_noncat_accuracy": 0.45784317572099253,
    "requested_slots_f1": 0.9216689023027053,
    "requested_slots_precision": 0.9768332215515315,
    "requested_slots_recall": 0.9245472837022133
  },
  "#SEEN_SERVICES": {
    "active_intent_accuracy": 0.9730276466621712,
    "average_cat_accuracy": 0.8162852249727542,
    "average_goal_accuracy": 0.7221590441304727,
    "average_noncat_accuracy": 0.6933358161446397,
    "joint_cat_accuracy": 0.7856635911994322,
    "joint_goal_accuracy": 0.45907555630478764,
    "joint_noncat_accuracy": 0.5318360418071477,
    "requested_slots_f1": 0.9506181164306587,
    "requested_slots_precision": 0.9856709372892785,
    "requested_slots_recall": 0.9563385030343897
  },
  "#UNSEEN_SERVICES": {
    "active_intent_accuracy": 0.9062708472314877,
    "average_cat_accuracy": 0.46165966386554624,
    "average_goal_accuracy": 0.5952268251617566,
    "average_noncat_accuracy": 0.6171428004760016,
    "joint_cat_accuracy": 0.44350173544157345,
    "joint_goal_accuracy": 0.22769913275517012,
    "joint_noncat_accuracy": 0.38464009339559707,
    "requested_slots_f1": 0.8930286857905271,
    "requested_slots_precision": 0.9680898376695574,
    "requested_slots_recall": 0.8930953969312875
  },
  "Alarm_1": {
    "active_intent_accuracy": 0.8602620087336245,
    "average_goal_accuracy": 0.6433441558441557,
    "average_noncat_accuracy": 0.6433441558441557,
    "joint_goal_accuracy": 0.42004366812227073,
    "joint_noncat_accuracy": 0.42004366812227073,
    "requested_slots_f1": 1.0,
    "requested_slots_precision": 1.0,
    "requested_slots_recall": 1.0
  },
  "Banks_2": {
    "active_intent_accuracy": 0.9876160990712074,
    "average_cat_accuracy": 0.7990033222591362,
    "average_goal_accuracy": 0.6584939091915837,
    "average_noncat_accuracy": 0.2861263736263736,
    "joint_cat_accuracy": 0.6811145510835913,
    "joint_goal_accuracy": 0.4241486068111455,
    "joint_noncat_accuracy": 0.46996904024767805,
    "requested_slots_f1": 0.9009287925696594,
    "requested_slots_precision": 1.0,
    "requested_slots_recall": 0.9009287925696594
  },
  "Buses_1": {
    "active_intent_accuracy": 0.9814323607427056,
    "average_cat_accuracy": 0.996,
    "average_goal_accuracy": 0.8222743153918791,
    "average_noncat_accuracy": 0.784557142857143,
    "joint_cat_accuracy": 0.9973474801061007,
    "joint_goal_accuracy": 0.5085278514588859,
    "joint_noncat_accuracy": 0.5085278514588859,
    "requested_slots_f1": 0.9778956675508399,
    "requested_slots_precision": 0.9681697612732095,
    "requested_slots_recall": 1.0
  },
  "Events_1": {
    "active_intent_accuracy": 0.9347408829174664,
    "average_cat_accuracy": 0.918918918918919,
    "average_goal_accuracy": 0.8158990953375086,
    "average_noncat_accuracy": 0.7603701716738197,
    "joint_cat_accuracy": 0.9155470249520153,
    "joint_goal_accuracy": 0.5229942418426105,
    "joint_noncat_accuracy": 0.5306717850287909,
    "requested_slots_f1": 0.9686500319897632,
    "requested_slots_precision": 1.0,
    "requested_slots_recall": 0.9654510556621881
  },
  "Flights_3": {
    "active_intent_accuracy": 0.8248772504091653,
    "average_cat_accuracy": 0.6259018759018758,
    "average_goal_accuracy": 0.7699238053245989,
    "average_noncat_accuracy": 0.8364700374531835,
    "joint_cat_accuracy": 0.3862520458265139,
    "joint_goal_accuracy": 0.24648117839607206,
    "joint_noncat_accuracy": 0.5706225859247136,
    "requested_slots_f1": 0.8805237315875614,
    "requested_slots_precision": 1.0,
    "requested_slots_recall": 0.8805237315875614
  },
  "Homes_1": {
    "active_intent_accuracy": 0.9812606473594548,
    "average_cat_accuracy": 0.9336538461538462,
    "average_goal_accuracy": 0.8501501421464107,
    "average_noncat_accuracy": 0.7846281540504648,
    "joint_cat_accuracy": 0.7529812606473595,
    "joint_goal_accuracy": 0.541107325383305,
    "joint_noncat_accuracy": 0.683526405451448,
    "requested_slots_f1": 0.9730834752981261,
    "requested_slots_precision": 0.9642248722316865,
    "requested_slots_recall": 0.9914821124361158
  },
  "Hotels_1": {
    "active_intent_accuracy": 0.974910394265233,
    "average_cat_accuracy": 0.7120500782472614,
    "average_goal_accuracy": 0.7353625541125541,
    "average_noncat_accuracy": 0.7281045751633987,
    "joint_cat_accuracy": 0.5663082437275986,
    "joint_goal_accuracy": 0.2974910394265233,
    "joint_noncat_accuracy": 0.46236559139784944,
    "requested_slots_f1": 0.8506571087216248,
    "requested_slots_precision": 0.985663082437276,
    "requested_slots_recall": 0.8476702508960573
  },
  "Hotels_4": {
    "active_intent_accuracy": 0.9928571428571429,
    "average_cat_accuracy": 0.7816358024691359,
    "average_goal_accuracy": 0.4011701444622793,
    "average_noncat_accuracy": 0.2281797385620915,
    "joint_cat_accuracy": 0.35714285714285715,
    "joint_goal_accuracy": 0.05357142857142857,
    "joint_noncat_accuracy": 0.13214285714285715,
    "requested_slots_f1": 0.8957142857142858,
    "requested_slots_precision": 0.8916666666666665,
    "requested_slots_recall": 0.9017857142857143
  },
  "Media_2": {
    "active_intent_accuracy": 0.946031746031746,
    "average_cat_accuracy": 0.21818181818181817,
    "average_goal_accuracy": 0.6766666666666667,
    "average_noncat_accuracy": 0.7672193585337915,
    "joint_cat_accuracy": 0.580952380952381,
    "joint_goal_accuracy": 0.27755682539682536,
    "joint_noncat_accuracy": 0.3491492063492063,
    "requested_slots_f1": 0.9164021164021163,
    "requested_slots_precision": 0.9841269841269841,
    "requested_slots_recall": 0.9095238095238095
  },
  "Movies_2": {
    "active_intent_accuracy": 0.9659090909090909,
    "average_goal_accuracy": 0.5741460055096419,
    "average_noncat_accuracy": 0.5741460055096419,
    "joint_goal_accuracy": 0.4026420454545454,
    "joint_noncat_accuracy": 0.4026420454545454,
    "requested_slots_f1": 0.8636363636363636,
    "requested_slots_precision": 0.9488636363636364,
    "requested_slots_recall": 0.8636363636363636
  },
  "Music_1": {
    "active_intent_accuracy": 0.9595141700404858,
    "average_cat_accuracy": 0.6797385620915033,
    "average_goal_accuracy": 0.6341350710900473,
    "average_noncat_accuracy": 0.6320588235294119,
    "joint_cat_accuracy": 0.7327935222672065,
    "joint_goal_accuracy": 0.425587044534413,
    "joint_noncat_accuracy": 0.5794331983805668,
    "requested_slots_f1": 0.9460188933873144,
    "requested_slots_precision": 1.0,
    "requested_slots_recall": 0.9412955465587044
  },
  "RentalCars_1": {
    "active_intent_accuracy": 0.9939024390243902,
    "average_cat_accuracy": 0.6410256410256411,
    "average_goal_accuracy": 0.7259923747276688,
    "average_noncat_accuracy": 0.7295087719298246,
    "joint_cat_accuracy": 0.7621951219512195,
    "joint_goal_accuracy": 0.2634204268292683,
    "joint_noncat_accuracy": 0.30978506097560976,
    "requested_slots_f1": 0.9969512195121951,
    "requested_slots_precision": 0.9969512195121951,
    "requested_slots_recall": 1.0
  },
  "Restaurants_2": {
    "active_intent_accuracy": 0.8389154704944178,
    "average_cat_accuracy": 0.3795518207282913,
    "average_goal_accuracy": 0.4608263377515955,
    "average_noncat_accuracy": 0.4855647668393782,
    "joint_cat_accuracy": 0.5869218500797448,
    "joint_goal_accuracy": 0.14057256778309413,
    "joint_noncat_accuracy": 0.16411323763955343,
    "requested_slots_f1": 0.8710792131844765,
    "requested_slots_precision": 0.9181286549707603,
    "requested_slots_recall": 0.8748006379585327
  },
  "RideSharing_1": {
    "active_intent_accuracy": 1.0,
    "average_cat_accuracy": 0.9760869565217392,
    "average_goal_accuracy": 0.9500210084033615,