{
  "#ALL_SERVICES": {
    "active_intent_accuracy": 0.9342723004694836,
    "average_cat_accuracy": 0.6863617634940254,
    "average_goal_accuracy": 0.7855538662528168,
    "average_noncat_accuracy": 0.8171352403191282,
    "joint_cat_accuracy": 0.6849011273332102,
    "joint_goal_accuracy": 0.45256343058350107,
    "joint_noncat_accuracy": 0.597622266934943,
    "requested_slots_f1": 0.9424938520008942,
    "requested_slots_precision": 0.977190923317684,
    "requested_slots_recall": 0.9474346076458753
  },
  "#SEEN_SERVICES": {
    "active_intent_accuracy": 0.9844908968307485,
    "average_cat_accuracy": 0.8704655145570606,
    "average_goal_accuracy": 0.8481026774812489,
    "average_noncat_accuracy": 0.8463094601476954,
    "joint_cat_accuracy": 0.8470546486870121,
    "joint_goal_accuracy": 0.6075798718813216,
    "joint_noncat_accuracy": 0.7045825691166555,
    "requested_slots_f1": 0.9780400089907845,
    "requested_slots_precision": 0.9885929422342099,
    "requested_slots_recall": 0.9838165879973028
  },
  "#UNSEEN_SERVICES": {
    "active_intent_accuracy": 0.8845897264843229,
    "average_cat_accuracy": 0.4793417366946779,
    "average_goal_accuracy": 0.7223334831896475,
    "average_noncat_accuracy": 0.786838490017189,
    "joint_cat_accuracy": 0.5086772078673352,
    "joint_goal_accuracy": 0.29920160106737825,
    "joint_noncat_accuracy": 0.49180363575717145,
    "requested_slots_f1": 0.9073271069601958,
    "requested_slots_precision": 0.965910607071381,
    "requested_slots_recall": 0.9114409606404269
  },
  "Alarm_1": {
    "active_intent_accuracy": 0.7554585152838428,
    "average_goal_accuracy": 0.6892207792207792,
    "average_noncat_accuracy": 0.6892207792207792,
    "joint_goal_accuracy": 0.5309126637554585,
    "joint_noncat_accuracy": 0.5309126637554585,
    "requested_slots_f1": 1.0,
    "requested_slots_precision": 1.0,
    "requested_slots_recall": 1.0
  },
  "Banks_2": {
    "active_intent_accuracy": 0.9721362229102167,
    "average_cat_accuracy": 0.9318936877076412,
    "average_goal_accuracy": 0.8147840531561462,
    "average_noncat_accuracy": 0.532967032967033,
    "joint_cat_accuracy": 0.8854489164086687,
    "joint_goal_accuracy": 0.48606811145510836,
    "joint_noncat_accuracy": 0.5046439628482973,
    "requested_slots_f1": 0.9009287925696594,
    "requested_slots_precision": 1.0,
    "requested_slots_recall": 0.9009287925696594
  },
  "Buses_1": {
    "active_intent_accuracy": 0.986737400530504,
    "average_cat_accuracy": 1.0,
    "average_goal_accuracy": 0.9144551463644949,
    "average_noncat_accuracy": 0.894754761904762,
    "joint_cat_accuracy": 0.9946949602122016,
    "joint_goal_accuracy": 0.6902994694960212,
    "joint_noncat_accuracy": 0.6956045092838196,
    "requested_slots_f1": 0.9794871794871794,
    "requested_slots_precision": 0.969053934571176,
    "requested_slots_recall": 1.0
  },
  "Events_1": {
    "active_intent_accuracy": 0.9846449136276392,
    "average_cat_accuracy": 0.9887387387387387,
    "average_goal_accuracy": 0.8812125956854557,
    "average_noncat_accuracy": 0.8281330472103006,
    "joint_cat_accuracy": 0.9865642994241842,
    "joint_goal_accuracy": 0.626333973128599,
    "joint_noncat_accuracy": 0.6397696737044147,
    "requested_slots_f1": 0.982085732565579,
    "requested_slots_precision": 0.9865642994241842,
    "requested_slots_recall": 0.9923224568138196
  },
  "Flights_3": {
    "active_intent_accuracy": 0.9230769230769231,
    "average_cat_accuracy": 0.6273448773448773,
    "average_goal_accuracy": 0.8429090031074159,
    "average_noncat_accuracy": 0.9405040574282146,
    "joint_cat_accuracy": 0.4320785597381342,
    "joint_goal_accuracy": 0.35479607201309327,
    "joint_noncat_accuracy": 0.8256680851063829,
    "requested_slots_f1": 0.88379705400982,
    "requested_slots_precision": 1.0,
    "requested_slots_recall": 0.8829787234042553
  },
  "Homes_1": {
    "active_intent_accuracy": 0.9829642248722317,
    "average_cat_accuracy": 0.9721153846153846,
    "average_goal_accuracy": 0.913838841506752,
    "average_noncat_accuracy": 0.8768658698539176,
    "joint_cat_accuracy": 0.9557069846678024,
    "joint_goal_accuracy": 0.731175468483816,
    "joint_noncat_accuracy": 0.7482112436115843,
    "requested_slots_f1": 0.9982964224872232,
    "requested_slots_precision": 0.9982964224872232,
    "requested_slots_recall": 1.0
  },
  "Hotels_1": {
    "active_intent_accuracy": 0.967741935483871,
    "average_cat_accuracy": 0.7934272300469484,
    "average_goal_accuracy": 0.8436913780663782,
    "average_noncat_accuracy": 0.8726960784313725,
    "joint_cat_accuracy": 0.6164874551971327,
    "joint_goal_accuracy": 0.3835125448028674,
    "joint_noncat_accuracy": 0.6241935483870968,
    "requested_slots_f1": 0.9689366786140982,
    "requested_slots_precision": 0.96415770609319,
    "requested_slots_recall": 0.978494623655914
  },
  "Hotels_4": {
    "active_intent_accuracy": 0.9821428571428571,
    "average_cat_accuracy": 0.804783950617284,
    "average_goal_accuracy": 0.8037155341537363,
    "average_noncat_accuracy": 0.8148921568627452,
    "joint_cat_accuracy": 0.6214285714285714,
    "joint_goal_accuracy": 0.2084642857142857,
    "joint_noncat_accuracy": 0.34150714285714284,
    "requested_slots_f1": 0.9061734693877551,
    "requested_slots_precision": 0.9085714285714285,
    "requested_slots_recall": 0.9410714285714286
  },
  "Media_2": {
    "active_intent_accuracy": 0.9174603174603174,
    "average_cat_accuracy": 0.1696969696969697,
    "average_goal_accuracy": 0.4723636884306987,
    "average_noncat_accuracy": 0.5343843069873998,
    "joint_cat_accuracy": 0.5650793650793651,
    "joint_goal_accuracy": 0.08104920634920636,
    "joint_noncat_accuracy": 0.08759047619047619,
    "requested_slots_f1": 0.8888888888888888,
    "requested_slots_precision": 0.9142857142857143,
    "requested_slots_recall": 0.8888888888888888
  },
  "Movies_2": {
    "active_intent_accuracy": 0.9715909090909091,
    "average_goal_accuracy": 0.6737603305785125,
    "average_noncat_accuracy": 0.6737603305785125,
    "joint_goal_accuracy": 0.3372880681818182,
    "joint_noncat_accuracy": 0.3372880681818182,
    "requested_slots_f1": 0.9047348484848484,
    "requested_slots_precision": 0.9090909090909091,
    "requested_slots_recall": 0.9176136363636364
  },
  "Music_1": {
    "active_intent_accuracy": 0.9838056680161943,
    "average_cat_accuracy": 0.6895424836601307,
    "average_goal_accuracy": 0.722432859399684,
    "average_noncat_accuracy": 0.7264705882352941,
    "joint_cat_accuracy": 0.7165991902834008,
    "joint_goal_accuracy": 0.5149797570850203,
    "joint_noncat_accuracy": 0.6890688259109311,
    "requested_slots_f1": 0.9932523616734142,
    "requested_slots_precision": 0.9919028340080972,
    "requested_slots_recall": 1.0
  },
  "RentalCars_1": {
    "active_intent_accuracy": 0.9939024390243902,
    "average_cat_accuracy": 0.7025641025641025,
    "average_goal_accuracy": 0.8762788671023964,
    "average_noncat_accuracy": 0.8922362938596491,
    "joint_cat_accuracy": 0.7987804878048781,
    "joint_goal_accuracy": 0.5607286585365854,
    "joint_noncat_accuracy": 0.6309115853658537,
    "requested_slots_f1": 0.9969512195121951,
    "requested_slots_precision": 1.0,
    "requested_slots_recall": 0.9969512195121951
  },
  "Restaurants_2": {
    "active_intent_accuracy": 0.7272727272727273,
    "average_cat_accuracy": 0.39355742296918766,
    "average_goal_accuracy": 0.7390677875961381,
    "average_noncat_accuracy": 0.7998946459412781,
    "joint_cat_accuracy": 0.6108452950558214,
    "joint_goal_accuracy": 0.3578688995215311,
    "joint_noncat_accuracy": 0.4255492822966507,
    "requested_slots_f1": 0.8913419913419914,
    "requested_slots_precision": 0.9496012759170653,
    "requested_slots_recall": 0.89792663476874
  },
  "RideSharing_1": {
    "active_intent_accuracy": 1.0,
    "average_cat_accuracy": 0.9608695652173913,
    "average_goal_accuracy": 0.9153501400560223,