{
  "#ALL_SERVICES": {
    "active_intent_accuracy": 0.9114688128772636,
    "average_cat_accuracy": 0.5798516687268233,
    "average_goal_accuracy": 0.6531508623335174,
    "average_noncat_accuracy": 0.6837970422261139,
    "joint_cat_accuracy": 0.5919423396784328,
    "joint_goal_accuracy": 0.25654476723675385,
    "joint_noncat_accuracy": 0.37805319729711606,
    "requested_slots_f1": 0.899284596467695,
    "requested_slots_precision": 0.9709087860496312,
    "requested_slots_recall": 0.9004024144869215
  },
  "#SEEN_SERVICES": {
    "active_intent_accuracy": 0.959541469993257,
    "average_cat_accuracy": 0.6940681924334423,
    "average_goal_accuracy": 0.6677456828885401,
    "average_noncat_accuracy": 0.6856187293099058,
    "joint_cat_accuracy": 0.6760113555713272,
    "joint_goal_accuracy": 0.3142206553607553,
    "joint_noncat_accuracy": 0.4690240740660823,
    "requested_slots_f1": 0.9137446617217352,
    "requested_slots_precision": 0.9839851652056641,
    "requested_slots_recall": 0.9162171274443696
  },
  "#UNSEEN_SERVICES": {
    "active_intent_accuracy": 0.8639092728485657,
    "average_cat_accuracy": 0.45141806722689076,
    "average_goal_accuracy": 0.6383993406322174,
    "average_noncat_accuracy": 0.681905262461986,
    "joint_cat_accuracy": 0.5005784805244891,
    "joint_goal_accuracy": 0.19948449899933293,
    "joint_noncat_accuracy": 0.2880533238825884,
    "requested_slots_f1": 0.8849788748054258,
    "requested_slots_precision": 0.9579719813208806,
    "requested_slots_recall": 0.8847565043362241
  },
  "Alarm_1": {
    "active_intent_accuracy": 0.9039301310043668,
    "average_goal_accuracy": 0.6140584415584416,
    "average_noncat_accuracy": 0.6140584415584416,
    "joint_goal_accuracy": 0.3490572052401747,
    "joint_noncat_accuracy": 0.3490572052401747,
    "requested_slots_f1": 1.0,
    "requested_slots_precision": 1.0,
    "requested_slots_recall": 1.0
  },
  "Banks_2": {
    "active_intent_accuracy": 0.9721362229102167,
    "average_cat_accuracy": 0.8571428571428571,
    "average_goal_accuracy": 0.679296788482835,
    "average_noncat_accuracy": 0.21700549450549453,
    "joint_cat_accuracy": 0.7770897832817337,
    "joint_goal_accuracy": 0.4240866873065016,
    "joint_noncat_accuracy": 0.4415170278637771,
    "requested_slots_f1": 0.9009287925696594,
    "requested_slots_precision": 1.0,
    "requested_slots_recall": 0.9009287925696594
  },
  "Buses_1": {
    "active_intent_accuracy": 0.9708222811671088,
    "average_cat_accuracy": 1.0,
    "average_goal_accuracy": 0.6334320113314448,
    "average_noncat_accuracy": 0.5564880952380952,
    "joint_cat_accuracy": 0.9973474801061007,
    "joint_goal_accuracy": 0.10768585676392571,
    "joint_noncat_accuracy": 0.11033837665782492,
    "requested_slots_f1": 0.9681697612732095,
    "requested_slots_precision": 0.9748010610079576,
    "requested_slots_recall": 0.9827586206896551
  },
  "Events_1": {
    "active_intent_accuracy": 0.9884836852207294,
    "average_cat_accuracy": 0.9425675675675675,
    "average_goal_accuracy": 0.765203897007655,
    "average_noncat_accuracy": 0.6821620171673818,
    "joint_cat_accuracy": 0.9040307101727447,
    "joint_goal_accuracy": 0.35997312859884834,
    "joint_noncat_accuracy": 0.39260268714011515,
    "requested_slots_f1": 0.9392194497760716,
    "requested_slots_precision": 0.9846449136276392,
    "requested_slots_recall": 0.9376199616122841
  },
  "Flights_3": {
    "active_intent_accuracy": 0.6399345335515548,
    "average_cat_accuracy": 0.7139249639249639,
    "average_goal_accuracy": 0.7764800747459477,
    "average_noncat_accuracy": 0.8058458177278403,
    "joint_cat_accuracy": 0.5270049099836334,
    "joint_goal_accuracy": 0.22306289361702128,
    "joint_noncat_accuracy": 0.3641087806873977,
    "requested_slots_f1": 0.8805237315875614,
    "requested_slots_precision": 1.0,
    "requested_slots_recall": 0.8805237315875614
  },
  "Homes_1": {
    "active_intent_accuracy": 0.9454855195911414,
    "average_cat_accuracy": 0.8115384615384615,
    "average_goal_accuracy": 0.7850012882018479,
    "average_noncat_accuracy": 0.8294588313413014,
    "joint_cat_accuracy": 0.6899488926746167,
    "joint_goal_accuracy": 0.4788926746166951,
    "joint_noncat_accuracy": 0.6712606473594549,
    "requested_slots_f1": 0.8827370812038614,
    "requested_slots_precision": 0.9735945485519591,
    "requested_slots_recall": 0.8850085178875639
  },
  "Hotels_1": {
    "active_intent_accuracy": 0.974910394265233,
    "average_cat_accuracy": 0.596244131455399,
    "average_goal_accuracy": 0.751931277056277,
    "average_noncat_accuracy": 0.8501470588235294,
    "joint_cat_accuracy": 0.43010752688172044,
    "joint_goal_accuracy": 0.2939068100358423,
    "joint_noncat_accuracy": 0.5646523297491038,
    "requested_slots_f1": 0.8172043010752689,
    "requested_slots_precision": 1.0,
    "requested_slots_recall": 0.8172043010752689
  },
  "Hotels_4": {
    "active_intent_accuracy": 0.9857142857142858,
    "average_cat_accuracy": 0.36651234567901236,
    "average_goal_accuracy": 0.543256732655609,
    "average_noncat_accuracy": 0.6655588235294116,
    "joint_cat_accuracy": 0.3821428571428571,
    "joint_goal_accuracy": 0.061189999999999994,
    "joint_noncat_accuracy": 0.10214714285714285,
    "requested_slots_f1": 0.8779761904761905,
    "requested_slots_precision": 0.8875,
    "requested_slots_recall": 0.875
  },
  "Media_2": {
    "active_intent_accuracy": 0.9015873015873016,
    "average_cat_accuracy": 0.1696969696969697,
    "average_goal_accuracy": 0.7293654066437572,
    "average_noncat_accuracy": 0.8350601374570447,
    "joint_cat_accuracy": 0.5650793650793651,
    "joint_goal_accuracy": 0.11117460317460316,
    "joint_noncat_accuracy": 0.17087492063492063,
    "requested_slots_f1": 0.8857142857142857,
    "requested_slots_precision": 0.8920634920634921,
    "requested_slots_recall": 0.8857142857142857
  },
  "Movies_2": {
    "active_intent_accuracy": 1.0,
    "average_goal_accuracy": 0.764435261707989,
    "average_noncat_accuracy": 0.764435261707989,
    "joint_goal_accuracy": 0.39678977272727267,
    "joint_noncat_accuracy": 0.39678977272727267,
    "requested_slots_f1": 0.887310606060606,
    "requested_slots_precision": 0.8977272727272727,
    "requested_slots_recall": 0.8892045454545454
  },
  "Music_1": {
    "active_intent_accuracy": 0.9392712550607287,
    "average_cat_accuracy": 0.23202614379084968,
    "average_goal_accuracy": 0.5305173775671406,
    "average_noncat_accuracy": 0.6986601307189544,
    "joint_cat_accuracy": 0.4493927125506073,
    "joint_goal_accuracy": 0.2621052631578948,
    "joint_noncat_accuracy": 0.47809716599190283,
    "requested_slots_f1": 0.9460188933873145,
    "requested_slots_precision": 0.9493927125506073,
    "requested_slots_recall": 0.9473684210526315
  },
  "RentalCars_1": {
    "active_intent_accuracy": 0.8963414634146342,
    "average_cat_accuracy": 0.31794871794871793,
    "average_goal_accuracy": 0.44955936819172104,
    "average_noncat_accuracy": 0.45795723684210526,
    "joint_cat_accuracy": 0.5945121951219512,
    "joint_goal_accuracy": 0.11464145060975608,
    "joint_noncat_accuracy": 0.12161992585365852,
    "requested_slots_f1": 0.9725609756097561,
    "requested_slots_precision": 0.9969512195121951,
    "requested_slots_recall": 0.975609756097561
  },
  "Restaurants_2": {
    "active_intent_accuracy": 0.861244019138756,
    "average_cat_accuracy": 0.4103641456582633,
    "average_goal_accuracy": 0.4880538987072492,
    "average_noncat_accuracy": 0.5080466321243523,
    "joint_cat_accuracy": 0.6283891547049442,
    "joint_goal_accuracy": 0.14434896331738437,
    "joint_noncat_accuracy": 0.1469805422647528,
    "requested_slots_f1": 0.8599149388623072,
    "requested_slots_precision": 0.9322169059011164,
    "requested_slots_recall": 0.8596491228070176
  },
  "RideSharing_1": {
    "active_intent_accuracy": 0.9649805447470817,
    "average_cat_accuracy": 0.7391304347826086,