{
  "#ALL_SERVICES": {
    "active_intent_accuracy": 0.9512072434607646,
    "average_cat_accuracy": 0.6895962093119077,
    "average_goal_accuracy": 0.806214331746324,
    "average_noncat_accuracy": 0.847526010248427,
    "joint_cat_accuracy": 0.7013491036776935,
    "joint_goal_accuracy": 0.47823448558014753,
    "joint_noncat_accuracy": 0.5993312657612341,
    "requested_slots_f1": 0.935138609434384,
    "requested_slots_precision": 0.9711044042029956,
    "requested_slots_recall": 0.9424882629107981
  },
  "#SEEN_SERVICES": {
    "active_intent_accuracy": 0.9723533378287256,
    "average_cat_accuracy": 0.8687529191966371,
    "average_goal_accuracy": 0.8685377463806035,
    "average_noncat_accuracy": 0.8791548892284189,
    "joint_cat_accuracy": 0.861958836053939,
    "joint_goal_accuracy": 0.6786563290627107,
    "joint_noncat_accuracy": 0.766163576871207,
    "requested_slots_f1": 0.9668240053944704,
    "requested_slots_precision": 0.9786468869408855,
    "requested_slots_recall": 0.9775792312879299
  },
  "#UNSEEN_SERVICES": {
    "active_intent_accuracy": 0.9302868579052702,
    "average_cat_accuracy": 0.48813900560224094,
    "average_goal_accuracy": 0.7432217653073817,
    "average_noncat_accuracy": 0.8146801533782891,
    "joint_cat_accuracy": 0.5268029309679907,
    "joint_goal_accuracy": 0.2799519012675117,
    "joint_noncat_accuracy": 0.43427968645763837,
    "requested_slots_f1": 0.9037914164998888,
    "requested_slots_precision": 0.9636424282855237,
    "requested_slots_recall": 0.9077718478985991
  },
  "Alarm_1": {
    "active_intent_accuracy": 0.851528384279476,
    "average_goal_accuracy": 0.7391233766233766,
    "average_noncat_accuracy": 0.7391233766233766,
    "joint_goal_accuracy": 0.4501310043668122,
    "joint_noncat_accuracy": 0.4501310043668122,
    "requested_slots_f1": 1.0,
    "requested_slots_precision": 1.0,
    "requested_slots_recall": 1.0
  },
  "Banks_2": {
    "active_intent_accuracy": 0.9628482972136223,
    "average_cat_accuracy": 0.9186046511627907,
    "average_goal_accuracy": 0.9205426356589148,
    "average_noncat_accuracy": 0.8791208791208791,
    "joint_cat_accuracy": 0.848297213622291,
    "joint_goal_accuracy": 0.7492260061919505,
    "joint_noncat_accuracy": 0.8637770897832817,
    "requested_slots_f1": 0.9009287925696594,
    "requested_slots_precision": 1.0,
    "requested_slots_recall": 0.9009287925696594
  },
  "Buses_1": {
    "active_intent_accuracy": 0.9814323607427056,
    "average_cat_accuracy": 0.952,
    "average_goal_accuracy": 0.9455689329556186,
    "average_noncat_accuracy": 0.9436,
    "joint_cat_accuracy": 0.9681697612732095,
    "joint_goal_accuracy": 0.817803904509284,
    "joint_noncat_accuracy": 0.8388118620689655,
    "requested_slots_f1": 0.9778956675508399,
    "requested_slots_precision": 0.9681697612732095,
    "requested_slots_recall": 1.0
  },
  "Events_1": {
    "active_intent_accuracy": 0.9424184261036468,
    "average_cat_accuracy": 1.0,
    "average_goal_accuracy": 0.896080723729993,
    "average_noncat_accuracy": 0.8459209585121602,
    "joint_cat_accuracy": 1.0,
    "joint_goal_accuracy": 0.6045815738963531,
    "joint_noncat_accuracy": 0.6045815738963531,
    "requested_slots_f1": 0.983365323096609,
    "requested_slots_precision": 0.9961612284069098,
    "requested_slots_recall": 0.9836852207293666
  },
  "Flights_3": {
    "active_intent_accuracy": 0.9525368248772504,
    "average_cat_accuracy": 0.6848845598845598,
    "average_goal_accuracy": 0.7714180943982532,
    "average_noncat_accuracy": 0.8121613607990013,
    "joint_cat_accuracy": 0.5155482815057283,
    "joint_goal_accuracy": 0.23454664484451718,
    "joint_noncat_accuracy": 0.4212464811783961,
    "requested_slots_f1": 0.8805237315875614,
    "requested_slots_precision": 1.0,
    "requested_slots_recall": 0.8805237315875614
  },
  "Homes_1": {
    "active_intent_accuracy": 0.9727427597955707,
    "average_cat_accuracy": 0.9913461538461539,
    "average_goal_accuracy": 0.9624092928216063,
    "average_noncat_accuracy": 0.9434196547144755,
    "joint_cat_accuracy": 0.9812606473594548,
    "joint_goal_accuracy": 0.8887223168654175,
    "joint_noncat_accuracy": 0.8985860306643952,
    "requested_slots_f1": 0.9846678023850085,
    "requested_slots_precision": 0.9801249290176035,
    "requested_slots_recall": 0.9991482112436116
  },
  "Hotels_1": {
    "active_intent_accuracy": 0.9498207885304659,
    "average_cat_accuracy": 0.8098591549295775,
    "average_goal_accuracy": 0.8866988636363636,
    "average_noncat_accuracy": 0.9213104575163399,
    "joint_cat_accuracy": 0.7992831541218638,
    "joint_goal_accuracy": 0.5911827956989247,
    "joint_noncat_accuracy": 0.726,
    "requested_slots_f1": 0.9321385902031063,
    "requested_slots_precision": 0.9390681003584229,
    "requested_slots_recall": 0.953405017921147
  },
  "Hotels_4": {
    "active_intent_accuracy": 0.9714285714285714,
    "average_cat_accuracy": 0.73070987654321,
    "average_goal_accuracy": 0.7606601569466739,
    "average_noncat_accuracy": 0.7812581699346405,
    "joint_cat_accuracy": 0.625,
    "joint_goal_accuracy": 0.23192499999999996,
    "joint_noncat_accuracy": 0.3013821428571429,
    "requested_slots_f1": 0.9286904761904761,
    "requested_slots_precision": 0.9211309523809522,
    "requested_slots_recall": 0.9553571428571429
  },
  "Media_2": {
    "active_intent_accuracy": 0.9396825396825397,
    "average_cat_accuracy": 0.006060606060606061,
    "average_goal_accuracy": 0.7266437571592211,
    "average_noncat_accuracy": 0.8606328751431844,
    "joint_cat_accuracy": 0.4793650793650794,
    "joint_goal_accuracy": 0.24298349206349207,
    "joint_noncat_accuracy": 0.37386888888888886,
    "requested_slots_f1": 0.9275132275132274,
    "requested_slots_precision": 0.953968253968254,
    "requested_slots_recall": 0.9285714285714286
  },
  "Movies_2": {
    "active_intent_accuracy": 0.9829545454545454,
    "average_goal_accuracy": 0.6799724517906335,
    "average_noncat_accuracy": 0.6799724517906335,
    "joint_goal_accuracy": 0.32702159090909094,
    "joint_noncat_accuracy": 0.32702159090909094,
    "requested_slots_f1": 0.8897727272727273,
    "requested_slots_precision": 0.9157196969696971,
    "requested_slots_recall": 0.8948863636363636
  },
  "Music_1": {
    "active_intent_accuracy": 0.979757085020243,
    "average_cat_accuracy": 0.7156862745098039,
    "average_goal_accuracy": 0.6882938388625592,
    "average_noncat_accuracy": 0.6695588235294118,
    "joint_cat_accuracy": 0.5263157894736842,
    "joint_goal_accuracy": 0.3787044534412955,
    "joint_noncat_accuracy": 0.5970445344129556,
    "requested_slots_f1": 0.98110661268556,
    "requested_slots_precision": 0.9878542510121457,
    "requested_slots_recall": 0.9898785425101214
  },
  "RentalCars_1": {
    "active_intent_accuracy": 0.9939024390243902,
    "average_cat_accuracy": 0.7846153846153846,
    "average_goal_accuracy": 0.9009520697167755,
    "average_noncat_accuracy": 0.9133963815789474,
    "joint_cat_accuracy": 0.8536585365853658,
    "joint_goal_accuracy": 0.6712692073170732,
    "joint_noncat_accuracy": 0.7414902347560975,
    "requested_slots_f1": 0.9939024390243902,
    "requested_slots_precision": 0.9969512195121951,
    "requested_slots_recall": 0.9969512195121951
  },
  "Restaurants_2": {
    "active_intent_accuracy": 0.886762360446571,
    "average_cat_accuracy": 0.49766573295985056,
    "average_goal_accuracy": 0.7302663230240549,
    "average_noncat_accuracy": 0.7689383995394358,
    "joint_cat_accuracy": 0.6650717703349283,
    "joint_goal_accuracy": 0.18799553429027113,
    "joint_noncat_accuracy": 0.21367974481658694,
    "requested_slots_f1": 0.8917065390749601,
    "requested_slots_precision": 0.9081605528973952,
    "requested_slots_recall": 0.9003189792663477
  },
  "RideSharing_1": {
    "active_intent_accuracy": 0.9883268482490273,
    "average_cat_accuracy": 0.9804347826086957,
    "average_goal_accuracy": 0.931750700280112,