{
  "#ALL_SERVICES": {
    "active_intent_accuracy": 0.8589872568745808,
    "average_cat_accuracy": 0.47111660486196955,
    "average_goal_accuracy": 0.32354461600512047,
    "average_noncat_accuracy": 0.2584580982032821,
    "joint_cat_accuracy": 0.45425984106449824,
    "joint_goal_accuracy": 0.11372624943527833,
    "joint_noncat_accuracy": 0.2088812993547954,
    "requested_slots_f1": 0.8951654370668455,
    "requested_slots_precision": 0.9808853118712274,
    "requested_slots_recall": 0.8981388329979879
  },
  "#SEEN_SERVICES": {
    "active_intent_accuracy": 0.9028995279838166,
    "average_cat_accuracy": 0.592869375681146,
    "average_goal_accuracy": 0.3592448630734345,
    "average_noncat_accuracy": 0.28261038961038965,
    "joint_cat_accuracy": 0.5223562810503903,
    "joint_goal_accuracy": 0.11490719205394472,
    "joint_noncat_accuracy": 0.23526462891166552,
    "requested_slots_f1": 0.9003596313778379,
    "requested_slots_precision": 0.9746010339402112,
    "requested_slots_recall": 0.9028995279838166
  },
  "#UNSEEN_SERVICES": {
    "active_intent_accuracy": 0.8155436957971981,
    "average_cat_accuracy": 0.33420868347338933,
    "average_goal_accuracy": 0.2874610638035296,
    "average_noncat_accuracy": 0.23337650403279123,
    "joint_cat_accuracy": 0.38025453143077514,
    "joint_goal_accuracy": 0.11255791194129419,
    "joint_noncat_accuracy": 0.1827795797198132,
    "requested_slots_f1": 0.8900266844563043,
    "requested_slots_precision": 0.9871025127863019,
    "requested_slots_recall": 0.89342895263509
  },
  "Alarm_1": {
    "active_intent_accuracy": 0.4978165938864629,
    "average_goal_accuracy": 0.2883766233766234,
    "average_noncat_accuracy": 0.2883766233766234,
    "joint_goal_accuracy": 0.28429126637554586,
    "joint_noncat_accuracy": 0.28429126637554586,
    "requested_slots_f1": 1.0,
    "requested_slots_precision": 1.0,
    "requested_slots_recall": 1.0
  },
  "Banks_2": {
    "active_intent_accuracy": 0.9938080495356038,
    "average_cat_accuracy": 0.8289036544850499,
    "average_goal_accuracy": 0.6257668881506091,
    "average_noncat_accuracy": 0.10005494505494505,
    "joint_cat_accuracy": 0.28173374613003094,
    "joint_goal_accuracy": 0.11114551083591331,
    "joint_noncat_accuracy": 0.47027863777089784,
    "requested_slots_f1": 0.9009287925696594,
    "requested_slots_precision": 1.0,
    "requested_slots_recall": 0.9009287925696594
  },
  "Buses_1": {
    "active_intent_accuracy": 0.9787798408488063,
    "average_cat_accuracy": 0.956,
    "average_goal_accuracy": 0.347148253068933,
    "average_noncat_accuracy": 0.2254261904761905,
    "joint_cat_accuracy": 0.9681697612732095,
    "joint_goal_accuracy": 0.06631299734748011,
    "joint_noncat_accuracy": 0.07161803713527852,
    "requested_slots_f1": 0.9216622458001769,
    "requested_slots_precision": 0.97789566755084,
    "requested_slots_recall": 0.9137931034482759
  },
  "Events_1": {
    "active_intent_accuracy": 0.9596928982725528,
    "average_cat_accuracy": 0.8817567567567568,
    "average_goal_accuracy": 0.3587752261656228,
    "average_noncat_accuracy": 0.08055793991416309,
    "joint_cat_accuracy": 0.8099808061420346,
    "joint_goal_accuracy": 0.09742802303262955,
    "joint_noncat_accuracy": 0.10738963531669866,
    "requested_slots_f1": 0.8829174664107485,
    "requested_slots_precision": 1.0,
    "requested_slots_recall": 0.8829174664107485
  },
  "Flights_3": {
    "active_intent_accuracy": 0.3895253682487725,
    "average_cat_accuracy": 0.34163059163059156,
    "average_goal_accuracy": 0.27664004367178974,
    "average_noncat_accuracy": 0.24321161048689138,
    "joint_cat_accuracy": 0.32242225859247137,
    "joint_goal_accuracy": 0.08400981996726677,
    "joint_noncat_accuracy": 0.12882618657937808,
    "requested_slots_f1": 0.8805237315875614,
    "requested_slots_precision": 1.0,
    "requested_slots_recall": 0.8805237315875614
  },
  "Homes_1": {
    "active_intent_accuracy": 0.9914821124361158,
    "average_cat_accuracy": 0.7243589743589743,
    "average_goal_accuracy": 0.6864824982231698,
    "average_noncat_accuracy": 0.685199203187251,
    "joint_cat_accuracy": 0.33049403747870526,
    "joint_goal_accuracy": 0.21294718909710392,
    "joint_noncat_accuracy": 0.5271209540034072,
    "requested_slots_f1": 0.9222032935831912,
    "requested_slots_precision": 0.9190800681431005,
    "requested_slots_recall": 0.938671209540034
  },
  "Hotels_1": {
    "active_intent_accuracy": 0.9713261648745519,
    "average_cat_accuracy": 0.3818466353677621,
    "average_goal_accuracy": 0.17358152958152956,
    "average_noncat_accuracy": 0.10574509803921568,
    "joint_cat_accuracy": 0.4265232974910394,
    "joint_goal_accuracy": 0.06451612903225806,
    "joint_noncat_accuracy": 0.1003584229390681,
    "requested_slots_f1": 0.8172043010752689,
    "requested_slots_precision": 1.0,
    "requested_slots_recall": 0.8172043010752689
  },
  "Hotels_4": {
    "active_intent_accuracy": 0.9928571428571429,
    "average_cat_accuracy": 0.1558641975308642,
    "average_goal_accuracy": 0.09642981986802211,
    "average_noncat_accuracy": 0.09169934640522877,
    "joint_cat_accuracy": 0.26785714285714285,
    "joint_goal_accuracy": 0.05,
    "joint_noncat_accuracy": 0.13214285714285715,
    "requested_slots_f1": 0.9034523809523809,
    "requested_slots_precision": 0.8869047619047619,
    "requested_slots_recall": 0.9517857142857142
  },
  "Media_2": {
    "active_intent_accuracy": 0.8793650793650793,
    "average_cat_accuracy": 0.08484848484848485,
    "average_goal_accuracy": 0.21627090492554407,
    "average_noncat_accuracy": 0.2494902634593356,
    "joint_cat_accuracy": 0.4888888888888889,
    "joint_goal_accuracy": 0.08253968253968254,
    "joint_noncat_accuracy": 0.10552380952380953,
    "requested_slots_f1": 0.8857142857142857,
    "requested_slots_precision": 1.0,
    "requested_slots_recall": 0.8857142857142857
  },
  "Movies_2": {
    "active_intent_accuracy": 0.9943181818181818,
    "average_goal_accuracy": 0.0,
    "average_noncat_accuracy": 0.0,
    "joint_goal_accuracy": 0.3125,
    "joint_noncat_accuracy": 0.3125,
    "requested_slots_f1": 0.8636363636363636,
    "requested_slots_precision": 0.9886363636363636,
    "requested_slots_recall": 0.8636363636363636
  },
  "Music_1": {
    "active_intent_accuracy": 0.32793522267206476,
    "average_cat_accuracy": 0.12418300653594772,
    "average_goal_accuracy": 0.15558925750394945,
    "average_noncat_accuracy": 0.15088235294117647,
    "joint_cat_accuracy": 0.2591093117408907,
    "joint_goal_accuracy": 0.10121457489878542,
    "joint_noncat_accuracy": 0.24345825910931176,
    "requested_slots_f1": 0.9595141700404858,
    "requested_slots_precision": 0.9534412955465587,
    "requested_slots_recall": 0.97165991902834
  },
  "RentalCars_1": {
    "active_intent_accuracy": 0.7621951219512195,
    "average_cat_accuracy": 0.2717948717948718,
    "average_goal_accuracy": 0.31299237472766883,
    "average_noncat_accuracy": 0.31657839912280705,
    "joint_cat_accuracy": 0.5426829268292683,
    "joint_goal_accuracy": 0.06766686473170731,
    "joint_noncat_accuracy": 0.07475822973170732,
    "requested_slots_f1": 0.8841463414634146,
    "requested_slots_precision": 1.0,
    "requested_slots_recall": 0.8841463414634146
  },
  "Restaurants_2": {
    "active_intent_accuracy": 0.9760765550239234,
    "average_cat_accuracy": 0.2642390289449113,
    "average_goal_accuracy": 0.3322236540664376,
    "average_noncat_accuracy": 0.3421065054691998,
    "joint_cat_accuracy": 0.5550239234449761,
    "joint_goal_accuracy": 0.1070429346092504,
    "joint_noncat_accuracy": 0.1230266028708134,
    "requested_slots_f1": 0.8484848484848485,
    "requested_slots_precision": 1.0,
    "requested_slots_recall": 0.8484848484848485
  },
  "RideSharing_1": {
    "active_intent_accuracy": 0.9961089494163424,
    "average_cat_accuracy": 0.45217391304347826,
    "average_goal_accuracy": 0.40883753501400566,