{
  "#ALL_SERVICES": {
    "active_intent_accuracy": 0.07863849765258216,
    "average_cat_accuracy": 0.0,
    "average_goal_accuracy": 0.029091912828471476,
    "average_noncat_accuracy": 0.044693422844911464,
    "joint_cat_accuracy": 0.25244871557937537,
    "joint_goal_accuracy": 0.06969928291079812,
    "joint_noncat_accuracy": 0.1126499526071093,
    "requested_slots_f1": 0.3822889039249898,
    "requested_slots_precision": 0.4436889144262058,
    "requested_slots_recall": 0.9151576123407109
  },
  "#SEEN_SERVICES": {
    "active_intent_accuracy": 0.0815913688469319,
    "average_cat_accuracy": 0.0,
    "average_goal_accuracy": 0.036756209663352524,
    "average_noncat_accuracy": 0.057755411255411254,
    "joint_cat_accuracy": 0.24024130589070264,
    "joint_goal_accuracy": 0.053117337585974374,
    "joint_noncat_accuracy": 0.08478502907646661,
    "requested_slots_f1": 0.38236543743961143,
    "requested_slots_precision": 0.4468659356302647,
    "requested_slots_recall": 0.910485502360081
  },
  "#UNSEEN_SERVICES": {
    "active_intent_accuracy": 0.07571714476317545,
    "average_cat_accuracy": 0.0,
    "average_goal_accuracy": 0.02134532624601118,
    "average_noncat_accuracy": 0.031128850985058836,
    "joint_cat_accuracy": 0.2657153875819514,
    "joint_goal_accuracy": 0.0861042361574383,
    "joint_noncat_accuracy": 0.14021745200400268,
    "requested_slots_f1": 0.3822131873124588,
    "requested_slots_precision": 0.44054580405554583,
    "requested_slots_recall": 0.9197798532354903
  },
  "Alarm_1": {
    "active_intent_accuracy": 0.09170305676855896,
    "average_goal_accuracy": 0.09211038961038961,
    "average_noncat_accuracy": 0.09211038961038961,
    "joint_goal_accuracy": 0.21794978165938864,
    "joint_noncat_accuracy": 0.21794978165938864,
    "requested_slots_f1": 0.6943231441048034,
    "requested_slots_precision": 0.6943231441048034,
    "requested_slots_recall": 1.0
  },
  "Banks_2": {
    "active_intent_accuracy": 0.06501547987616099,
    "average_cat_accuracy": 0.0,
    "average_goal_accuracy": 0.008178294573643411,
    "average_noncat_accuracy": 0.026923076923076925,
    "joint_cat_accuracy": 0.06811145510835913,
    "joint_goal_accuracy": 0.06501547987616099,
    "joint_noncat_accuracy": 0.4035526315789474,
    "requested_slots_f1": 0.32640424590888983,
    "requested_slots_precision": 0.3926728586171311,
    "requested_slots_recall": 0.9164086687306502
  },
  "Buses_1": {
    "active_intent_accuracy": 0.07161803713527852,
    "average_cat_accuracy": 0.0,
    "average_goal_accuracy": 0.010028328611898018,
    "average_noncat_accuracy": 0.012780952380952379,
    "joint_cat_accuracy": 0.33687002652519893,
    "joint_goal_accuracy": 0.0636604774535809,
    "joint_noncat_accuracy": 0.07190411989389921,
    "requested_slots_f1": 0.4294992363957881,
    "requested_slots_precision": 0.5219148667424529,
    "requested_slots_recall": 0.8819628647214854
  },
  "Events_1": {
    "active_intent_accuracy": 0.09788867562380038,
    "average_cat_accuracy": 0.0,
    "average_goal_accuracy": 0.028604036186499652,
    "average_noncat_accuracy": 0.043984263233190275,
    "joint_cat_accuracy": 0.14779270633397312,
    "joint_goal_accuracy": 0.04057581573896353,
    "joint_noncat_accuracy": 0.05220309804222649,
    "requested_slots_f1": 0.39334903739894145,
    "requested_slots_precision": 0.44998552844042283,
    "requested_slots_recall": 0.9289827255278311
  },
  "Flights_3": {
    "active_intent_accuracy": 0.07692307692307693,
    "average_cat_accuracy": 0.0,
    "average_goal_accuracy": 0.0056226799361719995,
    "average_noncat_accuracy": 0.009453807740324593,
    "joint_cat_accuracy": 0.24386252045826515,
    "joint_goal_accuracy": 0.07201309328968904,
    "joint_noncat_accuracy": 0.12607608536824874,
    "requested_slots_f1": 0.4072622497133399,
    "requested_slots_precision": 0.48230482318404727,
    "requested_slots_recall": 0.9058919803600655
  },
  "Homes_1": {
    "active_intent_accuracy": 0.07155025553662692,
    "average_cat_accuracy": 0.0,
    "average_goal_accuracy": 0.07099635749822318,
    "average_noncat_accuracy": 0.13352257636122178,
    "joint_cat_accuracy": 0.1141396933560477,
    "joint_goal_accuracy": 0.03597955706984668,
    "joint_noncat_accuracy": 0.08692729471890971,
    "requested_slots_f1": 0.35948927090324023,
    "requested_slots_precision": 0.42636286201022144,
    "requested_slots_recall": 0.899488926746167
  },
  "Hotels_1": {
    "active_intent_accuracy": 0.05734767025089606,
    "average_cat_accuracy": 0.0,
    "average_goal_accuracy": 0.06548890692640694,
    "average_noncat_accuracy": 0.09458169934640523,
    "joint_cat_accuracy": 0.23655913978494625,
    "joint_goal_accuracy": 0.020232341505376346,
    "joint_noncat_accuracy": 0.035521975913978494,
    "requested_slots_f1": 0.5328973296715233,
    "requested_slots_precision": 0.634647550776583,
    "requested_slots_recall": 0.8673835125448028
  },
  "Hotels_4": {
    "active_intent_accuracy": 0.05357142857142857,
    "average_cat_accuracy": 0.0,
    "average_goal_accuracy": 0.07272998038166578,
    "average_noncat_accuracy": 0.11754901960784313,
    "joint_cat_accuracy": 0.22857142857142856,
    "joint_goal_accuracy": 0.02582142857142857,
    "joint_noncat_accuracy": 0.05350040135714286,
    "requested_slots_f1": 0.409731240981241,
    "requested_slots_precision": 0.45375283446712017,
    "requested_slots_recall": 0.9107142857142857
  },
  "Media_2": {
    "active_intent_accuracy": 0.07301587301587302,
    "average_cat_accuracy": 0.0,
    "average_goal_accuracy": 0.000824742268041237,
    "average_noncat_accuracy": 0.0012371134020618556,
    "joint_cat_accuracy": 0.47619047619047616,
    "joint_goal_accuracy": 0.0761904761904762,
    "joint_noncat_accuracy": 0.0761904761904762,
    "requested_slots_f1": 0.2802116402116402,
    "requested_slots_precision": 0.335978835978836,
    "requested_slots_recall": 0.9238095238095239
  },
  "Movies_2": {
    "active_intent_accuracy": 0.1590909090909091,
    "average_goal_accuracy": 0.010578512396694214,
    "average_noncat_accuracy": 0.010578512396694214,
    "joint_goal_accuracy": 0.2840909090909091,
    "joint_noncat_accuracy": 0.2840909090909091,
    "requested_slots_f1": 0.217478354978355,
    "requested_slots_precision": 0.24071969696969697,
    "requested_slots_recall": 0.9403409090909091
  },
  "Music_1": {
    "active_intent_accuracy": 0.06072874493927125,
    "average_cat_accuracy": 0.0,
    "average_goal_accuracy": 0.05407109004739336,
    "average_noncat_accuracy": 0.08051470588235295,
    "joint_cat_accuracy": 0.3805668016194332,
    "joint_goal_accuracy": 0.07246963562753037,
    "joint_noncat_accuracy": 0.08319838056680162,
    "requested_slots_f1": 0.5245806824754192,
    "requested_slots_precision": 0.6288798920377868,
    "requested_slots_recall": 0.8663967611336032
  },
  "RentalCars_1": {
    "active_intent_accuracy": 0.07926829268292683,
    "average_cat_accuracy": 0.0,
    "average_goal_accuracy": 0.018205882352941176,
    "average_noncat_accuracy": 0.02201315789473684,
    "joint_cat_accuracy": 0.4054878048780488,
    "joint_goal_accuracy": 0.06707317073170732,
    "joint_noncat_accuracy": 0.07322736488048781,
    "requested_slots_f1": 0.47425474254742545,
    "requested_slots_precision": 0.5108993902439024,
    "requested_slots_recall": 0.9451219512195121
  },
  "Restaurants_2": {
    "active_intent_accuracy": 0.07496012759170653,
    "average_cat_accuracy": 0.0,
    "average_goal_accuracy": 0.00826419571264932,
    "average_noncat_accuracy": 0.010352619458837075,
    "joint_cat_accuracy": 0.430622009569378,
    "joint_goal_accuracy": 0.07177033492822966,
    "joint_noncat_accuracy": 0.07658493883253588,
    "requested_slots_f1": 0.35801951017262024,
    "requested_slots_precision": 0.4390721408663993,
    "requested_slots_recall": 0.9011164274322169
  },
  "RideSharing_1": {
    "active_intent_accuracy": 0.09727626459143969,
    "average_cat_accuracy": 0.0,