{
  "#ALL_SERVICES": {
    "active_intent_accuracy": 0.8754191817572099,
    "average_cat_accuracy": 0.518809229501442,
    "average_goal_accuracy": 0.7155977435533226,
    "average_noncat_accuracy": 0.7890476097814101,
    "joint_cat_accuracy": 0.5220846423951211,
    "joint_goal_accuracy": 0.307069416498994,
    "joint_noncat_accuracy": 0.4804750950704226,
    "requested_slots_f1": 0.9236530292868321,
    "requested_slots_precision": 0.9638665325285044,
    "requested_slots_recall": 0.9325117370892019
  },
  "#SEEN_SERVICES": {
    "active_intent_accuracy": 0.9116655428186109,
    "average_cat_accuracy": 0.6687684882453683,
    "average_goal_accuracy": 0.7405019012733298,
    "average_noncat_accuracy": 0.7868269034886682,
    "joint_cat_accuracy": 0.5940383250532293,
    "joint_goal_accuracy": 0.3585091031692515,
    "joint_noncat_accuracy": 0.5723311530681052,
    "requested_slots_f1": 0.9527421892560125,
    "requested_slots_precision": 0.9717352213980669,
    "requested_slots_recall": 0.9684760620364127
  },
  "#UNSEEN_SERVICES": {
    "active_intent_accuracy": 0.8395597064709807,
    "average_cat_accuracy": 0.35018382352941174,
    "average_goal_accuracy": 0.6904261957652369,
    "average_noncat_accuracy": 0.7913537617347614,
    "joint_cat_accuracy": 0.44388738912456616,
    "joint_goal_accuracy": 0.25617878585723813,
    "joint_noncat_accuracy": 0.38959948865910604,
    "requested_slots_f1": 0.8948743606849009,
    "requested_slots_precision": 0.9560818323326663,
    "requested_slots_recall": 0.8969312875250167
  },
  "Alarm_1": {
    "active_intent_accuracy": 0.7292576419213974,
    "average_goal_accuracy": 0.6537987012987013,
    "average_noncat_accuracy": 0.6537987012987013,
    "joint_goal_accuracy": 0.4024458515283843,
    "joint_noncat_accuracy": 0.4024458515283843,
    "requested_slots_f1": 1.0,
    "requested_slots_precision": 1.0,
    "requested_slots_recall": 1.0
  },
  "Banks_2": {
    "active_intent_accuracy": 0.9535603715170279,
    "average_cat_accuracy": 0.8538205980066446,
    "average_goal_accuracy": 0.8277879291251385,
    "average_noncat_accuracy": 0.6881868131868133,
    "joint_cat_accuracy": 0.7244582043343654,
    "joint_goal_accuracy": 0.5454489164086688,
    "joint_noncat_accuracy": 0.6477399380804953,
    "requested_slots_f1": 0.9009287925696594,
    "requested_slots_precision": 1.0,
    "requested_slots_recall": 0.9009287925696594
  },
  "Buses_1": {
    "active_intent_accuracy": 0.9840848806366048,
    "average_cat_accuracy": 0.952,
    "average_goal_accuracy": 0.886365911237016,
    "average_noncat_accuracy": 0.8686857142857142,
    "joint_cat_accuracy": 0.9681697612732095,
    "joint_goal_accuracy": 0.544554376657825,
    "joint_noncat_accuracy": 0.5566233421750664,
    "requested_slots_f1": 0.980548187444739,
    "requested_slots_precision": 0.9708222811671088,
    "requested_slots_recall": 1.0
  },
  "Events_1": {
    "active_intent_accuracy": 0.7140115163147792,
    "average_cat_accuracy": 0.9650900900900901,
    "average_goal_accuracy": 0.7825744606819763,
    "average_noncat_accuracy": 0.6901001430615166,
    "joint_cat_accuracy": 0.9577735124760077,
    "joint_goal_accuracy": 0.4167514395393474,
    "joint_noncat_accuracy": 0.4301871401151631,
    "requested_slots_f1": 0.9737683941138834,
    "requested_slots_precision": 0.9980806142034548,
    "requested_slots_recall": 0.9712092130518234
  },
  "Flights_3": {
    "active_intent_accuracy": 0.7692307692307693,
    "average_cat_accuracy": 0.41684704184704185,
    "average_goal_accuracy": 0.7320367640883514,
    "average_noncat_accuracy": 0.8855774032459426,
    "joint_cat_accuracy": 0.37152209492635024,
    "joint_goal_accuracy": 0.15304418985270046,
    "joint_noncat_accuracy": 0.3247636661211129,
    "requested_slots_f1": 0.8805237315875614,
    "requested_slots_precision": 1.0,
    "requested_slots_recall": 0.8805237315875614
  },
  "Homes_1": {
    "active_intent_accuracy": 0.9403747870528109,
    "average_cat_accuracy": 0.8365384615384616,
    "average_goal_accuracy": 0.8359350568585644,
    "average_noncat_accuracy": 0.8863213811420982,
    "joint_cat_accuracy": 0.4190800681431005,
    "joint_goal_accuracy": 0.3548892674616695,
    "joint_noncat_accuracy": 0.7463373083475299,
    "requested_slots_f1": 0.9538330494037478,
    "requested_slots_precision": 0.9383872799545712,
    "requested_slots_recall": 0.995741056218058
  },
  "Hotels_1": {
    "active_intent_accuracy": 0.96415770609319,
    "average_cat_accuracy": 0.5978090766823161,
    "average_goal_accuracy": 0.770625,
    "average_noncat_accuracy": 0.8702124183006537,
    "joint_cat_accuracy": 0.4551971326164875,
    "joint_goal_accuracy": 0.30265232974910394,
    "joint_noncat_accuracy": 0.6128673835125449,
    "requested_slots_f1": 0.9101553166069295,
    "requested_slots_precision": 0.9492234169653524,
    "requested_slots_recall": 0.9157706093189965
  },
  "Hotels_4": {
    "active_intent_accuracy": 0.975,
    "average_cat_accuracy": 0.4197530864197531,
    "average_goal_accuracy": 0.6611124487248082,
    "average_noncat_accuracy": 0.7951176470588235,
    "joint_cat_accuracy": 0.4642857142857143,
    "joint_goal_accuracy": 0.19457892857142858,
    "joint_noncat_accuracy": 0.3969817857142857,
    "requested_slots_f1": 0.8958333333333334,
    "requested_slots_precision": 0.894047619047619,
    "requested_slots_recall": 0.9214285714285714
  },
  "Media_2": {
    "active_intent_accuracy": 0.8,
    "average_cat_accuracy": 0.0,
    "average_goal_accuracy": 0.6281695303550973,
    "average_noncat_accuracy": 0.7375028636884308,
    "joint_cat_accuracy": 0.47619047619047616,
    "joint_goal_accuracy": 0.17789238095238097,
    "joint_noncat_accuracy": 0.1800582349206349,
    "requested_slots_f1": 0.8857142857142857,
    "requested_slots_precision": 0.8984126984126984,
    "requested_slots_recall": 0.8857142857142857
  },
  "Movies_2": {
    "active_intent_accuracy": 0.9715909090909091,
    "average_goal_accuracy": 0.6582644628099172,
    "average_noncat_accuracy": 0.6582644628099172,
    "joint_goal_accuracy": 0.32014602272727277,
    "joint_noncat_accuracy": 0.32014602272727277,
    "requested_slots_f1": 0.8901515151515151,
    "requested_slots_precision": 0.8977272727272727,
    "requested_slots_recall": 0.8977272727272727
  },
  "Music_1": {
    "active_intent_accuracy": 0.9595141700404858,
    "average_cat_accuracy": 0.35294117647058826,
    "average_goal_accuracy": 0.5549170616113744,
    "average_noncat_accuracy": 0.6279901960784314,
    "joint_cat_accuracy": 0.5587044534412956,
    "joint_goal_accuracy": 0.3160323886639676,
    "joint_noncat_accuracy": 0.45113360323886637,
    "requested_slots_f1": 0.9541160593792173,
    "requested_slots_precision": 0.9453441295546559,
    "requested_slots_recall": 0.9898785425101214
  },
  "RentalCars_1": {
    "active_intent_accuracy": 0.850609756097561,
    "average_cat_accuracy": 0.11794871794871795,
    "average_goal_accuracy": 0.6882935729847495,
    "average_noncat_accuracy": 0.7644199561403509,
    "joint_cat_accuracy": 0.4451219512195122,
    "joint_goal_accuracy": 0.13954756097560975,
    "joint_noncat_accuracy": 0.23057256097560974,
    "requested_slots_f1": 0.9939024390243902,
    "requested_slots_precision": 1.0,
    "requested_slots_recall": 0.9939024390243902
  },
  "Restaurants_2": {
    "active_intent_accuracy": 0.8133971291866029,
    "average_cat_accuracy": 0.3543417366946779,
    "average_goal_accuracy": 0.7158312469317624,
    "average_noncat_accuracy": 0.7795097869890617,
    "joint_cat_accuracy": 0.5996810207336523,
    "joint_goal_accuracy": 0.33382775119617225,
    "joint_noncat_accuracy": 0.4110526315789474,
    "requested_slots_f1": 0.8607123870281764,
    "requested_slots_precision": 0.9393939393939394,
    "requested_slots_recall": 0.8604465709728868
  },
  "RideSharing_1": {
    "active_intent_accuracy": 0.9922178988326849,
    "average_cat_accuracy": 0.5478260869565217,
    "average_goal_accuracy": 0.552717086834734,