{
  "#ALL_SERVICES": {
    "active_intent_accuracy": 0.9671361502347418,
    "average_cat_accuracy": 0.6838483724763083,
    "average_goal_accuracy": 0.8156369168179148,
    "average_noncat_accuracy": 0.8684928001556722,
    "joint_cat_accuracy": 0.7017187211236371,
    "joint_goal_accuracy": 0.5376207411133468,
    "joint_noncat_accuracy": 0.6996249647887324,
    "requested_slots_f1": 0.9477611701957778,
    "requested_slots_precision": 0.9834758551307847,
    "requested_slots_recall": 0.9516264252179745
  },
  "#SEEN_SERVICES": {
    "active_intent_accuracy": 0.9855023600809171,
    "average_cat_accuracy": 0.8720224194301728,
    "average_goal_accuracy": 0.8921120355834642,
    "average_noncat_accuracy": 0.9231069518716577,
    "joint_cat_accuracy": 0.8718949609652236,
    "joint_goal_accuracy": 0.7496166891436278,
    "joint_noncat_accuracy": 0.857851247471342,
    "requested_slots_f1": 0.9816812766913914,
    "requested_slots_precision": 0.9924140256237357,
    "requested_slots_recall": 0.9856709372892785
  },
  "#UNSEEN_SERVICES": {
    "active_intent_accuracy": 0.9489659773182122,
    "average_cat_accuracy": 0.47225140056022413,
    "average_goal_accuracy": 0.738340702737963,
    "average_noncat_accuracy": 0.8117772709242363,
    "joint_cat_accuracy": 0.5167759352101813,
    "joint_goal_accuracy": 0.32788759172781856,
    "joint_noncat_accuracy": 0.543087555036691,
    "requested_slots_f1": 0.9142031195400108,
    "requested_slots_precision": 0.9746330887258171,
    "requested_slots_recall": 0.9179452968645764
  },
  "Alarm_1": {
    "active_intent_accuracy": 0.8558951965065502,
    "average_goal_accuracy": 0.7863636363636364,
    "average_noncat_accuracy": 0.7863636363636364,
    "joint_goal_accuracy": 0.6052401746724891,
    "joint_noncat_accuracy": 0.6052401746724891,
    "requested_slots_f1": 1.0,
    "requested_slots_precision": 1.0,
    "requested_slots_recall": 1.0
  },
  "Banks_2": {
    "active_intent_accuracy": 0.9907120743034056,
    "average_cat_accuracy": 0.9335548172757475,
    "average_goal_accuracy": 0.8529900332225914,
    "average_noncat_accuracy": 0.6428571428571429,
    "joint_cat_accuracy": 0.8668730650154799,
    "joint_goal_accuracy": 0.5820433436532507,
    "joint_noncat_accuracy": 0.6780185758513931,
    "requested_slots_f1": 0.9009287925696594,
    "requested_slots_precision": 1.0,
    "requested_slots_recall": 0.9009287925696594
  },
  "Buses_1": {
    "active_intent_accuracy": 0.986737400530504,
    "average_cat_accuracy": 1.0,
    "average_goal_accuracy": 0.9660623229461756,
    "average_noncat_accuracy": 0.9587047619047618,
    "joint_cat_accuracy": 1.0,
    "joint_goal_accuracy": 0.9085941644562333,
    "joint_noncat_accuracy": 0.9085941644562333,
    "requested_slots_f1": 0.9786030061892129,
    "requested_slots_precision": 0.9694960212201591,
    "requested_slots_recall": 0.9973474801061007
  },
  "Events_1": {
    "active_intent_accuracy": 0.9942418426103646,
    "average_cat_accuracy": 1.0,
    "average_goal_accuracy": 0.9267828810020876,
    "average_noncat_accuracy": 0.8919688841201717,
    "joint_cat_accuracy": 0.9923224568138196,
    "joint_goal_accuracy": 0.7435508637236085,
    "joint_noncat_accuracy": 0.7512284069097889,
    "requested_slots_f1": 0.9923224568138196,
    "requested_slots_precision": 1.0,
    "requested_slots_recall": 0.991362763915547
  },
  "Flights_3": {
    "active_intent_accuracy": 0.9607201309328969,
    "average_cat_accuracy": 0.6836219336219336,
    "average_goal_accuracy": 0.884685437137818,
    "average_noncat_accuracy": 0.9812047440699126,
    "joint_cat_accuracy": 0.46808510638297873,
    "joint_goal_accuracy": 0.3660556464811784,
    "joint_noncat_accuracy": 0.7735240589198036,
    "requested_slots_f1": 0.8974358974358975,
    "requested_slots_precision": 1.0,
    "requested_slots_recall": 0.8944353518821604
  },
  "Homes_1": {
    "active_intent_accuracy": 0.9863713798977853,
    "average_cat_accuracy": 0.9769230769230769,
    "average_goal_accuracy": 0.9590408670931058,
    "average_noncat_accuracy": 0.9513379814077025,
    "joint_cat_accuracy": 0.959114139693356,
    "joint_goal_accuracy": 0.8776320272572401,
    "joint_noncat_accuracy": 0.9082964224872231,
    "requested_slots_f1": 0.9960249858035208,
    "requested_slots_precision": 0.995741056218058,
    "requested_slots_recall": 1.0
  },
  "Hotels_1": {
    "active_intent_accuracy": 0.967741935483871,
    "average_cat_accuracy": 0.7676056338028169,
    "average_goal_accuracy": 0.9106854256854257,
    "average_noncat_accuracy": 0.9765457516339869,
    "joint_cat_accuracy": 0.7060931899641577,
    "joint_goal_accuracy": 0.6620430107526881,
    "joint_noncat_accuracy": 0.9158064516129032,
    "requested_slots_f1": 0.985663082437276,
    "requested_slots_precision": 0.985663082437276,
    "requested_slots_recall": 0.9874551971326165
  },
  "Hotels_4": {
    "active_intent_accuracy": 0.9928571428571429,
    "average_cat_accuracy": 0.7492283950617284,
    "average_goal_accuracy": 0.7895627786695202,
    "average_noncat_accuracy": 0.816156862745098,
    "joint_cat_accuracy": 0.7107142857142857,
    "joint_goal_accuracy": 0.33532142857142855,
    "joint_noncat_accuracy": 0.4463571428571429,
    "requested_slots_f1": 0.8975170068027211,
    "requested_slots_precision": 0.9276190476190477,
    "requested_slots_recall": 0.9267857142857143
  },
  "Media_2": {
    "active_intent_accuracy": 0.926984126984127,
    "average_cat_accuracy": 0.11515151515151516,
    "average_goal_accuracy": 0.4299432989690722,
    "average_noncat_accuracy": 0.4974742268041237,
    "joint_cat_accuracy": 0.5365079365079365,
    "joint_goal_accuracy": 0.08668126984126984,
    "joint_noncat_accuracy": 0.09387901587301588,
    "requested_slots_f1": 0.9111111111111111,
    "requested_slots_precision": 0.9396825396825397,
    "requested_slots_recall": 0.9174603174603174
  },
  "Movies_2": {
    "active_intent_accuracy": 0.9715909090909091,
    "average_goal_accuracy": 0.7124655647382919,
    "average_noncat_accuracy": 0.7124655647382919,
    "joint_goal_accuracy": 0.3212982954545454,
    "joint_noncat_accuracy": 0.3212982954545454,
    "requested_slots_f1": 0.9053030303030302,
    "requested_slots_precision": 0.9157196969696969,
    "requested_slots_recall": 0.9176136363636364
  },
  "Music_1": {
    "active_intent_accuracy": 0.9838056680161943,
    "average_cat_accuracy": 0.7026143790849673,
    "average_goal_accuracy": 0.8170221169036335,
    "average_noncat_accuracy": 0.902107843137255,
    "joint_cat_accuracy": 0.7408906882591093,
    "joint_goal_accuracy": 0.6344518218623482,
    "joint_noncat_accuracy": 0.8521036437246962,
    "requested_slots_f1": 0.9946018893387314,
    "requested_slots_precision": 0.9979757085020243,
    "requested_slots_recall": 0.9959514170040485
  },
  "RentalCars_1": {
    "active_intent_accuracy": 0.9969512195121951,
    "average_cat_accuracy": 0.882051282051282,
    "average_goal_accuracy": 0.9450544662309368,
    "average_noncat_accuracy": 0.9509671052631579,
    "joint_cat_accuracy": 0.899390243902439,
    "joint_goal_accuracy": 0.7697890243902439,
    "joint_noncat_accuracy": 0.8519649390243903,
    "requested_slots_f1": 0.9969512195121951,
    "requested_slots_precision": 0.9969512195121951,
    "requested_slots_recall": 1.0
  },
  "Restaurants_2": {
    "active_intent_accuracy": 0.9665071770334929,
    "average_cat_accuracy": 0.3403361344537815,
    "average_goal_accuracy": 0.7339828178694158,
    "average_noncat_accuracy": 0.8031312607944733,
    "joint_cat_accuracy": 0.5933014354066986,
    "joint_goal_accuracy": 0.35247830940988834,
    "joint_noncat_accuracy": 0.45583492822966504,
    "requested_slots_f1": 0.9034707982076403,
    "requested_slots_precision": 0.9681818181818181,
    "requested_slots_recall": 0.9098883572567783
  },
  "RideSharing_1": {
    "active_intent_accuracy": 1.0,
    "average_cat_accuracy": 0.9652173913043478,
    "average_goal_accuracy": 0.9387535014005602,