{
  "#ALL_SERVICES": {
    "active_intent_accuracy": 0.886653252850436,
    "average_cat_accuracy": 0.6240214256283477,
    "average_goal_accuracy": 0.739130310124418,
    "average_noncat_accuracy": 0.7856001491859634,
    "joint_cat_accuracy": 0.5806690075771577,
    "joint_goal_accuracy": 0.3481659221998658,
    "joint_noncat_accuracy": 0.5380540578470825,
    "requested_slots_f1": 0.9240674203953881,
    "requested_slots_precision": 0.9562765481779567,
    "requested_slots_recall": 0.9357813547954393
  },
  "#SEEN_SERVICES": {
    "active_intent_accuracy": 0.9160485502360081,
    "average_cat_accuracy": 0.7783745913124708,
    "average_goal_accuracy": 0.768519623233909,
    "average_noncat_accuracy": 0.7953088871912399,
    "joint_cat_accuracy": 0.6536550745209369,
    "joint_goal_accuracy": 0.3880453135536075,
    "joint_noncat_accuracy": 0.5981908293998652,
    "requested_slots_f1": 0.9496403686221623,
    "requested_slots_precision": 0.9645425938413127,
    "requested_slots_recall": 0.9706675657451113
  },
  "#UNSEEN_SERVICES": {
    "active_intent_accuracy": 0.8575717144763175,
    "average_cat_accuracy": 0.4504551820728292,
    "average_goal_accuracy": 0.7094254508912043,
    "average_noncat_accuracy": 0.7755178500595002,
    "joint_cat_accuracy": 0.5013497878904744,
    "joint_goal_accuracy": 0.30871219479653106,
    "joint_noncat_accuracy": 0.4785591731154103,
    "requested_slots_f1": 0.8987674322564249,
    "requested_slots_precision": 0.9480987324883255,
    "requested_slots_recall": 0.9012675116744496
  },
  "Alarm_1": {
    "active_intent_accuracy": 0.7205240174672489,
    "average_goal_accuracy": 0.7039935064935064,
    "average_noncat_accuracy": 0.7039935064935064,
    "joint_goal_accuracy": 0.467825327510917,
    "joint_noncat_accuracy": 0.467825327510917,
    "requested_slots_f1": 1.0,
    "requested_slots_precision": 1.0,
    "requested_slots_recall": 1.0
  },
  "Banks_2": {
    "active_intent_accuracy": 0.9876160990712074,
    "average_cat_accuracy": 0.8272425249169435,
    "average_goal_accuracy": 0.7131284606866002,
    "average_noncat_accuracy": 0.37464285714285717,
    "joint_cat_accuracy": 0.7058823529411765,
    "joint_goal_accuracy": 0.46356037151702784,
    "joint_noncat_accuracy": 0.49959752321981427,
    "requested_slots_f1": 0.9009287925696594,
    "requested_slots_precision": 1.0,
    "requested_slots_recall": 0.9009287925696594
  },
  "Buses_1": {
    "active_intent_accuracy": 0.9655172413793104,
    "average_cat_accuracy": 0.976,
    "average_goal_accuracy": 0.815985835694051,
    "average_noncat_accuracy": 0.7831095238095237,
    "joint_cat_accuracy": 0.9814323607427056,
    "joint_goal_accuracy": 0.4303018567639257,
    "joint_noncat_accuracy": 0.4329543766578249,
    "requested_slots_f1": 0.9649867374005305,
    "requested_slots_precision": 0.947391688770999,
    "requested_slots_recall": 1.0
  },
  "Events_1": {
    "active_intent_accuracy": 0.9021113243761996,
    "average_cat_accuracy": 0.954954954954955,
    "average_goal_accuracy": 0.8610201809324983,
    "average_noncat_accuracy": 0.8085211015736766,
    "joint_cat_accuracy": 0.946257197696737,
    "joint_goal_accuracy": 0.5514971209213052,
    "joint_noncat_accuracy": 0.5706909788867564,
    "requested_slots_f1": 0.9705694177863083,
    "requested_slots_precision": 0.9961612284069098,
    "requested_slots_recall": 0.9673704414587332
  },
  "Flights_3": {
    "active_intent_accuracy": 0.8477905073649754,
    "average_cat_accuracy": 0.5645743145743145,
    "average_goal_accuracy": 0.7758747795414462,
    "average_noncat_accuracy": 0.8783739076154806,
    "joint_cat_accuracy": 0.46808510638297873,
    "joint_goal_accuracy": 0.31679787234042556,
    "joint_noncat_accuracy": 0.6400135842880522,
    "requested_slots_f1": 0.8933987997817785,
    "requested_slots_precision": 0.9607201309328969,
    "requested_slots_recall": 0.8911620294599017
  },
  "Homes_1": {
    "active_intent_accuracy": 0.9437819420783645,
    "average_cat_accuracy": 0.8214743589743589,
    "average_goal_accuracy": 0.8357824271499643,
    "average_noncat_accuracy": 0.8919090305444888,
    "joint_cat_accuracy": 0.19931856899488926,
    "joint_goal_accuracy": 0.17086882453151617,
    "joint_noncat_accuracy": 0.7491822827938671,
    "requested_slots_f1": 0.9530380465644521,
    "requested_slots_precision": 0.9341283361726292,
    "requested_slots_recall": 0.9974446337308348
  },
  "Hotels_1": {
    "active_intent_accuracy": 0.9139784946236559,
    "average_cat_accuracy": 0.6134585289514868,
    "average_goal_accuracy": 0.7812166305916306,
    "average_noncat_accuracy": 0.8750882352941176,
    "joint_cat_accuracy": 0.5483870967741935,
    "joint_goal_accuracy": 0.36917562724014336,
    "joint_noncat_accuracy": 0.6188888888888889,
    "requested_slots_f1": 0.8962962962962963,
    "requested_slots_precision": 0.9420549581839903,
    "requested_slots_recall": 0.910394265232975
  },
  "Hotels_4": {
    "active_intent_accuracy": 0.9642857142857143,
    "average_cat_accuracy": 0.7214506172839507,
    "average_goal_accuracy": 0.7344299982165151,
    "average_noncat_accuracy": 0.7462581699346406,
    "joint_cat_accuracy": 0.6071428571428571,
    "joint_goal_accuracy": 0.2365592857142857,
    "joint_noncat_accuracy": 0.332065,
    "requested_slots_f1": 0.8934693877551021,
    "requested_slots_precision": 0.880297619047619,
    "requested_slots_recall": 0.9303571428571429
  },
  "Media_2": {
    "active_intent_accuracy": 0.8571428571428571,
    "average_cat_accuracy": 0.17575757575757575,
    "average_goal_accuracy": 0.6780847651775488,
    "average_noncat_accuracy": 0.7778722794959909,
    "joint_cat_accuracy": 0.5682539682539682,
    "joint_goal_accuracy": 0.28769492063492064,
    "joint_noncat_accuracy": 0.4421298412698413,
    "requested_slots_f1": 0.8857142857142857,
    "requested_slots_precision": 0.8888888888888888,
    "requested_slots_recall": 0.8857142857142857
  },
  "Movies_2": {
    "active_intent_accuracy": 0.8125,
    "average_goal_accuracy": 0.6107851239669421,
    "average_noncat_accuracy": 0.6107851239669421,
    "joint_goal_accuracy": 0.32910375000000003,
    "joint_noncat_accuracy": 0.32910375000000003,
    "requested_slots_f1": 0.899431818181818,
    "requested_slots_precision": 0.8929924242424242,
    "requested_slots_recall": 0.9119318181818182
  },
  "Music_1": {
    "active_intent_accuracy": 0.9068825910931174,
    "average_cat_accuracy": 0.7026143790849673,
    "average_goal_accuracy": 0.59689336492891,
    "average_noncat_accuracy": 0.5723039215686276,
    "joint_cat_accuracy": 0.7327935222672065,
    "joint_goal_accuracy": 0.3467206477732794,
    "joint_noncat_accuracy": 0.41149797570850205,
    "requested_slots_f1": 0.9460188933873144,
    "requested_slots_precision": 0.9271255060728745,
    "requested_slots_recall": 1.0
  },
  "RentalCars_1": {
    "active_intent_accuracy": 0.8079268292682927,
    "average_cat_accuracy": 0.7282051282051282,
    "average_goal_accuracy": 0.7441889978213507,
    "average_noncat_accuracy": 0.7431041666666667,
    "joint_cat_accuracy": 0.8140243902439024,
    "joint_goal_accuracy": 0.3341158536585366,
    "joint_noncat_accuracy": 0.34341951219512196,
    "requested_slots_f1": 1.0,
    "requested_slots_precision": 1.0,
    "requested_slots_recall": 1.0
  },
  "Restaurants_2": {
    "active_intent_accuracy": 0.7575757575757576,
    "average_cat_accuracy": 0.32212885154061627,
    "average_goal_accuracy": 0.7188124284077891,
    "average_noncat_accuracy": 0.7873483016695452,
    "joint_cat_accuracy": 0.5661881977671451,
    "joint_goal_accuracy": 0.32062344497607653,
    "joint_noncat_accuracy": 0.3879609250398724,
    "requested_slots_f1": 0.864167995746943,
    "requested_slots_precision": 0.946969696969697,
    "requested_slots_recall": 0.8636363636363636
  },
  "RideSharing_1": {
    "active_intent_accuracy": 0.9961089494163424,
    "average_cat_accuracy": 0.8282608695652174,
    "average_goal_accuracy": 0.7963865546218488,