{
  "#ALL_SERVICES": {
    "active_intent_accuracy": 0.903588195841717,
    "average_cat_accuracy": 0.6705603625875567,
    "average_goal_accuracy": 0.7503233531490298,
    "average_noncat_accuracy": 0.7771574560550042,
    "joint_cat_accuracy": 0.6680835335427833,
    "joint_goal_accuracy": 0.3831961435278337,
    "joint_noncat_accuracy": 0.4817399731723675,
    "requested_slots_f1": 0.9285378940308516,
    "requested_slots_precision": 0.9782584395260453,
    "requested_slots_recall": 0.9320087189805499
  },
  "#SEEN_SERVICES": {
    "active_intent_accuracy": 0.9649359406608227,
    "average_cat_accuracy": 0.8374591312470808,
    "average_goal_accuracy": 0.7914657683586254,
    "average_noncat_accuracy": 0.7851765342500635,
    "joint_cat_accuracy": 0.8151171043293116,
    "joint_goal_accuracy": 0.4741337154416723,
    "joint_noncat_accuracy": 0.5748754551584626,
    "requested_slots_f1": 0.9634861766689143,
    "requested_slots_precision": 0.9853899752753428,
    "requested_slots_recall": 0.9684760620364127
  },
  "#UNSEEN_SERVICES": {
    "active_intent_accuracy": 0.842895263509006,
    "average_cat_accuracy": 0.48288690476190466,
    "average_goal_accuracy": 0.7087392015302975,
    "average_noncat_accuracy": 0.7688298294327647,
    "joint_cat_accuracy": 0.5082915541843425,
    "joint_goal_accuracy": 0.29322921947965314,
    "joint_noncat_accuracy": 0.389598599066044,
    "requested_slots_f1": 0.8939626417611742,
    "requested_slots_precision": 0.9712030242383812,
    "requested_slots_recall": 0.895930620413609
  },
  "Alarm_1": {
    "active_intent_accuracy": 0.8209606986899564,
    "average_goal_accuracy": 0.7292857142857143,
    "average_noncat_accuracy": 0.7292857142857143,
    "joint_goal_accuracy": 0.4694344978165939,
    "joint_noncat_accuracy": 0.4694344978165939,
    "requested_slots_f1": 1.0,
    "requested_slots_precision": 1.0,
    "requested_slots_recall": 1.0
  },
  "Banks_2": {
    "active_intent_accuracy": 0.9752321981424149,
    "average_cat_accuracy": 0.9285714285714286,
    "average_goal_accuracy": 0.9151439645625693,
    "average_noncat_accuracy": 0.8516483516483516,
    "joint_cat_accuracy": 0.8699690402476781,
    "joint_goal_accuracy": 0.7383900928792569,
    "joint_noncat_accuracy": 0.8436532507739938,
    "requested_slots_f1": 0.9009287925696594,
    "requested_slots_precision": 1.0,
    "requested_slots_recall": 0.9009287925696594
  },
  "Buses_1": {
    "active_intent_accuracy": 0.986737400530504,
    "average_cat_accuracy": 0.928,
    "average_goal_accuracy": 0.6910656279508971,
    "average_noncat_accuracy": 0.634052380952381,
    "joint_cat_accuracy": 0.9389920424403183,
    "joint_goal_accuracy": 0.27188249336870024,
    "joint_noncat_accuracy": 0.27984005305039783,
    "requested_slots_f1": 0.980548187444739,
    "requested_slots_precision": 0.9708222811671088,
    "requested_slots_recall": 1.0
  },
  "Events_1": {
    "active_intent_accuracy": 0.8714011516314779,
    "average_cat_accuracy": 0.9819819819819819,
    "average_goal_accuracy": 0.8433942240779402,
    "average_noncat_accuracy": 0.7740218168812589,
    "joint_cat_accuracy": 0.9788867562380038,
    "joint_goal_accuracy": 0.49155470249520156,
    "joint_noncat_accuracy": 0.499232245681382,
    "requested_slots_f1": 0.9737683941138835,
    "requested_slots_precision": 1.0,
    "requested_slots_recall": 0.9712092130518234
  },
  "Flights_3": {
    "active_intent_accuracy": 0.8248772504091653,
    "average_cat_accuracy": 0.5315656565656566,
    "average_goal_accuracy": 0.7002438691525994,
    "average_noncat_accuracy": 0.7690106117353308,
    "joint_cat_accuracy": 0.4402618657937807,
    "joint_goal_accuracy": 0.1450252045826514,
    "joint_noncat_accuracy": 0.2593299509001637,
    "requested_slots_f1": 0.8805237315875614,
    "requested_slots_precision": 1.0,
    "requested_slots_recall": 0.8805237315875614
  },
  "Homes_1": {
    "active_intent_accuracy": 0.9880749574105622,
    "average_cat_accuracy": 0.9721153846153846,
    "average_goal_accuracy": 0.8676048329779673,
    "average_noncat_accuracy": 0.8047211155378486,
    "joint_cat_accuracy": 0.9505962521294719,
    "joint_goal_accuracy": 0.6468749574105622,
    "joint_noncat_accuracy": 0.6673178875638841,
    "requested_slots_f1": 0.9927314026121522,
    "requested_slots_precision": 0.9914821124361158,
    "requested_slots_recall": 1.0
  },
  "Hotels_1": {
    "active_intent_accuracy": 0.974910394265233,
    "average_cat_accuracy": 0.6971830985915493,
    "average_goal_accuracy": 0.7417406204906204,
    "average_noncat_accuracy": 0.7875849673202614,
    "joint_cat_accuracy": 0.5089605734767025,
    "joint_goal_accuracy": 0.2810035842293907,
    "joint_noncat_accuracy": 0.5046953405017921,
    "requested_slots_f1": 0.9431302270011948,
    "requested_slots_precision": 0.9647550776583035,
    "requested_slots_recall": 0.942652329749104
  },
  "Hotels_4": {
    "active_intent_accuracy": 0.9857142857142858,
    "average_cat_accuracy": 0.7646604938271605,
    "average_goal_accuracy": 0.7010926520420903,
    "average_noncat_accuracy": 0.6833398692810457,
    "joint_cat_accuracy": 0.3964285714285714,
    "joint_goal_accuracy": 0.06508714285714286,
    "joint_noncat_accuracy": 0.11570214285714285,
    "requested_slots_f1": 0.9044047619047619,
    "requested_slots_precision": 0.9232142857142858,
    "requested_slots_recall": 0.9178571428571428
  },
  "Media_2": {
    "active_intent_accuracy": 0.8825396825396825,
    "average_cat_accuracy": 0.11515151515151516,
    "average_goal_accuracy": 0.6922319587628867,
    "average_noncat_accuracy": 0.7981156930126002,
    "joint_cat_accuracy": 0.5365079365079365,
    "joint_goal_accuracy": 0.22014984126984122,
    "joint_noncat_accuracy": 0.31917333333333336,
    "requested_slots_f1": 0.8920634920634921,
    "requested_slots_precision": 0.9365079365079365,
    "requested_slots_recall": 0.8920634920634921
  },
  "Movies_2": {
    "active_intent_accuracy": 0.9772727272727273,
    "average_goal_accuracy": 0.5188567493112948,
    "average_noncat_accuracy": 0.5188567493112948,
    "joint_goal_accuracy": 0.40607954545454544,
    "joint_noncat_accuracy": 0.40607954545454544,
    "requested_slots_f1": 0.899431818181818,
    "requested_slots_precision": 0.9261363636363636,
    "requested_slots_recall": 0.9176136363636364
  },
  "Music_1": {
    "active_intent_accuracy": 0.9554655870445344,
    "average_cat_accuracy": 0.6895424836601307,
    "average_goal_accuracy": 0.7041587677725117,
    "average_noncat_accuracy": 0.7177696078431373,
    "joint_cat_accuracy": 0.5870445344129555,
    "joint_goal_accuracy": 0.3765182186234818,
    "joint_noncat_accuracy": 0.6227935222672065,
    "requested_slots_f1": 0.9757085020242915,
    "requested_slots_precision": 0.9736842105263158,
    "requested_slots_recall": 0.9919028340080972
  },
  "RentalCars_1": {
    "active_intent_accuracy": 0.9847560975609756,
    "average_cat_accuracy": 0.7538461538461538,
    "average_goal_accuracy": 0.8159466230936819,
    "average_noncat_accuracy": 0.8192121710526316,
    "joint_cat_accuracy": 0.8140243902439024,
    "joint_goal_accuracy": 0.3467012195121951,
    "joint_noncat_accuracy": 0.3700548780487805,
    "requested_slots_f1": 0.9908536585365854,
    "requested_slots_precision": 1.0,
    "requested_slots_recall": 0.9908536585365854
  },
  "Restaurants_2": {
    "active_intent_accuracy": 0.7320574162679426,
    "average_cat_accuracy": 0.3394024276377217,
    "average_goal_accuracy": 0.6947369497627229,
    "average_noncat_accuracy": 0.7560276338514681,
    "joint_cat_accuracy": 0.5821371610845295,
    "joint_goal_accuracy": 0.3209070175438597,
    "joint_noncat_accuracy": 0.3920409888357257,
    "requested_slots_f1": 0.8749069643806485,
    "requested_slots_precision": 0.9492291334396596,
    "requested_slots_recall": 0.8755980861244019
  },
  "RideSharing_1": {
    "active_intent_accuracy": 1.0,
    "average_cat_accuracy": 0.95,
    "average_goal_accuracy": 0.8884873949579831,