{
  "#ALL_SERVICES": {
    "active_intent_accuracy": 0.07863849765258216,
    "average_cat_accuracy": 0.054800164812525747,
    "average_goal_accuracy": 0.09261905200305126,
    "average_noncat_accuracy": 0.11360634364662385,
    "joint_cat_accuracy": 0.20661615228238772,
    "joint_goal_accuracy": 0.06914872216716969,
    "joint_noncat_accuracy": 0.12244837571103287,
    "requested_slots_f1": 0.03607047170533351,
    "requested_slots_precision": 0.02154762530990487,
    "requested_slots_recall": 1.0
  },
  "#SEEN_SERVICES": {
    "active_intent_accuracy": 0.0815913688469319,
    "average_cat_accuracy": 0.035263895375992525,
    "average_goal_accuracy": 0.08512097505668935,
    "average_noncat_accuracy": 0.11980920550038197,
    "joint_cat_accuracy": 0.20262597586941092,
    "joint_goal_accuracy": 0.06935097417734322,
    "joint_noncat_accuracy": 0.12287734835273095,
    "requested_slots_f1": 0.03940848617180377,
    "requested_slots_precision": 0.02361392073125047,
    "requested_slots_recall": 1.0
  },
  "#UNSEEN_SERVICES": {
    "active_intent_accuracy": 0.07571714476317545,
    "average_cat_accuracy": 0.07676820728291316,
    "average_goal_accuracy": 0.10019763403325048,
    "average_noncat_accuracy": 0.10716481554938517,
    "joint_cat_accuracy": 0.2109525645969919,
    "joint_goal_accuracy": 0.06894862895096732,
    "joint_noncat_accuracy": 0.12202398183002001,
    "requested_slots_f1": 0.032768086479332575,
    "requested_slots_precision": 0.01950338507651226,
    "requested_slots_recall": 1.0
  },
  "Alarm_1": {
    "active_intent_accuracy": 0.09170305676855896,
    "average_goal_accuracy": 0.10019480519480518,
    "average_noncat_accuracy": 0.10019480519480518,
    "joint_goal_accuracy": 0.26992707423580786,
    "joint_noncat_accuracy": 0.26992707423580786,
    "requested_slots_f1": 0.0,
    "requested_slots_precision": 0.0,
    "requested_slots_recall": 1.0
  },
  "Banks_2": {
    "active_intent_accuracy": 0.06501547987616099,
    "average_cat_accuracy": 0.08305647840531562,
    "average_goal_accuracy": 0.06877630121816168,
    "average_noncat_accuracy": 0.059835164835164836,
    "joint_cat_accuracy": 0.0804953560371517,
    "joint_goal_accuracy": 0.05572755417956656,
    "joint_noncat_accuracy": 0.2334482972136223,
    "requested_slots_f1": 0.028306059265811586,
    "requested_slots_precision": 0.016511867905056758,
    "requested_slots_recall": 1.0
  },
  "Buses_1": {
    "active_intent_accuracy": 0.07161803713527852,
    "average_cat_accuracy": 0.0,
    "average_goal_accuracy": 0.06913597733711048,
    "average_noncat_accuracy": 0.08265952380952381,
    "joint_cat_accuracy": 0.32360742705570295,
    "joint_goal_accuracy": 0.0636737048806366,
    "joint_noncat_accuracy": 0.07196900151193635,
    "requested_slots_f1": 0.04253677357125633,
    "requested_slots_precision": 0.025346301208370173,
    "requested_slots_recall": 1.0
  },
  "Events_1": {
    "active_intent_accuracy": 0.09788867562380038,
    "average_cat_accuracy": 0.09234234234234234,
    "average_goal_accuracy": 0.09464057063326374,
    "average_noncat_accuracy": 0.10544706723891274,
    "joint_cat_accuracy": 0.15355086372360843,
    "joint_goal_accuracy": 0.08073224568138195,
    "joint_noncat_accuracy": 0.09626069629558541,
    "requested_slots_f1": 0.026871401151631478,
    "requested_slots_precision": 0.015355086372360844,
    "requested_slots_recall": 1.0
  },
  "Flights_3": {
    "active_intent_accuracy": 0.07692307692307693,
    "average_cat_accuracy": 0.1919191919191919,
    "average_goal_accuracy": 0.12108327034517512,
    "average_noncat_accuracy": 0.09227840199750313,
    "joint_cat_accuracy": 0.016366612111292964,
    "joint_goal_accuracy": 0.004909983633387889,
    "joint_noncat_accuracy": 0.1263483176923077,
    "requested_slots_f1": 0.0202716283343383,
    "requested_slots_precision": 0.011167805911235196,
    "requested_slots_recall": 1.0
  },
  "Homes_1": {
    "active_intent_accuracy": 0.07155025553662692,
    "average_cat_accuracy": 0.025961538461538463,
    "average_goal_accuracy": 0.07859799218194741,
    "average_noncat_accuracy": 0.1300132802124834,
    "joint_cat_accuracy": 0.1141396933560477,
    "joint_goal_accuracy": 0.082793867120954,
    "joint_noncat_accuracy": 0.12190104429301533,
    "requested_slots_f1": 0.039182282793867124,
    "requested_slots_precision": 0.022657580919931856,
    "requested_slots_recall": 1.0
  },
  "Hotels_1": {
    "active_intent_accuracy": 0.05734767025089606,
    "average_cat_accuracy": 0.035211267605633804,
    "average_goal_accuracy": 0.10478373015873016,
    "average_noncat_accuracy": 0.14729411764705883,
    "joint_cat_accuracy": 0.1935483870967742,
    "joint_goal_accuracy": 0.05415770609318996,
    "joint_noncat_accuracy": 0.08312413949820789,
    "requested_slots_f1": 0.04898446833930705,
    "requested_slots_precision": 0.02867383512544803,
    "requested_slots_recall": 1.0
  },
  "Hotels_4": {
    "active_intent_accuracy": 0.05357142857142857,
    "average_cat_accuracy": 0.009259259259259259,
    "average_goal_accuracy": 0.09152933832709113,
    "average_noncat_accuracy": 0.13115359477124183,
    "joint_cat_accuracy": 0.21428571428571427,
    "joint_goal_accuracy": 0.044071428571428574,
    "joint_noncat_accuracy": 0.08705808157142858,
    "requested_slots_f1": 0.045887445887445893,
    "requested_slots_precision": 0.026785714285714288,
    "requested_slots_recall": 1.0
  },
  "Media_2": {
    "active_intent_accuracy": 0.07301587301587302,
    "average_cat_accuracy": 0.06060606060606061,
    "average_goal_accuracy": 0.10368613974799543,
    "average_noncat_accuracy": 0.11290091638029781,
    "joint_cat_accuracy": 0.4380952380952381,
    "joint_goal_accuracy": 0.06352549307936509,
    "joint_noncat_accuracy": 0.07628732514285715,
    "requested_slots_f1": 0.04625850340136054,
    "requested_slots_precision": 0.02962962962962963,
    "requested_slots_recall": 1.0
  },
  "Movies_2": {
    "active_intent_accuracy": 0.1590909090909091,
    "average_goal_accuracy": 0.07663911845730026,
    "average_noncat_accuracy": 0.07663911845730026,
    "joint_goal_accuracy": 0.18302020454545456,
    "joint_noncat_accuracy": 0.18302020454545456,
    "requested_slots_f1": 0.05762987012987013,
    "requested_slots_precision": 0.0375,
    "requested_slots_recall": 1.0
  },
  "Music_1": {
    "active_intent_accuracy": 0.06072874493927125,
    "average_cat_accuracy": 0.049019607843137254,
    "average_goal_accuracy": 0.08342417061611374,
    "average_noncat_accuracy": 0.10429738562091503,
    "joint_cat_accuracy": 0.008097165991902834,
    "joint_goal_accuracy": 0.0,
    "joint_noncat_accuracy": 0.11345263157894737,
    "requested_slots_f1": 0.0465587044534413,
    "requested_slots_precision": 0.02834008097165992,
    "requested_slots_recall": 1.0
  },
  "RentalCars_1": {
    "active_intent_accuracy": 0.07926829268292683,
    "average_cat_accuracy": 0.03076923076923077,
    "average_goal_accuracy": 0.1430016339869281,
    "average_noncat_accuracy": 0.15803618421052634,
    "joint_cat_accuracy": 0.42378048780487804,
    "joint_goal_accuracy": 0.06708232521341463,
    "joint_noncat_accuracy": 0.07345802120182927,
    "requested_slots_f1": 0.025745257452574527,
    "requested_slots_precision": 0.014481707317073171,
    "requested_slots_recall": 1.0
  },
  "Restaurants_2": {
    "active_intent_accuracy": 0.07496012759170653,
    "average_cat_accuracy": 0.004201680672268907,
    "average_goal_accuracy": 0.12145835378825072,
    "average_noncat_accuracy": 0.1395408750719632,
    "joint_cat_accuracy": 0.41467304625199364,
    "joint_goal_accuracy": 0.06432413520733653,
    "joint_noncat_accuracy": 0.06916275434832536,
    "requested_slots_f1": 0.03151234730182099,
    "requested_slots_precision": 0.017809675704412546,
    "requested_slots_recall": 1.0
  },
  "RideSharing_1": {
    "active_intent_accuracy": 0.09727626459143969,
    "average_cat_accuracy": 0.0,
    "average_goal_accuracy": 0.053011204481792716,