{
  "#ALL_SERVICES": {
    "active_intent_accuracy": 0.48373574782025486,
    "average_cat_accuracy": 0.009703337453646477,
    "average_goal_accuracy": 0.002952407256402837,
    "average_noncat_accuracy": 0.0,
    "joint_cat_accuracy": 0.028460543337645538,
    "joint_goal_accuracy": 0.028839704896042925,
    "joint_noncat_accuracy": 0.13832997987927564,
    "requested_slots_f1": 0.8646322378716744,
    "requested_slots_precision": 0.9936284372904092,
    "requested_slots_recall": 0.869466800804829
  },
  "#SEEN_SERVICES": {
    "active_intent_accuracy": 0.5903573836817262,
    "average_cat_accuracy": 0.0037365716954694066,
    "average_goal_accuracy": 0.0009401709401709401,
    "average_noncat_accuracy": 0.0,
    "joint_cat_accuracy": 0.0319375443577005,
    "joint_goal_accuracy": 0.011126095751854349,
    "joint_noncat_accuracy": 0.11732973701955496,
    "requested_slots_f1": 0.8550236008091706,
    "requested_slots_precision": 0.9898853674983142,
    "requested_slots_recall": 0.8624409979770735
  },
  "#UNSEEN_SERVICES": {
    "active_intent_accuracy": 0.37825216811207474,
    "average_cat_accuracy": 0.01641281512605042,
    "average_goal_accuracy": 0.004986248479399164,
    "average_noncat_accuracy": 0.0,
    "joint_cat_accuracy": 0.024681835711531045,
    "joint_goal_accuracy": 0.046364242828552366,
    "joint_noncat_accuracy": 0.1591060707138092,
    "requested_slots_f1": 0.8741383144318435,
    "requested_slots_precision": 0.9973315543695798,
    "requested_slots_recall": 0.8764176117411607
  },
  "Alarm_1": {
    "active_intent_accuracy": 0.27510917030567683,
    "average_goal_accuracy": 0.0,
    "average_noncat_accuracy": 0.0,
    "joint_goal_accuracy": 0.32751091703056767,
    "joint_noncat_accuracy": 0.32751091703056767,
    "requested_slots_f1": 1.0,
    "requested_slots_precision": 1.0,
    "requested_slots_recall": 1.0
  },
  "Banks_2": {
    "active_intent_accuracy": 0.3591331269349845,
    "average_cat_accuracy": 0.026578073089700997,
    "average_goal_accuracy": 0.01467331118493909,
    "average_noncat_accuracy": 0.0,
    "joint_cat_accuracy": 0.0,
    "joint_goal_accuracy": 0.0,
    "joint_noncat_accuracy": 0.43653250773993807,
    "requested_slots_f1": 0.9009287925696594,
    "requested_slots_precision": 1.0,
    "requested_slots_recall": 0.9009287925696594
  },
  "Buses_1": {
    "active_intent_accuracy": 0.3687002652519894,
    "average_cat_accuracy": 0.0,
    "average_goal_accuracy": 0.0,
    "average_noncat_accuracy": 0.0,
    "joint_cat_accuracy": 0.1273209549071618,
    "joint_goal_accuracy": 0.015915119363395226,
    "joint_noncat_accuracy": 0.07161803713527852,
    "requested_slots_f1": 0.8541114058355438,
    "requested_slots_precision": 0.9973474801061007,
    "requested_slots_recall": 0.8567639257294429
  },
  "Events_1": {
    "active_intent_accuracy": 0.6295585412667947,
    "average_cat_accuracy": 0.0,
    "average_goal_accuracy": 0.0,
    "average_noncat_accuracy": 0.0,
    "joint_cat_accuracy": 0.0,
    "joint_goal_accuracy": 0.0,
    "joint_noncat_accuracy": 0.10556621880998081,
    "requested_slots_f1": 0.8829174664107485,
    "requested_slots_precision": 1.0,
    "requested_slots_recall": 0.8829174664107485
  },
  "Flights_3": {
    "active_intent_accuracy": 0.23895253682487724,
    "average_cat_accuracy": 0.017135642135642136,
    "average_goal_accuracy": 0.006899302931048962,
    "average_noncat_accuracy": 0.0,
    "joint_cat_accuracy": 0.0032733224222585926,
    "joint_goal_accuracy": 0.0,
    "joint_noncat_accuracy": 0.1260229132569558,
    "requested_slots_f1": 0.8805237315875614,
    "requested_slots_precision": 1.0,
    "requested_slots_recall": 0.8805237315875614
  },
  "Homes_1": {
    "active_intent_accuracy": 0.6337308347529813,
    "average_cat_accuracy": 0.0,
    "average_goal_accuracy": 0.0,
    "average_noncat_accuracy": 0.0,
    "joint_cat_accuracy": 0.034071550255536626,
    "joint_goal_accuracy": 0.027257240204429302,
    "joint_noncat_accuracy": 0.14480408858603067,
    "requested_slots_f1": 0.8040885860306644,
    "requested_slots_precision": 0.9505962521294719,
    "requested_slots_recall": 0.8398637137989778
  },
  "Hotels_1": {
    "active_intent_accuracy": 0.4982078853046595,
    "average_cat_accuracy": 0.0,
    "average_goal_accuracy": 0.0,
    "average_noncat_accuracy": 0.0,
    "joint_cat_accuracy": 0.0,
    "joint_goal_accuracy": 0.0,
    "joint_noncat_accuracy": 0.08602150537634409,
    "requested_slots_f1": 0.8172043010752689,
    "requested_slots_precision": 1.0,
    "requested_slots_recall": 0.8172043010752689
  },
  "Hotels_4": {
    "active_intent_accuracy": 0.4,
    "average_cat_accuracy": 0.0,
    "average_goal_accuracy": 0.0,
    "average_noncat_accuracy": 0.0,
    "joint_cat_accuracy": 0.0,
    "joint_goal_accuracy": 0.0,
    "joint_noncat_accuracy": 0.08928571428571429,
    "requested_slots_f1": 0.825,
    "requested_slots_precision": 1.0,
    "requested_slots_recall": 0.825
  },
  "Media_2": {
    "active_intent_accuracy": 0.4031746031746032,
    "average_cat_accuracy": 0.0,
    "average_goal_accuracy": 0.0,
    "average_noncat_accuracy": 0.0,
    "joint_cat_accuracy": 0.12063492063492064,
    "joint_goal_accuracy": 0.015873015873015872,
    "joint_noncat_accuracy": 0.0761904761904762,
    "requested_slots_f1": 0.8846560846560846,
    "requested_slots_precision": 0.9968253968253968,
    "requested_slots_recall": 0.8873015873015873
  },
  "Movies_2": {
    "active_intent_accuracy": 0.8409090909090909,
    "average_goal_accuracy": 0.0,
    "average_noncat_accuracy": 0.0,
    "joint_goal_accuracy": 0.3125,
    "joint_noncat_accuracy": 0.3125,
    "requested_slots_f1": 0.8636363636363636,
    "requested_slots_precision": 1.0,
    "requested_slots_recall": 0.8636363636363636
  },
  "Music_1": {
    "active_intent_accuracy": 0.4331983805668016,
    "average_cat_accuracy": 0.0392156862745098,
    "average_goal_accuracy": 0.010268562401263823,
    "average_noncat_accuracy": 0.0,
    "joint_cat_accuracy": 0.08097165991902834,
    "joint_goal_accuracy": 0.02834008097165992,
    "joint_noncat_accuracy": 0.17408906882591094,
    "requested_slots_f1": 0.8582995951417004,
    "requested_slots_precision": 1.0,
    "requested_slots_recall": 0.8582995951417004
  },
  "RentalCars_1": {
    "active_intent_accuracy": 0.3170731707317073,
    "average_cat_accuracy": 0.010256410256410256,
    "average_goal_accuracy": 0.0013071895424836603,
    "average_noncat_accuracy": 0.0,
    "joint_cat_accuracy": 0.006097560975609756,
    "joint_goal_accuracy": 0.0,
    "joint_noncat_accuracy": 0.07317073170731707,
    "requested_slots_f1": 0.8841463414634146,
    "requested_slots_precision": 1.0,
    "requested_slots_recall": 0.8841463414634146
  },
  "Restaurants_2": {
    "active_intent_accuracy": 0.31100478468899523,
    "average_cat_accuracy": 0.04295051353874883,
    "average_goal_accuracy": 0.008830387825233186,
    "average_noncat_accuracy": 0.0,
    "joint_cat_accuracy": 0.03827751196172249,
    "joint_goal_accuracy": 0.006379585326953748,
    "joint_noncat_accuracy": 0.07655502392344497,
    "requested_slots_f1": 0.8389154704944178,
    "requested_slots_precision": 0.988835725677831,
    "requested_slots_recall": 0.8484848484848485
  },
  "RideSharing_1": {
    "active_intent_accuracy": 0.9027237354085603,
    "average_cat_accuracy": 0.0,
    "average_goal_accuracy": 0.0,
    "average_noncat_accuracy": 0.0,
    "joint_cat_accuracy": 0.0,
    "joint_goal_accuracy": 0.0,
    "joint_noncat_accuracy": 0.17898832684824903,
    "requested_slots_f1": 0.8832684824902723,
    "requested_slots_precision": 1.0,
    "requested_slots_recall": 0.8832684824902723
  },
  "Services_4": {
    "active_intent_accuracy": 0.5194508009153318,
    "average_cat_accuracy": 0.0,
    "average_goal_accuracy": 0.0,
    "average_noncat_accuracy": 0.0,
    "joint_cat_accuracy": 0.0,
    "joint_goal_accuracy": 0.0,
    "joint_noncat_accuracy": 0.07322654462242563,
    "requested_slots_f1": 0.8581235697940504,