{
  "#ALL_SERVICES": {
    "active_intent_accuracy": 0.9595908786049631,
    "average_cat_accuracy": 0.7072311495673671,
    "average_goal_accuracy": 0.8073143352535268,
    "average_noncat_accuracy": 0.8444687682428489,
    "joint_cat_accuracy": 0.7072629828127888,
    "joint_goal_accuracy": 0.49696064386317906,
    "joint_noncat_accuracy": 0.6374922870556673,
    "requested_slots_f1": 0.9459750566893425,
    "requested_slots_precision": 0.9852028839704896,
    "requested_slots_recall": 0.948943661971831
  },
  "#SEEN_SERVICES": {
    "active_intent_accuracy": 0.9919082939986514,
    "average_cat_accuracy": 0.8680523120037366,
    "average_goal_accuracy": 0.8560023199023199,
    "average_noncat_accuracy": 0.8664006875477464,
    "joint_cat_accuracy": 0.8701206529453513,
    "joint_goal_accuracy": 0.6493313553607553,
    "joint_noncat_accuracy": 0.7274129467296022,
    "requested_slots_f1": 0.9826815014610024,
    "requested_slots_precision": 0.9966846482355585,
    "requested_slots_recall": 0.9838165879973028
  },
  "#UNSEEN_SERVICES": {
    "active_intent_accuracy": 0.9276184122748499,
    "average_cat_accuracy": 0.526391806722689,
    "average_goal_accuracy": 0.758103599196065,
    "average_noncat_accuracy": 0.8216929789765965,
    "joint_cat_accuracy": 0.5302738141149248,
    "joint_goal_accuracy": 0.3462163042028018,
    "joint_noncat_accuracy": 0.5485314209472981,
    "requested_slots_f1": 0.9096604085263189,
    "requested_slots_precision": 0.9738436735601511,
    "requested_slots_recall": 0.9144429619746498
  },
  "Alarm_1": {
    "active_intent_accuracy": 0.8209606986899564,
    "average_goal_accuracy": 0.7142532467532468,
    "average_noncat_accuracy": 0.7142532467532468,
    "joint_goal_accuracy": 0.5256331877729258,
    "joint_noncat_accuracy": 0.5256331877729258,
    "requested_slots_f1": 1.0,
    "requested_slots_precision": 1.0,
    "requested_slots_recall": 1.0
  },
  "Banks_2": {
    "active_intent_accuracy": 0.9721362229102167,
    "average_cat_accuracy": 0.9551495016611296,
    "average_goal_accuracy": 0.8738953488372093,
    "average_noncat_accuracy": 0.6815384615384615,
    "joint_cat_accuracy": 0.9226006191950464,
    "joint_goal_accuracy": 0.6256346749226006,
    "joint_noncat_accuracy": 0.6720743034055727,
    "requested_slots_f1": 0.9009287925696594,
    "requested_slots_precision": 1.0,
    "requested_slots_recall": 0.9009287925696594
  },
  "Buses_1": {
    "active_intent_accuracy": 0.9946949602122016,
    "average_cat_accuracy": 1.0,
    "average_goal_accuracy": 0.9248427762039662,
    "average_noncat_accuracy": 0.9075047619047619,
    "joint_cat_accuracy": 1.0,
    "joint_goal_accuracy": 0.7399336870026526,
    "joint_noncat_accuracy": 0.7399336870026526,
    "requested_slots_f1": 0.991158267020336,
    "requested_slots_precision": 0.9907161803713528,
    "requested_slots_recall": 0.993368700265252
  },
  "Events_1": {
    "active_intent_accuracy": 0.9884836852207294,
    "average_cat_accuracy": 1.0,
    "average_goal_accuracy": 0.9075855949895616,
    "average_noncat_accuracy": 0.8624552932761088,
    "joint_cat_accuracy": 1.0,
    "joint_goal_accuracy": 0.6937811900191939,
    "joint_noncat_accuracy": 0.6937811900191939,
    "requested_slots_f1": 0.9936020473448498,
    "requested_slots_precision": 0.9952015355086372,
    "requested_slots_recall": 0.9961612284069098
  },
  "Flights_3": {
    "active_intent_accuracy": 0.900163666121113,
    "average_cat_accuracy": 0.6794733044733043,
    "average_goal_accuracy": 0.8552906273620561,
    "average_noncat_accuracy": 0.9387453183520599,
    "joint_cat_accuracy": 0.4337152209492635,
    "joint_goal_accuracy": 0.36430441898527005,
    "joint_noncat_accuracy": 0.8107008183306056,
    "requested_slots_f1": 0.8859792689579923,
    "requested_slots_precision": 1.0,
    "requested_slots_recall": 0.8846153846153846
  },
  "Homes_1": {
    "active_intent_accuracy": 0.9931856899488927,
    "average_cat_accuracy": 0.9798076923076923,
    "average_goal_accuracy": 0.9313130774697939,
    "average_noncat_accuracy": 0.8977390438247012,
    "joint_cat_accuracy": 0.9540034071550255,
    "joint_goal_accuracy": 0.7721124361158433,
    "joint_noncat_accuracy": 0.7874446337308347,
    "requested_slots_f1": 1.0,
    "requested_slots_precision": 1.0,
    "requested_slots_recall": 1.0
  },
  "Hotels_1": {
    "active_intent_accuracy": 0.985663082437276,
    "average_cat_accuracy": 0.7769953051643192,
    "average_goal_accuracy": 0.8391459235209235,
    "average_noncat_accuracy": 0.8726960784313725,
    "joint_cat_accuracy": 0.6953405017921147,
    "joint_goal_accuracy": 0.49516129032258066,
    "joint_noncat_accuracy": 0.6241935483870968,
    "requested_slots_f1": 0.9934289127837513,
    "requested_slots_precision": 0.9982078853046595,
    "requested_slots_recall": 0.992831541218638
  },
  "Hotels_4": {
    "active_intent_accuracy": 0.9857142857142858,
    "average_cat_accuracy": 0.8580246913580247,
    "average_goal_accuracy": 0.7631076333154986,
    "average_noncat_accuracy": 0.7329934640522876,
    "joint_cat_accuracy": 0.6928571428571428,
    "joint_goal_accuracy": 0.14696357142857142,
    "joint_noncat_accuracy": 0.21464214285714286,
    "requested_slots_f1": 0.9166666666666665,
    "requested_slots_precision": 0.9255952380952381,
    "requested_slots_recall": 0.9357142857142857
  },
  "Media_2": {
    "active_intent_accuracy": 0.946031746031746,
    "average_cat_accuracy": 0.17575757575757575,
    "average_goal_accuracy": 0.7339198167239405,
    "average_noncat_accuracy": 0.8457101947308133,
    "joint_cat_accuracy": 0.5682539682539682,
    "joint_goal_accuracy": 0.3103450158730159,
    "joint_noncat_accuracy": 0.4946774603174603,
    "requested_slots_f1": 0.9322751322751321,
    "requested_slots_precision": 0.953968253968254,
    "requested_slots_recall": 0.9412698412698413
  },
  "Movies_2": {
    "active_intent_accuracy": 0.9943181818181818,
    "average_goal_accuracy": 0.5498071625344353,
    "average_noncat_accuracy": 0.5498071625344353,
    "joint_goal_accuracy": 0.45625,
    "joint_noncat_accuracy": 0.45625,
    "requested_slots_f1": 0.9060606060606061,
    "requested_slots_precision": 0.9100378787878788,
    "requested_slots_recall": 0.9204545454545454
  },
  "Music_1": {
    "active_intent_accuracy": 0.979757085020243,
    "average_cat_accuracy": 0.7026143790849673,
    "average_goal_accuracy": 0.7345102685624012,
    "average_noncat_accuracy": 0.7437254901960785,
    "joint_cat_accuracy": 0.7530364372469636,
    "joint_goal_accuracy": 0.4939271255060729,
    "joint_noncat_accuracy": 0.665748987854251,
    "requested_slots_f1": 0.9959514170040485,
    "requested_slots_precision": 0.9959514170040485,
    "requested_slots_recall": 1.0
  },
  "RentalCars_1": {
    "active_intent_accuracy": 1.0,
    "average_cat_accuracy": 0.8102564102564103,
    "average_goal_accuracy": 0.8857244008714596,
    "average_noncat_accuracy": 0.8891896929824562,
    "joint_cat_accuracy": 0.8597560975609756,
    "joint_goal_accuracy": 0.5730152439024391,
    "joint_noncat_accuracy": 0.6065518292682928,
    "requested_slots_f1": 1.0,
    "requested_slots_precision": 1.0,
    "requested_slots_recall": 1.0
  },
  "Restaurants_2": {
    "active_intent_accuracy": 0.9011164274322169,
    "average_cat_accuracy": 0.5224089635854342,
    "average_goal_accuracy": 0.7676961012927509,
    "average_noncat_accuracy": 0.8037530224525044,
    "joint_cat_accuracy": 0.645933014354067,
    "joint_goal_accuracy": 0.3823094098883573,
    "joint_noncat_accuracy": 0.4325381180223286,
    "requested_slots_f1": 0.9054150527834738,
    "requested_slots_precision": 0.9565390749601276,
    "requested_slots_recall": 0.9178628389154705
  },
  "RideSharing_1": {
    "active_intent_accuracy": 1.0,
    "average_cat_accuracy": 0.9739130434782609,
    "average_goal_accuracy": 0.9342016806722688,
    "average_noncat_accuracy": 0.8620853080568721,
    "joint_cat_accuracy": 0.9571984435797666,
    "joint_goal_accuracy": 0.8715953307392996,