{
  "#ALL_SERVICES": {
    "active_intent_accuracy": 0.9357813547954393,
    "average_cat_accuracy": 0.6898228265348165,
    "average_goal_accuracy": 0.8191174233456961,
    "average_noncat_accuracy": 0.8613912888369982,
    "joint_cat_accuracy": 0.7031971909074108,
    "joint_goal_accuracy": 0.5118028772635814,
    "joint_noncat_accuracy": 0.6562863279678068,
    "requested_slots_f1": 0.9447686116700201,
    "requested_slots_precision": 0.9868852000894254,
    "requested_slots_recall": 0.9473507712944332
  },
  "#SEEN_SERVICES": {
    "active_intent_accuracy": 0.9881995954146999,
    "average_cat_accuracy": 0.8772380507550989,
    "average_goal_accuracy": 0.8713344496773068,
    "average_noncat_accuracy": 0.8820220269926152,
    "joint_cat_accuracy": 0.8821859474804826,
    "joint_goal_accuracy": 0.6739948280512476,
    "joint_noncat_accuracy": 0.7477170128118678,
    "requested_slots_f1": 0.9808833445718139,
    "requested_slots_precision": 0.9961789166104744,
    "requested_slots_recall": 0.9824679703304113
  },
  "#UNSEEN_SERVICES": {
    "active_intent_accuracy": 0.8839226150767178,
    "average_cat_accuracy": 0.4790791316526611,
    "average_goal_accuracy": 0.7663397551171524,
    "average_noncat_accuracy": 0.8399667460002643,
    "joint_cat_accuracy": 0.5086772078673352,
    "joint_goal_accuracy": 0.3513421280853902,
    "joint_noncat_accuracy": 0.5658315543695798,
    "requested_slots_f1": 0.9090393595730487,
    "requested_slots_precision": 0.9776906826773405,
    "requested_slots_recall": 0.9126084056037358
  },
  "Alarm_1": {
    "active_intent_accuracy": 0.8427947598253275,
    "average_goal_accuracy": 0.7506493506493506,
    "average_noncat_accuracy": 0.7506493506493506,
    "joint_goal_accuracy": 0.5365248908296943,
    "joint_noncat_accuracy": 0.5365248908296943,
    "requested_slots_f1": 1.0,
    "requested_slots_precision": 1.0,
    "requested_slots_recall": 1.0
  },
  "Banks_2": {
    "active_intent_accuracy": 0.9876160990712074,
    "average_cat_accuracy": 0.8986710963455149,
    "average_goal_accuracy": 0.8042635658914729,
    "average_noncat_accuracy": 0.5521978021978022,
    "joint_cat_accuracy": 0.8173374613003096,
    "joint_goal_accuracy": 0.49226006191950467,
    "joint_noncat_accuracy": 0.5232198142414861,
    "requested_slots_f1": 0.9009287925696594,
    "requested_slots_precision": 1.0,
    "requested_slots_recall": 0.9009287925696594
  },
  "Buses_1": {
    "active_intent_accuracy": 0.986737400530504,
    "average_cat_accuracy": 0.972,
    "average_goal_accuracy": 0.9165807365439094,
    "average_noncat_accuracy": 0.9022190476190476,
    "joint_cat_accuracy": 0.9814323607427056,
    "joint_goal_accuracy": 0.7211990981432361,
    "joint_noncat_accuracy": 0.7291566578249338,
    "requested_slots_f1": 0.9902740937223695,
    "requested_slots_precision": 0.9920424403183024,
    "requested_slots_recall": 0.9907161803713528
  },
  "Events_1": {
    "active_intent_accuracy": 0.9942418426103646,
    "average_cat_accuracy": 1.0,
    "average_goal_accuracy": 0.9051036882393876,
    "average_noncat_accuracy": 0.859933834048641,
    "joint_cat_accuracy": 1.0,
    "joint_goal_accuracy": 0.6890595009596929,
    "joint_noncat_accuracy": 0.6890595009596929,
    "requested_slots_f1": 0.9936020473448496,
    "requested_slots_precision": 1.0,
    "requested_slots_recall": 0.9932821497120922
  },
  "Flights_3": {
    "active_intent_accuracy": 0.9099836333878887,
    "average_cat_accuracy": 0.6075036075036075,
    "average_goal_accuracy": 0.8589491055681533,
    "average_noncat_accuracy": 0.9722534332084894,
    "joint_cat_accuracy": 0.4844517184942717,
    "joint_goal_accuracy": 0.46495973813420627,
    "joint_noncat_accuracy": 0.9210731587561375,
    "requested_slots_f1": 0.8859792689579923,
    "requested_slots_precision": 1.0,
    "requested_slots_recall": 0.8846153846153846
  },
  "Homes_1": {
    "active_intent_accuracy": 0.9812606473594548,
    "average_cat_accuracy": 0.9759615384615384,
    "average_goal_accuracy": 0.9303942341862117,
    "average_noncat_accuracy": 0.9017828685258964,
    "joint_cat_accuracy": 0.9454855195911414,
    "joint_goal_accuracy": 0.7590289608177172,
    "joint_noncat_accuracy": 0.7862862010221465,
    "requested_slots_f1": 0.9982964224872232,
    "requested_slots_precision": 0.9982964224872232,
    "requested_slots_recall": 1.0
  },
  "Hotels_1": {
    "active_intent_accuracy": 0.978494623655914,
    "average_cat_accuracy": 0.931924882629108,
    "average_goal_accuracy": 0.900817821067821,
    "average_noncat_accuracy": 0.8807287581699346,
    "joint_cat_accuracy": 0.921146953405018,
    "joint_goal_accuracy": 0.6067025089605735,
    "joint_noncat_accuracy": 0.6210394265232976,
    "requested_slots_f1": 0.9910394265232975,
    "requested_slots_precision": 0.9946236559139785,
    "requested_slots_recall": 0.9910394265232975
  },
  "Hotels_4": {
    "active_intent_accuracy": 0.9857142857142858,
    "average_cat_accuracy": 0.8773148148148148,
    "average_goal_accuracy": 0.7760468164794008,
    "average_noncat_accuracy": 0.7286830065359478,
    "joint_cat_accuracy": 0.5535714285714286,
    "joint_goal_accuracy": 0.20364071428571429,
    "joint_noncat_accuracy": 0.3519264285714286,
    "requested_slots_f1": 0.9273809523809524,
    "requested_slots_precision": 0.944047619047619,
    "requested_slots_recall": 0.9375
  },
  "Media_2": {
    "active_intent_accuracy": 0.9396825396825397,
    "average_cat_accuracy": 0.18181818181818182,
    "average_goal_accuracy": 0.7792239404352806,
    "average_noncat_accuracy": 0.8942096219931273,
    "joint_cat_accuracy": 0.5714285714285714,
    "joint_goal_accuracy": 0.2906501587301587,
    "joint_noncat_accuracy": 0.4728292063492064,
    "requested_slots_f1": 0.9176719576719576,
    "requested_slots_precision": 0.947089947089947,
    "requested_slots_recall": 0.9238095238095239
  },
  "Movies_2": {
    "active_intent_accuracy": 0.9772727272727273,
    "average_goal_accuracy": 0.8060468319559229,
    "average_noncat_accuracy": 0.8060468319559229,
    "joint_goal_accuracy": 0.3818721590909091,
    "joint_noncat_accuracy": 0.3818721590909091,
    "requested_slots_f1": 0.9005681818181818,
    "requested_slots_precision": 0.9356060606060606,
    "requested_slots_recall": 0.9119318181818182
  },
  "Music_1": {
    "active_intent_accuracy": 0.979757085020243,
    "average_cat_accuracy": 0.7418300653594772,
    "average_goal_accuracy": 0.754316745655608,
    "average_noncat_accuracy": 0.7517892156862745,
    "joint_cat_accuracy": 0.7773279352226721,
    "joint_goal_accuracy": 0.5437246963562753,
    "joint_noncat_accuracy": 0.6849392712550605,
    "requested_slots_f1": 0.9838056680161943,
    "requested_slots_precision": 0.9838056680161943,
    "requested_slots_recall": 1.0
  },
  "RentalCars_1": {
    "active_intent_accuracy": 0.9908536585365854,
    "average_cat_accuracy": 0.8051282051282052,
    "average_goal_accuracy": 0.9095773420479303,
    "average_noncat_accuracy": 0.9172598684210526,
    "joint_cat_accuracy": 0.8597560975609756,
    "joint_goal_accuracy": 0.6658810975609756,
    "joint_noncat_accuracy": 0.6902713414634146,
    "requested_slots_f1": 1.0,
    "requested_slots_precision": 1.0,
    "requested_slots_recall": 1.0
  },
  "Restaurants_2": {
    "active_intent_accuracy": 0.8883572567783095,
    "average_cat_accuracy": 0.3963585434173669,
    "average_goal_accuracy": 0.7585152389134348,
    "average_noncat_accuracy": 0.8244075993091537,
    "joint_cat_accuracy": 0.6220095693779905,
    "joint_goal_accuracy": 0.3805189792663477,
    "joint_noncat_accuracy": 0.4886051036682616,
    "requested_slots_f1": 0.9065390749601275,
    "requested_slots_precision": 0.9629718234981393,
    "requested_slots_recall": 0.919457735247209
  },
  "RideSharing_1": {
    "active_intent_accuracy": 1.0,
    "average_cat_accuracy": 0.9282608695652174,
    "average_goal_accuracy": 0.9218207282913164,
    "average_noncat_accuracy": 0.9108056872037915,