{
  "#ALL_SERVICES": {
    "active_intent_accuracy": 0.8995640509725017,
    "average_cat_accuracy": 0.6236093943139679,
    "average_goal_accuracy": 0.7275034107548378,
    "average_noncat_accuracy": 0.7549839462930532,
    "joint_cat_accuracy": 0.6350027721308446,
    "joint_goal_accuracy": 0.3760790912139504,
    "joint_noncat_accuracy": 0.514931366197183,
    "requested_slots_f1": 0.9174938520008943,
    "requested_slots_precision": 0.9729348312094791,
    "requested_slots_recall": 0.9244634473507712
  },
  "#SEEN_SERVICES": {
    "active_intent_accuracy": 0.9271746459878625,
    "average_cat_accuracy": 0.8185427370387669,
    "average_goal_accuracy": 0.7682106663178091,
    "average_noncat_accuracy": 0.7562459256429845,
    "joint_cat_accuracy": 0.8183108587650816,
    "joint_goal_accuracy": 0.4671862103843561,
    "joint_noncat_accuracy": 0.5582044167228591,
    "requested_slots_f1": 0.9508878399640369,
    "requested_slots_precision": 0.9743200719262756,
    "requested_slots_recall": 0.9639244774106541
  },
  "#UNSEEN_SERVICES": {
    "active_intent_accuracy": 0.872248165443629,
    "average_cat_accuracy": 0.40441176470588236,
    "average_goal_accuracy": 0.686359090989228,
    "average_noncat_accuracy": 0.7536734100224778,
    "joint_cat_accuracy": 0.43578866178172,
    "joint_goal_accuracy": 0.28594442961974653,
    "joint_noncat_accuracy": 0.47212020280186795,
    "requested_slots_f1": 0.8844563042028019,
    "requested_slots_precision": 0.9715643762508339,
    "requested_slots_recall": 0.8854236157438292
  },
  "Alarm_1": {
    "active_intent_accuracy": 0.7379912663755459,
    "average_goal_accuracy": 0.7199675324675324,
    "average_noncat_accuracy": 0.7199675324675324,
    "joint_goal_accuracy": 0.6036751091703056,
    "joint_noncat_accuracy": 0.6036751091703056,
    "requested_slots_f1": 1.0,
    "requested_slots_precision": 1.0,
    "requested_slots_recall": 1.0
  },
  "Banks_2": {
    "active_intent_accuracy": 0.9628482972136223,
    "average_cat_accuracy": 0.8222591362126246,
    "average_goal_accuracy": 0.7054263565891472,
    "average_noncat_accuracy": 0.3598901098901099,
    "joint_cat_accuracy": 0.6996904024767802,
    "joint_goal_accuracy": 0.44891640866873067,
    "joint_noncat_accuracy": 0.48606811145510836,
    "requested_slots_f1": 0.9009287925696594,
    "requested_slots_precision": 1.0,
    "requested_slots_recall": 0.9009287925696594
  },
  "Buses_1": {
    "active_intent_accuracy": 0.9681697612732095,
    "average_cat_accuracy": 1.0,
    "average_goal_accuracy": 0.8208555240793203,
    "average_noncat_accuracy": 0.7820452380952381,
    "joint_cat_accuracy": 1.0,
    "joint_goal_accuracy": 0.4142307692307693,
    "joint_noncat_accuracy": 0.4142307692307693,
    "requested_slots_f1": 0.980548187444739,
    "requested_slots_precision": 0.9708222811671088,
    "requested_slots_recall": 1.0
  },
  "Events_1": {
    "active_intent_accuracy": 0.8023032629558541,
    "average_cat_accuracy": 0.9673423423423423,
    "average_goal_accuracy": 0.7857118997912316,
    "average_noncat_accuracy": 0.6941434191702431,
    "joint_cat_accuracy": 0.9616122840690979,
    "joint_goal_accuracy": 0.448426103646833,
    "joint_noncat_accuracy": 0.45291746641074854,
    "requested_slots_f1": 0.9744081893793985,
    "requested_slots_precision": 0.9923224568138196,
    "requested_slots_recall": 0.9712092130518234
  },
  "Flights_3": {
    "active_intent_accuracy": 0.9541734860883797,
    "average_cat_accuracy": 0.6295093795093796,
    "average_goal_accuracy": 0.8346552448139749,
    "average_noncat_accuracy": 0.9323470661672909,
    "joint_cat_accuracy": 0.41080196399345337,
    "joint_goal_accuracy": 0.32751292962356787,
    "joint_noncat_accuracy": 0.7780366612111294,
    "requested_slots_f1": 0.8805237315875614,
    "requested_slots_precision": 1.0,
    "requested_slots_recall": 0.8805237315875614
  },
  "Homes_1": {
    "active_intent_accuracy": 0.9727427597955707,
    "average_cat_accuracy": 0.9509615384615384,
    "average_goal_accuracy": 0.904676261549396,
    "average_noncat_accuracy": 0.8840770252324036,
    "joint_cat_accuracy": 0.919931856899489,
    "joint_goal_accuracy": 0.7091482112436116,
    "joint_noncat_accuracy": 0.7591482112436115,
    "requested_slots_f1": 0.9604770017035774,
    "requested_slots_precision": 0.9426462237365134,
    "requested_slots_recall": 0.9974446337308348
  },
  "Hotels_1": {
    "active_intent_accuracy": 0.946236559139785,
    "average_cat_accuracy": 0.5985915492957746,
    "average_goal_accuracy": 0.7531488997113998,
    "average_noncat_accuracy": 0.8370424836601307,
    "joint_cat_accuracy": 0.5161290322580645,
    "joint_goal_accuracy": 0.35842293906810035,
    "joint_noncat_accuracy": 0.5875268817204302,
    "requested_slots_f1": 0.8780167264038231,
    "requested_slots_precision": 0.9790919952210275,
    "requested_slots_recall": 0.8709677419354839
  },
  "Hotels_4": {
    "active_intent_accuracy": 0.9642857142857143,
    "average_cat_accuracy": 0.60570987654321,
    "average_goal_accuracy": 0.5825427144640627,
    "average_noncat_accuracy": 0.5950653594771242,
    "joint_cat_accuracy": 0.3821428571428571,
    "joint_goal_accuracy": 0.140625,
    "joint_noncat_accuracy": 0.22523214285714285,
    "requested_slots_f1": 0.8879761904761905,
    "requested_slots_precision": 0.8863095238095238,
    "requested_slots_recall": 0.8910714285714286
  },
  "Media_2": {
    "active_intent_accuracy": 0.9142857142857143,
    "average_cat_accuracy": 0.06666666666666667,
    "average_goal_accuracy": 0.6925973654066439,
    "average_noncat_accuracy": 0.8172079037800687,
    "joint_cat_accuracy": 0.5111111111111111,
    "joint_goal_accuracy": 0.2810587301587302,
    "joint_noncat_accuracy": 0.5103285714285716,
    "requested_slots_f1": 0.8857142857142857,
    "requested_slots_precision": 0.926984126984127,
    "requested_slots_recall": 0.8857142857142857
  },
  "Movies_2": {
    "active_intent_accuracy": 0.9943181818181818,
    "average_goal_accuracy": 0.7400550964187328,
    "average_noncat_accuracy": 0.7400550964187328,
    "joint_goal_accuracy": 0.45308465909090906,
    "joint_noncat_accuracy": 0.45308465909090906,
    "requested_slots_f1": 0.8693181818181818,
    "requested_slots_precision": 0.9147727272727273,
    "requested_slots_recall": 0.8693181818181818
  },
  "Music_1": {
    "active_intent_accuracy": 0.8825910931174089,
    "average_cat_accuracy": 0.7320261437908496,
    "average_goal_accuracy": 0.6718894154818326,
    "average_noncat_accuracy": 0.6469607843137256,
    "joint_cat_accuracy": 0.7449392712550608,
    "joint_goal_accuracy": 0.3628744939271255,
    "joint_noncat_accuracy": 0.4856275303643725,
    "requested_slots_f1": 0.9496626180836707,
    "requested_slots_precision": 0.9487179487179487,
    "requested_slots_recall": 0.9838056680161943
  },
  "RentalCars_1": {
    "active_intent_accuracy": 0.8902439024390244,
    "average_cat_accuracy": 0.6461538461538462,
    "average_goal_accuracy": 0.721088779956427,
    "average_noncat_accuracy": 0.7223442982456141,
    "joint_cat_accuracy": 0.7652439024390244,
    "joint_goal_accuracy": 0.2564341463414634,
    "joint_noncat_accuracy": 0.2787512195121951,
    "requested_slots_f1": 0.9969512195121951,
    "requested_slots_precision": 0.9969512195121951,
    "requested_slots_recall": 1.0
  },
  "Restaurants_2": {
    "active_intent_accuracy": 0.6953748006379585,
    "average_cat_accuracy": 0.08636788048552754,
    "average_goal_accuracy": 0.5875114138438882,
    "average_noncat_accuracy": 0.6691217616580312,
    "joint_cat_accuracy": 0.46570972886762363,
    "joint_goal_accuracy": 0.14669154704944182,
    "joint_noncat_accuracy": 0.1841954832535885,
    "requested_slots_f1": 0.8569377990430621,
    "requested_slots_precision": 0.975412014885699,
    "requested_slots_recall": 0.8604465709728868
  },
  "RideSharing_1": {
    "active_intent_accuracy": 0.9961089494163424,
    "average_cat_accuracy": 0.9260869565217391,