{
  "#ALL_SERVICES": {
    "active_intent_accuracy": 0.8838028169014085,
    "average_cat_accuracy": 0.6572105480016481,
    "average_goal_accuracy": 0.7585796463862656,
    "average_noncat_accuracy": 0.7945396315755335,
    "joint_cat_accuracy": 0.6699316207725005,
    "joint_goal_accuracy": 0.4242910295103957,
    "joint_noncat_accuracy": 0.5708015526492287,
    "requested_slots_f1": 0.9284372904091215,
    "requested_slots_precision": 0.981583948133244,
    "requested_slots_recall": 0.9294936284372904
  },
  "#SEEN_SERVICES": {
    "active_intent_accuracy": 0.9356035064059339,
    "average_cat_accuracy": 0.8463334890238207,
    "average_goal_accuracy": 0.8091402755974184,
    "average_noncat_accuracy": 0.8153329513623633,
    "joint_cat_accuracy": 0.8268275372604684,
    "joint_goal_accuracy": 0.5405497302764667,
    "joint_noncat_accuracy": 0.6530461227242078,
    "requested_slots_f1": 0.9621263205214654,
    "requested_slots_precision": 0.9917397167902899,
    "requested_slots_recall": 0.9637559002022926
  },
  "#UNSEEN_SERVICES": {
    "active_intent_accuracy": 0.8325550366911274,
    "average_cat_accuracy": 0.444546568627451,
    "average_goal_accuracy": 0.7074761596234199,
    "average_noncat_accuracy": 0.7729462514875051,
    "joint_cat_accuracy": 0.499421519475511,
    "joint_goal_accuracy": 0.309273248832555,
    "joint_noncat_accuracy": 0.4894348432288192,
    "requested_slots_f1": 0.8951078496775629,
    "requested_slots_precision": 0.9715365799421837,
    "requested_slots_recall": 0.8955970647098065
  },
  "Alarm_1": {
    "active_intent_accuracy": 0.7205240174672489,
    "average_goal_accuracy": 0.6817857142857143,
    "average_noncat_accuracy": 0.6817857142857143,
    "joint_goal_accuracy": 0.5029257641921396,
    "joint_noncat_accuracy": 0.5029257641921396,
    "requested_slots_f1": 1.0,
    "requested_slots_precision": 1.0,
    "requested_slots_recall": 1.0
  },
  "Banks_2": {
    "active_intent_accuracy": 0.9628482972136223,
    "average_cat_accuracy": 0.9053156146179402,
    "average_goal_accuracy": 0.8244739756367664,
    "average_noncat_accuracy": 0.6153846153846154,
    "joint_cat_accuracy": 0.8637770897832817,
    "joint_goal_accuracy": 0.5603715170278638,
    "joint_noncat_accuracy": 0.6346749226006192,
    "requested_slots_f1": 0.9009287925696594,
    "requested_slots_precision": 1.0,
    "requested_slots_recall": 0.9009287925696594
  },
  "Buses_1": {
    "active_intent_accuracy": 0.9920424403183024,
    "average_cat_accuracy": 0.972,
    "average_goal_accuracy": 0.836708687440982,
    "average_noncat_accuracy": 0.806947619047619,
    "joint_cat_accuracy": 0.9787798408488063,
    "joint_goal_accuracy": 0.5339389920424403,
    "joint_noncat_accuracy": 0.541896551724138,
    "requested_slots_f1": 0.967285587975243,
    "requested_slots_precision": 0.980106100795756,
    "requested_slots_recall": 0.9787798408488063
  },
  "Events_1": {
    "active_intent_accuracy": 0.9404990403071017,
    "average_cat_accuracy": 0.9831081081081081,
    "average_goal_accuracy": 0.894036534446764,
    "average_noncat_accuracy": 0.8522764663805436,
    "joint_cat_accuracy": 0.9673704414587332,
    "joint_goal_accuracy": 0.6793282149712092,
    "joint_noncat_accuracy": 0.7012476007677544,
    "requested_slots_f1": 0.9660908509277031,
    "requested_slots_precision": 0.9980806142034548,
    "requested_slots_recall": 0.9644913627639156
  },
  "Flights_3": {
    "active_intent_accuracy": 0.955810147299509,
    "average_cat_accuracy": 0.5863997113997115,
    "average_goal_accuracy": 0.7495085034013605,
    "average_noncat_accuracy": 0.8236969413233457,
    "joint_cat_accuracy": 0.469721767594108,
    "joint_goal_accuracy": 0.3100490998363339,
    "joint_noncat_accuracy": 0.6115548281505728,
    "requested_slots_f1": 0.8805237315875614,
    "requested_slots_precision": 1.0,
    "requested_slots_recall": 0.8805237315875614
  },
  "Homes_1": {
    "active_intent_accuracy": 0.8637137989778535,
    "average_cat_accuracy": 0.975,
    "average_goal_accuracy": 0.9169812544420752,
    "average_noncat_accuracy": 0.8809561752988048,
    "joint_cat_accuracy": 0.8943781942078365,
    "joint_goal_accuracy": 0.6933390119250427,
    "joint_noncat_accuracy": 0.7546678023850085,
    "requested_slots_f1": 0.9806927881885293,
    "requested_slots_precision": 0.9948892674616695,
    "requested_slots_recall": 0.9829642248722317
  },
  "Hotels_1": {
    "active_intent_accuracy": 0.8100358422939068,
    "average_cat_accuracy": 0.7018779342723005,
    "average_goal_accuracy": 0.7960921717171717,
    "average_noncat_accuracy": 0.8660882352941177,
    "joint_cat_accuracy": 0.5340501792114696,
    "joint_goal_accuracy": 0.30519713261648745,
    "joint_noncat_accuracy": 0.6179569892473118,
    "requested_slots_f1": 0.9330943847072879,
    "requested_slots_precision": 0.982078853046595,
    "requested_slots_recall": 0.9247311827956989
  },
  "Hotels_4": {
    "active_intent_accuracy": 0.9535714285714286,
    "average_cat_accuracy": 0.7175925925925926,
    "average_goal_accuracy": 0.6625459247369359,
    "average_noncat_accuracy": 0.6423986928104575,
    "joint_cat_accuracy": 0.5321428571428571,
    "joint_goal_accuracy": 0.21607142857142858,
    "joint_noncat_accuracy": 0.35535714285714287,
    "requested_slots_f1": 0.9026190476190477,
    "requested_slots_precision": 0.9226190476190476,
    "requested_slots_recall": 0.9125
  },
  "Media_2": {
    "active_intent_accuracy": 0.7777777777777778,
    "average_cat_accuracy": 0.0,
    "average_goal_accuracy": 0.6664599083619702,
    "average_noncat_accuracy": 0.7918069873997708,
    "joint_cat_accuracy": 0.47619047619047616,
    "joint_goal_accuracy": 0.19335238095238097,
    "joint_noncat_accuracy": 0.19688907936507938,
    "requested_slots_f1": 0.8857142857142857,
    "requested_slots_precision": 0.9301587301587302,
    "requested_slots_recall": 0.8857142857142857
  },
  "Movies_2": {
    "active_intent_accuracy": 0.9772727272727273,
    "average_goal_accuracy": 0.7742975206611571,
    "average_noncat_accuracy": 0.7742975206611571,
    "joint_goal_accuracy": 0.41318181818181815,
    "joint_noncat_accuracy": 0.41318181818181815,
    "requested_slots_f1": 0.8852272727272728,
    "requested_slots_precision": 0.8910984848484848,
    "requested_slots_recall": 0.8977272727272727
  },
  "Music_1": {
    "active_intent_accuracy": 0.97165991902834,
    "average_cat_accuracy": 0.8006535947712419,
    "average_goal_accuracy": 0.7516192733017376,
    "average_noncat_accuracy": 0.7269607843137256,
    "joint_cat_accuracy": 0.8218623481781376,
    "joint_goal_accuracy": 0.5099595141700405,
    "joint_noncat_accuracy": 0.6547368421052631,
    "requested_slots_f1": 0.9932523616734142,
    "requested_slots_precision": 1.0,
    "requested_slots_recall": 0.9898785425101214
  },
  "RentalCars_1": {
    "active_intent_accuracy": 0.9634146341463414,
    "average_cat_accuracy": 0.7076923076923077,
    "average_goal_accuracy": 0.7620185185185184,
    "average_noncat_accuracy": 0.7592160087719297,
    "joint_cat_accuracy": 0.801829268292683,
    "joint_goal_accuracy": 0.33064969512195125,
    "joint_noncat_accuracy": 0.35712621951219514,
    "requested_slots_f1": 1.0,
    "requested_slots_precision": 1.0,
    "requested_slots_recall": 1.0
  },
  "Restaurants_2": {
    "active_intent_accuracy": 0.7655502392344498,
    "average_cat_accuracy": 0.3641456582633053,
    "average_goal_accuracy": 0.7055618965799378,
    "average_noncat_accuracy": 0.7651122625215889,
    "joint_cat_accuracy": 0.6028708133971292,
    "joint_goal_accuracy": 0.33088548644338117,
    "joint_noncat_accuracy": 0.4200567783094099,
    "requested_slots_f1": 0.8740031897926634,
    "requested_slots_precision": 0.9641148325358851,
    "requested_slots_recall": 0.8724082934609251
  },
  "RideSharing_1": {
    "active_intent_accuracy": 0.9961089494163424,
    "average_cat_accuracy": 0.9369565217391305,
    "average_goal_accuracy": 0.8786554621848739,