{
  "#ALL_SERVICES": {
    "active_intent_accuracy": 0.9673038229376257,
    "average_cat_accuracy": 0.7134528224145036,
    "average_goal_accuracy": 0.8432283145259578,
    "average_noncat_accuracy": 0.890364467795291,
    "joint_cat_accuracy": 0.7229717242653854,
    "joint_goal_accuracy": 0.5582844493628437,
    "joint_noncat_accuracy": 0.7099413204225352,
    "requested_slots_f1": 0.9464149979240523,
    "requested_slots_precision": 0.9849988821819807,
    "requested_slots_recall": 0.9483568075117371
  },
  "#SEEN_SERVICES": {
    "active_intent_accuracy": 0.9912339851652057,
    "average_cat_accuracy": 0.8928070994862214,
    "average_goal_accuracy": 0.9051735914878771,
    "average_noncat_accuracy": 0.9267330022918258,
    "joint_cat_accuracy": 0.9020581973030518,
    "joint_goal_accuracy": 0.7765010977747809,
    "joint_noncat_accuracy": 0.8610157629804451,
    "requested_slots_f1": 0.981332883794111,
    "requested_slots_precision": 0.9970218026522814,
    "requested_slots_recall": 0.9828051247471342
  },
  "#UNSEEN_SERVICES": {
    "active_intent_accuracy": 0.9436290860573716,
    "average_cat_accuracy": 0.5117734593837535,
    "average_goal_accuracy": 0.780617945734384,
    "average_noncat_accuracy": 0.8525965886552954,
    "joint_cat_accuracy": 0.5283455456999614,
    "joint_goal_accuracy": 0.3423969979986658,
    "joint_noncat_accuracy": 0.5604794136090727,
    "requested_slots_f1": 0.9118698179738873,
    "requested_slots_precision": 0.9731042917500556,
    "requested_slots_recall": 0.9142761841227485
  },
  "Alarm_1": {
    "active_intent_accuracy": 0.7729257641921398,
    "average_goal_accuracy": 0.68512987012987,
    "average_noncat_accuracy": 0.68512987012987,
    "joint_goal_accuracy": 0.4166375545851529,
    "joint_noncat_accuracy": 0.4166375545851529,
    "requested_slots_f1": 1.0,
    "requested_slots_precision": 1.0,
    "requested_slots_recall": 1.0
  },
  "Banks_2": {
    "active_intent_accuracy": 0.978328173374613,
    "average_cat_accuracy": 0.9318936877076412,
    "average_goal_accuracy": 0.8289036544850499,
    "average_noncat_accuracy": 0.5714285714285714,
    "joint_cat_accuracy": 0.8606811145510835,
    "joint_goal_accuracy": 0.541795665634675,
    "joint_noncat_accuracy": 0.5789473684210527,
    "requested_slots_f1": 0.9009287925696594,
    "requested_slots_precision": 1.0,
    "requested_slots_recall": 0.9009287925696594
  },
  "Buses_1": {
    "active_intent_accuracy": 0.9920424403183024,
    "average_cat_accuracy": 1.0,
    "average_goal_accuracy": 0.9676123701605289,
    "average_noncat_accuracy": 0.9613476190476191,
    "joint_cat_accuracy": 1.0,
    "joint_goal_accuracy": 0.9123031830238727,
    "joint_noncat_accuracy": 0.9123031830238727,
    "requested_slots_f1": 0.9938107869142351,
    "requested_slots_precision": 0.9946949602122016,
    "requested_slots_recall": 0.993368700265252
  },
  "Events_1": {
    "active_intent_accuracy": 0.9923224568138196,
    "average_cat_accuracy": 0.9898648648648649,
    "average_goal_accuracy": 0.9349095337508697,
    "average_noncat_accuracy": 0.9084710300429184,
    "joint_cat_accuracy": 0.9865642994241842,
    "joint_goal_accuracy": 0.7493310940499042,
    "joint_noncat_accuracy": 0.7627667946257198,
    "requested_slots_f1": 0.9891234804862442,
    "requested_slots_precision": 0.9971209213051824,
    "requested_slots_recall": 0.991362763915547
  },
  "Flights_3": {
    "active_intent_accuracy": 0.9607201309328969,
    "average_cat_accuracy": 0.7068903318903319,
    "average_goal_accuracy": 0.8773006844713194,
    "average_noncat_accuracy": 0.9622362671660424,
    "joint_cat_accuracy": 0.5204582651391162,
    "joint_goal_accuracy": 0.43685826513911613,
    "joint_noncat_accuracy": 0.8313918166939444,
    "requested_slots_f1": 0.88379705400982,
    "requested_slots_precision": 1.0,
    "requested_slots_recall": 0.8829787234042553
  },
  "Homes_1": {
    "active_intent_accuracy": 0.9982964224872232,
    "average_cat_accuracy": 0.9884615384615385,
    "average_goal_accuracy": 0.9700228322672352,
    "average_noncat_accuracy": 0.9590006640106241,
    "joint_cat_accuracy": 0.9863713798977853,
    "joint_goal_accuracy": 0.9061499148211245,
    "joint_noncat_accuracy": 0.9180749574105623,
    "requested_slots_f1": 0.9982964224872232,
    "requested_slots_precision": 0.9982964224872232,
    "requested_slots_recall": 1.0
  },
  "Hotels_1": {
    "active_intent_accuracy": 0.9713261648745519,
    "average_cat_accuracy": 0.9460093896713615,
    "average_goal_accuracy": 0.9718869949494949,
    "average_noncat_accuracy": 0.9791928104575164,
    "joint_cat_accuracy": 0.931899641577061,
    "joint_goal_accuracy": 0.8773691756272401,
    "joint_noncat_accuracy": 0.9366093189964156,
    "requested_slots_f1": 0.9970131421744324,
    "requested_slots_precision": 0.9982078853046595,
    "requested_slots_recall": 0.996415770609319
  },
  "Hotels_4": {
    "active_intent_accuracy": 0.9642857142857143,
    "average_cat_accuracy": 0.8626543209876544,
    "average_goal_accuracy": 0.8556845906902087,
    "average_noncat_accuracy": 0.8515490196078431,
    "joint_cat_accuracy": 0.5821428571428572,
    "joint_goal_accuracy": 0.16953607142857144,
    "joint_noncat_accuracy": 0.22774928571428574,
    "requested_slots_f1": 0.9377380952380953,
    "requested_slots_precision": 0.9446428571428571,
    "requested_slots_recall": 0.95
  },
  "Media_2": {
    "active_intent_accuracy": 0.9492063492063492,
    "average_cat_accuracy": 0.20606060606060606,
    "average_goal_accuracy": 0.7004301260022909,
    "average_noncat_accuracy": 0.7999742268041238,
    "joint_cat_accuracy": 0.5841269841269842,
    "joint_goal_accuracy": 0.2565968253968254,
    "joint_noncat_accuracy": 0.3860282539682539,
    "requested_slots_f1": 0.9201058201058201,
    "requested_slots_precision": 0.926984126984127,
    "requested_slots_recall": 0.9253968253968254
  },
  "Movies_2": {
    "active_intent_accuracy": 0.9943181818181818,
    "average_goal_accuracy": 0.7548484848484849,
    "average_noncat_accuracy": 0.7548484848484849,
    "joint_goal_accuracy": 0.34109204545454547,
    "joint_noncat_accuracy": 0.34109204545454547,
    "requested_slots_f1": 0.90625,
    "requested_slots_precision": 0.9100378787878788,
    "requested_slots_recall": 0.9090909090909091
  },
  "Music_1": {
    "active_intent_accuracy": 0.9757085020242915,
    "average_cat_accuracy": 0.6895424836601307,
    "average_goal_accuracy": 0.8350300157977882,
    "average_noncat_accuracy": 0.9184313725490195,
    "joint_cat_accuracy": 0.7408906882591093,
    "joint_goal_accuracy": 0.6280971659919028,
    "joint_noncat_accuracy": 0.8342914979757085,
    "requested_slots_f1": 0.9892037786774628,
    "requested_slots_precision": 0.9919028340080972,
    "requested_slots_recall": 0.9959514170040485
  },
  "RentalCars_1": {
    "active_intent_accuracy": 1.0,
    "average_cat_accuracy": 0.8461538461538461,
    "average_goal_accuracy": 0.9378485838779955,
    "average_noncat_accuracy": 0.9466458333333333,
    "joint_cat_accuracy": 0.8780487804878049,
    "joint_goal_accuracy": 0.7432483414634146,
    "joint_noncat_accuracy": 0.8484083932926828,
    "requested_slots_f1": 0.9969512195121951,
    "requested_slots_precision": 1.0,
    "requested_slots_recall": 0.9969512195121951
  },
  "Restaurants_2": {
    "active_intent_accuracy": 0.9298245614035088,
    "average_cat_accuracy": 0.38375350140056025,
    "average_goal_accuracy": 0.7774123097692686,
    "average_noncat_accuracy": 0.8461200345423143,
    "joint_cat_accuracy": 0.6108452950558214,
    "joint_goal_accuracy": 0.41386842105263155,
    "joint_noncat_accuracy": 0.5132790781499201,
    "requested_slots_f1": 0.9147565884407989,
    "requested_slots_precision": 0.958054226475279,
    "requested_slots_recall": 0.9234449760765551
  },
  "RideSharing_1": {
    "active_intent_accuracy": 0.9961089494163424,
    "average_cat_accuracy": 0.9956521739130435,
    "average_goal_accuracy": 0.9486974789915966,