{
  "#ALL_SERVICES": {
    "active_intent_accuracy": 0.8366867873910128,
    "average_cat_accuracy": 0.65,
    "average_goal_accuracy": 0.7827809138017202,
    "average_noncat_accuracy": 0.8379066939093209,
    "joint_cat_accuracy": 0.627980040657919,
    "joint_goal_accuracy": 0.4355551643192489,
    "joint_noncat_accuracy": 0.6080859496981892,
    "requested_slots_f1": 0.9300589249784421,
    "requested_slots_precision": 0.9752794545048066,
    "requested_slots_recall": 0.9344399731723675
  },
  "#SEEN_SERVICES": {
    "active_intent_accuracy": 0.8910991233985165,
    "average_cat_accuracy": 0.8361357621049353,
    "average_goal_accuracy": 0.84031652712367,
    "average_noncat_accuracy": 0.8711974153297682,
    "joint_cat_accuracy": 0.7714691270404542,
    "joint_goal_accuracy": 0.5794181726230614,
    "joint_noncat_accuracy": 0.7576426176668914,
    "requested_slots_f1": 0.9639581928523263,
    "requested_slots_precision": 0.9804450438300741,
    "requested_slots_recall": 0.9710047201618341
  },
  "#UNSEEN_SERVICES": {
    "active_intent_accuracy": 0.7828552368245497,
    "average_cat_accuracy": 0.4406950280112045,
    "average_goal_accuracy": 0.72462755416865,
    "average_noncat_accuracy": 0.8033350522279518,
    "joint_cat_accuracy": 0.47204010798303125,
    "joint_goal_accuracy": 0.293227718478986,
    "joint_noncat_accuracy": 0.46012561707805205,
    "requested_slots_f1": 0.8965214905174879,
    "requested_slots_precision": 0.9701690015565932,
    "requested_slots_recall": 0.8982655103402268
  },
  "Alarm_1": {
    "active_intent_accuracy": 0.9213973799126638,
    "average_goal_accuracy": 0.747922077922078,
    "average_noncat_accuracy": 0.747922077922078,
    "joint_goal_accuracy": 0.5823082969432315,
    "joint_noncat_accuracy": 0.5823082969432315,
    "requested_slots_f1": 1.0,
    "requested_slots_precision": 1.0,
    "requested_slots_recall": 1.0
  },
  "Banks_2": {
    "active_intent_accuracy": 0.8823529411764706,
    "average_cat_accuracy": 0.8887043189368771,
    "average_goal_accuracy": 0.8122923588039868,
    "average_noncat_accuracy": 0.6126373626373627,
    "joint_cat_accuracy": 0.826625386996904,
    "joint_goal_accuracy": 0.5325077399380805,
    "joint_noncat_accuracy": 0.5913312693498453,
    "requested_slots_f1": 0.9009287925696594,
    "requested_slots_precision": 1.0,
    "requested_slots_recall": 0.9009287925696594
  },
  "Buses_1": {
    "active_intent_accuracy": 0.9787798408488063,
    "average_cat_accuracy": 1.0,
    "average_goal_accuracy": 0.8966709159584514,
    "average_noncat_accuracy": 0.8740285714285715,
    "joint_cat_accuracy": 0.9840848806366048,
    "joint_goal_accuracy": 0.6635809018567638,
    "joint_noncat_accuracy": 0.6794960212201591,
    "requested_slots_f1": 0.980548187444739,
    "requested_slots_precision": 0.9708222811671088,
    "requested_slots_recall": 1.0
  },
  "Events_1": {
    "active_intent_accuracy": 0.8771593090211133,
    "average_cat_accuracy": 0.9358108108108109,
    "average_goal_accuracy": 0.9275229645093945,
    "average_noncat_accuracy": 0.9230060801144492,
    "joint_cat_accuracy": 0.9251439539347409,
    "joint_goal_accuracy": 0.7655086372360844,
    "joint_noncat_accuracy": 0.8177351247600767,
    "requested_slots_f1": 0.985284708893154,
    "requested_slots_precision": 0.9980806142034548,
    "requested_slots_recall": 0.9836852207293666
  },
  "Flights_3": {
    "active_intent_accuracy": 0.8166939443535188,
    "average_cat_accuracy": 0.6203102453102454,
    "average_goal_accuracy": 0.7984167296548249,
    "average_noncat_accuracy": 0.8807911985018726,
    "joint_cat_accuracy": 0.469721767594108,
    "joint_goal_accuracy": 0.33557774140752866,
    "joint_noncat_accuracy": 0.6431178396072013,
    "requested_slots_f1": 0.8805237315875614,
    "requested_slots_precision": 1.0,
    "requested_slots_recall": 0.8805237315875614
  },
  "Homes_1": {
    "active_intent_accuracy": 0.8109028960817717,
    "average_cat_accuracy": 0.9506410256410256,
    "average_goal_accuracy": 0.949088841506752,
    "average_noncat_accuracy": 0.9595617529880478,
    "joint_cat_accuracy": 0.6609880749574105,
    "joint_goal_accuracy": 0.6133219761499148,
    "joint_noncat_accuracy": 0.9247018739352639,
    "requested_slots_f1": 0.9811470755252698,
    "requested_slots_precision": 0.9747302668938103,
    "requested_slots_recall": 0.9974446337308348
  },
  "Hotels_1": {
    "active_intent_accuracy": 0.8709677419354839,
    "average_cat_accuracy": 0.7550860719874805,
    "average_goal_accuracy": 0.8938674242424243,
    "average_noncat_accuracy": 0.9626339869281045,
    "joint_cat_accuracy": 0.6236559139784946,
    "joint_goal_accuracy": 0.5850896057347671,
    "joint_noncat_accuracy": 0.9124014336917563,
    "requested_slots_f1": 0.9384707287933096,
    "requested_slots_precision": 0.9474313022700119,
    "requested_slots_recall": 0.953405017921147
  },
  "Hotels_4": {
    "active_intent_accuracy": 0.875,
    "average_cat_accuracy": 0.7245370370370371,
    "average_goal_accuracy": 0.726966202960585,
    "average_noncat_accuracy": 0.7399738562091503,
    "joint_cat_accuracy": 0.4035714285714286,
    "joint_goal_accuracy": 0.12860678571428572,
    "joint_noncat_accuracy": 0.20109321428571428,
    "requested_slots_f1": 0.9295408163265307,
    "requested_slots_precision": 0.9288095238095238,
    "requested_slots_recall": 0.9553571428571429
  },
  "Media_2": {
    "active_intent_accuracy": 0.8126984126984127,
    "average_cat_accuracy": 0.0,
    "average_goal_accuracy": 0.6541786941580756,
    "average_noncat_accuracy": 0.7804009163802978,
    "joint_cat_accuracy": 0.47619047619047616,
    "joint_goal_accuracy": 0.21395619047619047,
    "joint_noncat_accuracy": 0.2710469841269841,
    "requested_slots_f1": 0.8857142857142857,
    "requested_slots_precision": 0.9206349206349206,
    "requested_slots_recall": 0.8857142857142857
  },
  "Movies_2": {
    "active_intent_accuracy": 0.9545454545454546,
    "average_goal_accuracy": 0.6564049586776859,
    "average_noncat_accuracy": 0.6564049586776859,
    "joint_goal_accuracy": 0.31917045454545456,
    "joint_noncat_accuracy": 0.31917045454545456,
    "requested_slots_f1": 0.8693181818181818,
    "requested_slots_precision": 0.9034090909090909,
    "requested_slots_recall": 0.8693181818181818
  },
  "Music_1": {
    "active_intent_accuracy": 0.951417004048583,
    "average_cat_accuracy": 0.6633986928104575,
    "average_goal_accuracy": 0.7711034755134281,
    "average_noncat_accuracy": 0.8456617647058823,
    "joint_cat_accuracy": 0.6963562753036437,
    "joint_goal_accuracy": 0.5475303643724697,
    "joint_noncat_accuracy": 0.7585425101214576,
    "requested_slots_f1": 0.9878542510121457,
    "requested_slots_precision": 1.0,
    "requested_slots_recall": 0.9838056680161943
  },
  "RentalCars_1": {
    "active_intent_accuracy": 0.725609756097561,
    "average_cat_accuracy": 0.7897435897435897,
    "average_goal_accuracy": 0.8262973856209149,
    "average_noncat_accuracy": 0.8276228070175439,
    "joint_cat_accuracy": 0.850609756097561,
    "joint_goal_accuracy": 0.36997743902439023,
    "joint_noncat_accuracy": 0.3918789756097561,
    "requested_slots_f1": 0.9725609756097561,
    "requested_slots_precision": 1.0,
    "requested_slots_recall": 0.9725609756097561
  },
  "Restaurants_2": {
    "active_intent_accuracy": 0.6889952153110048,
    "average_cat_accuracy": 0.3599439775910364,
    "average_goal_accuracy": 0.7121931762395679,
    "average_noncat_accuracy": 0.7798793897524467,
    "joint_cat_accuracy": 0.594896331738437,
    "joint_goal_accuracy": 0.29207336523126,
    "joint_noncat_accuracy": 0.4115668261562999,
    "requested_slots_f1": 0.8742690058479532,
    "requested_slots_precision": 0.9593301435406698,
    "requested_slots_recall": 0.8763955342902712
  },
  "RideSharing_1": {
    "active_intent_accuracy": 1.0,
    "average_cat_accuracy": 0.9304347826086956,
    "average_goal_accuracy": 0.8695238095238095,
    "average_noncat_accuracy": 0.7539336492890996,