{
  "#ALL_SERVICES": {
    "active_intent_accuracy": 0.9507042253521126,
    "average_cat_accuracy": 0.6989493201483312,
    "average_goal_accuracy": 0.78933310098114,
    "average_noncat_accuracy": 0.8234102938314848,
    "joint_cat_accuracy": 0.7054148955830715,
    "joint_goal_accuracy": 0.5017974178403756,
    "joint_noncat_accuracy": 0.6359111334674714,
    "requested_slots_f1": 0.9467112196991471,
    "requested_slots_precision": 0.9849010731052986,
    "requested_slots_recall": 0.948943661971831
  },
  "#SEEN_SERVICES": {
    "active_intent_accuracy": 0.9871881321645314,
    "average_cat_accuracy": 0.8807410867196014,
    "average_goal_accuracy": 0.8580679836036977,
    "average_noncat_accuracy": 0.8603889101094986,
    "joint_cat_accuracy": 0.8885734563520227,
    "joint_goal_accuracy": 0.6597001348617667,
    "joint_noncat_accuracy": 0.7313589345920432,
    "requested_slots_f1": 0.9814115531580131,
    "requested_slots_precision": 0.9965160710271972,
    "requested_slots_recall": 0.9821308159136884
  },
  "#UNSEEN_SERVICES": {
    "active_intent_accuracy": 0.914609739826551,
    "average_cat_accuracy": 0.4945290616246498,
    "average_goal_accuracy": 0.7198602281342007,
    "average_noncat_accuracy": 0.7850088589184185,
    "joint_cat_accuracy": 0.5063632857693791,
    "joint_goal_accuracy": 0.34558012008005334,
    "joint_noncat_accuracy": 0.5414821214142762,
    "requested_slots_f1": 0.9123812700530513,
    "requested_slots_precision": 0.973410051145208,
    "requested_slots_recall": 0.9161107404936625
  },
  "Alarm_1": {
    "active_intent_accuracy": 0.8209606986899564,
    "average_goal_accuracy": 0.7680844155844155,
    "average_noncat_accuracy": 0.7680844155844155,
    "joint_goal_accuracy": 0.6136751091703057,
    "joint_noncat_accuracy": 0.6136751091703057,
    "requested_slots_f1": 1.0,
    "requested_slots_precision": 1.0,
    "requested_slots_recall": 1.0
  },
  "Banks_2": {
    "active_intent_accuracy": 0.9814241486068112,
    "average_cat_accuracy": 0.9335548172757475,
    "average_goal_accuracy": 0.8856589147286821,
    "average_noncat_accuracy": 0.7527472527472527,
    "joint_cat_accuracy": 0.8823529411764706,
    "joint_goal_accuracy": 0.6625386996904025,
    "joint_noncat_accuracy": 0.7337461300309598,
    "requested_slots_f1": 0.9009287925696594,
    "requested_slots_precision": 1.0,
    "requested_slots_recall": 0.9009287925696594
  },
  "Buses_1": {
    "active_intent_accuracy": 0.9973474801061007,
    "average_cat_accuracy": 0.984,
    "average_goal_accuracy": 0.9184702549575071,
    "average_noncat_accuracy": 0.9037047619047618,
    "joint_cat_accuracy": 0.9893899204244032,
    "joint_goal_accuracy": 0.7349734748010611,
    "joint_noncat_accuracy": 0.7349734748010611,
    "requested_slots_f1": 0.9911582670203359,
    "requested_slots_precision": 0.9920424403183024,
    "requested_slots_recall": 0.9907161803713528
  },
  "Events_1": {
    "active_intent_accuracy": 0.9788867562380038,
    "average_cat_accuracy": 1.0,
    "average_goal_accuracy": 0.89751878914405,
    "average_noncat_accuracy": 0.8479542203147354,
    "joint_cat_accuracy": 1.0,
    "joint_goal_accuracy": 0.6778502879078694,
    "joint_noncat_accuracy": 0.6778502879078694,
    "requested_slots_f1": 0.9872040946896992,
    "requested_slots_precision": 0.9932821497120922,
    "requested_slots_recall": 0.9904030710172744
  },
  "Flights_3": {
    "active_intent_accuracy": 0.9165302782324058,
    "average_cat_accuracy": 0.6571067821067822,
    "average_goal_accuracy": 0.8750307172251617,
    "average_noncat_accuracy": 0.97645911360799,
    "joint_cat_accuracy": 0.4828150572831424,
    "joint_goal_accuracy": 0.45597446808510633,
    "joint_noncat_accuracy": 0.9339286415711948,
    "requested_slots_f1": 0.8870703764320785,
    "requested_slots_precision": 1.0,
    "requested_slots_recall": 0.8854337152209493
  },
  "Homes_1": {
    "active_intent_accuracy": 0.9761499148211243,
    "average_cat_accuracy": 0.9942307692307693,
    "average_goal_accuracy": 0.9333018834399431,
    "average_noncat_accuracy": 0.8904581673306773,
    "joint_cat_accuracy": 0.9778534923339012,
    "joint_goal_accuracy": 0.7629982964224872,
    "joint_noncat_accuracy": 0.7732197614991482,
    "requested_slots_f1": 1.0,
    "requested_slots_precision": 1.0,
    "requested_slots_recall": 1.0
  },
  "Hotels_1": {
    "active_intent_accuracy": 0.985663082437276,
    "average_cat_accuracy": 0.9186228482003129,
    "average_goal_accuracy": 0.8867649711399711,
    "average_noncat_accuracy": 0.8726960784313725,
    "joint_cat_accuracy": 0.8960573476702509,
    "joint_goal_accuracy": 0.5847670250896058,
    "joint_noncat_accuracy": 0.6241935483870968,
    "requested_slots_f1": 0.992831541218638,
    "requested_slots_precision": 0.992831541218638,
    "requested_slots_recall": 0.992831541218638
  },
  "Hotels_4": {
    "active_intent_accuracy": 0.9821428571428571,
    "average_cat_accuracy": 0.9050925925925926,
    "average_goal_accuracy": 0.7772171392901729,
    "average_noncat_accuracy": 0.7213562091503267,
    "joint_cat_accuracy": 0.5392857142857143,
    "joint_goal_accuracy": 0.11242785714285715,
    "joint_noncat_accuracy": 0.189505,
    "requested_slots_f1": 0.9304761904761906,
    "requested_slots_precision": 0.9452380952380951,
    "requested_slots_recall": 0.9464285714285714
  },
  "Media_2": {
    "active_intent_accuracy": 0.9301587301587302,
    "average_cat_accuracy": 0.0,
    "average_goal_accuracy": 0.37601088201603666,
    "average_noncat_accuracy": 0.4609621993127147,
    "joint_cat_accuracy": 0.47619047619047616,
    "joint_goal_accuracy": 0.11580952380952382,
    "joint_noncat_accuracy": 0.15136507936507937,
    "requested_slots_f1": 0.9312169312169312,
    "requested_slots_precision": 0.9492063492063492,
    "requested_slots_recall": 0.9396825396825397
  },
  "Movies_2": {
    "active_intent_accuracy": 0.9829545454545454,
    "average_goal_accuracy": 0.37410468319559226,
    "average_noncat_accuracy": 0.37410468319559226,
    "joint_goal_accuracy": 0.35427954545454543,
    "joint_noncat_accuracy": 0.35427954545454543,
    "requested_slots_f1": 0.9153409090909093,
    "requested_slots_precision": 0.9479166666666667,
    "requested_slots_recall": 0.9176136363636364
  },
  "Music_1": {
    "active_intent_accuracy": 0.9838056680161943,
    "average_cat_accuracy": 0.6895424836601307,
    "average_goal_accuracy": 0.7130568720379146,
    "average_noncat_accuracy": 0.7175490196078431,
    "joint_cat_accuracy": 0.7165991902834008,
    "joint_goal_accuracy": 0.5020242914979757,
    "joint_noncat_accuracy": 0.6738461538461539,
    "requested_slots_f1": 0.9959514170040485,
    "requested_slots_precision": 1.0,
    "requested_slots_recall": 0.9959514170040485
  },
  "RentalCars_1": {
    "active_intent_accuracy": 0.9939024390243902,
    "average_cat_accuracy": 0.7948717948717948,
    "average_goal_accuracy": 0.8990468409586058,
    "average_noncat_accuracy": 0.9063563596491228,
    "joint_cat_accuracy": 0.8536585365853658,
    "joint_goal_accuracy": 0.6417957317073171,
    "joint_noncat_accuracy": 0.6789908536585366,
    "requested_slots_f1": 1.0,
    "requested_slots_precision": 1.0,
    "requested_slots_recall": 1.0
  },
  "Restaurants_2": {
    "active_intent_accuracy": 0.8437001594896332,
    "average_cat_accuracy": 0.4019607843137255,
    "average_goal_accuracy": 0.7495282073310424,
    "average_noncat_accuracy": 0.808265400115141,
    "joint_cat_accuracy": 0.6060606060606061,
    "joint_goal_accuracy": 0.363688995215311,
    "joint_noncat_accuracy": 0.4440599681020733,
    "requested_slots_f1": 0.907526391736918,
    "requested_slots_precision": 0.9374534821903242,
    "requested_slots_recall": 0.9202551834130781
  },
  "RideSharing_1": {
    "active_intent_accuracy": 1.0,
    "average_cat_accuracy": 0.967391304347826,
    "average_goal_accuracy": 0.9129131652661064,
    "average_noncat_accuracy": 0.8107109004739337,
    "joint_cat_accuracy": 0.9455252918287937,