{
  "#ALL_SERVICES": {
    "active_intent_accuracy": 0.966130114017438,
    "average_cat_accuracy": 0.7194066749072929,
    "average_goal_accuracy": 0.8218446352947366,
    "average_noncat_accuracy": 0.8587572484919244,
    "joint_cat_accuracy": 0.7340602476436888,
    "joint_goal_accuracy": 0.516452733065057,
    "joint_noncat_accuracy": 0.6438059188464118,
    "requested_slots_f1": 0.9465060202484751,
    "requested_slots_precision": 0.9842052313883298,
    "requested_slots_recall": 0.9496981891348089
  },
  "#SEEN_SERVICES": {
    "active_intent_accuracy": 0.9905596763317599,
    "average_cat_accuracy": 0.8911723493694536,
    "average_goal_accuracy": 0.8693771236699808,
    "average_noncat_accuracy": 0.8740702826585178,
    "joint_cat_accuracy": 0.9020581973030518,
    "joint_goal_accuracy": 0.6799068105192178,
    "joint_noncat_accuracy": 0.7434165879973028,
    "requested_slots_f1": 0.98229939312205,
    "requested_slots_precision": 0.9958417621937513,
    "requested_slots_recall": 0.984322319622387
  },
  "#UNSEEN_SERVICES": {
    "active_intent_accuracy": 0.9419613075383589,
    "average_cat_accuracy": 0.5262605042016806,
    "average_goal_accuracy": 0.7738018018018017,
    "average_noncat_accuracy": 0.8428550178500596,
    "joint_cat_accuracy": 0.5514847666795218,
    "joint_goal_accuracy": 0.35474332888592397,
    "joint_noncat_accuracy": 0.5452584723148766,
    "requested_slots_f1": 0.91109469805267,
    "requested_slots_precision": 0.9726929063820324,
    "requested_slots_recall": 0.9154436290860574
  },
  "Alarm_1": {
    "active_intent_accuracy": 0.8165938864628821,
    "average_goal_accuracy": 0.715551948051948,
    "average_noncat_accuracy": 0.715551948051948,
    "joint_goal_accuracy": 0.4749074235807861,
    "joint_noncat_accuracy": 0.4749074235807861,
    "requested_slots_f1": 1.0,
    "requested_slots_precision": 1.0,
    "requested_slots_recall": 1.0
  },
  "Banks_2": {
    "active_intent_accuracy": 0.9876160990712074,
    "average_cat_accuracy": 0.9335548172757475,
    "average_goal_accuracy": 0.8692912513842745,
    "average_noncat_accuracy": 0.6995604395604396,
    "joint_cat_accuracy": 0.8885448916408669,
    "joint_goal_accuracy": 0.6229102167182662,
    "joint_noncat_accuracy": 0.6817337461300309,
    "requested_slots_f1": 0.9009287925696594,
    "requested_slots_precision": 1.0,
    "requested_slots_recall": 0.9009287925696594
  },
  "Buses_1": {
    "active_intent_accuracy": 0.9946949602122016,
    "average_cat_accuracy": 1.0,
    "average_goal_accuracy": 0.9242091595845139,
    "average_noncat_accuracy": 0.9064428571428571,
    "joint_cat_accuracy": 1.0,
    "joint_goal_accuracy": 0.7361671087533156,
    "joint_noncat_accuracy": 0.7361671087533156,
    "requested_slots_f1": 0.9938107869142351,
    "requested_slots_precision": 0.9946949602122016,
    "requested_slots_recall": 0.993368700265252
  },
  "Events_1": {
    "active_intent_accuracy": 0.9904030710172744,
    "average_cat_accuracy": 1.0,
    "average_goal_accuracy": 0.9151193458594293,
    "average_noncat_accuracy": 0.8734191702432046,
    "joint_cat_accuracy": 1.0,
    "joint_goal_accuracy": 0.7368138195777351,
    "joint_noncat_accuracy": 0.7368138195777351,
    "requested_slots_f1": 0.9878438899552144,
    "requested_slots_precision": 0.9942418426103646,
    "requested_slots_recall": 0.991362763915547
  },
  "Flights_3": {
    "active_intent_accuracy": 0.9083469721767594,
    "average_cat_accuracy": 0.667027417027417,
    "average_goal_accuracy": 0.8585178466448308,
    "average_noncat_accuracy": 0.9516978776529339,
    "joint_cat_accuracy": 0.513911620294599,
    "joint_goal_accuracy": 0.4164654664484452,
    "joint_noncat_accuracy": 0.7939659574468085,
    "requested_slots_f1": 0.8878887070376432,
    "requested_slots_precision": 0.9991816693944353,
    "requested_slots_recall": 0.886252045826514
  },
  "Homes_1": {
    "active_intent_accuracy": 0.989778534923339,
    "average_cat_accuracy": 0.9971153846153846,
    "average_goal_accuracy": 0.9454424307036247,
    "average_noncat_accuracy": 0.9080345285524568,
    "joint_cat_accuracy": 0.9710391822827938,
    "joint_goal_accuracy": 0.7819420783645656,
    "joint_noncat_accuracy": 0.797274275979557,
    "requested_slots_f1": 0.9973878478137422,
    "requested_slots_precision": 0.9968767745599091,
    "requested_slots_recall": 1.0
  },
  "Hotels_1": {
    "active_intent_accuracy": 0.978494623655914,
    "average_cat_accuracy": 0.9436619718309859,
    "average_goal_accuracy": 0.8980880230880232,
    "average_noncat_accuracy": 0.8745098039215686,
    "joint_cat_accuracy": 0.9498207885304659,
    "joint_goal_accuracy": 0.6129032258064516,
    "joint_noncat_accuracy": 0.6344086021505376,
    "requested_slots_f1": 0.992831541218638,
    "requested_slots_precision": 0.996415770609319,
    "requested_slots_recall": 0.992831541218638
  },
  "Hotels_4": {
    "active_intent_accuracy": 0.9857142857142858,
    "average_cat_accuracy": 0.8580246913580247,
    "average_goal_accuracy": 0.8063708756911003,
    "average_noncat_accuracy": 0.7931666666666668,
    "joint_cat_accuracy": 0.6392857142857142,
    "joint_goal_accuracy": 0.22914285714285712,
    "joint_noncat_accuracy": 0.33340000000000003,
    "requested_slots_f1": 0.9149999999999999,
    "requested_slots_precision": 0.9416666666666665,
    "requested_slots_recall": 0.9303571428571429
  },
  "Media_2": {
    "active_intent_accuracy": 0.9650793650793651,
    "average_cat_accuracy": 0.1696969696969697,
    "average_goal_accuracy": 0.7308184421534937,
    "average_noncat_accuracy": 0.8411569301260023,
    "joint_cat_accuracy": 0.5523809523809524,
    "joint_goal_accuracy": 0.2255238095238095,
    "joint_noncat_accuracy": 0.3776507936507937,
    "requested_slots_f1": 0.9238095238095239,
    "requested_slots_precision": 0.946031746031746,
    "requested_slots_recall": 0.9301587301587302
  },
  "Movies_2": {
    "active_intent_accuracy": 0.9943181818181818,
    "average_goal_accuracy": 0.7312947658402204,
    "average_noncat_accuracy": 0.7312947658402204,
    "joint_goal_accuracy": 0.3474068181818182,
    "joint_noncat_accuracy": 0.3474068181818182,
    "requested_slots_f1": 0.9193181818181817,
    "requested_slots_precision": 0.9441287878787878,
    "requested_slots_recall": 0.9261363636363636
  },
  "Music_1": {
    "active_intent_accuracy": 0.97165991902834,
    "average_cat_accuracy": 0.7352941176470589,
    "average_goal_accuracy": 0.7659913112164297,
    "average_noncat_accuracy": 0.7600980392156863,
    "joint_cat_accuracy": 0.7773279352226721,
    "joint_goal_accuracy": 0.4898785425101215,
    "joint_noncat_accuracy": 0.619919028340081,
    "requested_slots_f1": 0.9905533063427799,
    "requested_slots_precision": 0.9959514170040485,
    "requested_slots_recall": 0.9939271255060729
  },
  "RentalCars_1": {
    "active_intent_accuracy": 1.0,
    "average_cat_accuracy": 0.7948717948717948,
    "average_goal_accuracy": 0.898371459694989,
    "average_noncat_accuracy": 0.9055405701754387,
    "joint_cat_accuracy": 0.8536585365853658,
    "joint_goal_accuracy": 0.6477713414634146,
    "joint_noncat_accuracy": 0.6752103658536586,
    "requested_slots_f1": 1.0,
    "requested_slots_precision": 1.0,
    "requested_slots_recall": 1.0
  },
  "Restaurants_2": {
    "active_intent_accuracy": 0.9362041467304625,
    "average_cat_accuracy": 0.3907563025210084,
    "average_goal_accuracy": 0.7527073719522173,
    "average_noncat_accuracy": 0.8165184225676454,
    "joint_cat_accuracy": 0.6092503987240829,
    "joint_goal_accuracy": 0.35872838915470495,
    "joint_noncat_accuracy": 0.4529070175438597,
    "requested_slots_f1": 0.9116883116883117,
    "requested_slots_precision": 0.9390749601275916,
    "requested_slots_recall": 0.9274322169059012
  },
  "RideSharing_1": {
    "active_intent_accuracy": 1.0,
    "average_cat_accuracy": 0.9869565217391304,
    "average_goal_accuracy": 0.9507002801120449,
    "average_noncat_accuracy": 0.8880094786729859,