{
  "#ALL_SERVICES": {
    "active_intent_accuracy": 0.8962105969148223,
    "average_cat_accuracy": 0.6392871858261228,
    "average_goal_accuracy": 0.7314785381101436,
    "average_noncat_accuracy": 0.7674652980476098,
    "joint_cat_accuracy": 0.585104416928479,
    "joint_goal_accuracy": 0.3165441691817572,
    "joint_noncat_accuracy": 0.4506274912139504,
    "requested_slots_f1": 0.9063678366495268,
    "requested_slots_precision": 0.9717112196991473,
    "requested_slots_recall": 0.9108819584171697
  },
  "#SEEN_SERVICES": {
    "active_intent_accuracy": 0.9349291975724882,
    "average_cat_accuracy": 0.7839016036120193,
    "average_goal_accuracy": 0.7837992150706435,
    "average_noncat_accuracy": 0.8075503565062389,
    "joint_cat_accuracy": 0.6646557842441447,
    "joint_goal_accuracy": 0.36690741739716787,
    "joint_noncat_accuracy": 0.5288852190155091,
    "requested_slots_f1": 0.9232187008316476,
    "requested_slots_precision": 0.9762868060238257,
    "requested_slots_recall": 0.9313890761968981
  },
  "#UNSEEN_SERVICES": {
    "active_intent_accuracy": 0.8579052701801201,
    "average_cat_accuracy": 0.476671918767507,
    "average_goal_accuracy": 0.6785961063803531,
    "average_noncat_accuracy": 0.7258378950152056,
    "joint_cat_accuracy": 0.49865021210952565,
    "joint_goal_accuracy": 0.26671848732488324,
    "joint_noncat_accuracy": 0.37320506937958636,
    "requested_slots_f1": 0.8896968349269884,
    "requested_slots_precision": 0.9671844721878078,
    "requested_slots_recall": 0.8905937291527685
  },
  "Alarm_1": {
    "active_intent_accuracy": 0.7161572052401747,
    "average_goal_accuracy": 0.49954545454545457,
    "average_noncat_accuracy": 0.49954545454545457,
    "joint_goal_accuracy": 0.3363004366812227,
    "joint_noncat_accuracy": 0.3363004366812227,
    "requested_slots_f1": 1.0,
    "requested_slots_precision": 1.0,
    "requested_slots_recall": 1.0
  },
  "Banks_2": {
    "active_intent_accuracy": 0.9442724458204335,
    "average_cat_accuracy": 0.8023255813953488,
    "average_goal_accuracy": 0.6818106312292359,
    "average_noncat_accuracy": 0.3126648351648352,
    "joint_cat_accuracy": 0.6687306501547987,
    "joint_goal_accuracy": 0.44133126934984523,
    "joint_noncat_accuracy": 0.46727554179566566,
    "requested_slots_f1": 0.9009287925696594,
    "requested_slots_precision": 1.0,
    "requested_slots_recall": 0.9009287925696594
  },
  "Buses_1": {
    "active_intent_accuracy": 0.9655172413793104,
    "average_cat_accuracy": 1.0,
    "average_goal_accuracy": 0.7663451369216242,
    "average_noncat_accuracy": 0.709697619047619,
    "joint_cat_accuracy": 1.0,
    "joint_goal_accuracy": 0.2730546419098143,
    "joint_noncat_accuracy": 0.2730546419098143,
    "requested_slots_f1": 0.9676392572944296,
    "requested_slots_precision": 0.9602122015915119,
    "requested_slots_recall": 0.9920424403183024
  },
  "Events_1": {
    "active_intent_accuracy": 0.9942418426103646,
    "average_cat_accuracy": 0.9954954954954955,
    "average_goal_accuracy": 0.8358420320111343,
    "average_noncat_accuracy": 0.75685443490701,
    "joint_cat_accuracy": 0.9904030710172744,
    "joint_goal_accuracy": 0.4787166986564299,
    "joint_noncat_accuracy": 0.4863942418426103,
    "requested_slots_f1": 0.9699296225207933,
    "requested_slots_precision": 0.9904030710172744,
    "requested_slots_recall": 0.9702495201535508
  },
  "Flights_3": {
    "active_intent_accuracy": 0.6759410801963993,
    "average_cat_accuracy": 0.5445526695526696,
    "average_goal_accuracy": 0.7207247207524986,
    "average_noncat_accuracy": 0.7985767790262174,
    "joint_cat_accuracy": 0.4206219312602291,
    "joint_goal_accuracy": 0.18334206219312602,
    "joint_noncat_accuracy": 0.3218200654664484,
    "requested_slots_f1": 0.88379705400982,
    "requested_slots_precision": 0.9983633387888707,
    "requested_slots_recall": 0.8829787234042553
  },
  "Homes_1": {
    "active_intent_accuracy": 0.9403747870528109,
    "average_cat_accuracy": 0.8608974358974358,
    "average_goal_accuracy": 0.8462576847903341,
    "average_noncat_accuracy": 0.8798505976095617,
    "joint_cat_accuracy": 0.28109028960817717,
    "joint_goal_accuracy": 0.198824531516184,
    "joint_noncat_accuracy": 0.5327086882453151,
    "requested_slots_f1": 0.8872231686541737,
    "requested_slots_precision": 0.9514480408858603,
    "requested_slots_recall": 0.8926746166950597
  },
  "Hotels_1": {
    "active_intent_accuracy": 0.9605734767025089,
    "average_cat_accuracy": 0.6322378716744913,
    "average_goal_accuracy": 0.7219264069264069,
    "average_noncat_accuracy": 0.7865065359477125,
    "joint_cat_accuracy": 0.5304659498207885,
    "joint_goal_accuracy": 0.24874551971326167,
    "joint_noncat_accuracy": 0.3681964157706093,
    "requested_slots_f1": 0.8399044205495819,
    "requested_slots_precision": 0.984468339307049,
    "requested_slots_recall": 0.8458781362007168
  },
  "Hotels_4": {
    "active_intent_accuracy": 0.9892857142857143,
    "average_cat_accuracy": 0.7523148148148148,
    "average_goal_accuracy": 0.7946779917959693,
    "average_noncat_accuracy": 0.8202908496732026,
    "joint_cat_accuracy": 0.4928571428571429,
    "joint_goal_accuracy": 0.20678214285714286,
    "joint_noncat_accuracy": 0.36071071428571433,
    "requested_slots_f1": 0.8881349206349205,
    "requested_slots_precision": 0.9188775510204081,
    "requested_slots_recall": 0.9071428571428571
  },
  "Media_2": {
    "active_intent_accuracy": 0.8888888888888888,
    "average_cat_accuracy": 0.17575757575757575,
    "average_goal_accuracy": 0.7293207331042383,
    "average_noncat_accuracy": 0.8333018327605957,
    "joint_cat_accuracy": 0.5682539682539682,
    "joint_goal_accuracy": 0.29684126984126985,
    "joint_noncat_accuracy": 0.40355555555555556,
    "requested_slots_f1": 0.8857142857142857,
    "requested_slots_precision": 0.8920634920634921,
    "requested_slots_recall": 0.8857142857142857
  },
  "Movies_2": {
    "active_intent_accuracy": 0.9943181818181818,
    "average_goal_accuracy": 0.37790633608815427,
    "average_noncat_accuracy": 0.37790633608815427,
    "joint_goal_accuracy": 0.33698579545454543,
    "joint_noncat_accuracy": 0.33698579545454543,
    "requested_slots_f1": 0.881060606060606,
    "requested_slots_precision": 0.9517045454545454,
    "requested_slots_recall": 0.8863636363636364
  },
  "Music_1": {
    "active_intent_accuracy": 0.97165991902834,
    "average_cat_accuracy": 0.696078431372549,
    "average_goal_accuracy": 0.8325789889415482,
    "average_noncat_accuracy": 0.9089542483660131,
    "joint_cat_accuracy": 0.6720647773279352,
    "joint_goal_accuracy": 0.5101214574898786,
    "joint_noncat_accuracy": 0.7130364372469635,
    "requested_slots_f1": 0.9460188933873145,
    "requested_slots_precision": 0.9554655870445344,
    "requested_slots_recall": 0.9757085020242915
  },
  "RentalCars_1": {
    "active_intent_accuracy": 0.6310975609756098,
    "average_cat_accuracy": 0.5384615384615384,
    "average_goal_accuracy": 0.7708828976034859,
    "average_noncat_accuracy": 0.7942028508771929,
    "joint_cat_accuracy": 0.7012195121951219,
    "joint_goal_accuracy": 0.31595823170731707,
    "joint_noncat_accuracy": 0.3547977426829268,
    "requested_slots_f1": 0.9359756097560976,
    "requested_slots_precision": 1.0,
    "requested_slots_recall": 0.9359756097560976
  },
  "Restaurants_2": {
    "active_intent_accuracy": 0.8883572567783095,
    "average_cat_accuracy": 0.3473389355742297,
    "average_goal_accuracy": 0.7422932007854688,
    "average_noncat_accuracy": 0.8150630397236615,
    "joint_cat_accuracy": 0.5901116427432217,
    "joint_goal_accuracy": 0.29990015948963317,
    "joint_noncat_accuracy": 0.39653301435406696,
    "requested_slots_f1": 0.8531100478468899,
    "requested_slots_precision": 0.9486975013290802,
    "requested_slots_recall": 0.8532695374800638
  },
  "RideSharing_1": {
    "active_intent_accuracy": 1.0,
    "average_cat_accuracy": 0.8326086956521739,