{
  "#ALL_SERVICES": {
    "active_intent_accuracy": 0.8413816230717639,
    "average_cat_accuracy": 0.6149567367119901,
    "average_goal_accuracy": 0.7619447023699923,
    "average_noncat_accuracy": 0.8262471946552509,
    "joint_cat_accuracy": 0.6263167621511735,
    "joint_goal_accuracy": 0.4194519215291751,
    "joint_noncat_accuracy": 0.5908269885982562,
    "requested_slots_f1": 0.9295942320590207,
    "requested_slots_precision": 0.9685334227587749,
    "requested_slots_recall": 0.9356136820925554
  },
  "#SEEN_SERVICES": {
    "active_intent_accuracy": 0.8792987188132164,
    "average_cat_accuracy": 0.7905962945664019,
    "average_goal_accuracy": 0.8156003924646782,
    "average_noncat_accuracy": 0.8699924879042528,
    "joint_cat_accuracy": 0.7665010645848119,
    "joint_goal_accuracy": 0.5502723196223871,
    "joint_noncat_accuracy": 0.7238497302764666,
    "requested_slots_f1": 0.962665767588222,
    "requested_slots_precision": 0.9815407956844234,
    "requested_slots_recall": 0.9730276466621712
  },
  "#UNSEEN_SERVICES": {
    "active_intent_accuracy": 0.8038692461641094,
    "average_cat_accuracy": 0.41745448179271705,
    "average_goal_accuracy": 0.7077129237848416,
    "average_noncat_accuracy": 0.7808187227290758,
    "joint_cat_accuracy": 0.4739683763979946,
    "joint_goal_accuracy": 0.2900278719146097,
    "joint_noncat_accuracy": 0.4592241027351567,
    "requested_slots_f1": 0.8968756949077161,
    "requested_slots_precision": 0.9556648877029129,
    "requested_slots_recall": 0.8985990660440294
  },
  "Alarm_1": {
    "active_intent_accuracy": 0.7248908296943232,
    "average_goal_accuracy": 0.6355844155844156,
    "average_noncat_accuracy": 0.6355844155844156,
    "joint_goal_accuracy": 0.4794323144104804,
    "joint_noncat_accuracy": 0.4794323144104804,
    "requested_slots_f1": 1.0,
    "requested_slots_precision": 1.0,
    "requested_slots_recall": 1.0
  },
  "Banks_2": {
    "active_intent_accuracy": 0.9535603715170279,
    "average_cat_accuracy": 0.9302325581395349,
    "average_goal_accuracy": 0.7498338870431895,
    "average_noncat_accuracy": 0.31398351648351647,
    "joint_cat_accuracy": 0.8761609907120743,
    "joint_goal_accuracy": 0.46897832817337465,
    "joint_noncat_accuracy": 0.47928792569659445,
    "requested_slots_f1": 0.9009287925696594,
    "requested_slots_precision": 1.0,
    "requested_slots_recall": 0.9009287925696594
  },
  "Buses_1": {
    "active_intent_accuracy": 0.9708222811671088,
    "average_cat_accuracy": 1.0,
    "average_goal_accuracy": 0.8732799811142588,
    "average_noncat_accuracy": 0.8486190476190476,
    "joint_cat_accuracy": 1.0,
    "joint_goal_accuracy": 0.5979220159151194,
    "joint_noncat_accuracy": 0.5979220159151194,
    "requested_slots_f1": 0.980548187444739,
    "requested_slots_precision": 0.9708222811671088,
    "requested_slots_recall": 1.0
  },
  "Events_1": {
    "active_intent_accuracy": 0.800383877159309,
    "average_cat_accuracy": 0.972972972972973,
    "average_goal_accuracy": 0.8724443284620739,
    "average_noncat_accuracy": 0.8249320457796852,
    "joint_cat_accuracy": 0.9654510556621881,
    "joint_goal_accuracy": 0.570383877159309,
    "joint_noncat_accuracy": 0.5838195777351248,
    "requested_slots_f1": 0.9724888035828534,
    "requested_slots_precision": 0.9952015355086372,
    "requested_slots_recall": 0.974088291746641
  },
  "Flights_3": {
    "active_intent_accuracy": 0.9148936170212766,
    "average_cat_accuracy": 0.6031746031746031,
    "average_goal_accuracy": 0.8295543167884437,
    "average_noncat_accuracy": 0.9359722222222221,
    "joint_cat_accuracy": 0.4451718494271686,
    "joint_goal_accuracy": 0.34559803600654665,
    "joint_noncat_accuracy": 0.7897060556464811,
    "requested_slots_f1": 0.8805237315875614,
    "requested_slots_precision": 1.0,
    "requested_slots_recall": 0.8805237315875614
  },
  "Homes_1": {
    "active_intent_accuracy": 0.797274275979557,
    "average_cat_accuracy": 0.7871794871794872,
    "average_goal_accuracy": 0.8413333777540867,
    "average_noncat_accuracy": 0.9454814077025232,
    "joint_cat_accuracy": 0.5945485519591142,
    "joint_goal_accuracy": 0.5500340715502555,
    "joint_noncat_accuracy": 0.8762350936967632,
    "requested_slots_f1": 0.9919363997728563,
    "requested_slots_precision": 0.9911981828506529,
    "requested_slots_recall": 1.0
  },
  "Hotels_1": {
    "active_intent_accuracy": 0.8243727598566308,
    "average_cat_accuracy": 0.6471048513302033,
    "average_goal_accuracy": 0.8619850288600288,
    "average_noncat_accuracy": 0.9794967320261437,
    "joint_cat_accuracy": 0.6129032258064516,
    "joint_goal_accuracy": 0.5704301075268817,
    "joint_noncat_accuracy": 0.90831541218638,
    "requested_slots_f1": 0.925925925925926,
    "requested_slots_precision": 0.9316009557945041,
    "requested_slots_recall": 0.9659498207885304
  },
  "Hotels_4": {
    "active_intent_accuracy": 0.85,
    "average_cat_accuracy": 0.47299382716049376,
    "average_goal_accuracy": 0.6509832352416622,
    "average_noncat_accuracy": 0.7578888888888888,
    "joint_cat_accuracy": 0.4107142857142857,
    "joint_goal_accuracy": 0.08939307142857142,
    "joint_noncat_accuracy": 0.16869521428571427,
    "requested_slots_f1": 0.8882142857142856,
    "requested_slots_precision": 0.887202380952381,
    "requested_slots_recall": 0.9196428571428571
  },
  "Media_2": {
    "active_intent_accuracy": 0.8380952380952381,
    "average_cat_accuracy": 0.0,
    "average_goal_accuracy": 0.7271185567010309,
    "average_noncat_accuracy": 0.8687371134020618,
    "joint_cat_accuracy": 0.47619047619047616,
    "joint_goal_accuracy": 0.26482920634920637,
    "joint_noncat_accuracy": 0.4845955555555556,
    "requested_slots_f1": 0.8857142857142857,
    "requested_slots_precision": 0.9015873015873016,
    "requested_slots_recall": 0.8857142857142857
  },
  "Movies_2": {
    "active_intent_accuracy": 0.9375,
    "average_goal_accuracy": 0.7398347107438016,
    "average_noncat_accuracy": 0.7398347107438016,
    "joint_goal_accuracy": 0.34404488636363634,
    "joint_noncat_accuracy": 0.34404488636363634,
    "requested_slots_f1": 0.8759469696969696,
    "requested_slots_precision": 0.8920454545454546,
    "requested_slots_recall": 0.8778409090909091
  },
  "Music_1": {
    "active_intent_accuracy": 0.9433198380566802,
    "average_cat_accuracy": 0.6601307189542484,
    "average_goal_accuracy": 0.7997669826224328,
    "average_noncat_accuracy": 0.884093137254902,
    "joint_cat_accuracy": 0.7206477732793523,
    "joint_goal_accuracy": 0.6396761133603239,
    "joint_noncat_accuracy": 0.8447773279352226,
    "requested_slots_f1": 0.979757085020243,
    "requested_slots_precision": 0.9838056680161943,
    "requested_slots_recall": 0.9919028340080972
  },
  "RentalCars_1": {
    "active_intent_accuracy": 0.899390243902439,
    "average_cat_accuracy": 0.7897435897435897,
    "average_goal_accuracy": 0.8290468409586057,
    "average_noncat_accuracy": 0.8304342105263158,
    "joint_cat_accuracy": 0.8475609756097561,
    "joint_goal_accuracy": 0.4150643292682927,
    "joint_noncat_accuracy": 0.4767734756097561,
    "requested_slots_f1": 0.9939024390243902,
    "requested_slots_precision": 1.0,
    "requested_slots_recall": 0.9939024390243902
  },
  "Restaurants_2": {
    "active_intent_accuracy": 0.7320574162679426,
    "average_cat_accuracy": 0.35294117647058826,
    "average_goal_accuracy": 0.6917868597610864,
    "average_noncat_accuracy": 0.7499867587795049,
    "joint_cat_accuracy": 0.5869218500797448,
    "joint_goal_accuracy": 0.31251993620414675,
    "joint_noncat_accuracy": 0.3836582137161084,
    "requested_slots_f1": 0.8797979797979798,
    "requested_slots_precision": 0.9213184476342371,
    "requested_slots_recall": 0.8787878787878788
  },
  "RideSharing_1": {
    "active_intent_accuracy": 0.9766536964980544,
    "average_cat_accuracy": 0.9065217391304348,
    "average_goal_accuracy": 0.9177170868347339,