{
  "#ALL_SERVICES": {
    "active_intent_accuracy": 0.948859825620389,
    "average_cat_accuracy": 0.6870004120313145,
    "average_goal_accuracy": 0.8152243470026566,
    "average_noncat_accuracy": 0.8584341960173835,
    "joint_cat_accuracy": 0.6958048419885419,
    "joint_goal_accuracy": 0.503823541247485,
    "joint_noncat_accuracy": 0.6410911804158284,
    "requested_slots_f1": 0.9462145891220337,
    "requested_slots_precision": 0.9856667784484685,
    "requested_slots_recall": 0.9486921529175051
  },
  "#SEEN_SERVICES": {
    "active_intent_accuracy": 0.987862440997977,
    "average_cat_accuracy": 0.8666510976179356,
    "average_goal_accuracy": 0.861450470957614,
    "average_noncat_accuracy": 0.8706751973516679,
    "joint_cat_accuracy": 0.8718949609652236,
    "joint_goal_accuracy": 0.6500518880647337,
    "joint_noncat_accuracy": 0.7328030681051921,
    "requested_slots_f1": 0.982512924252641,
    "requested_slots_precision": 0.9966284558327714,
    "requested_slots_recall": 0.9836480107889414
  },
  "#UNSEEN_SERVICES": {
    "active_intent_accuracy": 0.9102735156771181,
    "average_cat_accuracy": 0.48498774509803927,
    "average_goal_accuracy": 0.7685019040566985,
    "average_noncat_accuracy": 0.8457222001851118,
    "joint_cat_accuracy": 0.5044350173544158,
    "joint_goal_accuracy": 0.3591560040026684,
    "joint_noncat_accuracy": 0.5503582054703136,
    "requested_slots_f1": 0.9103036945265097,
    "requested_slots_precision": 0.9748221036246386,
    "requested_slots_recall": 0.9141094062708472
  },
  "Alarm_1": {
    "active_intent_accuracy": 0.7161572052401747,
    "average_goal_accuracy": 0.6812662337662337,
    "average_noncat_accuracy": 0.6812662337662337,
    "joint_goal_accuracy": 0.5470305676855896,
    "joint_noncat_accuracy": 0.5470305676855896,
    "requested_slots_f1": 1.0,
    "requested_slots_precision": 1.0,
    "requested_slots_recall": 1.0
  },
  "Banks_2": {
    "active_intent_accuracy": 0.9876160990712074,
    "average_cat_accuracy": 0.9601328903654485,
    "average_goal_accuracy": 0.9116832779623478,
    "average_noncat_accuracy": 0.782967032967033,
    "joint_cat_accuracy": 0.9256965944272446,
    "joint_goal_accuracy": 0.7492260061919505,
    "joint_noncat_accuracy": 0.7770897832817337,
    "requested_slots_f1": 0.9009287925696594,
    "requested_slots_precision": 1.0,
    "requested_slots_recall": 0.9009287925696594
  },
  "Buses_1": {
    "active_intent_accuracy": 0.9946949602122016,
    "average_cat_accuracy": 1.0,
    "average_goal_accuracy": 0.9312686496694996,
    "average_noncat_accuracy": 0.9162214285714286,
    "joint_cat_accuracy": 0.9973474801061007,
    "joint_goal_accuracy": 0.7346286472148542,
    "joint_noncat_accuracy": 0.7372811671087535,
    "requested_slots_f1": 0.9902740937223695,
    "requested_slots_precision": 0.9907161803713528,
    "requested_slots_recall": 0.9907161803713528
  },
  "Events_1": {
    "active_intent_accuracy": 0.9865642994241842,
    "average_cat_accuracy": 1.0,
    "average_goal_accuracy": 0.9080285316631872,
    "average_noncat_accuracy": 0.8630865522174536,
    "joint_cat_accuracy": 0.9904030710172744,
    "joint_goal_accuracy": 0.692763915547025,
    "joint_noncat_accuracy": 0.6985220729366602,
    "requested_slots_f1": 0.9910428662827894,
    "requested_slots_precision": 0.9980806142034548,
    "requested_slots_recall": 0.991362763915547
  },
  "Flights_3": {
    "active_intent_accuracy": 0.9034369885433715,
    "average_cat_accuracy": 0.6376262626262625,
    "average_goal_accuracy": 0.8621709708574788,
    "average_noncat_accuracy": 0.9652372034956306,
    "joint_cat_accuracy": 0.47299509001636664,
    "joint_goal_accuracy": 0.43934599018003273,
    "joint_noncat_accuracy": 0.9087404255319149,
    "requested_slots_f1": 0.8848881614839063,
    "requested_slots_precision": 1.0,
    "requested_slots_recall": 0.88379705400982
  },
  "Homes_1": {
    "active_intent_accuracy": 0.9863713798977853,
    "average_cat_accuracy": 0.9692307692307692,
    "average_goal_accuracy": 0.9224422530206113,
    "average_noncat_accuracy": 0.8940869853917662,
    "joint_cat_accuracy": 0.9403747870528109,
    "joint_goal_accuracy": 0.7525212947189097,
    "joint_noncat_accuracy": 0.7814821124361159,
    "requested_slots_f1": 0.9948892674616695,
    "requested_slots_precision": 0.9948892674616695,
    "requested_slots_recall": 1.0
  },
  "Hotels_1": {
    "active_intent_accuracy": 0.9713261648745519,
    "average_cat_accuracy": 0.92018779342723,
    "average_goal_accuracy": 0.8899440836940837,
    "average_noncat_accuracy": 0.8688725490196079,
    "joint_cat_accuracy": 0.899641577060932,
    "joint_goal_accuracy": 0.5897849462365592,
    "joint_noncat_accuracy": 0.6220430107526882,
    "requested_slots_f1": 0.9970131421744324,
    "requested_slots_precision": 0.9982078853046595,
    "requested_slots_recall": 0.996415770609319
  },
  "Hotels_4": {
    "active_intent_accuracy": 0.9928571428571429,
    "average_cat_accuracy": 0.8881172839506173,
    "average_goal_accuracy": 0.8288433208489389,
    "average_noncat_accuracy": 0.8059901960784313,
    "joint_cat_accuracy": 0.5071428571428571,
    "joint_goal_accuracy": 0.14125,
    "joint_noncat_accuracy": 0.2633128571428571,
    "requested_slots_f1": 0.9289285714285715,
    "requested_slots_precision": 0.9422619047619047,
    "requested_slots_recall": 0.9428571428571428
  },
  "Media_2": {
    "active_intent_accuracy": 0.9333333333333333,
    "average_cat_accuracy": 0.11515151515151516,
    "average_goal_accuracy": 0.6973625429553265,
    "average_noncat_accuracy": 0.8045675830469645,
    "joint_cat_accuracy": 0.5365079365079365,
    "joint_goal_accuracy": 0.1917031746031746,
    "joint_noncat_accuracy": 0.19531142857142858,
    "requested_slots_f1": 0.9301587301587302,
    "requested_slots_precision": 0.9476190476190476,
    "requested_slots_recall": 0.9396825396825397
  },
  "Movies_2": {
    "active_intent_accuracy": 0.9943181818181818,
    "average_goal_accuracy": 0.8007851239669421,
    "average_noncat_accuracy": 0.8007851239669421,
    "joint_goal_accuracy": 0.4005511363636364,
    "joint_noncat_accuracy": 0.4005511363636364,
    "requested_slots_f1": 0.90625,
    "requested_slots_precision": 0.9128787878787878,
    "requested_slots_recall": 0.9176136363636364
  },
  "Music_1": {
    "active_intent_accuracy": 0.97165991902834,
    "average_cat_accuracy": 0.696078431372549,
    "average_goal_accuracy": 0.745693522906793,
    "average_noncat_accuracy": 0.7603921568627451,
    "joint_cat_accuracy": 0.7408906882591093,
    "joint_goal_accuracy": 0.5047773279352227,
    "joint_noncat_accuracy": 0.7072064777327935,
    "requested_slots_f1": 0.9946018893387314,
    "requested_slots_precision": 0.9959514170040485,
    "requested_slots_recall": 0.9979757085020243
  },
  "RentalCars_1": {
    "active_intent_accuracy": 0.9969512195121951,
    "average_cat_accuracy": 0.6923076923076923,
    "average_goal_accuracy": 0.8771644880174292,
    "average_noncat_accuracy": 0.8911600877192981,
    "joint_cat_accuracy": 0.7926829268292683,
    "joint_goal_accuracy": 0.5542347560975609,
    "joint_noncat_accuracy": 0.6152103658536585,
    "requested_slots_f1": 1.0,
    "requested_slots_precision": 1.0,
    "requested_slots_recall": 1.0
  },
  "Restaurants_2": {
    "active_intent_accuracy": 0.8740031897926634,
    "average_cat_accuracy": 0.36134453781512604,
    "average_goal_accuracy": 0.7387303019145802,
    "average_noncat_accuracy": 0.8026824985607369,
    "joint_cat_accuracy": 0.5980861244019139,
    "joint_goal_accuracy": 0.3789566188197767,
    "joint_noncat_accuracy": 0.4521145135566189,
    "requested_slots_f1": 0.9050884787726892,
    "requested_slots_precision": 0.9561669324827219,
    "requested_slots_recall": 0.9154704944178629
  },
  "RideSharing_1": {
    "active_intent_accuracy": 0.9961089494163424,
    "average_cat_accuracy": 0.9565217391304348,
    "average_goal_accuracy": 0.9237254901960784,
    "average_noncat_accuracy": 0.8645497630331754,