{
  "#ALL_SERVICES": {
    "active_intent_accuracy": 0.7816901408450704,
    "average_cat_accuracy": 0.5579728059332509,
    "average_goal_accuracy": 0.7096485366195824,
    "average_noncat_accuracy": 0.7729868002853992,
    "joint_cat_accuracy": 0.6021068194418776,
    "joint_goal_accuracy": 0.3431021448692153,
    "joint_noncat_accuracy": 0.4798984746814218,
    "requested_slots_f1": 0.8973004694835681,
    "requested_slots_precision": 0.9843226022803487,
    "requested_slots_recall": 0.8987256874580818
  },
  "#SEEN_SERVICES": {
    "active_intent_accuracy": 0.7902899527983817,
    "average_cat_accuracy": 0.6985832165654678,
    "average_goal_accuracy": 0.7520122797837083,
    "average_noncat_accuracy": 0.7992216704863764,
    "joint_cat_accuracy": 0.7196593328601846,
    "joint_goal_accuracy": 0.43791274173971684,
    "joint_noncat_accuracy": 0.5940399200944032,
    "requested_slots_f1": 0.9128231063160259,
    "requested_slots_precision": 0.988255787817487,
    "requested_slots_recall": 0.916385704652731
  },
  "#UNSEEN_SERVICES": {
    "active_intent_accuracy": 0.7731821214142762,
    "average_cat_accuracy": 0.39985994397759106,
    "average_goal_accuracy": 0.6668299439361083,
    "average_noncat_accuracy": 0.7457424963638768,
    "joint_cat_accuracy": 0.47435403008098725,
    "joint_goal_accuracy": 0.24930353569046032,
    "joint_noncat_accuracy": 0.366975350233489,
    "requested_slots_f1": 0.8819435179008227,
    "requested_slots_precision": 0.9804313987102512,
    "requested_slots_recall": 0.8812541694462975
  },
  "Alarm_1": {
    "active_intent_accuracy": 0.777292576419214,
    "average_goal_accuracy": 0.7060714285714285,
    "average_noncat_accuracy": 0.7060714285714285,
    "joint_goal_accuracy": 0.5598131004366813,
    "joint_noncat_accuracy": 0.5598131004366813,
    "requested_slots_f1": 1.0,
    "requested_slots_precision": 1.0,
    "requested_slots_recall": 1.0
  },
  "Banks_2": {
    "active_intent_accuracy": 0.9380804953560371,
    "average_cat_accuracy": 0.813953488372093,
    "average_goal_accuracy": 0.7940171650055371,
    "average_noncat_accuracy": 0.6865384615384614,
    "joint_cat_accuracy": 0.739938080495356,
    "joint_goal_accuracy": 0.5575851393188854,
    "joint_noncat_accuracy": 0.6665325077399381,
    "requested_slots_f1": 0.9009287925696594,
    "requested_slots_precision": 1.0,
    "requested_slots_recall": 0.9009287925696594
  },
  "Buses_1": {
    "active_intent_accuracy": 0.8620689655172413,
    "average_cat_accuracy": 0.976,
    "average_goal_accuracy": 0.8195094428706327,
    "average_noncat_accuracy": 0.7884666666666668,
    "joint_cat_accuracy": 0.9840848806366048,
    "joint_goal_accuracy": 0.41156816976127325,
    "joint_noncat_accuracy": 0.41156816976127325,
    "requested_slots_f1": 0.9637488947833774,
    "requested_slots_precision": 0.9814323607427056,
    "requested_slots_recall": 0.9694960212201591
  },
  "Events_1": {
    "active_intent_accuracy": 0.491362763915547,
    "average_cat_accuracy": 0.9245495495495496,
    "average_goal_accuracy": 0.8169022268615171,
    "average_noncat_accuracy": 0.7654023605150215,
    "joint_cat_accuracy": 0.9155470249520153,
    "joint_goal_accuracy": 0.462687754318618,
    "joint_noncat_accuracy": 0.4898854510556622,
    "requested_slots_f1": 0.9193857965451055,
    "requested_slots_precision": 1.0,
    "requested_slots_recall": 0.9165067178502879
  },
  "Flights_3": {
    "active_intent_accuracy": 0.88379705400982,
    "average_cat_accuracy": 0.6111111111111112,
    "average_goal_accuracy": 0.8260547367094985,
    "average_noncat_accuracy": 0.9239138576779027,
    "joint_cat_accuracy": 0.5122749590834698,
    "joint_goal_accuracy": 0.2192962356792144,
    "joint_noncat_accuracy": 0.3930837970540098,
    "requested_slots_f1": 0.8805237315875614,
    "requested_slots_precision": 1.0,
    "requested_slots_recall": 0.8805237315875614
  },
  "Homes_1": {
    "active_intent_accuracy": 0.7751277683134583,
    "average_cat_accuracy": 0.9019230769230769,
    "average_goal_accuracy": 0.923240316275764,
    "average_noncat_accuracy": 0.9475996015936253,
    "joint_cat_accuracy": 0.8739352640545145,
    "joint_goal_accuracy": 0.7745996592844975,
    "joint_noncat_accuracy": 0.8819250425894379,
    "requested_slots_f1": 0.9152754116978989,
    "requested_slots_precision": 0.9670641680863146,
    "requested_slots_recall": 0.9275979557069847
  },
  "Hotels_1": {
    "active_intent_accuracy": 0.8494623655913979,
    "average_cat_accuracy": 0.5195618153364632,
    "average_goal_accuracy": 0.8040165945165946,
    "average_noncat_accuracy": 0.968702614379085,
    "joint_cat_accuracy": 0.46953405017921146,
    "joint_goal_accuracy": 0.3662724014336918,
    "joint_noncat_accuracy": 0.784731541218638,
    "requested_slots_f1": 0.8321385902031064,
    "requested_slots_precision": 0.9946236559139785,
    "requested_slots_recall": 0.8315412186379928
  },
  "Hotels_4": {
    "active_intent_accuracy": 0.8071428571428572,
    "average_cat_accuracy": 0.5648148148148148,
    "average_goal_accuracy": 0.6801390226502586,
    "average_noncat_accuracy": 0.7455588235294118,
    "joint_cat_accuracy": 0.44285714285714284,
    "joint_goal_accuracy": 0.18649964285714285,
    "joint_noncat_accuracy": 0.3548746428571429,
    "requested_slots_f1": 0.8752380952380951,
    "requested_slots_precision": 0.9190476190476192,
    "requested_slots_recall": 0.8696428571428572
  },
  "Media_2": {
    "active_intent_accuracy": 0.6158730158730159,
    "average_cat_accuracy": 0.024242424242424242,
    "average_goal_accuracy": 0.3309289805269187,
    "average_noncat_accuracy": 0.3963888888888889,
    "joint_cat_accuracy": 0.4888888888888889,
    "joint_goal_accuracy": 0.07627936507936507,
    "joint_noncat_accuracy": 0.07663492063492064,
    "requested_slots_f1": 0.8857142857142857,
    "requested_slots_precision": 0.9238095238095239,
    "requested_slots_recall": 0.8857142857142857
  },
  "Movies_2": {
    "active_intent_accuracy": 0.9943181818181818,
    "average_goal_accuracy": 0.6103030303030302,
    "average_noncat_accuracy": 0.6103030303030302,
    "joint_goal_accuracy": 0.33197102272727275,
    "joint_noncat_accuracy": 0.33197102272727275,
    "requested_slots_f1": 0.8693181818181818,
    "requested_slots_precision": 0.9375,
    "requested_slots_recall": 0.8693181818181818
  },
  "Music_1": {
    "active_intent_accuracy": 0.7408906882591093,
    "average_cat_accuracy": 0.18627450980392157,
    "average_goal_accuracy": 0.46172590837282784,
    "average_noncat_accuracy": 0.6084640522875818,
    "joint_cat_accuracy": 0.46558704453441296,
    "joint_goal_accuracy": 0.24696356275303644,
    "joint_noncat_accuracy": 0.448582995951417,
    "requested_slots_f1": 0.9203778677462887,
    "requested_slots_precision": 0.9757085020242915,
    "requested_slots_recall": 0.9331983805668016
  },
  "RentalCars_1": {
    "active_intent_accuracy": 0.8109756097560976,
    "average_cat_accuracy": 0.38461538461538464,
    "average_goal_accuracy": 0.7113807189542484,
    "average_noncat_accuracy": 0.7459725877192982,
    "joint_cat_accuracy": 0.6219512195121951,
    "joint_goal_accuracy": 0.15164320731707318,
    "joint_noncat_accuracy": 0.17631732621951218,
    "requested_slots_f1": 0.9329268292682927,
    "requested_slots_precision": 1.0,
    "requested_slots_recall": 0.9329268292682927
  },
  "Restaurants_2": {
    "active_intent_accuracy": 0.6921850079744817,
    "average_cat_accuracy": 0.15966386554621848,
    "average_goal_accuracy": 0.6121346342660775,
    "average_noncat_accuracy": 0.6945123776626367,
    "joint_cat_accuracy": 0.5023923444976076,
    "joint_goal_accuracy": 0.16562998405103668,
    "joint_noncat_accuracy": 0.22134720893141943,
    "requested_slots_f1": 0.8495481127060074,
    "requested_slots_precision": 0.9984051036682615,
    "requested_slots_recall": 0.8492822966507177
  },
  "RideSharing_1": {
    "active_intent_accuracy": 0.9961089494163424,
    "average_cat_accuracy": 0.6869565217391305,