{
  "#ALL_SERVICES": {
    "active_intent_accuracy": 0.9007377598926894,
    "average_cat_accuracy": 0.6927688504326329,
    "average_goal_accuracy": 0.8096452420408413,
    "average_noncat_accuracy": 0.8506994875786471,
    "joint_cat_accuracy": 0.6860099796710405,
    "joint_goal_accuracy": 0.46372754862508375,
    "joint_noncat_accuracy": 0.5849510120724346,
    "requested_slots_f1": 0.9370556673373576,
    "requested_slots_precision": 0.977406103286385,
    "requested_slots_recall": 0.943075117370892
  },
  "#SEEN_SERVICES": {
    "active_intent_accuracy": 0.9730276466621712,
    "average_cat_accuracy": 0.877004515024132,
    "average_goal_accuracy": 0.8828457003314146,
    "average_noncat_accuracy": 0.9004535268652915,
    "joint_cat_accuracy": 0.8640880056777857,
    "joint_goal_accuracy": 0.6903307821982468,
    "joint_noncat_accuracy": 0.7883719150370869,
    "requested_slots_f1": 0.970004495392223,
    "requested_slots_precision": 0.9826927399415598,
    "requested_slots_recall": 0.9801078894133514
  },
  "#UNSEEN_SERVICES": {
    "active_intent_accuracy": 0.829219479653102,
    "average_cat_accuracy": 0.48560049019607837,
    "average_goal_accuracy": 0.7356588476930943,
    "average_noncat_accuracy": 0.7990310723257966,
    "joint_cat_accuracy": 0.4924797531816429,
    "joint_goal_accuracy": 0.23954302868579055,
    "joint_noncat_accuracy": 0.383701379586391,
    "requested_slots_f1": 0.9044585279074938,
    "requested_slots_precision": 0.9721758950411384,
    "requested_slots_recall": 0.9064376250833889
  },
  "Alarm_1": {
    "active_intent_accuracy": 0.7641921397379913,
    "average_goal_accuracy": 0.6110714285714286,
    "average_noncat_accuracy": 0.6110714285714286,
    "joint_goal_accuracy": 0.42087336244541484,
    "joint_noncat_accuracy": 0.42087336244541484,
    "requested_slots_f1": 1.0,
    "requested_slots_precision": 1.0,
    "requested_slots_recall": 1.0
  },
  "Banks_2": {
    "active_intent_accuracy": 0.9752321981424149,
    "average_cat_accuracy": 0.9451827242524917,
    "average_goal_accuracy": 0.8593576965669988,
    "average_noncat_accuracy": 0.6346153846153846,
    "joint_cat_accuracy": 0.8699690402476781,
    "joint_goal_accuracy": 0.5727554179566563,
    "joint_noncat_accuracy": 0.6222910216718266,
    "requested_slots_f1": 0.9009287925696594,
    "requested_slots_precision": 1.0,
    "requested_slots_recall": 0.9009287925696594
  },
  "Buses_1": {
    "active_intent_accuracy": 0.9920424403183024,
    "average_cat_accuracy": 1.0,
    "average_goal_accuracy": 0.9561525023607177,
    "average_noncat_accuracy": 0.9456095238095238,
    "joint_cat_accuracy": 1.0,
    "joint_goal_accuracy": 0.8546153846153846,
    "joint_noncat_accuracy": 0.8546153846153846,
    "requested_slots_f1": 0.980548187444739,
    "requested_slots_precision": 0.9708222811671088,
    "requested_slots_recall": 1.0
  },
  "Events_1": {
    "active_intent_accuracy": 0.9232245681381958,
    "average_cat_accuracy": 0.9853603603603603,
    "average_goal_accuracy": 0.8983208072373,
    "average_noncat_accuracy": 0.8556008583690987,
    "joint_cat_accuracy": 0.9769673704414588,
    "joint_goal_accuracy": 0.651746641074856,
    "joint_noncat_accuracy": 0.6565067178502878,
    "requested_slots_f1": 0.9615483045425465,
    "requested_slots_precision": 0.9600127959053103,
    "requested_slots_recall": 0.9961612284069098
  },
  "Flights_3": {
    "active_intent_accuracy": 0.9230769230769231,
    "average_cat_accuracy": 0.7058080808080809,
    "average_goal_accuracy": 0.7720137104224406,
    "average_noncat_accuracy": 0.8082303370786517,
    "joint_cat_accuracy": 0.4909983633387889,
    "joint_goal_accuracy": 0.1951201309328969,
    "joint_noncat_accuracy": 0.39277152209492633,
    "requested_slots_f1": 0.8805237315875614,
    "requested_slots_precision": 1.0,
    "requested_slots_recall": 0.8805237315875614
  },
  "Homes_1": {
    "active_intent_accuracy": 0.9880749574105622,
    "average_cat_accuracy": 0.9855769230769231,
    "average_goal_accuracy": 0.9748617626154938,
    "average_noncat_accuracy": 0.9713280212483401,
    "joint_cat_accuracy": 0.9216354344122658,
    "joint_goal_accuracy": 0.8770357751277684,
    "joint_noncat_accuracy": 0.9332538330494038,
    "requested_slots_f1": 0.9956842703009654,
    "requested_slots_precision": 0.9951731970471323,
    "requested_slots_recall": 1.0
  },
  "Hotels_1": {
    "active_intent_accuracy": 0.974910394265233,
    "average_cat_accuracy": 0.7965571205007825,
    "average_goal_accuracy": 0.9231433982683982,
    "average_noncat_accuracy": 0.9889705882352942,
    "joint_cat_accuracy": 0.7204301075268817,
    "joint_goal_accuracy": 0.6954121863799283,
    "joint_noncat_accuracy": 0.9606810035842293,
    "requested_slots_f1": 0.9880525686977298,
    "requested_slots_precision": 0.992831541218638,
    "requested_slots_recall": 0.985663082437276
  },
  "Hotels_4": {
    "active_intent_accuracy": 0.9678571428571429,
    "average_cat_accuracy": 0.7399691358024691,
    "average_goal_accuracy": 0.7235602817906189,
    "average_noncat_accuracy": 0.7361143790849674,
    "joint_cat_accuracy": 0.44285714285714284,
    "joint_goal_accuracy": 0.06855464285714287,
    "joint_noncat_accuracy": 0.12888357142857143,
    "requested_slots_f1": 0.9292857142857143,
    "requested_slots_precision": 0.9175595238095237,
    "requested_slots_recall": 0.9535714285714286
  },
  "Media_2": {
    "active_intent_accuracy": 0.9365079365079365,
    "average_cat_accuracy": 0.06060606060606061,
    "average_goal_accuracy": 0.743692439862543,
    "average_noncat_accuracy": 0.8725486827033219,
    "joint_cat_accuracy": 0.5079365079365079,
    "joint_goal_accuracy": 0.2076415873015873,
    "joint_noncat_accuracy": 0.2531539682539683,
    "requested_slots_f1": 0.9203174603174602,
    "requested_slots_precision": 0.9201058201058202,
    "requested_slots_recall": 0.926984126984127
  },
  "Movies_2": {
    "active_intent_accuracy": 0.9829545454545454,
    "average_goal_accuracy": 0.7320247933884297,
    "average_noncat_accuracy": 0.7320247933884297,
    "joint_goal_accuracy": 0.3237477272727273,
    "joint_noncat_accuracy": 0.3237477272727273,
    "requested_slots_f1": 0.8920454545454546,
    "requested_slots_precision": 0.9242424242424242,
    "requested_slots_recall": 0.8948863636363636
  },
  "Music_1": {
    "active_intent_accuracy": 0.9595141700404858,
    "average_cat_accuracy": 0.696078431372549,
    "average_goal_accuracy": 0.8314533965244866,
    "average_noncat_accuracy": 0.9026470588235294,
    "joint_cat_accuracy": 0.7408906882591093,
    "joint_goal_accuracy": 0.562753036437247,
    "joint_noncat_accuracy": 0.6963562753036437,
    "requested_slots_f1": 0.9946018893387314,
    "requested_slots_precision": 0.9939271255060729,
    "requested_slots_recall": 0.9979757085020243
  },
  "RentalCars_1": {
    "active_intent_accuracy": 0.9847560975609756,
    "average_cat_accuracy": 0.8974358974358975,
    "average_goal_accuracy": 0.8994297385620915,
    "average_noncat_accuracy": 0.8938481359649122,
    "joint_cat_accuracy": 0.9115853658536586,
    "joint_goal_accuracy": 0.549667987804878,
    "joint_noncat_accuracy": 0.5788143292682926,
    "requested_slots_f1": 0.9969512195121951,
    "requested_slots_precision": 1.0,
    "requested_slots_recall": 0.9969512195121951
  },
  "Restaurants_2": {
    "active_intent_accuracy": 0.6858054226475279,
    "average_cat_accuracy": 0.40382819794584496,
    "average_goal_accuracy": 0.7500501350024547,
    "average_noncat_accuracy": 0.8079401266551526,
    "joint_cat_accuracy": 0.6028708133971292,
    "joint_goal_accuracy": 0.22642679425837323,
    "joint_noncat_accuracy": 0.2753080318979267,
    "requested_slots_f1": 0.8869750132908027,
    "requested_slots_precision": 0.965178096757044,
    "requested_slots_recall": 0.886762360446571
  },
  "RideSharing_1": {
    "active_intent_accuracy": 0.9961089494163424,
    "average_cat_accuracy": 0.9630434782608696,
    "average_goal_accuracy": 0.8985154061624648,