{
  "#ALL_SERVICES": {
    "active_intent_accuracy": 0.9476861167002012,
    "average_cat_accuracy": 0.6743922538112896,
    "average_goal_accuracy": 0.7838503213474675,
    "average_noncat_accuracy": 0.8338337873775702,
    "joint_cat_accuracy": 0.589170208833857,
    "joint_goal_accuracy": 0.379222918175721,
    "joint_noncat_accuracy": 0.5937153058350101,
    "requested_slots_f1": 0.9135367762128325,
    "requested_slots_precision": 0.9764140397943216,
    "requested_slots_recall": 0.9162474849094567
  },
  "#SEEN_SERVICES": {
    "active_intent_accuracy": 0.987862440997977,
    "average_cat_accuracy": 0.8450879651253309,
    "average_goal_accuracy": 0.847639752311181,
    "average_noncat_accuracy": 0.8739271708683473,
    "joint_cat_accuracy": 0.7044002838892832,
    "joint_goal_accuracy": 0.5042107552258935,
    "joint_noncat_accuracy": 0.7258238368172624,
    "requested_slots_f1": 0.940402337603956,
    "requested_slots_precision": 0.9845470892335356,
    "requested_slots_recall": 0.946223870532704
  },
  "#UNSEEN_SERVICES": {
    "active_intent_accuracy": 0.9079386257505003,
    "average_cat_accuracy": 0.48244922969187676,
    "average_goal_accuracy": 0.7193759983075051,
    "average_noncat_accuracy": 0.7921977389924633,
    "joint_cat_accuracy": 0.46394138064018514,
    "joint_goal_accuracy": 0.25556917411607744,
    "joint_noncat_accuracy": 0.46301687258172114,
    "requested_slots_f1": 0.8869579719813209,
    "requested_slots_precision": 0.9683678007560597,
    "requested_slots_recall": 0.8865910607071381
  },
  "Alarm_1": {
    "active_intent_accuracy": 0.759825327510917,
    "average_goal_accuracy": 0.6582467532467532,
    "average_noncat_accuracy": 0.6582467532467532,
    "joint_goal_accuracy": 0.4234170305676856,
    "joint_noncat_accuracy": 0.4234170305676856,
    "requested_slots_f1": 1.0,
    "requested_slots_precision": 1.0,
    "requested_slots_recall": 1.0
  },
  "Banks_2": {
    "active_intent_accuracy": 0.9907120743034056,
    "average_cat_accuracy": 0.8089700996677741,
    "average_goal_accuracy": 0.7976190476190476,
    "average_noncat_accuracy": 0.6978021978021978,
    "joint_cat_accuracy": 0.7027863777089783,
    "joint_goal_accuracy": 0.5510835913312694,
    "joint_noncat_accuracy": 0.6780185758513931,
    "requested_slots_f1": 0.9009287925696594,
    "requested_slots_precision": 1.0,
    "requested_slots_recall": 0.9009287925696594
  },
  "Buses_1": {
    "active_intent_accuracy": 0.9946949602122016,
    "average_cat_accuracy": 1.0,
    "average_goal_accuracy": 0.9777275731822475,
    "average_noncat_accuracy": 0.9731357142857143,
    "joint_cat_accuracy": 0.9787798408488063,
    "joint_goal_accuracy": 0.8976657824933686,
    "joint_noncat_accuracy": 0.9188859416445623,
    "requested_slots_f1": 0.9787798408488063,
    "requested_slots_precision": 0.9721485411140584,
    "requested_slots_recall": 0.9973474801061007
  },
  "Events_1": {
    "active_intent_accuracy": 0.9904030710172744,
    "average_cat_accuracy": 0.9234234234234234,
    "average_goal_accuracy": 0.8589895615866389,
    "average_noncat_accuracy": 0.8212571530758226,
    "joint_cat_accuracy": 0.8982725527831094,
    "joint_goal_accuracy": 0.5035963531669866,
    "joint_noncat_accuracy": 0.537462763915547,
    "requested_slots_f1": 0.9379398592450415,
    "requested_slots_precision": 0.9980806142034548,
    "requested_slots_recall": 0.9347408829174664
  },
  "Flights_3": {
    "active_intent_accuracy": 0.806873977086743,
    "average_cat_accuracy": 0.681998556998557,
    "average_goal_accuracy": 0.8601355925086084,
    "average_noncat_accuracy": 0.9334753433208489,
    "joint_cat_accuracy": 0.3436988543371522,
    "joint_goal_accuracy": 0.21009819967266777,
    "joint_noncat_accuracy": 0.5523083469721768,
    "requested_slots_f1": 0.8805237315875614,
    "requested_slots_precision": 1.0,
    "requested_slots_recall": 0.8805237315875614
  },
  "Homes_1": {
    "active_intent_accuracy": 0.9846678023850085,
    "average_cat_accuracy": 0.9025641025641026,
    "average_goal_accuracy": 0.9080822228144989,
    "average_noncat_accuracy": 0.931812749003984,
    "joint_cat_accuracy": 0.2231686541737649,
    "joint_goal_accuracy": 0.19706984667802385,
    "joint_noncat_accuracy": 0.8566609880749574,
    "requested_slots_f1": 0.9592277115275413,
    "requested_slots_precision": 0.9457694491766041,
    "requested_slots_recall": 0.9846678023850085
  },
  "Hotels_1": {
    "active_intent_accuracy": 0.985663082437276,
    "average_cat_accuracy": 0.8427230046948356,
    "average_goal_accuracy": 0.928708152958153,
    "average_noncat_accuracy": 0.9654999999999999,
    "joint_cat_accuracy": 0.7383512544802867,
    "joint_goal_accuracy": 0.6495698924731182,
    "joint_noncat_accuracy": 0.8758422939068101,
    "requested_slots_f1": 0.8775388291517324,
    "requested_slots_precision": 0.9946236559139785,
    "requested_slots_recall": 0.8691756272401434
  },
  "Hotels_4": {
    "active_intent_accuracy": 0.9892857142857143,
    "average_cat_accuracy": 0.7662037037037037,
    "average_goal_accuracy": 0.7903999464954521,
    "average_noncat_accuracy": 0.8147124183006537,
    "joint_cat_accuracy": 0.5714285714285714,
    "joint_goal_accuracy": 0.24228107142857144,
    "joint_noncat_accuracy": 0.4073960714285715,
    "requested_slots_f1": 0.8851190476190477,
    "requested_slots_precision": 0.8946428571428572,
    "requested_slots_recall": 0.8839285714285714
  },
  "Media_2": {
    "active_intent_accuracy": 0.9047619047619048,
    "average_cat_accuracy": 0.18181818181818182,
    "average_goal_accuracy": 0.758680412371134,
    "average_noncat_accuracy": 0.8716523482245133,
    "joint_cat_accuracy": 0.5714285714285714,
    "joint_goal_accuracy": 0.2139374603174603,
    "joint_noncat_accuracy": 0.23835015873015872,
    "requested_slots_f1": 0.8857142857142857,
    "requested_slots_precision": 0.9619047619047619,
    "requested_slots_recall": 0.8857142857142857
  },
  "Movies_2": {
    "active_intent_accuracy": 0.9943181818181818,
    "average_goal_accuracy": 0.573732782369146,
    "average_noncat_accuracy": 0.573732782369146,
    "joint_goal_accuracy": 0.2662209318181818,
    "joint_noncat_accuracy": 0.2662209318181818,
    "requested_slots_f1": 0.8636363636363636,
    "requested_slots_precision": 0.9772727272727273,
    "requested_slots_recall": 0.8636363636363636
  },
  "Music_1": {
    "active_intent_accuracy": 0.97165991902834,
    "average_cat_accuracy": 0.6372549019607843,
    "average_goal_accuracy": 0.7770639810426541,
    "average_noncat_accuracy": 0.8796813725490196,
    "joint_cat_accuracy": 0.7004048582995951,
    "joint_goal_accuracy": 0.5037246963562753,
    "joint_noncat_accuracy": 0.6528744939271255,
    "requested_slots_f1": 0.9379217273954116,
    "requested_slots_precision": 1.0,
    "requested_slots_recall": 0.9331983805668016
  },
  "RentalCars_1": {
    "active_intent_accuracy": 0.9908536585365854,
    "average_cat_accuracy": 0.9025641025641026,
    "average_goal_accuracy": 0.7567058823529411,
    "average_noncat_accuracy": 0.7363996710526316,
    "joint_cat_accuracy": 0.9176829268292683,
    "joint_goal_accuracy": 0.2697707317073171,
    "joint_noncat_accuracy": 0.30635609756097565,
    "requested_slots_f1": 0.9939024390243902,
    "requested_slots_precision": 0.9969512195121951,
    "requested_slots_recall": 0.9969512195121951
  },
  "Restaurants_2": {
    "active_intent_accuracy": 0.9090909090909091,
    "average_cat_accuracy": 0.4215686274509804,
    "average_goal_accuracy": 0.5973649566355752,
    "average_noncat_accuracy": 0.6316286701208981,
    "joint_cat_accuracy": 0.6028708133971292,
    "joint_goal_accuracy": 0.22516746411483254,
    "joint_noncat_accuracy": 0.26807017543859646,
    "requested_slots_f1": 0.8728335991493886,
    "requested_slots_precision": 0.9213184476342372,
    "requested_slots_recall": 0.8716108452950558
  },
  "RideSharing_1": {
    "active_intent_accuracy": 0.9922178988326849,
    "average_cat_accuracy": 0.9869565217391304,