{
  "#ALL_SERVICES": {
    "active_intent_accuracy": 0.937625754527163,
    "average_cat_accuracy": 0.6584466419447877,
    "average_goal_accuracy": 0.7719032625755144,
    "average_noncat_accuracy": 0.8104113640786145,
    "joint_cat_accuracy": 0.6115320643134355,
    "joint_goal_accuracy": 0.37241646680080487,
    "joint_noncat_accuracy": 0.5513606945003354,
    "requested_slots_f1": 0.9227715499345277,
    "requested_slots_precision": 0.9633299798792757,
    "requested_slots_recall": 0.9334339369550637
  },
  "#SEEN_SERVICES": {
    "active_intent_accuracy": 0.9477410654079569,
    "average_cat_accuracy": 0.7730032695002336,
    "average_goal_accuracy": 0.8132882260596546,
    "average_noncat_accuracy": 0.8339613572701807,
    "joint_cat_accuracy": 0.670333569907736,
    "joint_goal_accuracy": 0.4477418071476736,
    "joint_noncat_accuracy": 0.6609252528658125,
    "requested_slots_f1": 0.9475387727579232,
    "requested_slots_precision": 0.9692065632726455,
    "requested_slots_recall": 0.9634187457855697
  },
  "#UNSEEN_SERVICES": {
    "active_intent_accuracy": 0.9276184122748499,
    "average_cat_accuracy": 0.5296306022408963,
    "average_goal_accuracy": 0.730073958498616,
    "average_noncat_accuracy": 0.7859552426285865,
    "joint_cat_accuracy": 0.547628229849595,
    "joint_goal_accuracy": 0.2978951327551701,
    "joint_noncat_accuracy": 0.4429656044029353,
    "requested_slots_f1": 0.8982686870612153,
    "requested_slots_precision": 0.9575161218590171,
    "requested_slots_recall": 0.9037691794529686
  },
  "Alarm_1": {
    "active_intent_accuracy": 0.7379912663755459,
    "average_goal_accuracy": 0.6597077922077922,
    "average_noncat_accuracy": 0.6597077922077922,
    "joint_goal_accuracy": 0.27649781659388645,
    "joint_noncat_accuracy": 0.27649781659388645,
    "requested_slots_f1": 1.0,
    "requested_slots_precision": 1.0,
    "requested_slots_recall": 1.0
  },
  "Banks_2": {
    "active_intent_accuracy": 0.9938080495356038,
    "average_cat_accuracy": 0.8920265780730897,
    "average_goal_accuracy": 0.8050193798449612,
    "average_noncat_accuracy": 0.5785439560439561,
    "joint_cat_accuracy": 0.7925696594427245,
    "joint_goal_accuracy": 0.4644272445820433,
    "joint_noncat_accuracy": 0.5272136222910216,
    "requested_slots_f1": 0.9009287925696594,
    "requested_slots_precision": 1.0,
    "requested_slots_recall": 0.9009287925696594
  },
  "Buses_1": {
    "active_intent_accuracy": 0.986737400530504,
    "average_cat_accuracy": 0.956,
    "average_goal_accuracy": 0.8613866855524079,
    "average_noncat_accuracy": 0.8370309523809524,
    "joint_cat_accuracy": 0.9628647214854111,
    "joint_goal_accuracy": 0.5577835543766578,
    "joint_noncat_accuracy": 0.5896137931034483,
    "requested_slots_f1": 0.9773651635720602,
    "requested_slots_precision": 0.967285587975243,
    "requested_slots_recall": 1.0
  },
  "Events_1": {
    "active_intent_accuracy": 0.9213051823416507,
    "average_cat_accuracy": 0.9538288288288288,
    "average_goal_accuracy": 0.8742052887961029,
    "average_noncat_accuracy": 0.829508226037196,
    "joint_cat_accuracy": 0.9500959692898272,
    "joint_goal_accuracy": 0.5962763915547025,
    "joint_noncat_accuracy": 0.6173896353166985,
    "requested_slots_f1": 0.9699296225207933,
    "requested_slots_precision": 0.980806142034549,
    "requested_slots_recall": 0.9683301343570058
  },
  "Flights_3": {
    "active_intent_accuracy": 0.9198036006546645,
    "average_cat_accuracy": 0.672979797979798,
    "average_goal_accuracy": 0.8200334467120182,
    "average_noncat_accuracy": 0.8925905118601748,
    "joint_cat_accuracy": 0.5155482815057283,
    "joint_goal_accuracy": 0.33106792144026187,
    "joint_noncat_accuracy": 0.6238769230769231,
    "requested_slots_f1": 0.8805237315875614,
    "requested_slots_precision": 1.0,
    "requested_slots_recall": 0.8805237315875614
  },
  "Homes_1": {
    "active_intent_accuracy": 0.9437819420783645,
    "average_cat_accuracy": 0.8919871794871794,
    "average_goal_accuracy": 0.9050262526652453,
    "average_noncat_accuracy": 0.9381274900398405,
    "joint_cat_accuracy": 0.37137989778534924,
    "joint_goal_accuracy": 0.2981260647359455,
    "joint_noncat_accuracy": 0.8052640545144804,
    "requested_slots_f1": 0.9477001703577512,
    "requested_slots_precision": 0.9434980124929018,
    "requested_slots_recall": 0.9838160136286201
  },
  "Hotels_1": {
    "active_intent_accuracy": 0.9498207885304659,
    "average_cat_accuracy": 0.6956181533646322,
    "average_goal_accuracy": 0.8826993145743146,
    "average_noncat_accuracy": 0.9782418300653596,
    "joint_cat_accuracy": 0.5878136200716846,
    "joint_goal_accuracy": 0.5342293906810036,
    "joint_noncat_accuracy": 0.8812903225806452,
    "requested_slots_f1": 0.8971326164874552,
    "requested_slots_precision": 0.9504181600955793,
    "requested_slots_recall": 0.910394265232975
  },
  "Hotels_4": {
    "active_intent_accuracy": 0.9892857142857143,
    "average_cat_accuracy": 0.7121913580246914,
    "average_goal_accuracy": 0.7559446227929375,
    "average_noncat_accuracy": 0.7769575163398693,
    "joint_cat_accuracy": 0.5678571428571428,
    "joint_goal_accuracy": 0.26830308571428574,
    "joint_noncat_accuracy": 0.3951877285714286,
    "requested_slots_f1": 0.8982482993197278,
    "requested_slots_precision": 0.8969047619047618,
    "requested_slots_recall": 0.9446428571428571
  },
  "Media_2": {
    "active_intent_accuracy": 0.9047619047619048,
    "average_cat_accuracy": 0.10909090909090909,
    "average_goal_accuracy": 0.6392863688430699,
    "average_noncat_accuracy": 0.7389977090492554,
    "joint_cat_accuracy": 0.526984126984127,
    "joint_goal_accuracy": 0.1918440634920635,
    "joint_noncat_accuracy": 0.19497588571428567,
    "requested_slots_f1": 0.8825396825396825,
    "requested_slots_precision": 0.8920634920634921,
    "requested_slots_recall": 0.8857142857142857
  },
  "Movies_2": {
    "active_intent_accuracy": 0.9943181818181818,
    "average_goal_accuracy": 0.45577134986225903,
    "average_noncat_accuracy": 0.45577134986225903,
    "joint_goal_accuracy": 0.3178500795454546,
    "joint_noncat_accuracy": 0.3178500795454546,
    "requested_slots_f1": 0.9119318181818182,
    "requested_slots_precision": 0.9005681818181818,
    "requested_slots_recall": 0.9375
  },
  "Music_1": {
    "active_intent_accuracy": 0.979757085020243,
    "average_cat_accuracy": 0.673202614379085,
    "average_goal_accuracy": 0.8039091627172196,
    "average_noncat_accuracy": 0.8970588235294118,
    "joint_cat_accuracy": 0.6234817813765182,
    "joint_goal_accuracy": 0.5303643724696356,
    "joint_noncat_accuracy": 0.7616194331983805,
    "requested_slots_f1": 0.9460188933873144,
    "requested_slots_precision": 0.951417004048583,
    "requested_slots_recall": 0.979757085020243
  },
  "RentalCars_1": {
    "active_intent_accuracy": 0.8536585365853658,
    "average_cat_accuracy": 0.29743589743589743,
    "average_goal_accuracy": 0.6951274509803922,
    "average_noncat_accuracy": 0.7415542763157895,
    "joint_cat_accuracy": 0.5762195121951219,
    "joint_goal_accuracy": 0.1583463414634146,
    "joint_noncat_accuracy": 0.2303344512195122,
    "requested_slots_f1": 0.9786585365853658,
    "requested_slots_precision": 0.9969512195121951,
    "requested_slots_recall": 0.9817073170731707
  },
  "Restaurants_2": {
    "active_intent_accuracy": 0.9537480063795853,
    "average_cat_accuracy": 0.49626517273576093,
    "average_goal_accuracy": 0.7481900057273769,
    "average_noncat_accuracy": 0.7902170408750719,
    "joint_cat_accuracy": 0.6539074960127592,
    "joint_goal_accuracy": 0.333451355661882,
    "joint_noncat_accuracy": 0.41971275917065387,
    "requested_slots_f1": 0.8639021796916533,
    "requested_slots_precision": 0.9537480063795853,
    "requested_slots_recall": 0.8628389154704944
  },
  "RideSharing_1": {
    "active_intent_accuracy": 0.9961089494163424,
    "average_cat_accuracy": 0.9130434782608695,