{
  "#ALL_SERVICES": {
    "active_intent_accuracy": 0.9297451374916164,
    "average_cat_accuracy": 0.6814173877214668,
    "average_goal_accuracy": 0.8062324508333991,
    "average_noncat_accuracy": 0.8454170396315756,
    "joint_cat_accuracy": 0.6943263722047681,
    "joint_goal_accuracy": 0.5008834842387659,
    "joint_noncat_accuracy": 0.6473773306505701,
    "requested_slots_f1": 0.9441713774711762,
    "requested_slots_precision": 0.9858065057008719,
    "requested_slots_recall": 0.9476861167002012
  },
  "#SEEN_SERVICES": {
    "active_intent_accuracy": 0.9895482130815914,
    "average_cat_accuracy": 0.8668846333489024,
    "average_goal_accuracy": 0.8610766352694924,
    "average_noncat_accuracy": 0.8711341354723707,
    "joint_cat_accuracy": 0.8733144073811213,
    "joint_goal_accuracy": 0.6595585974376263,
    "joint_noncat_accuracy": 0.7364163182737693,
    "requested_slots_f1": 0.9804338053495167,
    "requested_slots_precision": 0.9958417621937515,
    "requested_slots_recall": 0.9826365475387727
  },
  "#UNSEEN_SERVICES": {
    "active_intent_accuracy": 0.8705803869246164,
    "average_cat_accuracy": 0.47286414565826335,
    "average_goal_accuracy": 0.75079941732339,
    "average_noncat_accuracy": 0.8187104323681077,
    "joint_cat_accuracy": 0.49980717315850365,
    "joint_goal_accuracy": 0.3439020346897932,
    "joint_noncat_accuracy": 0.5592887258172115,
    "requested_slots_f1": 0.9082960068617173,
    "requested_slots_precision": 0.9758783633533467,
    "requested_slots_recall": 0.9131087391594396
  },
  "Alarm_1": {
    "active_intent_accuracy": 0.8034934497816594,
    "average_goal_accuracy": 0.7487987012987013,
    "average_noncat_accuracy": 0.7487987012987013,
    "joint_goal_accuracy": 0.5437082969432314,
    "joint_noncat_accuracy": 0.5437082969432314,
    "requested_slots_f1": 1.0,
    "requested_slots_precision": 1.0,
    "requested_slots_recall": 1.0
  },
  "Banks_2": {
    "active_intent_accuracy": 0.9907120743034056,
    "average_cat_accuracy": 0.915282392026578,
    "average_goal_accuracy": 0.7983942414174973,
    "average_noncat_accuracy": 0.5016483516483518,
    "joint_cat_accuracy": 0.8544891640866873,
    "joint_goal_accuracy": 0.49226006191950467,
    "joint_noncat_accuracy": 0.5015479876160991,
    "requested_slots_f1": 0.9009287925696594,
    "requested_slots_precision": 1.0,
    "requested_slots_recall": 0.9009287925696594
  },
  "Buses_1": {
    "active_intent_accuracy": 0.986737400530504,
    "average_cat_accuracy": 0.972,
    "average_goal_accuracy": 0.9117266288951841,
    "average_noncat_accuracy": 0.8962476190476191,
    "joint_cat_accuracy": 0.9814323607427056,
    "joint_goal_accuracy": 0.7004058355437666,
    "joint_noncat_accuracy": 0.7083633952254642,
    "requested_slots_f1": 0.9902740937223695,
    "requested_slots_precision": 0.9946949602122016,
    "requested_slots_recall": 0.9880636604774535
  },
  "Events_1": {
    "active_intent_accuracy": 0.9923224568138196,
    "average_cat_accuracy": 1.0,
    "average_goal_accuracy": 0.9140605427974947,
    "average_noncat_accuracy": 0.8723712446351932,
    "joint_cat_accuracy": 1.0,
    "joint_goal_accuracy": 0.6910364683301343,
    "joint_noncat_accuracy": 0.6910364683301343,
    "requested_slots_f1": 0.9955214331413949,
    "requested_slots_precision": 0.9990403071017274,
    "requested_slots_recall": 0.9961612284069098
  },
  "Flights_3": {
    "active_intent_accuracy": 0.9148936170212766,
    "average_cat_accuracy": 0.6002886002886003,
    "average_goal_accuracy": 0.8587278071722517,
    "average_noncat_accuracy": 0.9739325842696628,
    "joint_cat_accuracy": 0.46153846153846156,
    "joint_goal_accuracy": 0.4515063829787234,
    "joint_noncat_accuracy": 0.9344774140752865,
    "requested_slots_f1": 0.8816148390616475,
    "requested_slots_precision": 1.0,
    "requested_slots_recall": 0.881342062193126
  },
  "Homes_1": {
    "active_intent_accuracy": 0.9846678023850085,
    "average_cat_accuracy": 0.9807692307692307,
    "average_goal_accuracy": 0.9332549307036248,
    "average_noncat_accuracy": 0.9017828685258964,
    "joint_cat_accuracy": 0.959114139693356,
    "joint_goal_accuracy": 0.7658432708688245,
    "joint_noncat_accuracy": 0.7862862010221465,
    "requested_slots_f1": 0.9965928449744463,
    "requested_slots_precision": 0.9965928449744463,
    "requested_slots_recall": 1.0
  },
  "Hotels_1": {
    "active_intent_accuracy": 0.982078853046595,
    "average_cat_accuracy": 0.9225352112676056,
    "average_goal_accuracy": 0.8966233766233765,
    "average_noncat_accuracy": 0.8781470588235295,
    "joint_cat_accuracy": 0.8960573476702509,
    "joint_goal_accuracy": 0.5904301075268817,
    "joint_noncat_accuracy": 0.6298566308243728,
    "requested_slots_f1": 0.9874551971326165,
    "requested_slots_precision": 0.9910394265232975,
    "requested_slots_recall": 0.9910394265232975
  },
  "Hotels_4": {
    "active_intent_accuracy": 0.9892857142857143,
    "average_cat_accuracy": 0.8472222222222222,
    "average_goal_accuracy": 0.7289963438558943,
    "average_noncat_accuracy": 0.6709052287581698,
    "joint_cat_accuracy": 0.5035714285714286,
    "joint_goal_accuracy": 0.203,
    "joint_noncat_accuracy": 0.3465714285714286,
    "requested_slots_f1": 0.9328741496598638,
    "requested_slots_precision": 0.9338690476190477,
    "requested_slots_recall": 0.95
  },
  "Media_2": {
    "active_intent_accuracy": 0.9396825396825397,
    "average_cat_accuracy": 0.15757575757575756,
    "average_goal_accuracy": 0.7668459335624285,
    "average_noncat_accuracy": 0.8829352806414662,
    "joint_cat_accuracy": 0.5587301587301587,
    "joint_goal_accuracy": 0.2969993650793651,
    "joint_noncat_accuracy": 0.50048,
    "requested_slots_f1": 0.9160846560846561,
    "requested_slots_precision": 0.9486772486772486,
    "requested_slots_recall": 0.9222222222222223
  },
  "Movies_2": {
    "active_intent_accuracy": 0.9829545454545454,
    "average_goal_accuracy": 0.7448209366391185,
    "average_noncat_accuracy": 0.7448209366391185,
    "joint_goal_accuracy": 0.3687357954545455,
    "joint_noncat_accuracy": 0.3687357954545455,
    "requested_slots_f1": 0.90625,
    "requested_slots_precision": 0.9356060606060606,
    "requested_slots_recall": 0.9176136363636364
  },
  "Music_1": {
    "active_intent_accuracy": 0.9838056680161943,
    "average_cat_accuracy": 0.7026143790849673,
    "average_goal_accuracy": 0.7348696682464455,
    "average_noncat_accuracy": 0.7542156862745099,
    "joint_cat_accuracy": 0.7408906882591093,
    "joint_goal_accuracy": 0.5052631578947369,
    "joint_noncat_accuracy": 0.6960323886639675,
    "requested_slots_f1": 0.9838056680161943,
    "requested_slots_precision": 0.9838056680161943,
    "requested_slots_recall": 1.0
  },
  "RentalCars_1": {
    "active_intent_accuracy": 0.9939024390243902,
    "average_cat_accuracy": 0.7333333333333333,
    "average_goal_accuracy": 0.9011023965141614,
    "average_noncat_accuracy": 0.9162335526315788,
    "joint_cat_accuracy": 0.8170731707317073,
    "joint_goal_accuracy": 0.6519786585365853,
    "joint_noncat_accuracy": 0.685515243902439,
    "requested_slots_f1": 1.0,
    "requested_slots_precision": 1.0,
    "requested_slots_recall": 1.0
  },
  "Restaurants_2": {
    "active_intent_accuracy": 0.8644338118022329,
    "average_cat_accuracy": 0.38795518207282914,
    "average_goal_accuracy": 0.7340788127965963,
    "average_noncat_accuracy": 0.7950284974093265,
    "joint_cat_accuracy": 0.6172248803827751,
    "joint_goal_accuracy": 0.3546194577352472,
    "joint_noncat_accuracy": 0.4333594896331739,
    "requested_slots_f1": 0.908240297713982,
    "requested_slots_precision": 0.958054226475279,
    "requested_slots_recall": 0.9218500797448166
  },
  "RideSharing_1": {
    "active_intent_accuracy": 1.0,
    "average_cat_accuracy": 0.9217391304347826,
    "average_goal_accuracy": 0.9061204481792717,
    "average_noncat_accuracy": 0.8813744075829384,
    "joint_cat_accuracy": 0.8638132295719845,