{
  "#ALL_SERVICES": {
    "active_intent_accuracy": 0.9424882629107981,
    "average_cat_accuracy": 0.6235475896168109,
    "average_goal_accuracy": 0.7167248204750507,
    "average_noncat_accuracy": 0.763936952714536,
    "joint_cat_accuracy": 0.6416558861578266,
    "joint_goal_accuracy": 0.3966334171696848,
    "joint_noncat_accuracy": 0.5350109820590208,
    "requested_slots_f1": 0.92458081824279,
    "requested_slots_precision": 0.9704337133914599,
    "requested_slots_recall": 0.9296613011401744
  },
  "#SEEN_SERVICES": {
    "active_intent_accuracy": 0.9753877275792313,
    "average_cat_accuracy": 0.8187762727697337,
    "average_goal_accuracy": 0.7795007849293563,
    "average_noncat_accuracy": 0.8030131779984719,
    "joint_cat_accuracy": 0.7881476224272533,
    "joint_goal_accuracy": 0.5296257680377613,
    "joint_noncat_accuracy": 0.6604851072151044,
    "requested_slots_f1": 0.950708024275118,
    "requested_slots_precision": 0.9778040008990786,
    "requested_slots_recall": 0.9581928523263655
  },
  "#UNSEEN_SERVICES": {
    "active_intent_accuracy": 0.9099399599733156,
    "average_cat_accuracy": 0.40401785714285715,
    "average_goal_accuracy": 0.6532748452953933,
    "average_noncat_accuracy": 0.7233571995239984,
    "joint_cat_accuracy": 0.4824527574238334,
    "joint_goal_accuracy": 0.2650605977318212,
    "joint_noncat_accuracy": 0.4108761404269513,
    "requested_slots_f1": 0.8987324883255502,
    "requested_slots_precision": 0.9631420947298199,
    "requested_slots_recall": 0.9014342895263509
  },
  "Alarm_1": {
    "active_intent_accuracy": 0.8995633187772926,
    "average_goal_accuracy": 0.6189935064935065,
    "average_noncat_accuracy": 0.6189935064935065,
    "joint_goal_accuracy": 0.3781135371179039,
    "joint_noncat_accuracy": 0.3781135371179039,
    "requested_slots_f1": 1.0,
    "requested_slots_precision": 1.0,
    "requested_slots_recall": 1.0
  },
  "Banks_2": {
    "active_intent_accuracy": 0.9876160990712074,
    "average_cat_accuracy": 0.9651162790697675,
    "average_goal_accuracy": 0.9012070874861572,
    "average_noncat_accuracy": 0.7439835164835165,
    "joint_cat_accuracy": 0.9195046439628483,
    "joint_goal_accuracy": 0.6808668730650155,
    "joint_noncat_accuracy": 0.7269659442724459,
    "requested_slots_f1": 0.9009287925696594,
    "requested_slots_precision": 1.0,
    "requested_slots_recall": 0.9009287925696594
  },
  "Buses_1": {
    "active_intent_accuracy": 0.9946949602122016,
    "average_cat_accuracy": 0.924,
    "average_goal_accuracy": 0.8374254013220019,
    "average_noncat_accuracy": 0.8135452380952382,
    "joint_cat_accuracy": 0.9496021220159151,
    "joint_goal_accuracy": 0.548301326259947,
    "joint_noncat_accuracy": 0.5858610079575597,
    "requested_slots_f1": 0.980548187444739,
    "requested_slots_precision": 0.9708222811671088,
    "requested_slots_recall": 1.0
  },
  "Events_1": {
    "active_intent_accuracy": 0.9289827255278311,
    "average_cat_accuracy": 0.9099099099099099,
    "average_goal_accuracy": 0.8442967988865693,
    "average_noncat_accuracy": 0.8095994277539341,
    "joint_cat_accuracy": 0.8829174664107485,
    "joint_goal_accuracy": 0.5068890595009597,
    "joint_noncat_accuracy": 0.5360191938579654,
    "requested_slots_f1": 0.9737683941138835,
    "requested_slots_precision": 0.9980806142034548,
    "requested_slots_recall": 0.9702495201535508
  },
  "Flights_3": {
    "active_intent_accuracy": 0.7659574468085106,
    "average_cat_accuracy": 0.6444805194805194,
    "average_goal_accuracy": 0.8383426975728562,
    "average_noncat_accuracy": 0.9266666666666666,
    "joint_cat_accuracy": 0.4909983633387889,
    "joint_goal_accuracy": 0.21969394435351883,
    "joint_noncat_accuracy": 0.4017595744680851,
    "requested_slots_f1": 0.8805237315875614,
    "requested_slots_precision": 1.0,
    "requested_slots_recall": 0.8805237315875614
  },
  "Homes_1": {
    "active_intent_accuracy": 0.9948892674616695,
    "average_cat_accuracy": 0.9605769230769231,
    "average_goal_accuracy": 0.9574225746268656,
    "average_noncat_accuracy": 0.9642496679946878,
    "joint_cat_accuracy": 0.9403747870528109,
    "joint_goal_accuracy": 0.8768994889267462,
    "joint_noncat_accuracy": 0.9295229982964225,
    "requested_slots_f1": 0.956785917092561,
    "requested_slots_precision": 0.9525837592277114,
    "requested_slots_recall": 0.9727427597955707
  },
  "Hotels_1": {
    "active_intent_accuracy": 0.989247311827957,
    "average_cat_accuracy": 0.8075117370892019,
    "average_goal_accuracy": 0.9220276875901876,
    "average_noncat_accuracy": 0.973545751633987,
    "joint_cat_accuracy": 0.5555555555555556,
    "joint_goal_accuracy": 0.526594982078853,
    "joint_noncat_accuracy": 0.9205519713261648,
    "requested_slots_f1": 0.8727598566308243,
    "requested_slots_precision": 0.9731182795698925,
    "requested_slots_recall": 0.8745519713261649
  },
  "Hotels_4": {
    "active_intent_accuracy": 1.0,
    "average_cat_accuracy": 0.6566358024691359,
    "average_goal_accuracy": 0.7941449973247727,
    "average_noncat_accuracy": 0.8661143790849674,
    "joint_cat_accuracy": 0.5928571428571429,
    "joint_goal_accuracy": 0.3041778571428571,
    "joint_noncat_accuracy": 0.45681142857142853,
    "requested_slots_f1": 0.8914285714285715,
    "requested_slots_precision": 0.8827380952380952,
    "requested_slots_recall": 0.9285714285714286
  },
  "Media_2": {
    "active_intent_accuracy": 0.8825396825396825,
    "average_cat_accuracy": 0.13333333333333333,
    "average_goal_accuracy": 0.2558499427262314,
    "average_noncat_accuracy": 0.29083333333333333,
    "joint_cat_accuracy": 0.546031746031746,
    "joint_goal_accuracy": 0.09514285714285714,
    "joint_noncat_accuracy": 0.09722285714285714,
    "requested_slots_f1": 0.8857142857142857,
    "requested_slots_precision": 0.8920634920634921,
    "requested_slots_recall": 0.8857142857142857
  },
  "Movies_2": {
    "active_intent_accuracy": 0.9943181818181818,
    "average_goal_accuracy": 0.3731404958677686,
    "average_noncat_accuracy": 0.3731404958677686,
    "joint_goal_accuracy": 0.3158623409090909,
    "joint_noncat_accuracy": 0.3158623409090909,
    "requested_slots_f1": 0.8759469696969696,
    "requested_slots_precision": 0.9261363636363636,
    "requested_slots_recall": 0.8778409090909091
  },
  "Music_1": {
    "active_intent_accuracy": 0.9635627530364372,
    "average_cat_accuracy": 0.7091503267973857,
    "average_goal_accuracy": 0.8084265402843601,
    "average_noncat_accuracy": 0.8636764705882353,
    "joint_cat_accuracy": 0.757085020242915,
    "joint_goal_accuracy": 0.5524757085020243,
    "joint_noncat_accuracy": 0.6725161943319837,
    "requested_slots_f1": 0.9541160593792173,
    "requested_slots_precision": 0.9615384615384616,
    "requested_slots_recall": 0.9595141700404858
  },
  "RentalCars_1": {
    "active_intent_accuracy": 0.9542682926829268,
    "average_cat_accuracy": 0.958974358974359,
    "average_goal_accuracy": 0.8997799564270152,
    "average_noncat_accuracy": 0.8890027412280702,
    "joint_cat_accuracy": 0.948170731707317,
    "joint_goal_accuracy": 0.4610284390243903,
    "joint_noncat_accuracy": 0.4898333170731708,
    "requested_slots_f1": 0.9969512195121951,
    "requested_slots_precision": 1.0,
    "requested_slots_recall": 0.9969512195121951
  },
  "Restaurants_2": {
    "active_intent_accuracy": 0.9090909090909091,
    "average_cat_accuracy": 0.04808590102707749,
    "average_goal_accuracy": 0.6081451890034365,
    "average_noncat_accuracy": 0.7035408750719633,
    "joint_cat_accuracy": 0.44976076555023925,
    "joint_goal_accuracy": 0.23792519936204148,
    "joint_noncat_accuracy": 0.32271547049441784,
    "requested_slots_f1": 0.8728867623604465,
    "requested_slots_precision": 0.9590643274853802,
    "requested_slots_recall": 0.8740031897926634
  },
  "RideSharing_1": {
    "active_intent_accuracy": 0.9961089494163424,
    "average_cat_accuracy": 0.6347826086956522,