{
  "#ALL_SERVICES": {
    "active_intent_accuracy": 0.932260228034876,
    "average_cat_accuracy": 0.6956530696332922,
    "average_goal_accuracy": 0.8025642519574577,
    "average_noncat_accuracy": 0.8385936628397223,
    "joint_cat_accuracy": 0.709111070042506,
    "joint_goal_accuracy": 0.4915933433936954,
    "joint_noncat_accuracy": 0.6315226190476192,
    "requested_slots_f1": 0.9468505477308293,
    "requested_slots_precision": 0.9842667113793874,
    "requested_slots_recall": 0.949111334674715
  },
  "#SEEN_SERVICES": {
    "active_intent_accuracy": 0.9892110586648685,
    "average_cat_accuracy": 0.8911723493694536,
    "average_goal_accuracy": 0.8687976103261819,
    "average_noncat_accuracy": 0.8686198115609882,
    "joint_cat_accuracy": 0.8928317955997161,
    "joint_goal_accuracy": 0.6647441672285908,
    "joint_noncat_accuracy": 0.7396025623735671,
    "requested_slots_f1": 0.985288828950326,
    "requested_slots_precision": 0.9966284558327714,
    "requested_slots_recall": 0.9863452461227242
  },
  "#UNSEEN_SERVICES": {
    "active_intent_accuracy": 0.875917278185457,
    "average_cat_accuracy": 0.475796568627451,
    "average_goal_accuracy": 0.7356197616403095,
    "average_noncat_accuracy": 0.8074122041517916,
    "joint_cat_accuracy": 0.5094485152333205,
    "joint_goal_accuracy": 0.3202906937958639,
    "joint_noncat_accuracy": 0.5245962975316878,
    "requested_slots_f1": 0.9088225483655771,
    "requested_slots_precision": 0.9720369134978876,
    "requested_slots_recall": 0.9122748498999332
  },
  "Alarm_1": {
    "active_intent_accuracy": 0.74235807860262,
    "average_goal_accuracy": 0.7272727272727273,
    "average_noncat_accuracy": 0.7272727272727273,
    "joint_goal_accuracy": 0.5223449781659388,
    "joint_noncat_accuracy": 0.5223449781659388,
    "requested_slots_f1": 1.0,
    "requested_slots_precision": 1.0,
    "requested_slots_recall": 1.0
  },
  "Banks_2": {
    "active_intent_accuracy": 0.978328173374613,
    "average_cat_accuracy": 0.9136212624584718,
    "average_goal_accuracy": 0.8499446290143964,
    "average_noncat_accuracy": 0.6730769230769231,
    "joint_cat_accuracy": 0.8421052631578947,
    "joint_goal_accuracy": 0.5913312693498453,
    "joint_noncat_accuracy": 0.6625386996904025,
    "requested_slots_f1": 0.9009287925696594,
    "requested_slots_precision": 1.0,
    "requested_slots_recall": 0.9009287925696594
  },
  "Buses_1": {
    "active_intent_accuracy": 0.9920424403183024,
    "average_cat_accuracy": 1.0,
    "average_goal_accuracy": 0.9255802644003777,
    "average_noncat_accuracy": 0.9088571428571429,
    "joint_cat_accuracy": 1.0,
    "joint_goal_accuracy": 0.7455835543766579,
    "joint_noncat_accuracy": 0.7455835543766579,
    "requested_slots_f1": 0.9929266136162688,
    "requested_slots_precision": 0.993368700265252,
    "requested_slots_recall": 0.993368700265252
  },
  "Events_1": {
    "active_intent_accuracy": 0.9904030710172744,
    "average_cat_accuracy": 0.9887387387387387,
    "average_goal_accuracy": 0.9009098816979819,
    "average_noncat_accuracy": 0.8567739628040058,
    "joint_cat_accuracy": 0.9904030710172744,
    "joint_goal_accuracy": 0.6840115163147793,
    "joint_noncat_accuracy": 0.6897696737044146,
    "requested_slots_f1": 0.9936020473448496,
    "requested_slots_precision": 0.9952015355086372,
    "requested_slots_recall": 0.9961612284069098
  },
  "Flights_3": {
    "active_intent_accuracy": 0.8903436988543372,
    "average_cat_accuracy": 0.6733405483405484,
    "average_goal_accuracy": 0.8709040900310742,
    "average_noncat_accuracy": 0.9624516229712856,
    "joint_cat_accuracy": 0.4500818330605565,
    "joint_goal_accuracy": 0.41322487725040913,
    "joint_noncat_accuracy": 0.8939004909983632,
    "requested_slots_f1": 0.88379705400982,
    "requested_slots_precision": 1.0,
    "requested_slots_recall": 0.8829787234042553
  },
  "Homes_1": {
    "active_intent_accuracy": 0.989778534923339,
    "average_cat_accuracy": 1.0,
    "average_goal_accuracy": 0.9409737029140014,
    "average_noncat_accuracy": 0.8975099601593625,
    "joint_cat_accuracy": 0.969335604770017,
    "joint_goal_accuracy": 0.7700170357751278,
    "joint_noncat_accuracy": 0.787052810902896,
    "requested_slots_f1": 1.0,
    "requested_slots_precision": 1.0,
    "requested_slots_recall": 1.0
  },
  "Hotels_1": {
    "active_intent_accuracy": 0.974910394265233,
    "average_cat_accuracy": 0.9272300469483568,
    "average_goal_accuracy": 0.8988203463203464,
    "average_noncat_accuracy": 0.8747058823529412,
    "joint_cat_accuracy": 0.9068100358422939,
    "joint_goal_accuracy": 0.5985663082437276,
    "joint_noncat_accuracy": 0.6344086021505376,
    "requested_slots_f1": 0.9952210274790919,
    "requested_slots_precision": 0.996415770609319,
    "requested_slots_recall": 0.9946236559139785
  },
  "Hotels_4": {
    "active_intent_accuracy": 0.9892857142857143,
    "average_cat_accuracy": 0.7723765432098766,
    "average_goal_accuracy": 0.7487838416265382,
    "average_noncat_accuracy": 0.7480424836601306,
    "joint_cat_accuracy": 0.675,
    "joint_goal_accuracy": 0.11891214285714286,
    "joint_noncat_accuracy": 0.1607792857142857,
    "requested_slots_f1": 0.9287499999999999,
    "requested_slots_precision": 0.9491071428571428,
    "requested_slots_recall": 0.9428571428571428
  },
  "Media_2": {
    "active_intent_accuracy": 0.9492063492063492,
    "average_cat_accuracy": 0.07272727272727272,
    "average_goal_accuracy": 0.4631030927835052,
    "average_noncat_accuracy": 0.5470733104238259,
    "joint_cat_accuracy": 0.5142857142857142,
    "joint_goal_accuracy": 0.09969968253968255,
    "joint_noncat_accuracy": 0.11550285714285714,
    "requested_slots_f1": 0.9164021164021163,
    "requested_slots_precision": 0.9380952380952381,
    "requested_slots_recall": 0.9238095238095239
  },
  "Movies_2": {
    "active_intent_accuracy": 0.9715909090909091,
    "average_goal_accuracy": 0.748595041322314,
    "average_noncat_accuracy": 0.748595041322314,
    "joint_goal_accuracy": 0.3674755681818182,
    "joint_noncat_accuracy": 0.3674755681818182,
    "requested_slots_f1": 0.9053030303030302,
    "requested_slots_precision": 0.9270833333333333,
    "requested_slots_recall": 0.9176136363636364
  },
  "Music_1": {
    "active_intent_accuracy": 0.979757085020243,
    "average_cat_accuracy": 0.6633986928104575,
    "average_goal_accuracy": 0.7393364928909952,
    "average_noncat_accuracy": 0.7735294117647059,
    "joint_cat_accuracy": 0.6882591093117408,
    "joint_goal_accuracy": 0.5052631578947369,
    "joint_noncat_accuracy": 0.7279352226720648,
    "requested_slots_f1": 1.0,
    "requested_slots_precision": 1.0,
    "requested_slots_recall": 1.0
  },
  "RentalCars_1": {
    "active_intent_accuracy": 0.9969512195121951,
    "average_cat_accuracy": 0.8564102564102564,
    "average_goal_accuracy": 0.8979183006535949,
    "average_noncat_accuracy": 0.8974506578947368,
    "joint_cat_accuracy": 0.8841463414634146,
    "joint_goal_accuracy": 0.6031371951219513,
    "joint_noncat_accuracy": 0.6465518292682927,
    "requested_slots_f1": 0.9969512195121951,
    "requested_slots_precision": 0.9969512195121951,
    "requested_slots_recall": 1.0
  },
  "Restaurants_2": {
    "active_intent_accuracy": 0.6889952153110048,
    "average_cat_accuracy": 0.39215686274509803,
    "average_goal_accuracy": 0.754971199476354,
    "average_noncat_accuracy": 0.8189657455382844,
    "joint_cat_accuracy": 0.6188197767145136,
    "joint_goal_accuracy": 0.3728191387559809,
    "joint_noncat_accuracy": 0.45829696969696976,
    "requested_slots_f1": 0.9063264221158958,
    "requested_slots_precision": 0.9405901116427432,
    "requested_slots_recall": 0.9154704944178629
  },
  "RideSharing_1": {
    "active_intent_accuracy": 1.0,
    "average_cat_accuracy": 0.9956521739130435,
    "average_goal_accuracy": 0.9296358543417367,
    "average_noncat_accuracy": 0.8130805687203791,
    "joint_cat_accuracy": 0.9922178988326849,