{
  "#ALL_SERVICES": {
    "active_intent_accuracy": 0.9533869885982562,
    "average_cat_accuracy": 0.6958590852904821,
    "average_goal_accuracy": 0.8141078662177447,
    "average_noncat_accuracy": 0.8549031588506194,
    "joint_cat_accuracy": 0.7030123821844391,
    "joint_goal_accuracy": 0.49026467136150237,
    "joint_noncat_accuracy": 0.6097643695506371,
    "requested_slots_f1": 0.9386988598256203,
    "requested_slots_precision": 0.9814023027051197,
    "requested_slots_recall": 0.942739771965124
  },
  "#SEEN_SERVICES": {
    "active_intent_accuracy": 0.9855023600809171,
    "average_cat_accuracy": 0.8621360734859099,
    "average_goal_accuracy": 0.8612587476016049,
    "average_noncat_accuracy": 0.8734215686274509,
    "joint_cat_accuracy": 0.8679914833215047,
    "joint_goal_accuracy": 0.6557578219824679,
    "joint_noncat_accuracy": 0.7426324005394469,
    "requested_slots_f1": 0.9717015059563947,
    "requested_slots_precision": 0.9889862890537199,
    "requested_slots_recall": 0.9762306136210385
  },
  "#UNSEEN_SERVICES": {
    "active_intent_accuracy": 0.9216144096064043,
    "average_cat_accuracy": 0.5088848039215687,
    "average_goal_accuracy": 0.766450736940463,
    "average_noncat_accuracy": 0.8356722200185114,
    "joint_cat_accuracy": 0.5237177015040494,
    "joint_goal_accuracy": 0.32653795863909274,
    "joint_noncat_accuracy": 0.4783145430286858,
    "requested_slots_f1": 0.9060484767622861,
    "requested_slots_precision": 0.9738992661774516,
    "requested_slots_recall": 0.909606404269513
  },
  "Alarm_1": {
    "active_intent_accuracy": 0.7991266375545851,
    "average_goal_accuracy": 0.75237012987013,
    "average_noncat_accuracy": 0.75237012987013,
    "joint_goal_accuracy": 0.5221834061135372,
    "joint_noncat_accuracy": 0.5221834061135372,
    "requested_slots_f1": 1.0,
    "requested_slots_precision": 1.0,
    "requested_slots_recall": 1.0
  },
  "Banks_2": {
    "active_intent_accuracy": 0.978328173374613,
    "average_cat_accuracy": 0.9119601328903655,
    "average_goal_accuracy": 0.8529900332225914,
    "average_noncat_accuracy": 0.6840659340659341,
    "joint_cat_accuracy": 0.8452012383900929,
    "joint_goal_accuracy": 0.5913312693498453,
    "joint_noncat_accuracy": 0.6811145510835913,
    "requested_slots_f1": 0.9009287925696594,
    "requested_slots_precision": 1.0,
    "requested_slots_recall": 0.9009287925696594
  },
  "Buses_1": {
    "active_intent_accuracy": 0.9946949602122016,
    "average_cat_accuracy": 1.0,
    "average_goal_accuracy": 0.9350382436260622,
    "average_noncat_accuracy": 0.9212404761904762,
    "joint_cat_accuracy": 0.9973474801061007,
    "joint_goal_accuracy": 0.7460344827586207,
    "joint_noncat_accuracy": 0.7486870026525199,
    "requested_slots_f1": 0.9699381078691424,
    "requested_slots_precision": 0.9774535809018567,
    "requested_slots_recall": 0.9787798408488063
  },
  "Events_1": {
    "active_intent_accuracy": 0.9788867562380038,
    "average_cat_accuracy": 1.0,
    "average_goal_accuracy": 0.9012247738343772,
    "average_noncat_accuracy": 0.8532528612303291,
    "joint_cat_accuracy": 1.0,
    "joint_goal_accuracy": 0.7112476007677543,
    "joint_noncat_accuracy": 0.7112476007677543,
    "requested_slots_f1": 0.9814459373000638,
    "requested_slots_precision": 0.9980806142034548,
    "requested_slots_recall": 0.982725527831094
  },
  "Flights_3": {
    "active_intent_accuracy": 0.9263502454991817,
    "average_cat_accuracy": 0.6102092352092352,
    "average_goal_accuracy": 0.8404007726547408,
    "average_noncat_accuracy": 0.944708177278402,
    "joint_cat_accuracy": 0.4402618657937807,
    "joint_goal_accuracy": 0.2779926350245499,
    "joint_noncat_accuracy": 0.6306898527004909,
    "requested_slots_f1": 0.8805237315875614,
    "requested_slots_precision": 1.0,
    "requested_slots_recall": 0.8805237315875614
  },
  "Homes_1": {
    "active_intent_accuracy": 0.9829642248722317,
    "average_cat_accuracy": 0.975,
    "average_goal_accuracy": 0.924816986496091,
    "average_noncat_accuracy": 0.8921945551128818,
    "joint_cat_accuracy": 0.9625212947189097,
    "joint_goal_accuracy": 0.7604599659284497,
    "joint_noncat_accuracy": 0.7809028960817717,
    "requested_slots_f1": 0.9887563884156729,
    "requested_slots_precision": 0.9835320840431574,
    "requested_slots_recall": 1.0
  },
  "Hotels_1": {
    "active_intent_accuracy": 0.974910394265233,
    "average_cat_accuracy": 0.7973395931142411,
    "average_goal_accuracy": 0.8442568542568543,
    "average_noncat_accuracy": 0.8747058823529412,
    "joint_cat_accuracy": 0.7204301075268817,
    "joint_goal_accuracy": 0.5125448028673835,
    "joint_noncat_accuracy": 0.6344086021505376,
    "requested_slots_f1": 0.992831541218638,
    "requested_slots_precision": 0.992831541218638,
    "requested_slots_recall": 0.992831541218638
  },
  "Hotels_4": {
    "active_intent_accuracy": 0.9821428571428571,
    "average_cat_accuracy": 0.8009259259259259,
    "average_goal_accuracy": 0.7642964151952917,
    "average_noncat_accuracy": 0.7497254901960785,
    "joint_cat_accuracy": 0.5285714285714286,
    "joint_goal_accuracy": 0.10502857142857143,
    "joint_noncat_accuracy": 0.17221678571428573,
    "requested_slots_f1": 0.9260714285714287,
    "requested_slots_precision": 0.9363095238095237,
    "requested_slots_recall": 0.95
  },
  "Media_2": {
    "active_intent_accuracy": 0.9301587301587302,
    "average_cat_accuracy": 0.06060606060606061,
    "average_goal_accuracy": 0.7340887743413518,
    "average_noncat_accuracy": 0.8651632302405499,
    "joint_cat_accuracy": 0.4984126984126984,
    "joint_goal_accuracy": 0.20304793650793654,
    "joint_noncat_accuracy": 0.26673333333333327,
    "requested_slots_f1": 0.8978835978835978,
    "requested_slots_precision": 0.9222222222222223,
    "requested_slots_recall": 0.9
  },
  "Movies_2": {
    "active_intent_accuracy": 1.0,
    "average_goal_accuracy": 0.7400413223140496,
    "average_noncat_accuracy": 0.7400413223140496,
    "joint_goal_accuracy": 0.4162590909090909,
    "joint_noncat_accuracy": 0.4162590909090909,
    "requested_slots_f1": 0.8986742424242423,
    "requested_slots_precision": 0.9441287878787878,
    "requested_slots_recall": 0.9090909090909091
  },
  "Music_1": {
    "active_intent_accuracy": 0.9757085020242915,
    "average_cat_accuracy": 0.6895424836601307,
    "average_goal_accuracy": 0.7203554502369669,
    "average_noncat_accuracy": 0.7386029411764706,
    "joint_cat_accuracy": 0.7408906882591093,
    "joint_goal_accuracy": 0.4589068825910931,
    "joint_noncat_accuracy": 0.6694331983805668,
    "requested_slots_f1": 0.9919028340080972,
    "requested_slots_precision": 0.9898785425101214,
    "requested_slots_recall": 0.9979757085020243
  },
  "RentalCars_1": {
    "active_intent_accuracy": 0.9878048780487805,
    "average_cat_accuracy": 0.7487179487179487,
    "average_goal_accuracy": 0.8910473856209151,
    "average_noncat_accuracy": 0.9018618421052633,
    "joint_cat_accuracy": 0.8201219512195121,
    "joint_goal_accuracy": 0.5670509146341463,
    "joint_noncat_accuracy": 0.6324167682926829,
    "requested_slots_f1": 1.0,
    "requested_slots_precision": 1.0,
    "requested_slots_recall": 1.0
  },
  "Restaurants_2": {
    "active_intent_accuracy": 0.8803827751196173,
    "average_cat_accuracy": 0.39355742296918766,
    "average_goal_accuracy": 0.7406355547373589,
    "average_noncat_accuracy": 0.7997058146229131,
    "joint_cat_accuracy": 0.6188197767145136,
    "joint_goal_accuracy": 0.37194194577352474,
    "joint_noncat_accuracy": 0.4412794258373205,
    "requested_slots_f1": 0.9107389686337054,
    "requested_slots_precision": 0.9583997873471559,
    "requested_slots_recall": 0.9178628389154705
  },
  "RideSharing_1": {
    "active_intent_accuracy": 1.0,
    "average_cat_accuracy": 0.9717391304347827,
    "average_goal_accuracy": 0.9282282913165267,
    "average_noncat_accuracy": 0.8503317535545023,
    "joint_cat_accuracy": 0.953307392996109,