{
  "#ALL_SERVICES": {
    "active_intent_accuracy": 0.880617035546613,
    "average_cat_accuracy": 0.6533168520807582,
    "average_goal_accuracy": 0.7615410342741405,
    "average_noncat_accuracy": 0.8037167412596485,
    "joint_cat_accuracy": 0.674921456292737,
    "joint_goal_accuracy": 0.41597481556002686,
    "joint_noncat_accuracy": 0.5267776492287056,
    "requested_slots_f1": 0.9216689023027053,
    "requested_slots_precision": 0.9720685222445786,
    "requested_slots_recall": 0.9282360831656606
  },
  "#SEEN_SERVICES": {
    "active_intent_accuracy": 0.9436952124072825,
    "average_cat_accuracy": 0.8063988790284914,
    "average_goal_accuracy": 0.8247376068376069,
    "average_noncat_accuracy": 0.8450222179781004,
    "joint_cat_accuracy": 0.8119233498935415,
    "joint_goal_accuracy": 0.5660472016183412,
    "joint_noncat_accuracy": 0.6781828725556305,
    "requested_slots_f1": 0.9445830523713193,
    "requested_slots_precision": 0.980782198246797,
    "requested_slots_recall": 0.9554956169925826
  },
  "#UNSEEN_SERVICES": {
    "active_intent_accuracy": 0.8182121414276184,
    "average_cat_accuracy": 0.4811799719887956,
    "average_goal_accuracy": 0.6976659350152501,
    "average_noncat_accuracy": 0.7608219621843184,
    "joint_cat_accuracy": 0.5260316236020054,
    "joint_goal_accuracy": 0.26750426951300865,
    "joint_noncat_accuracy": 0.37698849232821885,
    "requested_slots_f1": 0.8989993328885924,
    "requested_slots_precision": 0.9634478541249724,
    "requested_slots_recall": 0.9012675116744496
  },
  "Alarm_1": {
    "active_intent_accuracy": 0.6986899563318777,
    "average_goal_accuracy": 0.6131818181818183,
    "average_noncat_accuracy": 0.6131818181818183,
    "joint_goal_accuracy": 0.41138951965065507,
    "joint_noncat_accuracy": 0.41138951965065507,
    "requested_slots_f1": 1.0,
    "requested_slots_precision": 1.0,
    "requested_slots_recall": 1.0
  },
  "Banks_2": {
    "active_intent_accuracy": 0.8885448916408669,
    "average_cat_accuracy": 0.9318936877076412,
    "average_goal_accuracy": 0.8387541528239202,
    "average_noncat_accuracy": 0.6203846153846153,
    "joint_cat_accuracy": 0.891640866873065,
    "joint_goal_accuracy": 0.5942105263157895,
    "joint_noncat_accuracy": 0.6468421052631579,
    "requested_slots_f1": 0.9009287925696594,
    "requested_slots_precision": 1.0,
    "requested_slots_recall": 0.9009287925696594
  },
  "Buses_1": {
    "active_intent_accuracy": 0.9045092838196287,
    "average_cat_accuracy": 0.976,
    "average_goal_accuracy": 0.8993404154863079,
    "average_noncat_accuracy": 0.8802309523809525,
    "joint_cat_accuracy": 0.9840848806366048,
    "joint_goal_accuracy": 0.6259445623342176,
    "joint_noncat_accuracy": 0.6273238726790451,
    "requested_slots_f1": 0.9782493368700266,
    "requested_slots_precision": 0.9712643678160918,
    "requested_slots_recall": 0.9973474801061007
  },
  "Events_1": {
    "active_intent_accuracy": 0.9558541266794626,
    "average_cat_accuracy": 0.9887387387387387,
    "average_goal_accuracy": 0.8687623521224773,
    "average_noncat_accuracy": 0.8101627324749642,
    "joint_cat_accuracy": 0.9884836852207294,
    "joint_goal_accuracy": 0.5909980806142034,
    "joint_noncat_accuracy": 0.5948368522072937,
    "requested_slots_f1": 0.980806142034549,
    "requested_slots_precision": 0.9990403071017274,
    "requested_slots_recall": 0.9788867562380038
  },
  "Flights_3": {
    "active_intent_accuracy": 0.690671031096563,
    "average_cat_accuracy": 0.5699855699855699,
    "average_goal_accuracy": 0.8033598723439993,
    "average_noncat_accuracy": 0.9147893258426966,
    "joint_cat_accuracy": 0.4533551554828151,
    "joint_goal_accuracy": 0.16085106382978723,
    "joint_noncat_accuracy": 0.31073993453355153,
    "requested_slots_f1": 0.8827059465357339,
    "requested_slots_precision": 1.0,
    "requested_slots_recall": 0.8821603927986906
  },
  "Homes_1": {
    "active_intent_accuracy": 0.9642248722316865,
    "average_cat_accuracy": 0.9464743589743589,
    "average_goal_accuracy": 0.9093188077469793,
    "average_noncat_accuracy": 0.892566401062417,
    "joint_cat_accuracy": 0.9063032367972743,
    "joint_goal_accuracy": 0.7219250425894378,
    "joint_noncat_accuracy": 0.7866609880749574,
    "requested_slots_f1": 0.9724020442930152,
    "requested_slots_precision": 0.9628052243043727,
    "requested_slots_recall": 0.9965928449744463
  },
  "Hotels_1": {
    "active_intent_accuracy": 0.9713261648745519,
    "average_cat_accuracy": 0.529733959311424,
    "average_goal_accuracy": 0.7412851731601732,
    "average_noncat_accuracy": 0.8719117647058823,
    "joint_cat_accuracy": 0.5197132616487455,
    "joint_goal_accuracy": 0.34767025089605735,
    "joint_noncat_accuracy": 0.6241935483870968,
    "requested_slots_f1": 0.9224611708482676,
    "requested_slots_precision": 0.941457586618877,
    "requested_slots_recall": 0.946236559139785
  },
  "Hotels_4": {
    "active_intent_accuracy": 0.9535714285714286,
    "average_cat_accuracy": 0.5933641975308641,
    "average_goal_accuracy": 0.6385149812734082,
    "average_noncat_accuracy": 0.6806633986928105,
    "joint_cat_accuracy": 0.42857142857142855,
    "joint_goal_accuracy": 0.074415,
    "joint_noncat_accuracy": 0.12056357142857141,
    "requested_slots_f1": 0.8847619047619049,
    "requested_slots_precision": 0.9354166666666666,
    "requested_slots_recall": 0.9160714285714285
  },
  "Media_2": {
    "active_intent_accuracy": 0.9142857142857143,
    "average_cat_accuracy": 0.10909090909090909,
    "average_goal_accuracy": 0.4635607101947308,
    "average_noncat_accuracy": 0.5410194730813288,
    "joint_cat_accuracy": 0.5333333333333333,
    "joint_goal_accuracy": 0.08346539682539682,
    "joint_noncat_accuracy": 0.0939415873015873,
    "requested_slots_f1": 0.8857142857142857,
    "requested_slots_precision": 0.9015873015873016,
    "requested_slots_recall": 0.8857142857142857
  },
  "Movies_2": {
    "active_intent_accuracy": 0.9943181818181818,
    "average_goal_accuracy": 0.7372038567493113,
    "average_noncat_accuracy": 0.7372038567493113,
    "joint_goal_accuracy": 0.39836249999999995,
    "joint_noncat_accuracy": 0.39836249999999995,
    "requested_slots_f1": 0.9035984848484848,
    "requested_slots_precision": 0.918560606060606,
    "requested_slots_recall": 0.9204545454545454
  },
  "Music_1": {
    "active_intent_accuracy": 0.8623481781376519,
    "average_cat_accuracy": 0.6601307189542484,
    "average_goal_accuracy": 0.674498420221169,
    "average_noncat_accuracy": 0.6800490196078433,
    "joint_cat_accuracy": 0.659919028340081,
    "joint_goal_accuracy": 0.4682995951417004,
    "joint_noncat_accuracy": 0.6590688259109313,
    "requested_slots_f1": 0.9784075573549257,
    "requested_slots_precision": 0.9696356275303644,
    "requested_slots_recall": 1.0
  },
  "RentalCars_1": {
    "active_intent_accuracy": 0.8719512195121951,
    "average_cat_accuracy": 0.6256410256410256,
    "average_goal_accuracy": 0.7935816993464052,
    "average_noncat_accuracy": 0.8057752192982456,
    "joint_cat_accuracy": 0.7530487804878049,
    "joint_goal_accuracy": 0.3165048780487805,
    "joint_noncat_accuracy": 0.361640243902439,
    "requested_slots_f1": 0.9085365853658537,
    "requested_slots_precision": 1.0,
    "requested_slots_recall": 0.9085365853658537
  },
  "Restaurants_2": {
    "active_intent_accuracy": 0.6889952153110048,
    "average_cat_accuracy": 0.38422035480859007,
    "average_goal_accuracy": 0.7003622156766487,
    "average_noncat_accuracy": 0.7604455958549223,
    "joint_cat_accuracy": 0.6188197767145136,
    "joint_goal_accuracy": 0.3190909090909091,
    "joint_noncat_accuracy": 0.4022488038277512,
    "requested_slots_f1": 0.8752259436469962,
    "requested_slots_precision": 0.9471026049973419,
    "requested_slots_recall": 0.8732057416267942
  },
  "RideSharing_1": {
    "active_intent_accuracy": 1.0,
    "average_cat_accuracy": 0.9369565217391305,