{
  "#ALL_SERVICES": {
    "active_intent_accuracy": 0.9404761904761905,
    "average_cat_accuracy": 0.6929130613926657,
    "average_goal_accuracy": 0.8157824920430333,
    "average_noncat_accuracy": 0.8551153272361679,
    "joint_cat_accuracy": 0.6985769728331177,
    "joint_goal_accuracy": 0.5021602280348759,
    "joint_noncat_accuracy": 0.6486217806841046,
    "requested_slots_f1": 0.9439542013988694,
    "requested_slots_precision": 0.9822043371339146,
    "requested_slots_recall": 0.9483568075117371
  },
  "#SEEN_SERVICES": {
    "active_intent_accuracy": 0.9881995954146999,
    "average_cat_accuracy": 0.8779386579479994,
    "average_goal_accuracy": 0.8700309523809525,
    "average_noncat_accuracy": 0.8734602750190986,
    "joint_cat_accuracy": 0.8594748048261178,
    "joint_goal_accuracy": 0.6636321308159137,
    "joint_noncat_accuracy": 0.7487400202292651,
    "requested_slots_f1": 0.9822544391998203,
    "requested_slots_precision": 0.9953922229714544,
    "requested_slots_recall": 0.9846594740391099
  },
  "#UNSEEN_SERVICES": {
    "active_intent_accuracy": 0.8932621747831888,
    "average_cat_accuracy": 0.48485644257703076,
    "average_goal_accuracy": 0.7609515787803459,
    "average_noncat_accuracy": 0.8360645246595266,
    "joint_cat_accuracy": 0.5237177015040494,
    "joint_goal_accuracy": 0.34241184122748497,
    "joint_noncat_accuracy": 0.5495721814543029,
    "requested_slots_f1": 0.9060627720067347,
    "requested_slots_precision": 0.9691572159217255,
    "requested_slots_recall": 0.9124416277518346
  },
  "Alarm_1": {
    "active_intent_accuracy": 0.7685589519650655,
    "average_goal_accuracy": 0.6598376623376624,
    "average_noncat_accuracy": 0.6598376623376624,
    "joint_goal_accuracy": 0.5249737991266376,
    "joint_noncat_accuracy": 0.5249737991266376,
    "requested_slots_f1": 1.0,
    "requested_slots_precision": 1.0,
    "requested_slots_recall": 1.0
  },
  "Banks_2": {
    "active_intent_accuracy": 0.978328173374613,
    "average_cat_accuracy": 0.9584717607973422,
    "average_goal_accuracy": 0.8792912513842746,
    "average_noncat_accuracy": 0.6868131868131868,
    "joint_cat_accuracy": 0.9226006191950464,
    "joint_goal_accuracy": 0.6160990712074303,
    "joint_noncat_accuracy": 0.6687306501547987,
    "requested_slots_f1": 0.9009287925696594,
    "requested_slots_precision": 1.0,
    "requested_slots_recall": 0.9009287925696594
  },
  "Buses_1": {
    "active_intent_accuracy": 0.9920424403183024,
    "average_cat_accuracy": 0.996,
    "average_goal_accuracy": 0.9224235127478754,
    "average_noncat_accuracy": 0.9053190476190477,
    "joint_cat_accuracy": 0.9920424403183024,
    "joint_goal_accuracy": 0.7240198938992043,
    "joint_noncat_accuracy": 0.7319774535809019,
    "requested_slots_f1": 0.9938107869142351,
    "requested_slots_precision": 0.9946949602122016,
    "requested_slots_recall": 0.993368700265252
  },
  "Events_1": {
    "active_intent_accuracy": 0.9846449136276392,
    "average_cat_accuracy": 1.0,
    "average_goal_accuracy": 0.9135250521920667,
    "average_noncat_accuracy": 0.8718150929899858,
    "joint_cat_accuracy": 1.0,
    "joint_goal_accuracy": 0.7294625719769674,
    "joint_noncat_accuracy": 0.7294625719769674,
    "requested_slots_f1": 0.9865642994241842,
    "requested_slots_precision": 0.9884836852207294,
    "requested_slots_recall": 0.9961612284069098
  },
  "Flights_3": {
    "active_intent_accuracy": 0.8854337152209493,
    "average_cat_accuracy": 0.6533189033189033,
    "average_goal_accuracy": 0.8478775930125136,
    "average_noncat_accuracy": 0.9439528714107366,
    "joint_cat_accuracy": 0.4664484451718494,
    "joint_goal_accuracy": 0.3916536824877251,
    "joint_noncat_accuracy": 0.8553819967266777,
    "requested_slots_f1": 0.8827059465357336,
    "requested_slots_precision": 1.0,
    "requested_slots_recall": 0.8821603927986906
  },
  "Homes_1": {
    "active_intent_accuracy": 0.9863713798977853,
    "average_cat_accuracy": 0.9721153846153846,
    "average_goal_accuracy": 0.9211576048329779,
    "average_noncat_accuracy": 0.8892098273572377,
    "joint_cat_accuracy": 0.9403747870528109,
    "joint_goal_accuracy": 0.7444633730834753,
    "joint_noncat_accuracy": 0.768313458262351,
    "requested_slots_f1": 1.0,
    "requested_slots_precision": 1.0,
    "requested_slots_recall": 1.0
  },
  "Hotels_1": {
    "active_intent_accuracy": 0.967741935483871,
    "average_cat_accuracy": 0.7816901408450704,
    "average_goal_accuracy": 0.840029761904762,
    "average_noncat_accuracy": 0.8726960784313725,
    "joint_cat_accuracy": 0.6917562724014337,
    "joint_goal_accuracy": 0.46953405017921146,
    "joint_noncat_accuracy": 0.6241935483870968,
    "requested_slots_f1": 0.9958183990442057,
    "requested_slots_precision": 0.9982078853046595,
    "requested_slots_recall": 0.9946236559139785
  },
  "Hotels_4": {
    "active_intent_accuracy": 0.9821428571428571,
    "average_cat_accuracy": 0.7862654320987654,
    "average_goal_accuracy": 0.75241189584448,
    "average_noncat_accuracy": 0.7482026143790851,
    "joint_cat_accuracy": 0.6321428571428571,
    "joint_goal_accuracy": 0.1860285714285714,
    "joint_noncat_accuracy": 0.26235714285714284,
    "requested_slots_f1": 0.9135544217687075,
    "requested_slots_precision": 0.9214285714285714,
    "requested_slots_recall": 0.9392857142857143
  },
  "Media_2": {
    "active_intent_accuracy": 0.9492063492063492,
    "average_cat_accuracy": 0.1393939393939394,
    "average_goal_accuracy": 0.7971368843069874,
    "average_noncat_accuracy": 0.9171649484536082,
    "joint_cat_accuracy": 0.5492063492063493,
    "joint_goal_accuracy": 0.27849142857142856,
    "joint_noncat_accuracy": 0.41190857142857146,
    "requested_slots_f1": 0.9206349206349206,
    "requested_slots_precision": 0.9380952380952381,
    "requested_slots_recall": 0.9333333333333333
  },
  "Movies_2": {
    "active_intent_accuracy": 1.0,
    "average_goal_accuracy": 0.7206473829201102,
    "average_noncat_accuracy": 0.7206473829201102,
    "joint_goal_accuracy": 0.3715369318181818,
    "joint_noncat_accuracy": 0.3715369318181818,
    "requested_slots_f1": 0.9053030303030302,
    "requested_slots_precision": 0.9100378787878788,
    "requested_slots_recall": 0.9176136363636364
  },
  "Music_1": {
    "active_intent_accuracy": 0.979757085020243,
    "average_cat_accuracy": 0.7222222222222222,
    "average_goal_accuracy": 0.760308056872038,
    "average_noncat_accuracy": 0.7702205882352942,
    "joint_cat_accuracy": 0.7368421052631579,
    "joint_goal_accuracy": 0.5789473684210527,
    "joint_noncat_accuracy": 0.742914979757085,
    "requested_slots_f1": 0.9905533063427799,
    "requested_slots_precision": 0.9919028340080972,
    "requested_slots_recall": 0.9979757085020243
  },
  "RentalCars_1": {
    "active_intent_accuracy": 1.0,
    "average_cat_accuracy": 0.717948717948718,
    "average_goal_accuracy": 0.8857587145969498,
    "average_noncat_accuracy": 0.9010877192982457,
    "joint_cat_accuracy": 0.8079268292682927,
    "joint_goal_accuracy": 0.5944786585365853,
    "joint_noncat_accuracy": 0.6509420731707317,
    "requested_slots_f1": 0.9969512195121951,
    "requested_slots_precision": 1.0,
    "requested_slots_recall": 0.9969512195121951
  },
  "Restaurants_2": {
    "active_intent_accuracy": 0.7607655502392344,
    "average_cat_accuracy": 0.39215686274509803,
    "average_goal_accuracy": 0.7413834069710359,
    "average_noncat_accuracy": 0.8006007484168106,
    "joint_cat_accuracy": 0.6236044657097288,
    "joint_goal_accuracy": 0.3649569377990431,
    "joint_noncat_accuracy": 0.43924577352472094,
    "requested_slots_f1": 0.8972582972582972,
    "requested_slots_precision": 0.9439659755449228,
    "requested_slots_recall": 0.9122807017543859
  },
  "RideSharing_1": {
    "active_intent_accuracy": 1.0,
    "average_cat_accuracy": 0.9695652173913043,
    "average_goal_accuracy": 0.9346498599439775,
    "average_noncat_accuracy": 0.8641706161137441,