{
  "#ALL_SERVICES": {
    "active_intent_accuracy": 0.9349429912810194,
    "average_cat_accuracy": 0.6812525751957148,
    "average_goal_accuracy": 0.8305590547211336,
    "average_noncat_accuracy": 0.8880025621067652,
    "joint_cat_accuracy": 0.6919238588061356,
    "joint_goal_accuracy": 0.5506537726358149,
    "joint_noncat_accuracy": 0.7087894366197183,
    "requested_slots_f1": 0.945032895787423,
    "requested_slots_precision": 0.983408786049631,
    "requested_slots_recall": 0.9471830985915493
  },
  "#SEEN_SERVICES": {
    "active_intent_accuracy": 0.9851652056641942,
    "average_cat_accuracy": 0.8805075509886346,
    "average_goal_accuracy": 0.9028403715332288,
    "average_noncat_accuracy": 0.933555576776165,
    "joint_cat_accuracy": 0.8825408090844571,
    "joint_goal_accuracy": 0.78165947403911,
    "joint_noncat_accuracy": 0.8796148685097774,
    "requested_slots_f1": 0.9807709597662395,
    "requested_slots_precision": 0.9960103394021128,
    "requested_slots_recall": 0.98229939312205
  },
  "#UNSEEN_SERVICES": {
    "active_intent_accuracy": 0.885256837891928,
    "average_cat_accuracy": 0.4571953781512605,
    "average_goal_accuracy": 0.7575016704571499,
    "average_noncat_accuracy": 0.8406968134338225,
    "joint_cat_accuracy": 0.4847666795217894,
    "joint_goal_accuracy": 0.32211377585056705,
    "joint_noncat_accuracy": 0.539787358238826,
    "requested_slots_f1": 0.909676292131262,
    "requested_slots_precision": 0.9709417389370691,
    "requested_slots_recall": 0.9124416277518346
  },
  "Alarm_1": {
    "active_intent_accuracy": 0.759825327510917,
    "average_goal_accuracy": 0.6500324675324676,
    "average_noncat_accuracy": 0.6500324675324676,
    "joint_goal_accuracy": 0.45703056768558953,
    "joint_noncat_accuracy": 0.45703056768558953,
    "requested_slots_f1": 1.0,
    "requested_slots_precision": 1.0,
    "requested_slots_recall": 1.0
  },
  "Banks_2": {
    "active_intent_accuracy": 0.9535603715170279,
    "average_cat_accuracy": 0.9119601328903655,
    "average_goal_accuracy": 0.8485603543743079,
    "average_noncat_accuracy": 0.6565934065934066,
    "joint_cat_accuracy": 0.8359133126934984,
    "joint_goal_accuracy": 0.5913312693498453,
    "joint_noncat_accuracy": 0.6563467492260062,
    "requested_slots_f1": 0.9009287925696594,
    "requested_slots_precision": 1.0,
    "requested_slots_recall": 0.9009287925696594
  },
  "Buses_1": {
    "active_intent_accuracy": 0.9946949602122016,
    "average_cat_accuracy": 1.0,
    "average_goal_accuracy": 0.9738824362606233,
    "average_noncat_accuracy": 0.9689190476190477,
    "joint_cat_accuracy": 1.0,
    "joint_goal_accuracy": 0.9144827586206896,
    "joint_noncat_accuracy": 0.9144827586206896,
    "requested_slots_f1": 0.9946949602122016,
    "requested_slots_precision": 0.9960212201591512,
    "requested_slots_recall": 0.9946949602122016
  },
  "Events_1": {
    "active_intent_accuracy": 0.9923224568138196,
    "average_cat_accuracy": 1.0,
    "average_goal_accuracy": 0.9555772442588726,
    "average_noncat_accuracy": 0.9362625178826894,
    "joint_cat_accuracy": 1.0,
    "joint_goal_accuracy": 0.8235508637236084,
    "joint_noncat_accuracy": 0.8235508637236084,
    "requested_slots_f1": 0.9929622520793346,
    "requested_slots_precision": 0.9990403071017274,
    "requested_slots_recall": 0.9932821497120922
  },
  "Flights_3": {
    "active_intent_accuracy": 0.9509001636661211,
    "average_cat_accuracy": 0.6648629148629149,
    "average_goal_accuracy": 0.7894428907365415,
    "average_noncat_accuracy": 0.8538654806491884,
    "joint_cat_accuracy": 0.5040916530278232,
    "joint_goal_accuracy": 0.31304484451718495,
    "joint_noncat_accuracy": 0.5940641571194764,
    "requested_slots_f1": 0.8805237315875614,
    "requested_slots_precision": 1.0,
    "requested_slots_recall": 0.8805237315875614
  },
  "Homes_1": {
    "active_intent_accuracy": 0.989778534923339,
    "average_cat_accuracy": 0.9971153846153846,
    "average_goal_accuracy": 0.9880643212508884,
    "average_noncat_accuracy": 0.9815737051792829,
    "joint_cat_accuracy": 0.9829642248722317,
    "joint_goal_accuracy": 0.9510051107325384,
    "joint_noncat_accuracy": 0.9578194207836457,
    "requested_slots_f1": 0.9982964224872232,
    "requested_slots_precision": 0.9982964224872232,
    "requested_slots_recall": 1.0
  },
  "Hotels_1": {
    "active_intent_accuracy": 0.967741935483871,
    "average_cat_accuracy": 0.7660406885758999,
    "average_goal_accuracy": 0.9180135281385282,
    "average_noncat_accuracy": 0.9849183006535949,
    "joint_cat_accuracy": 0.6845878136200717,
    "joint_goal_accuracy": 0.6574910394265233,
    "joint_noncat_accuracy": 0.9541290322580646,
    "requested_slots_f1": 0.9946236559139785,
    "requested_slots_precision": 0.9946236559139785,
    "requested_slots_recall": 0.9946236559139785
  },
  "Hotels_4": {
    "active_intent_accuracy": 0.9571428571428572,
    "average_cat_accuracy": 0.66820987654321,
    "average_goal_accuracy": 0.8116358123773855,
    "average_noncat_accuracy": 0.8799705882352941,
    "joint_cat_accuracy": 0.4107142857142857,
    "joint_goal_accuracy": 0.135595,
    "joint_noncat_accuracy": 0.29956214285714283,
    "requested_slots_f1": 0.9301190476190476,
    "requested_slots_precision": 0.9395833333333332,
    "requested_slots_recall": 0.9428571428571428
  },
  "Media_2": {
    "active_intent_accuracy": 0.9428571428571428,
    "average_cat_accuracy": 0.0,
    "average_goal_accuracy": 0.7382308132875142,
    "average_noncat_accuracy": 0.8792926689576176,
    "joint_cat_accuracy": 0.47619047619047616,
    "joint_goal_accuracy": 0.25428571428571434,
    "joint_noncat_accuracy": 0.44041269841269837,
    "requested_slots_f1": 0.9047619047619048,
    "requested_slots_precision": 0.9126984126984127,
    "requested_slots_recall": 0.9079365079365079
  },
  "Movies_2": {
    "active_intent_accuracy": 0.9545454545454546,
    "average_goal_accuracy": 0.672396694214876,
    "average_noncat_accuracy": 0.672396694214876,
    "joint_goal_accuracy": 0.3663187500000001,
    "joint_noncat_accuracy": 0.3663187500000001,
    "requested_slots_f1": 0.9090909090909091,
    "requested_slots_precision": 0.918560606060606,
    "requested_slots_recall": 0.9119318181818182
  },
  "Music_1": {
    "active_intent_accuracy": 0.9473684210526315,
    "average_cat_accuracy": 0.6633986928104575,
    "average_goal_accuracy": 0.8055489731437598,
    "average_noncat_accuracy": 0.8883088235294118,
    "joint_cat_accuracy": 0.7165991902834008,
    "joint_goal_accuracy": 0.6125910931174089,
    "joint_noncat_accuracy": 0.8478947368421053,
    "requested_slots_f1": 0.9892037786774628,
    "requested_slots_precision": 0.9878542510121457,
    "requested_slots_recall": 1.0
  },
  "RentalCars_1": {
    "active_intent_accuracy": 0.9908536585365854,
    "average_cat_accuracy": 0.9179487179487179,
    "average_goal_accuracy": 0.9473148148148148,
    "average_noncat_accuracy": 0.9487971491228071,
    "joint_cat_accuracy": 0.9237804878048781,
    "joint_goal_accuracy": 0.7958865853658535,
    "joint_noncat_accuracy": 0.8450137195121951,
    "requested_slots_f1": 0.9969512195121951,
    "requested_slots_precision": 1.0,
    "requested_slots_recall": 0.9969512195121951
  },
  "Restaurants_2": {
    "active_intent_accuracy": 0.7496012759170654,
    "average_cat_accuracy": 0.40476190476190477,
    "average_goal_accuracy": 0.791590431189658,
    "average_noncat_accuracy": 0.860852043753598,
    "joint_cat_accuracy": 0.6060606060606061,
    "joint_goal_accuracy": 0.4182264752791069,
    "joint_noncat_accuracy": 0.5524194577352473,
    "requested_slots_f1": 0.9177717019822283,
    "requested_slots_precision": 0.9547581073896861,
    "requested_slots_recall": 0.9282296650717703
  },
  "RideSharing_1": {
    "active_intent_accuracy": 1.0,
    "average_cat_accuracy": 0.9956521739130435,
    "average_goal_accuracy": 0.9540896358543417,
    "average_noncat_accuracy": 0.8819905213270143,