{
  "#ALL_SERVICES": {
    "active_intent_accuracy": 0.9594232059020792,
    "average_cat_accuracy": 0.7111660486196951,
    "average_goal_accuracy": 0.836987974677995,
    "average_noncat_accuracy": 0.8820816955309074,
    "joint_cat_accuracy": 0.7253742376640178,
    "joint_goal_accuracy": 0.5449683601609658,
    "joint_noncat_accuracy": 0.6804812374245472,
    "requested_slots_f1": 0.943780141164447,
    "requested_slots_precision": 0.9836071987480438,
    "requested_slots_recall": 0.9466800804828974
  },
  "#SEEN_SERVICES": {
    "active_intent_accuracy": 0.9912339851652057,
    "average_cat_accuracy": 0.8879028491359178,
    "average_goal_accuracy": 0.90703862724577,
    "average_noncat_accuracy": 0.9334603386809269,
    "joint_cat_accuracy": 0.8860894251242015,
    "joint_goal_accuracy": 0.7643338165879973,
    "joint_noncat_accuracy": 0.8611274780849629,
    "requested_slots_f1": 0.9785345021353112,
    "requested_slots_precision": 0.991009215554057,
    "requested_slots_recall": 0.9824679703304113
  },
  "#UNSEEN_SERVICES": {
    "active_intent_accuracy": 0.9279519679786524,
    "average_cat_accuracy": 0.5124299719887955,
    "average_goal_accuracy": 0.7661852047742459,
    "average_noncat_accuracy": 0.8287261668650007,
    "joint_cat_accuracy": 0.5507134593135364,
    "joint_goal_accuracy": 0.32794436290860574,
    "joint_noncat_accuracy": 0.5017631754503002,
    "requested_slots_f1": 0.9093967406842657,
    "requested_slots_precision": 0.9762841894596398,
    "requested_slots_recall": 0.9112741827885257
  },
  "Alarm_1": {
    "active_intent_accuracy": 0.7685589519650655,
    "average_goal_accuracy": 0.7756493506493506,
    "average_noncat_accuracy": 0.7756493506493506,
    "joint_goal_accuracy": 0.5254585152838428,
    "joint_noncat_accuracy": 0.5254585152838428,
    "requested_slots_f1": 0.9956331877729258,
    "requested_slots_precision": 0.9956331877729258,
    "requested_slots_recall": 1.0
  },
  "Banks_2": {
    "active_intent_accuracy": 0.9907120743034056,
    "average_cat_accuracy": 0.9518272425249169,
    "average_goal_accuracy": 0.8438538205980066,
    "average_noncat_accuracy": 0.5906593406593407,
    "joint_cat_accuracy": 0.9102167182662538,
    "joint_goal_accuracy": 0.5386996904024768,
    "joint_noncat_accuracy": 0.5696594427244582,
    "requested_slots_f1": 0.9009287925696594,
    "requested_slots_precision": 1.0,
    "requested_slots_recall": 0.9009287925696594
  },
  "Buses_1": {
    "active_intent_accuracy": 0.9920424403183024,
    "average_cat_accuracy": 1.0,
    "average_goal_accuracy": 0.9653526912181303,
    "average_noncat_accuracy": 0.9575047619047619,
    "joint_cat_accuracy": 0.9973474801061007,
    "joint_goal_accuracy": 0.8912201591511937,
    "joint_noncat_accuracy": 0.8938726790450928,
    "requested_slots_f1": 0.9823165340406719,
    "requested_slots_precision": 0.9734748010610079,
    "requested_slots_recall": 1.0
  },
  "Events_1": {
    "active_intent_accuracy": 0.9980806142034548,
    "average_cat_accuracy": 0.9988738738738738,
    "average_goal_accuracy": 0.9472480862908839,
    "average_noncat_accuracy": 0.9233565808297568,
    "joint_cat_accuracy": 0.9980806142034548,
    "joint_goal_accuracy": 0.7822648752399233,
    "joint_noncat_accuracy": 0.7841842610364683,
    "requested_slots_f1": 0.9929622520793344,
    "requested_slots_precision": 0.9990403071017274,
    "requested_slots_recall": 0.9932821497120922
  },
  "Flights_3": {
    "active_intent_accuracy": 0.9607201309328969,
    "average_cat_accuracy": 0.7193362193362194,
    "average_goal_accuracy": 0.791816179558243,
    "average_noncat_accuracy": 0.8316479400749064,
    "joint_cat_accuracy": 0.5155482815057283,
    "joint_goal_accuracy": 0.2934860883797054,
    "joint_noncat_accuracy": 0.552259247135843,
    "requested_slots_f1": 0.8816148390616475,
    "requested_slots_precision": 1.0,
    "requested_slots_recall": 0.881342062193126
  },
  "Homes_1": {
    "active_intent_accuracy": 0.9948892674616695,
    "average_cat_accuracy": 0.975,
    "average_goal_accuracy": 0.9580067519545132,
    "average_noncat_accuracy": 0.9509661354581673,
    "joint_cat_accuracy": 0.9318568994889267,
    "joint_goal_accuracy": 0.8470085178875638,
    "joint_noncat_accuracy": 0.9100408858603066,
    "requested_slots_f1": 0.9965928449744463,
    "requested_slots_precision": 0.9965928449744463,
    "requested_slots_recall": 1.0
  },
  "Hotels_1": {
    "active_intent_accuracy": 0.967741935483871,
    "average_cat_accuracy": 0.9154929577464789,
    "average_goal_accuracy": 0.9632765151515151,
    "average_noncat_accuracy": 0.9836535947712418,
    "joint_cat_accuracy": 0.8781362007168458,
    "joint_goal_accuracy": 0.8068817204301075,
    "joint_noncat_accuracy": 0.9228673835125448,
    "requested_slots_f1": 0.992831541218638,
    "requested_slots_precision": 0.992831541218638,
    "requested_slots_recall": 0.992831541218638
  },
  "Hotels_4": {
    "active_intent_accuracy": 0.9964285714285714,
    "average_cat_accuracy": 0.8695987654320988,
    "average_goal_accuracy": 0.8237948992331016,
    "average_noncat_accuracy": 0.8099869281045752,
    "joint_cat_accuracy": 0.8107142857142857,
    "joint_goal_accuracy": 0.2992610714285714,
    "joint_noncat_accuracy": 0.3639453571428571,
    "requested_slots_f1": 0.9370238095238096,
    "requested_slots_precision": 0.9372023809523808,
    "requested_slots_recall": 0.9482142857142857
  },
  "Media_2": {
    "active_intent_accuracy": 0.9555555555555556,
    "average_cat_accuracy": 0.14545454545454545,
    "average_goal_accuracy": 0.77790950744559,
    "average_noncat_accuracy": 0.8959679266895763,
    "joint_cat_accuracy": 0.5523809523809524,
    "joint_goal_accuracy": 0.2874831746031746,
    "joint_noncat_accuracy": 0.4472812698412698,
    "requested_slots_f1": 0.9174603174603174,
    "requested_slots_precision": 0.9333333333333333,
    "requested_slots_recall": 0.919047619047619
  },
  "Movies_2": {
    "active_intent_accuracy": 0.9943181818181818,
    "average_goal_accuracy": 0.7201790633608814,
    "average_noncat_accuracy": 0.7201790633608814,
    "joint_goal_accuracy": 0.33543465909090914,
    "joint_noncat_accuracy": 0.33543465909090914,
    "requested_slots_f1": 0.9159090909090909,
    "requested_slots_precision": 0.9346590909090909,
    "requested_slots_recall": 0.9232954545454546
  },
  "Music_1": {
    "active_intent_accuracy": 0.979757085020243,
    "average_cat_accuracy": 0.7352941176470589,
    "average_goal_accuracy": 0.8615300157977882,
    "average_noncat_accuracy": 0.9407352941176472,
    "joint_cat_accuracy": 0.7368421052631579,
    "joint_goal_accuracy": 0.6791902834008097,
    "joint_noncat_accuracy": 0.8847773279352226,
    "requested_slots_f1": 0.9959514170040485,
    "requested_slots_precision": 0.9959514170040485,
    "requested_slots_recall": 1.0
  },
  "RentalCars_1": {
    "active_intent_accuracy": 0.9939024390243902,
    "average_cat_accuracy": 0.8717948717948718,
    "average_goal_accuracy": 0.9404183006535949,
    "average_noncat_accuracy": 0.945877192982456,
    "joint_cat_accuracy": 0.899390243902439,
    "joint_goal_accuracy": 0.7208064024390245,
    "joint_noncat_accuracy": 0.8040990853658537,
    "requested_slots_f1": 0.9969512195121951,
    "requested_slots_precision": 0.9969512195121951,
    "requested_slots_recall": 1.0
  },
  "Restaurants_2": {
    "active_intent_accuracy": 0.8947368421052632,
    "average_cat_accuracy": 0.38375350140056025,
    "average_goal_accuracy": 0.7591438594338078,
    "average_noncat_accuracy": 0.8287311456534254,
    "joint_cat_accuracy": 0.6012759170653907,
    "joint_goal_accuracy": 0.38770398724082933,
    "joint_noncat_accuracy": 0.4949607655502392,
    "requested_slots_f1": 0.9071846282372598,
    "requested_slots_precision": 0.9680754917597023,
    "requested_slots_recall": 0.9114832535885168
  },
  "RideSharing_1": {
    "active_intent_accuracy": 1.0,
    "average_cat_accuracy": 0.9695652173913043,
    "average_goal_accuracy": 0.9292997198879551,