{
  "#ALL_SERVICES": {
    "active_intent_accuracy": 0.8117035546613012,
    "average_cat_accuracy": 0.5532962505150391,
    "average_goal_accuracy": 0.5702179595093424,
    "average_noncat_accuracy": 0.5665454368554194,
    "joint_cat_accuracy": 0.5575679172056921,
    "joint_goal_accuracy": 0.21058135867203215,
    "joint_noncat_accuracy": 0.2902148516968478,
    "requested_slots_f1": 0.9044936284372903,
    "requested_slots_precision": 0.9631539235412475,
    "requested_slots_recall": 0.9097920858484239
  },
  "#SEEN_SERVICES": {
    "active_intent_accuracy": 0.8240053944706676,
    "average_cat_accuracy": 0.7034874669157715,
    "average_goal_accuracy": 0.583679958137101,
    "average_noncat_accuracy": 0.5465944104914693,
    "joint_cat_accuracy": 0.649041873669269,
    "joint_goal_accuracy": 0.2199163098853675,
    "joint_noncat_accuracy": 0.31723030934592045,
    "requested_slots_f1": 0.9164306585749606,
    "requested_slots_precision": 0.9801078894133514,
    "requested_slots_recall": 0.924645987862441
  },
  "#UNSEEN_SERVICES": {
    "active_intent_accuracy": 0.7995330220146765,
    "average_cat_accuracy": 0.38441001400560226,
    "average_goal_accuracy": 0.556611422577176,
    "average_noncat_accuracy": 0.5872641147692714,
    "joint_cat_accuracy": 0.45815657539529503,
    "joint_goal_accuracy": 0.20134604669779854,
    "joint_noncat_accuracy": 0.263487751167445,
    "requested_slots_f1": 0.8926840115632645,
    "requested_slots_precision": 0.9463809206137425,
    "requested_slots_recall": 0.8950967311541027
  },
  "Alarm_1": {
    "active_intent_accuracy": 0.925764192139738,
    "average_goal_accuracy": 0.5878246753246754,
    "average_noncat_accuracy": 0.5878246753246754,
    "joint_goal_accuracy": 0.41933886462882103,
    "joint_noncat_accuracy": 0.41933886462882103,
    "requested_slots_f1": 1.0,
    "requested_slots_precision": 1.0,
    "requested_slots_recall": 1.0
  },
  "Banks_2": {
    "active_intent_accuracy": 0.7492260061919505,
    "average_cat_accuracy": 0.8106312292358804,
    "average_goal_accuracy": 0.5905454042081949,
    "average_noncat_accuracy": 0.07590659340659342,
    "joint_cat_accuracy": 0.7368421052631579,
    "joint_goal_accuracy": 0.38743034055727554,
    "joint_noncat_accuracy": 0.4430030959752322,
    "requested_slots_f1": 0.9009287925696594,
    "requested_slots_precision": 1.0,
    "requested_slots_recall": 0.9009287925696594
  },
  "Buses_1": {
    "active_intent_accuracy": 0.896551724137931,
    "average_cat_accuracy": 0.98,
    "average_goal_accuracy": 0.5274508970727101,
    "average_noncat_accuracy": 0.43212380952380947,
    "joint_cat_accuracy": 0.986737400530504,
    "joint_goal_accuracy": 0.08051329740053051,
    "joint_noncat_accuracy": 0.08051329740053051,
    "requested_slots_f1": 0.9734748010610079,
    "requested_slots_precision": 0.9694960212201591,
    "requested_slots_recall": 0.9920424403183024
  },
  "Events_1": {
    "active_intent_accuracy": 0.7869481765834933,
    "average_cat_accuracy": 0.8828828828828829,
    "average_goal_accuracy": 0.7307647877522617,
    "average_noncat_accuracy": 0.6510300429184549,
    "joint_cat_accuracy": 0.7888675623800384,
    "joint_goal_accuracy": 0.26967927063339736,
    "joint_noncat_accuracy": 0.2963203454894434,
    "requested_slots_f1": 0.90850927703135,
    "requested_slots_precision": 0.9961612284069098,
    "requested_slots_recall": 0.9059500959692899
  },
  "Flights_3": {
    "active_intent_accuracy": 0.43044189852700493,
    "average_cat_accuracy": 0.6394300144300143,
    "average_goal_accuracy": 0.6297839086251785,
    "average_noncat_accuracy": 0.6191370162297128,
    "joint_cat_accuracy": 0.46481178396072015,
    "joint_goal_accuracy": 0.15678567921440262,
    "joint_noncat_accuracy": 0.2490475662847791,
    "requested_slots_f1": 0.8805237315875614,
    "requested_slots_precision": 1.0,
    "requested_slots_recall": 0.8805237315875614
  },
  "Homes_1": {
    "active_intent_accuracy": 0.807495741056218,
    "average_cat_accuracy": 0.7336538461538461,
    "average_goal_accuracy": 0.7218270255863539,
    "average_noncat_accuracy": 0.7221049136786188,
    "joint_cat_accuracy": 0.5008517887563884,
    "joint_goal_accuracy": 0.28544463373083473,
    "joint_noncat_accuracy": 0.4479182282793867,
    "requested_slots_f1": 0.9042589437819422,
    "requested_slots_precision": 0.9540034071550255,
    "requested_slots_recall": 0.9216354344122658
  },
  "Hotels_1": {
    "active_intent_accuracy": 0.7240143369175627,
    "average_cat_accuracy": 0.4812206572769953,
    "average_goal_accuracy": 0.551790404040404,
    "average_noncat_accuracy": 0.5931928104575163,
    "joint_cat_accuracy": 0.4014336917562724,
    "joint_goal_accuracy": 0.16845878136200718,
    "joint_noncat_accuracy": 0.23584229390681008,
    "requested_slots_f1": 0.8172043010752689,
    "requested_slots_precision": 1.0,
    "requested_slots_recall": 0.8172043010752689
  },
  "Hotels_4": {
    "active_intent_accuracy": 0.85,
    "average_cat_accuracy": 0.3757716049382716,
    "average_goal_accuracy": 0.48289031567683244,
    "average_noncat_accuracy": 0.5810588235294117,
    "joint_cat_accuracy": 0.40714285714285714,
    "joint_goal_accuracy": 0.06056713571428572,
    "joint_noncat_accuracy": 0.10066106785714286,
    "requested_slots_f1": 0.8775,
    "requested_slots_precision": 0.8848214285714285,
    "requested_slots_recall": 0.8839285714285714
  },
  "Media_2": {
    "active_intent_accuracy": 0.926984126984127,
    "average_cat_accuracy": 0.07272727272727272,
    "average_goal_accuracy": 0.6715005727376862,
    "average_noncat_accuracy": 0.7882875143184421,
    "joint_cat_accuracy": 0.5047619047619047,
    "joint_goal_accuracy": 0.25758730158730164,
    "joint_noncat_accuracy": 0.4496507936507937,
    "requested_slots_f1": 0.8793650793650793,
    "requested_slots_precision": 0.8825396825396825,
    "requested_slots_recall": 0.8857142857142857
  },
  "Movies_2": {
    "active_intent_accuracy": 0.9659090909090909,
    "average_goal_accuracy": 0.5215840220385675,
    "average_noncat_accuracy": 0.5215840220385675,
    "joint_goal_accuracy": 0.4598977272727272,
    "joint_noncat_accuracy": 0.4598977272727272,
    "requested_slots_f1": 0.9045454545454544,
    "requested_slots_precision": 0.9024621212121211,
    "requested_slots_recall": 0.9204545454545454
  },
  "Music_1": {
    "active_intent_accuracy": 0.8825910931174089,
    "average_cat_accuracy": 0.6241830065359477,
    "average_goal_accuracy": 0.4983120063191153,
    "average_noncat_accuracy": 0.4630392156862745,
    "joint_cat_accuracy": 0.6842105263157895,
    "joint_goal_accuracy": 0.2625101214574899,
    "joint_noncat_accuracy": 0.33655870445344127,
    "requested_slots_f1": 0.9446693657219973,
    "requested_slots_precision": 0.9352226720647774,
    "requested_slots_recall": 0.9757085020242915
  },
  "RentalCars_1": {
    "active_intent_accuracy": 0.5853658536585366,
    "average_cat_accuracy": 0.6717948717948717,
    "average_goal_accuracy": 0.4635479302832244,
    "average_noncat_accuracy": 0.42981907894736837,
    "joint_cat_accuracy": 0.7774390243902439,
    "joint_goal_accuracy": 0.11380903048780489,
    "joint_noncat_accuracy": 0.11408745243902439,
    "requested_slots_f1": 0.9878048780487805,
    "requested_slots_precision": 0.9969512195121951,
    "requested_slots_recall": 0.9908536585365854
  },
  "Restaurants_2": {
    "active_intent_accuracy": 0.9537480063795853,
    "average_cat_accuracy": 0.21661998132586366,
    "average_goal_accuracy": 0.5142475863197513,
    "average_noncat_accuracy": 0.565695739781232,
    "joint_cat_accuracy": 0.5374800637958532,
    "joint_goal_accuracy": 0.13229665071770333,
    "joint_noncat_accuracy": 0.14722663476874004,
    "requested_slots_f1": 0.8703349282296652,
    "requested_slots_precision": 0.8910154173312069,
    "requested_slots_recall": 0.8748006379585327
  },
  "RideSharing_1": {
    "active_intent_accuracy": 0.9922178988326849,
    "average_cat_accuracy": 0.6782608695652174,