{
  "#ALL_SERVICES": {
    "active_intent_accuracy": 0.9325955734406438,
    "average_cat_accuracy": 0.657540173053152,
    "average_goal_accuracy": 0.7317341386748034,
    "average_noncat_accuracy": 0.7469492767723942,
    "joint_cat_accuracy": 0.6813897615967474,
    "joint_goal_accuracy": 0.3945769282360832,
    "joint_noncat_accuracy": 0.5116218812877263,
    "requested_slots_f1": 0.9252794545048066,
    "requested_slots_precision": 0.9845182204337133,
    "requested_slots_recall": 0.9270623742454729
  },
  "#SEEN_SERVICES": {
    "active_intent_accuracy": 0.980782198246797,
    "average_cat_accuracy": 0.8539623229020707,
    "average_goal_accuracy": 0.7653171114599686,
    "average_noncat_accuracy": 0.7335984211866565,
    "joint_cat_accuracy": 0.8502484031227822,
    "joint_goal_accuracy": 0.49424763991908294,
    "joint_noncat_accuracy": 0.5456063722184761,
    "requested_slots_f1": 0.9570015733872779,
    "requested_slots_precision": 0.9895482130815914,
    "requested_slots_recall": 0.9592043155765341
  },
  "#UNSEEN_SERVICES": {
    "active_intent_accuracy": 0.8849232821881254,
    "average_cat_accuracy": 0.43666841736694684,
    "average_goal_accuracy": 0.6977905934310045,
    "average_noncat_accuracy": 0.7608138304905461,
    "joint_cat_accuracy": 0.4978789047435403,
    "joint_goal_accuracy": 0.29597008005336894,
    "joint_noncat_accuracy": 0.4780001334222814,
    "requested_slots_f1": 0.8938959306204135,
    "requested_slots_precision": 0.9795419168334446,
    "requested_slots_recall": 0.895263509006004
  },
  "Alarm_1": {
    "active_intent_accuracy": 0.7947598253275109,
    "average_goal_accuracy": 0.7297727272727272,
    "average_noncat_accuracy": 0.7297727272727272,
    "joint_goal_accuracy": 0.5290489082969433,
    "joint_noncat_accuracy": 0.5290489082969433,
    "requested_slots_f1": 1.0,
    "requested_slots_precision": 1.0,
    "requested_slots_recall": 1.0
  },
  "Banks_2": {
    "active_intent_accuracy": 0.9938080495356038,
    "average_cat_accuracy": 0.8986710963455149,
    "average_goal_accuracy": 0.7629291251384274,
    "average_noncat_accuracy": 0.43846153846153846,
    "joint_cat_accuracy": 0.8513931888544891,
    "joint_goal_accuracy": 0.4551083591331269,
    "joint_noncat_accuracy": 0.47987616099071206,
    "requested_slots_f1": 0.9009287925696594,
    "requested_slots_precision": 1.0,
    "requested_slots_recall": 0.9009287925696594
  },
  "Buses_1": {
    "active_intent_accuracy": 0.9840848806366048,
    "average_cat_accuracy": 0.952,
    "average_goal_accuracy": 0.8095571293673275,
    "average_noncat_accuracy": 0.77735,
    "joint_cat_accuracy": 0.9681697612732095,
    "joint_goal_accuracy": 0.39312546419098143,
    "joint_noncat_accuracy": 0.4037355437665783,
    "requested_slots_f1": 0.9664014146772768,
    "requested_slots_precision": 0.9708222811671088,
    "requested_slots_recall": 0.9748010610079576
  },
  "Events_1": {
    "active_intent_accuracy": 0.9846449136276392,
    "average_cat_accuracy": 0.9684684684684685,
    "average_goal_accuracy": 0.8515612386917188,
    "average_noncat_accuracy": 0.789676323319027,
    "joint_cat_accuracy": 0.9673704414587332,
    "joint_goal_accuracy": 0.5268915547024952,
    "joint_noncat_accuracy": 0.5345690978886756,
    "requested_slots_f1": 0.9756877799104287,
    "requested_slots_precision": 1.0,
    "requested_slots_recall": 0.9731285988483686
  },
  "Flights_3": {
    "active_intent_accuracy": 0.8641571194762684,
    "average_cat_accuracy": 0.604076479076479,
    "average_goal_accuracy": 0.8183990299823632,
    "average_noncat_accuracy": 0.9202169163545568,
    "joint_cat_accuracy": 0.47299509001636664,
    "joint_goal_accuracy": 0.3807535188216039,
    "joint_noncat_accuracy": 0.7622428805237317,
    "requested_slots_f1": 0.8805237315875614,
    "requested_slots_precision": 1.0,
    "requested_slots_recall": 0.8805237315875614
  },
  "Homes_1": {
    "active_intent_accuracy": 0.9625212947189097,
    "average_cat_accuracy": 0.957051282051282,
    "average_goal_accuracy": 0.883927460909737,
    "average_noncat_accuracy": 0.8345053120849932,
    "joint_cat_accuracy": 0.8977853492333902,
    "joint_goal_accuracy": 0.6547870528109029,
    "joint_noncat_accuracy": 0.7075979557069847,
    "requested_slots_f1": 0.9903463940942645,
    "requested_slots_precision": 0.9914821124361158,
    "requested_slots_recall": 0.9982964224872232
  },
  "Hotels_1": {
    "active_intent_accuracy": 0.974910394265233,
    "average_cat_accuracy": 0.8200312989045384,
    "average_goal_accuracy": 0.7927756132756133,
    "average_noncat_accuracy": 0.7763921568627451,
    "joint_cat_accuracy": 0.7383512544802867,
    "joint_goal_accuracy": 0.3755913978494623,
    "joint_noncat_accuracy": 0.48100358422939066,
    "requested_slots_f1": 0.9156511350059737,
    "requested_slots_precision": 0.9874551971326165,
    "requested_slots_recall": 0.9139784946236559
  },
  "Hotels_4": {
    "active_intent_accuracy": 0.975,
    "average_cat_accuracy": 0.7885802469135803,
    "average_goal_accuracy": 0.6787532548599965,
    "average_noncat_accuracy": 0.6463333333333333,
    "joint_cat_accuracy": 0.6535714285714286,
    "joint_goal_accuracy": 0.10743214285714284,
    "joint_noncat_accuracy": 0.14315214285714287,
    "requested_slots_f1": 0.8973809523809524,
    "requested_slots_precision": 0.9154761904761904,
    "requested_slots_recall": 0.9142857142857143
  },
  "Media_2": {
    "active_intent_accuracy": 0.9142857142857143,
    "average_cat_accuracy": 0.0,
    "average_goal_accuracy": 0.6571769759450171,
    "average_noncat_accuracy": 0.7861998854524628,
    "joint_cat_accuracy": 0.47619047619047616,
    "joint_goal_accuracy": 0.24298793650793651,
    "joint_noncat_accuracy": 0.43073142857142854,
    "requested_slots_f1": 0.891005291005291,
    "requested_slots_precision": 0.9793650793650793,
    "requested_slots_recall": 0.8920634920634921
  },
  "Movies_2": {
    "active_intent_accuracy": 0.9943181818181818,
    "average_goal_accuracy": 0.7259779614325069,
    "average_noncat_accuracy": 0.7259779614325069,
    "joint_goal_accuracy": 0.35839034090909094,
    "joint_noncat_accuracy": 0.35839034090909094,
    "requested_slots_f1": 0.875,
    "requested_slots_precision": 0.9412878787878788,
    "requested_slots_recall": 0.8778409090909091
  },
  "Music_1": {
    "active_intent_accuracy": 0.97165991902834,
    "average_cat_accuracy": 0.7189542483660131,
    "average_goal_accuracy": 0.7123925750394944,
    "average_noncat_accuracy": 0.7141176470588235,
    "joint_cat_accuracy": 0.7651821862348178,
    "joint_goal_accuracy": 0.4787854251012145,
    "joint_noncat_accuracy": 0.6614574898785425,
    "requested_slots_f1": 0.9662618083670715,
    "requested_slots_precision": 0.9959514170040485,
    "requested_slots_recall": 0.9655870445344129
  },
  "RentalCars_1": {
    "active_intent_accuracy": 0.9878048780487805,
    "average_cat_accuracy": 0.8205128205128205,
    "average_goal_accuracy": 0.8076519607843137,
    "average_noncat_accuracy": 0.7996951754385965,
    "joint_cat_accuracy": 0.8567073170731707,
    "joint_goal_accuracy": 0.3828740853658537,
    "joint_noncat_accuracy": 0.40360579268292684,
    "requested_slots_f1": 0.9878048780487805,
    "requested_slots_precision": 0.9969512195121951,
    "requested_slots_recall": 0.9908536585365854
  },
  "Restaurants_2": {
    "active_intent_accuracy": 0.9043062200956937,
    "average_cat_accuracy": 0.3123249299719888,
    "average_goal_accuracy": 0.6477815414825724,
    "average_noncat_accuracy": 0.7075057570523893,
    "joint_cat_accuracy": 0.5741626794258373,
    "joint_goal_accuracy": 0.29158979266347684,
    "joint_noncat_accuracy": 0.36059712918660286,
    "requested_slots_f1": 0.873418394471026,
    "requested_slots_precision": 0.9667729930887825,
    "requested_slots_recall": 0.8763955342902712
  },
  "RideSharing_1": {
    "active_intent_accuracy": 1.0,
    "average_cat_accuracy": 0.9478260869565217,
    "average_goal_accuracy": 0.8908263305322128,