{
  "#ALL_SERVICES": {
    "active_intent_accuracy": 0.926224010731053,
    "average_cat_accuracy": 0.6839101771734653,
    "average_goal_accuracy": 0.8016234732707298,
    "average_noncat_accuracy": 0.8403756891742881,
    "joint_cat_accuracy": 0.6937719460358529,
    "joint_goal_accuracy": 0.4877831153588196,
    "joint_noncat_accuracy": 0.6313346411804158,
    "requested_slots_f1": 0.9419812525949347,
    "requested_slots_precision": 0.9852531857813547,
    "requested_slots_recall": 0.9450871898054997
  },
  "#SEEN_SERVICES": {
    "active_intent_accuracy": 0.9865138233310856,
    "average_cat_accuracy": 0.8680523120037366,
    "average_goal_accuracy": 0.8467731205302634,
    "average_noncat_accuracy": 0.8523137254901961,
    "joint_cat_accuracy": 0.8708303761533002,
    "joint_goal_accuracy": 0.6370610249494268,
    "joint_noncat_accuracy": 0.7150616992582604,
    "requested_slots_f1": 0.9778489548213082,
    "requested_slots_precision": 0.99567318498539,
    "requested_slots_recall": 0.9801078894133514
  },
  "#UNSEEN_SERVICES": {
    "active_intent_accuracy": 0.866577718478986,
    "average_cat_accuracy": 0.4768469887955182,
    "average_goal_accuracy": 0.7559890648965991,
    "average_noncat_accuracy": 0.8279783154832737,
    "joint_cat_accuracy": 0.5013497878904744,
    "joint_goal_accuracy": 0.34009856571047364,
    "joint_noncat_accuracy": 0.5485012675116745,
    "requested_slots_f1": 0.906496394421678,
    "requested_slots_precision": 0.9749444073826995,
    "requested_slots_recall": 0.9104402935290193
  },
  "Alarm_1": {
    "active_intent_accuracy": 0.8602620087336245,
    "average_goal_accuracy": 0.7610064935064934,
    "average_noncat_accuracy": 0.7610064935064934,
    "joint_goal_accuracy": 0.5223126637554585,
    "joint_noncat_accuracy": 0.5223126637554585,
    "requested_slots_f1": 1.0,
    "requested_slots_precision": 1.0,
    "requested_slots_recall": 1.0
  },
  "Banks_2": {
    "active_intent_accuracy": 0.9876160990712074,
    "average_cat_accuracy": 0.9119601328903655,
    "average_goal_accuracy": 0.8049058693244739,
    "average_noncat_accuracy": 0.5308791208791209,
    "joint_cat_accuracy": 0.848297213622291,
    "joint_goal_accuracy": 0.5072445820433437,
    "joint_noncat_accuracy": 0.5172755417956657,
    "requested_slots_f1": 0.9009287925696594,
    "requested_slots_precision": 1.0,
    "requested_slots_recall": 0.9009287925696594
  },
  "Buses_1": {
    "active_intent_accuracy": 0.9840848806366048,
    "average_cat_accuracy": 0.972,
    "average_goal_accuracy": 0.9256170915958452,
    "average_noncat_accuracy": 0.9136,
    "joint_cat_accuracy": 0.9814323607427056,
    "joint_goal_accuracy": 0.7461618037135278,
    "joint_noncat_accuracy": 0.7541193633952255,
    "requested_slots_f1": 0.9902740937223695,
    "requested_slots_precision": 0.9920424403183024,
    "requested_slots_recall": 0.9907161803713528
  },
  "Events_1": {
    "active_intent_accuracy": 0.9904030710172744,
    "average_cat_accuracy": 1.0,
    "average_goal_accuracy": 0.8954297146833681,
    "average_noncat_accuracy": 0.8454130901287554,
    "joint_cat_accuracy": 0.9980806142034548,
    "joint_goal_accuracy": 0.6547024952015356,
    "joint_noncat_accuracy": 0.6547024952015356,
    "requested_slots_f1": 0.9865642994241842,
    "requested_slots_precision": 0.9961612284069098,
    "requested_slots_recall": 0.9884836852207294
  },
  "Flights_3": {
    "active_intent_accuracy": 0.9050736497545008,
    "average_cat_accuracy": 0.6231962481962482,
    "average_goal_accuracy": 0.8592375913328294,
    "average_noncat_accuracy": 0.9692837078651685,
    "joint_cat_accuracy": 0.4500818330605565,
    "joint_goal_accuracy": 0.4138625204582651,
    "joint_noncat_accuracy": 0.9048988543371522,
    "requested_slots_f1": 0.8816148390616477,
    "requested_slots_precision": 1.0,
    "requested_slots_recall": 0.881342062193126
  },
  "Homes_1": {
    "active_intent_accuracy": 0.9880749574105622,
    "average_cat_accuracy": 0.9682692307692308,
    "average_goal_accuracy": 0.9209632640369579,
    "average_noncat_accuracy": 0.8922277556440903,
    "joint_cat_accuracy": 0.9471890971039182,
    "joint_goal_accuracy": 0.7544293015332199,
    "joint_noncat_accuracy": 0.7799829642248722,
    "requested_slots_f1": 0.9965928449744463,
    "requested_slots_precision": 0.9965928449744463,
    "requested_slots_recall": 1.0
  },
  "Hotels_1": {
    "active_intent_accuracy": 0.96415770609319,
    "average_cat_accuracy": 0.9061032863849765,
    "average_goal_accuracy": 0.8863616522366523,
    "average_noncat_accuracy": 0.8744934640522876,
    "joint_cat_accuracy": 0.8673835125448028,
    "joint_goal_accuracy": 0.5472759856630824,
    "joint_noncat_accuracy": 0.6153763440860215,
    "requested_slots_f1": 0.9898446833930703,
    "requested_slots_precision": 0.9982078853046595,
    "requested_slots_recall": 0.989247311827957
  },
  "Hotels_4": {
    "active_intent_accuracy": 0.9892857142857143,
    "average_cat_accuracy": 0.8611111111111112,
    "average_goal_accuracy": 0.7466548956661316,
    "average_noncat_accuracy": 0.7013366013071897,
    "joint_cat_accuracy": 0.5714285714285714,
    "joint_goal_accuracy": 0.21974,
    "joint_noncat_accuracy": 0.3270314285714286,
    "requested_slots_f1": 0.9239285714285715,
    "requested_slots_precision": 0.9345238095238096,
    "requested_slots_recall": 0.9375
  },
  "Media_2": {
    "active_intent_accuracy": 0.9428571428571428,
    "average_cat_accuracy": 0.09696969696969697,
    "average_goal_accuracy": 0.7178573883161512,
    "average_noncat_accuracy": 0.839163802978236,
    "joint_cat_accuracy": 0.526984126984127,
    "joint_goal_accuracy": 0.27317460317460324,
    "joint_noncat_accuracy": 0.45482539682539685,
    "requested_slots_f1": 0.9169312169312168,
    "requested_slots_precision": 0.9349206349206349,
    "requested_slots_recall": 0.9253968253968254
  },
  "Movies_2": {
    "active_intent_accuracy": 0.9829545454545454,
    "average_goal_accuracy": 0.7776170798898072,
    "average_noncat_accuracy": 0.7776170798898072,
    "joint_goal_accuracy": 0.39954204545454547,
    "joint_noncat_accuracy": 0.39954204545454547,
    "requested_slots_f1": 0.90625,
    "requested_slots_precision": 0.9356060606060606,
    "requested_slots_recall": 0.9176136363636364
  },
  "Music_1": {
    "active_intent_accuracy": 0.9757085020242915,
    "average_cat_accuracy": 0.7026143790849673,
    "average_goal_accuracy": 0.7186516587677726,
    "average_noncat_accuracy": 0.7302941176470589,
    "joint_cat_accuracy": 0.7206477732793523,
    "joint_goal_accuracy": 0.4777327935222672,
    "joint_noncat_accuracy": 0.6523076923076924,
    "requested_slots_f1": 0.97165991902834,
    "requested_slots_precision": 0.9838056680161943,
    "requested_slots_recall": 0.9878542510121457
  },
  "RentalCars_1": {
    "active_intent_accuracy": 0.9939024390243902,
    "average_cat_accuracy": 0.8,
    "average_goal_accuracy": 0.901004357298475,
    "average_noncat_accuracy": 0.9065975877192982,
    "joint_cat_accuracy": 0.8567073170731707,
    "joint_goal_accuracy": 0.6322225609756098,
    "joint_noncat_accuracy": 0.6566128048780487,
    "requested_slots_f1": 1.0,
    "requested_slots_precision": 1.0,
    "requested_slots_recall": 1.0
  },
  "Restaurants_2": {
    "active_intent_accuracy": 0.8484848484848485,
    "average_cat_accuracy": 0.4019607843137255,
    "average_goal_accuracy": 0.7520275936835215,
    "average_noncat_accuracy": 0.8155944156591824,
    "joint_cat_accuracy": 0.6236044657097288,
    "joint_goal_accuracy": 0.3706527910685805,
    "joint_noncat_accuracy": 0.45881307814992034,
    "requested_slots_f1": 0.8989519252677147,
    "requested_slots_precision": 0.960207336523126,
    "requested_slots_recall": 0.9098883572567783
  },
  "RideSharing_1": {
    "active_intent_accuracy": 0.9961089494163424,
    "average_cat_accuracy": 0.9195652173913044,
    "average_goal_accuracy": 0.8792577030812324,
    "average_noncat_accuracy": 0.8118009478672987,