{
  "#ALL_SERVICES": {
    "active_intent_accuracy": 0.8534540576794097,
    "average_cat_accuracy": 0.5981458590852905,
    "average_goal_accuracy": 0.6365362359821483,
    "average_noncat_accuracy": 0.6464886813258093,
    "joint_cat_accuracy": 0.5647754574015894,
    "joint_goal_accuracy": 0.2516809242739772,
    "joint_noncat_accuracy": 0.37628010599765266,
    "requested_slots_f1": 0.911357031075341,
    "requested_slots_precision": 0.9561535881958417,
    "requested_slots_recall": 0.9190140845070423
  },
  "#SEEN_SERVICES": {
    "active_intent_accuracy": 0.8766014834794336,
    "average_cat_accuracy": 0.7605480305153356,
    "average_goal_accuracy": 0.6542189516832374,
    "average_noncat_accuracy": 0.6312344665138783,
    "joint_cat_accuracy": 0.6600425833924769,
    "joint_goal_accuracy": 0.27880284301078895,
    "joint_noncat_accuracy": 0.4364238422690493,
    "requested_slots_f1": 0.9339177343223196,
    "requested_slots_precision": 0.9664531355360755,
    "requested_slots_recall": 0.9463924477410655
  },
  "#UNSEEN_SERVICES": {
    "active_intent_accuracy": 0.8305537024683122,
    "average_cat_accuracy": 0.4155287114845938,
    "average_goal_accuracy": 0.6186636651328433,
    "average_noncat_accuracy": 0.6623298294327647,
    "joint_cat_accuracy": 0.4612418048592364,
    "joint_goal_accuracy": 0.2248484989993329,
    "joint_noncat_accuracy": 0.3167783308872582,
    "requested_slots_f1": 0.8890371358683568,
    "requested_slots_precision": 0.9459639759839893,
    "requested_slots_recall": 0.8919279519679787
  },
  "Alarm_1": {
    "active_intent_accuracy": 0.9694323144104804,
    "average_goal_accuracy": 0.6236688311688313,
    "average_noncat_accuracy": 0.6236688311688313,
    "joint_goal_accuracy": 0.42736855895196507,
    "joint_noncat_accuracy": 0.42736855895196507,
    "requested_slots_f1": 1.0,
    "requested_slots_precision": 1.0,
    "requested_slots_recall": 1.0
  },
  "Banks_2": {
    "active_intent_accuracy": 0.9226006191950464,
    "average_cat_accuracy": 0.6677740863787376,
    "average_goal_accuracy": 0.5211184939091915,
    "average_noncat_accuracy": 0.08799450549450549,
    "joint_cat_accuracy": 0.544891640866873,
    "joint_goal_accuracy": 0.36210526315789476,
    "joint_noncat_accuracy": 0.4369969040247678,
    "requested_slots_f1": 0.9009287925696594,
    "requested_slots_precision": 1.0,
    "requested_slots_recall": 0.9009287925696594
  },
  "Buses_1": {
    "active_intent_accuracy": 0.9522546419098143,
    "average_cat_accuracy": 0.964,
    "average_goal_accuracy": 0.5747507082152975,
    "average_noncat_accuracy": 0.4889380952380952,
    "joint_cat_accuracy": 0.9549071618037135,
    "joint_goal_accuracy": 0.10164456233421751,
    "joint_noncat_accuracy": 0.10960212201591513,
    "requested_slots_f1": 0.9778956675508399,
    "requested_slots_precision": 0.9681697612732095,
    "requested_slots_recall": 1.0
  },
  "Events_1": {
    "active_intent_accuracy": 0.8541266794625719,
    "average_cat_accuracy": 0.9425675675675675,
    "average_goal_accuracy": 0.7013482950591509,
    "average_noncat_accuracy": 0.5872299713876966,
    "joint_cat_accuracy": 0.8809980806142035,
    "joint_goal_accuracy": 0.3411708253358925,
    "joint_noncat_accuracy": 0.3523224568138196,
    "requested_slots_f1": 0.9584133077415227,
    "requested_slots_precision": 0.9712092130518234,
    "requested_slots_recall": 0.9683301343570058
  },
  "Flights_3": {
    "active_intent_accuracy": 0.46317512274959083,
    "average_cat_accuracy": 0.7002164502164502,
    "average_goal_accuracy": 0.6685558075081884,
    "average_noncat_accuracy": 0.6588311485642946,
    "joint_cat_accuracy": 0.55810147299509,
    "joint_goal_accuracy": 0.1783504091653028,
    "joint_noncat_accuracy": 0.2608786710310966,
    "requested_slots_f1": 0.8805237315875614,
    "requested_slots_precision": 1.0,
    "requested_slots_recall": 0.8805237315875614
  },
  "Homes_1": {
    "active_intent_accuracy": 0.8807495741056218,
    "average_cat_accuracy": 0.8173076923076923,
    "average_goal_accuracy": 0.8107926439232409,
    "average_noncat_accuracy": 0.8261155378486056,
    "joint_cat_accuracy": 0.42759795570698467,
    "joint_goal_accuracy": 0.31185689948892675,
    "joint_noncat_accuracy": 0.6424505962521295,
    "requested_slots_f1": 0.9267461669505963,
    "requested_slots_precision": 0.9267461669505963,
    "requested_slots_recall": 0.9437819420783645
  },
  "Hotels_1": {
    "active_intent_accuracy": 0.9139784946236559,
    "average_cat_accuracy": 0.6635367762128325,
    "average_goal_accuracy": 0.7241314935064935,
    "average_noncat_accuracy": 0.7671633986928105,
    "joint_cat_accuracy": 0.45878136200716846,
    "joint_goal_accuracy": 0.2658064516129032,
    "joint_noncat_accuracy": 0.45078709677419354,
    "requested_slots_f1": 0.8172043010752689,
    "requested_slots_precision": 1.0,
    "requested_slots_recall": 0.8172043010752689
  },
  "Hotels_4": {
    "active_intent_accuracy": 0.9571428571428572,
    "average_cat_accuracy": 0.5910493827160495,
    "average_goal_accuracy": 0.6361881576600678,
    "average_noncat_accuracy": 0.6768398692810458,
    "joint_cat_accuracy": 0.4357142857142857,
    "joint_goal_accuracy": 0.06333535714285714,
    "joint_noncat_accuracy": 0.1206365,
    "requested_slots_f1": 0.8916666666666667,
    "requested_slots_precision": 0.8892857142857142,
    "requested_slots_recall": 0.9071428571428571
  },
  "Media_2": {
    "active_intent_accuracy": 0.926984126984127,
    "average_cat_accuracy": 0.06666666666666667,
    "average_goal_accuracy": 0.6589662084765178,
    "average_noncat_accuracy": 0.7752462772050401,
    "joint_cat_accuracy": 0.5111111111111111,
    "joint_goal_accuracy": 0.24701587301587302,
    "joint_noncat_accuracy": 0.378952380952381,
    "requested_slots_f1": 0.8825396825396825,
    "requested_slots_precision": 0.8825396825396825,
    "requested_slots_recall": 0.8857142857142857
  },
  "Movies_2": {
    "active_intent_accuracy": 0.9715909090909091,
    "average_goal_accuracy": 0.7243250688705234,
    "average_noncat_accuracy": 0.7243250688705234,
    "joint_goal_accuracy": 0.41823863636363645,
    "joint_noncat_accuracy": 0.41823863636363645,
    "requested_slots_f1": 0.8901515151515152,
    "requested_slots_precision": 0.8977272727272727,
    "requested_slots_recall": 0.8920454545454546
  },
  "Music_1": {
    "active_intent_accuracy": 0.8744939271255061,
    "average_cat_accuracy": 0.4542483660130719,
    "average_goal_accuracy": 0.5574565560821486,
    "average_noncat_accuracy": 0.6303513071895425,
    "joint_cat_accuracy": 0.5222672064777328,
    "joint_goal_accuracy": 0.33485829959514174,
    "joint_noncat_accuracy": 0.4820242914979757,
    "requested_slots_f1": 0.9338731443994601,
    "requested_slots_precision": 0.9352226720647774,
    "requested_slots_recall": 0.9453441295546559
  },
  "RentalCars_1": {
    "active_intent_accuracy": 0.5945121951219512,
    "average_cat_accuracy": 0.7076923076923077,
    "average_goal_accuracy": 0.44928976034858387,
    "average_noncat_accuracy": 0.4031447368421053,
    "joint_cat_accuracy": 0.801829268292683,
    "joint_goal_accuracy": 0.09816595234756097,
    "joint_noncat_accuracy": 0.10327504929878048,
    "requested_slots_f1": 0.9908536585365854,
    "requested_slots_precision": 0.9908536585365854,
    "requested_slots_recall": 1.0
  },
  "Restaurants_2": {
    "active_intent_accuracy": 0.9393939393939394,
    "average_cat_accuracy": 0.3333333333333333,
    "average_goal_accuracy": 0.5932133652430045,
    "average_noncat_accuracy": 0.6367374784110535,
    "joint_cat_accuracy": 0.5629984051036683,
    "joint_goal_accuracy": 0.23566188197767143,
    "joint_noncat_accuracy": 0.2571132376395534,
    "requested_slots_f1": 0.8676236044657097,
    "requested_slots_precision": 0.8787878787878788,
    "requested_slots_recall": 0.8740031897926634
  },
  "RideSharing_1": {
    "active_intent_accuracy": 1.0,
    "average_cat_accuracy": 0.8391304347826087,