{
  "#ALL_SERVICES": {
    "active_intent_accuracy": 0.9681421864520456,
    "average_cat_accuracy": 0.7011124845488257,
    "average_goal_accuracy": 0.8296443564721048,
    "average_noncat_accuracy": 0.8774142505026918,
    "joint_cat_accuracy": 0.7129920532249122,
    "joint_goal_accuracy": 0.5452212991281019,
    "joint_noncat_accuracy": 0.7089297660965795,
    "requested_slots_f1": 0.9424978442081057,
    "requested_slots_precision": 0.972043371339146,
    "requested_slots_recall": 0.9476022803487593
  },
  "#SEEN_SERVICES": {
    "active_intent_accuracy": 0.9881995954146999,
    "average_cat_accuracy": 0.8797290985520785,
    "average_goal_accuracy": 0.8706937292865865,
    "average_noncat_accuracy": 0.8864476063152534,
    "joint_cat_accuracy": 0.8878637331440739,
    "joint_goal_accuracy": 0.7234397734322319,
    "joint_noncat_accuracy": 0.811713710384356,
    "requested_slots_f1": 0.9783322094852777,
    "requested_slots_precision": 0.9886491346369971,
    "requested_slots_recall": 0.984322319622387
  },
  "#UNSEEN_SERVICES": {
    "active_intent_accuracy": 0.9482988659106071,
    "average_cat_accuracy": 0.5002626050420168,
    "average_goal_accuracy": 0.7881542462227393,
    "average_noncat_accuracy": 0.868033320111067,
    "joint_cat_accuracy": 0.522946394138064,
    "joint_goal_accuracy": 0.3689050900600401,
    "joint_noncat_accuracy": 0.6072429152768513,
    "requested_slots_f1": 0.9070459671527049,
    "requested_slots_precision": 0.9556148543473427,
    "requested_slots_recall": 0.9112741827885257
  },
  "Alarm_1": {
    "active_intent_accuracy": 0.834061135371179,
    "average_goal_accuracy": 0.7422727272727273,
    "average_noncat_accuracy": 0.7422727272727273,
    "joint_goal_accuracy": 0.48458515283842796,
    "joint_noncat_accuracy": 0.48458515283842796,
    "requested_slots_f1": 1.0,
    "requested_slots_precision": 1.0,
    "requested_slots_recall": 1.0
  },
  "Banks_2": {
    "active_intent_accuracy": 0.978328173374613,
    "average_cat_accuracy": 0.915282392026578,
    "average_goal_accuracy": 0.8394241417497231,
    "average_noncat_accuracy": 0.6263736263736264,
    "joint_cat_accuracy": 0.8421052631578947,
    "joint_goal_accuracy": 0.5882352941176471,
    "joint_noncat_accuracy": 0.6253869969040248,
    "requested_slots_f1": 0.9009287925696594,
    "requested_slots_precision": 1.0,
    "requested_slots_recall": 0.9009287925696594
  },
  "Buses_1": {
    "active_intent_accuracy": 0.9920424403183024,
    "average_cat_accuracy": 1.0,
    "average_goal_accuracy": 0.9567799811142588,
    "average_noncat_accuracy": 0.9471238095238096,
    "joint_cat_accuracy": 0.9973474801061007,
    "joint_goal_accuracy": 0.8788605411140583,
    "joint_noncat_accuracy": 0.8815130610079576,
    "requested_slots_f1": 0.980548187444739,
    "requested_slots_precision": 0.9708222811671088,
    "requested_slots_recall": 1.0
  },
  "Events_1": {
    "active_intent_accuracy": 0.9942418426103646,
    "average_cat_accuracy": 0.9853603603603603,
    "average_goal_accuracy": 0.9157125956854559,
    "average_noncat_accuracy": 0.8811480686695279,
    "joint_cat_accuracy": 0.982725527831094,
    "joint_goal_accuracy": 0.7078959692898272,
    "joint_noncat_accuracy": 0.7136541266794626,
    "requested_slots_f1": 0.9929622520793344,
    "requested_slots_precision": 0.9971209213051824,
    "requested_slots_recall": 0.9932821497120922
  },
  "Flights_3": {
    "active_intent_accuracy": 0.967266775777414,
    "average_cat_accuracy": 0.6832611832611831,
    "average_goal_accuracy": 0.878446670026035,
    "average_noncat_accuracy": 0.9702247191011236,
    "joint_cat_accuracy": 0.49918166939443537,
    "joint_goal_accuracy": 0.4760235679214403,
    "joint_noncat_accuracy": 0.9167155482815057,
    "requested_slots_f1": 0.8870703764320785,
    "requested_slots_precision": 1.0,
    "requested_slots_recall": 0.8854337152209493
  },
  "Homes_1": {
    "active_intent_accuracy": 0.9948892674616695,
    "average_cat_accuracy": 0.9711538461538461,
    "average_goal_accuracy": 0.9589727256574272,
    "average_noncat_accuracy": 0.9561288180610891,
    "joint_cat_accuracy": 0.959114139693356,
    "joint_goal_accuracy": 0.8845310051107327,
    "joint_noncat_accuracy": 0.9136962521294719,
    "requested_slots_f1": 0.993412833617263,
    "requested_slots_precision": 0.992617830777967,
    "requested_slots_recall": 1.0
  },
  "Hotels_1": {
    "active_intent_accuracy": 0.96415770609319,
    "average_cat_accuracy": 0.9178403755868545,
    "average_goal_accuracy": 0.9595132575757577,
    "average_noncat_accuracy": 0.9791928104575164,
    "joint_cat_accuracy": 0.8888888888888888,
    "joint_goal_accuracy": 0.8286594982078852,
    "joint_noncat_accuracy": 0.9222724014336916,
    "requested_slots_f1": 0.9695340501792115,
    "requested_slots_precision": 0.9731182795698925,
    "requested_slots_recall": 0.9713261648745519
  },
  "Hotels_4": {
    "active_intent_accuracy": 0.9928571428571429,
    "average_cat_accuracy": 0.8279320987654322,
    "average_goal_accuracy": 0.8673476012127698,
    "average_noncat_accuracy": 0.8813725490196078,
    "joint_cat_accuracy": 0.6071428571428571,
    "joint_goal_accuracy": 0.29058678571428564,
    "joint_noncat_accuracy": 0.4112839285714286,
    "requested_slots_f1": 0.8904421768707482,
    "requested_slots_precision": 0.9098809523809523,
    "requested_slots_recall": 0.9285714285714286
  },
  "Media_2": {
    "active_intent_accuracy": 0.9365079365079365,
    "average_cat_accuracy": 0.24848484848484848,
    "average_goal_accuracy": 0.7742829324169531,
    "average_noncat_accuracy": 0.8802920962199311,
    "joint_cat_accuracy": 0.6063492063492063,
    "joint_goal_accuracy": 0.31867936507936506,
    "joint_noncat_accuracy": 0.49277142857142864,
    "requested_slots_f1": 0.8873015873015873,
    "requested_slots_precision": 0.9095238095238095,
    "requested_slots_recall": 0.8873015873015873
  },
  "Movies_2": {
    "active_intent_accuracy": 0.9943181818181818,
    "average_goal_accuracy": 0.666969696969697,
    "average_noncat_accuracy": 0.666969696969697,
    "joint_goal_accuracy": 0.3350835227272727,
    "joint_noncat_accuracy": 0.3350835227272727,
    "requested_slots_f1": 0.9119318181818182,
    "requested_slots_precision": 0.918560606060606,
    "requested_slots_recall": 0.9204545454545454
  },
  "Music_1": {
    "active_intent_accuracy": 0.97165991902834,
    "average_cat_accuracy": 0.6503267973856209,
    "average_goal_accuracy": 0.7628357030015797,
    "average_noncat_accuracy": 0.8292892156862745,
    "joint_cat_accuracy": 0.708502024291498,
    "joint_goal_accuracy": 0.5212145748987854,
    "joint_noncat_accuracy": 0.7291902834008098,
    "requested_slots_f1": 0.9865047233468286,
    "requested_slots_precision": 0.9858299595141701,
    "requested_slots_recall": 1.0
  },
  "RentalCars_1": {
    "active_intent_accuracy": 0.9878048780487805,
    "average_cat_accuracy": 0.8666666666666667,
    "average_goal_accuracy": 0.9413671023965142,
    "average_noncat_accuracy": 0.9466633771929824,
    "joint_cat_accuracy": 0.8902439024390244,
    "joint_goal_accuracy": 0.741083975609756,
    "joint_noncat_accuracy": 0.8340489054878049,
    "requested_slots_f1": 0.9939024390243902,
    "requested_slots_precision": 1.0,
    "requested_slots_recall": 0.9939024390243902
  },
  "Restaurants_2": {
    "active_intent_accuracy": 0.9346092503987241,
    "average_cat_accuracy": 0.3963585434173669,
    "average_goal_accuracy": 0.7730278595974472,
    "average_noncat_accuracy": 0.8394263097294186,
    "joint_cat_accuracy": 0.6124401913875598,
    "joint_goal_accuracy": 0.38346740031897925,
    "joint_noncat_accuracy": 0.4965930781499203,
    "requested_slots_f1": 0.8926103136629454,
    "requested_slots_precision": 0.9154704944178629,
    "requested_slots_recall": 0.9003189792663477
  },
  "RideSharing_1": {
    "active_intent_accuracy": 1.0,
    "average_cat_accuracy": 0.9869565217391304,
    "average_goal_accuracy": 0.9099299719887955,