{
  "#ALL_SERVICES": {
    "active_intent_accuracy": 0.07863849765258216,
    "average_cat_accuracy": 0.2491347342398022,
    "average_goal_accuracy": 0.23983955204250731,
    "average_noncat_accuracy": 0.25124216773691377,
    "joint_cat_accuracy": 0.060617261134725556,
    "joint_goal_accuracy": 0.002070125016264252,
    "joint_noncat_accuracy": 0.018011021562541918,
    "requested_slots_f1": 0.03607047170533351,
    "requested_slots_precision": 0.02154762530990487,
    "requested_slots_recall": 1.0
  },
  "#SEEN_SERVICES": {
    "active_intent_accuracy": 0.0815913688469319,
    "average_cat_accuracy": 0.2764284602210805,
    "average_goal_accuracy": 0.24710242455956738,
    "average_noncat_accuracy": 0.25909281894576014,
    "joint_cat_accuracy": 0.07877927608232789,
    "joint_goal_accuracy": 0.002540727146662171,
    "joint_noncat_accuracy": 0.03250602768071477,
    "requested_slots_f1": 0.03940848617180377,
    "requested_slots_precision": 0.02361392073125047,
    "requested_slots_recall": 1.0
  },
  "#UNSEEN_SERVICES": {
    "active_intent_accuracy": 0.07571714476317545,
    "average_cat_accuracy": 0.21844362745098037,
    "average_goal_accuracy": 0.23249869977609702,
    "average_noncat_accuracy": 0.24308944863149543,
    "joint_cat_accuracy": 0.040879290397223295,
    "joint_goal_accuracy": 0.0016045459906604406,
    "joint_noncat_accuracy": 0.0036707319873248833,
    "requested_slots_f1": 0.032768086479332575,
    "requested_slots_precision": 0.01950338507651226,
    "requested_slots_recall": 1.0
  },
  "Alarm_1": {
    "active_intent_accuracy": 0.09170305676855896,
    "average_goal_accuracy": 0.1966883116883117,
    "average_noncat_accuracy": 0.1966883116883117,
    "joint_goal_accuracy": 0.019103493449781662,
    "joint_noncat_accuracy": 0.019103493449781662,
    "requested_slots_f1": 0.0,
    "requested_slots_precision": 0.0,
    "requested_slots_recall": 1.0
  },
  "Banks_2": {
    "active_intent_accuracy": 0.06501547987616099,
    "average_cat_accuracy": 0.15614617940199335,
    "average_goal_accuracy": 0.16736434108527132,
    "average_noncat_accuracy": 0.18373626373626373,
    "joint_cat_accuracy": 0.0030959752321981426,
    "joint_goal_accuracy": 0.0,
    "joint_noncat_accuracy": 0.014268421052631581,
    "requested_slots_f1": 0.028306059265811586,
    "requested_slots_precision": 0.016511867905056758,
    "requested_slots_recall": 1.0
  },
  "Buses_1": {
    "active_intent_accuracy": 0.07161803713527852,
    "average_cat_accuracy": 0.288,
    "average_goal_accuracy": 0.24641170915958446,
    "average_noncat_accuracy": 0.23576666666666665,
    "joint_cat_accuracy": 0.1909814323607427,
    "joint_goal_accuracy": 0.0003185486737400531,
    "joint_noncat_accuracy": 0.0010737377984084881,
    "requested_slots_f1": 0.04253677357125633,
    "requested_slots_precision": 0.025346301208370173,
    "requested_slots_recall": 1.0
  },
  "Events_1": {
    "active_intent_accuracy": 0.09788867562380038,
    "average_cat_accuracy": 0.44819819819819817,
    "average_goal_accuracy": 0.33528601252609597,
    "average_noncat_accuracy": 0.27300786838340485,
    "joint_cat_accuracy": 0.0,
    "joint_goal_accuracy": 0.0,
    "joint_noncat_accuracy": 0.0010641952975047983,
    "requested_slots_f1": 0.026871401151631478,
    "requested_slots_precision": 0.015355086372360844,
    "requested_slots_recall": 1.0
  },
  "Flights_3": {
    "active_intent_accuracy": 0.07692307692307693,
    "average_cat_accuracy": 0.09469696969696968,
    "average_goal_accuracy": 0.20954163517258753,
    "average_noncat_accuracy": 0.25778089887640454,
    "joint_cat_accuracy": 0.0,
    "joint_goal_accuracy": 0.0,
    "joint_noncat_accuracy": 0.000998075433715221,
    "requested_slots_f1": 0.0202716283343383,
    "requested_slots_precision": 0.011167805911235196,
    "requested_slots_recall": 1.0
  },
  "Homes_1": {
    "active_intent_accuracy": 0.07155025553662692,
    "average_cat_accuracy": 0.10224358974358974,
    "average_goal_accuracy": 0.20749973347547976,
    "average_noncat_accuracy": 0.2986354581673307,
    "joint_cat_accuracy": 0.0,
    "joint_goal_accuracy": 0.0,
    "joint_noncat_accuracy": 0.006117870528109029,
    "requested_slots_f1": 0.039182282793867124,
    "requested_slots_precision": 0.022657580919931856,
    "requested_slots_recall": 1.0
  },
  "Hotels_1": {
    "active_intent_accuracy": 0.05734767025089606,
    "average_cat_accuracy": 0.39749608763693267,
    "average_goal_accuracy": 0.2888652597402598,
    "average_noncat_accuracy": 0.25102287581699345,
    "joint_cat_accuracy": 0.0,
    "joint_goal_accuracy": 0.0,
    "joint_noncat_accuracy": 0.0008112776702508959,
    "requested_slots_f1": 0.04898446833930705,
    "requested_slots_precision": 0.02867383512544803,
    "requested_slots_recall": 1.0
  },
  "Hotels_4": {
    "active_intent_accuracy": 0.05357142857142857,
    "average_cat_accuracy": 0.4429012345679012,
    "average_goal_accuracy": 0.3099657570893526,
    "average_noncat_accuracy": 0.2443235294117647,
    "joint_cat_accuracy": 0.0,
    "joint_goal_accuracy": 0.0,
    "joint_noncat_accuracy": 0.0010033341428571428,
    "requested_slots_f1": 0.045887445887445893,
    "requested_slots_precision": 0.026785714285714288,
    "requested_slots_recall": 1.0
  },
  "Media_2": {
    "active_intent_accuracy": 0.07301587301587302,
    "average_cat_accuracy": 0.17575757575757575,
    "average_goal_accuracy": 0.2848075601374571,
    "average_noncat_accuracy": 0.30168384879725085,
    "joint_cat_accuracy": 0.10158730158730159,
    "joint_goal_accuracy": 0.00016533333333333333,
    "joint_noncat_accuracy": 0.000752683492063492,
    "requested_slots_f1": 0.04625850340136054,
    "requested_slots_precision": 0.02962962962962963,
    "requested_slots_recall": 1.0
  },
  "Movies_2": {
    "active_intent_accuracy": 0.1590909090909091,
    "average_goal_accuracy": 0.3400137741046832,
    "average_noncat_accuracy": 0.3400137741046832,
    "joint_goal_accuracy": 0.0016325284090909088,
    "joint_noncat_accuracy": 0.0016325284090909088,
    "requested_slots_f1": 0.05762987012987013,
    "requested_slots_precision": 0.0375,
    "requested_slots_recall": 1.0
  },
  "Music_1": {
    "active_intent_accuracy": 0.06072874493927125,
    "average_cat_accuracy": 0.11764705882352941,
    "average_goal_accuracy": 0.2386982622432859,
    "average_noncat_accuracy": 0.2975,
    "joint_cat_accuracy": 0.06477732793522267,
    "joint_goal_accuracy": 0.0,
    "joint_noncat_accuracy": 8.045344129554656e-06,
    "requested_slots_f1": 0.0465587044534413,
    "requested_slots_precision": 0.02834008097165992,
    "requested_slots_recall": 1.0
  },
  "RentalCars_1": {
    "active_intent_accuracy": 0.07926829268292683,
    "average_cat_accuracy": 0.6871794871794872,
    "average_goal_accuracy": 0.28440468409586056,
    "average_noncat_accuracy": 0.2355235745614035,
    "joint_cat_accuracy": 0.40853658536585363,
    "joint_goal_accuracy": 0.00021738983841463412,
    "joint_noncat_accuracy": 0.00030399247256097565,
    "requested_slots_f1": 0.025745257452574527,
    "requested_slots_precision": 0.014481707317073171,
    "requested_slots_recall": 1.0
  },
  "Restaurants_2": {
    "active_intent_accuracy": 0.07496012759170653,
    "average_cat_accuracy": 0.35714285714285715,
    "average_goal_accuracy": 0.2190355506463754,
    "average_noncat_accuracy": 0.20547812320092113,
    "joint_cat_accuracy": 0.0,
    "joint_goal_accuracy": 0.0,
    "joint_noncat_accuracy": 6.80951004784689e-05,
    "requested_slots_f1": 0.03151234730182099,
    "requested_slots_precision": 0.017809675704412546,
    "requested_slots_recall": 1.0
  },
  "RideSharing_1": {
    "active_intent_accuracy": 0.09727626459143969,
    "average_cat_accuracy": 0.1108695652173913,
    "average_goal_accuracy": 0.14407563025210088,
    "average_noncat_accuracy": 0.19862559241706162,
    "joint_cat_accuracy": 0.0,
    "joint_goal_accuracy": 0.0,
    "joint_noncat_accuracy": 0.16307392996108952,