{
  "#ALL_SERVICES": {
    "active_intent_accuracy": 0.07863849765258216,
    "average_cat_accuracy": 0.1546353522867738,
    "average_goal_accuracy": 0.22401044269668832,
    "average_noncat_accuracy": 0.25267723941103976,
    "joint_cat_accuracy": 0.03677693587137313,
    "joint_goal_accuracy": 0.002802375274832327,
    "joint_noncat_accuracy": 0.01800728598304829,
    "requested_slots_f1": 0.6619689033672937,
    "requested_slots_precision": 0.7643887132317716,
    "requested_slots_recall": 0.8761737089201878
  },
  "#SEEN_SERVICES": {
    "active_intent_accuracy": 0.0815913688469319,
    "average_cat_accuracy": 0.1368130157247392,
    "average_goal_accuracy": 0.22008124018838304,
    "average_noncat_accuracy": 0.25896103896103895,
    "joint_cat_accuracy": 0.027324343506032647,
    "joint_goal_accuracy": 0.003947936119049225,
    "joint_noncat_accuracy": 0.03249389562407282,
    "requested_slots_f1": 0.6139440109601944,
    "requested_slots_precision": 0.7148368012073338,
    "requested_slots_recall": 0.8727242076871207
  },
  "#UNSEEN_SERVICES": {
    "active_intent_accuracy": 0.07571714476317545,
    "average_cat_accuracy": 0.17467612044817926,
    "average_goal_accuracy": 0.22798183212566778,
    "average_noncat_accuracy": 0.24615165939442024,
    "joint_cat_accuracy": 0.047049749325106055,
    "joint_goal_accuracy": 0.0016690418979319545,
    "joint_noncat_accuracy": 0.0036753032628085397,
    "requested_slots_f1": 0.7094811885172125,
    "requested_slots_precision": 0.813411718923727,
    "requested_slots_recall": 0.8795863909272849
  },
  "Alarm_1": {
    "active_intent_accuracy": 0.09170305676855896,
    "average_goal_accuracy": 0.1966883116883117,
    "average_noncat_accuracy": 0.1966883116883117,
    "joint_goal_accuracy": 0.019103493449781662,
    "joint_noncat_accuracy": 0.019103493449781662,
    "requested_slots_f1": 0.9519650655021834,
    "requested_slots_precision": 0.9519650655021834,
    "requested_slots_recall": 1.0
  },
  "Banks_2": {
    "active_intent_accuracy": 0.06501547987616099,
    "average_cat_accuracy": 0.20431893687707642,
    "average_goal_accuracy": 0.20197120708748617,
    "average_noncat_accuracy": 0.18373626373626373,
    "joint_cat_accuracy": 0.01238390092879257,
    "joint_goal_accuracy": 0.0005529411764705883,
    "joint_noncat_accuracy": 0.014268421052631581,
    "requested_slots_f1": 0.8978328173374613,
    "requested_slots_precision": 0.9969040247678018,
    "requested_slots_recall": 0.9009287925696594
  },
  "Buses_1": {
    "active_intent_accuracy": 0.07161803713527852,
    "average_cat_accuracy": 0.068,
    "average_goal_accuracy": 0.20802077431539187,
    "average_noncat_accuracy": 0.2357595238095238,
    "joint_cat_accuracy": 0.04509283819628647,
    "joint_goal_accuracy": 5.637246684350133e-05,
    "joint_noncat_accuracy": 0.0010738371087533156,
    "requested_slots_f1": 0.5188034188034188,
    "requested_slots_precision": 0.605106100795756,
    "requested_slots_recall": 0.8952254641909815
  },
  "Events_1": {
    "active_intent_accuracy": 0.09788867562380038,
    "average_cat_accuracy": 0.15202702702702703,
    "average_goal_accuracy": 0.23583228949199725,
    "average_noncat_accuracy": 0.27202610872675254,
    "joint_cat_accuracy": 0.009596928982725527,
    "joint_goal_accuracy": 1.5069558541266797e-05,
    "joint_noncat_accuracy": 0.0009950568714011518,
    "requested_slots_f1": 0.8099808061420346,
    "requested_slots_precision": 0.927063339731286,
    "requested_slots_recall": 0.8829174664107485
  },
  "Flights_3": {
    "active_intent_accuracy": 0.07692307692307693,
    "average_cat_accuracy": 0.17766955266955267,
    "average_goal_accuracy": 0.22650434618291762,
    "average_noncat_accuracy": 0.25778089887640454,
    "joint_cat_accuracy": 0.0,
    "joint_goal_accuracy": 0.0,
    "joint_noncat_accuracy": 0.000998075433715221,
    "requested_slots_f1": 0.44979476787987416,
    "requested_slots_precision": 0.5266366612111293,
    "requested_slots_recall": 0.8927986906710311
  },
  "Homes_1": {
    "active_intent_accuracy": 0.07155025553662692,
    "average_cat_accuracy": 0.0828525641025641,
    "average_goal_accuracy": 0.1996632462686567,
    "average_noncat_accuracy": 0.29860557768924306,
    "joint_cat_accuracy": 0.0017035775127768314,
    "joint_goal_accuracy": 0.0,
    "joint_noncat_accuracy": 0.006117870528109029,
    "requested_slots_f1": 0.44804088586030666,
    "requested_slots_precision": 0.5383304940374787,
    "requested_slots_recall": 0.8398637137989778
  },
  "Hotels_1": {
    "active_intent_accuracy": 0.05734767025089606,
    "average_cat_accuracy": 0.24569640062597806,
    "average_goal_accuracy": 0.244393759018759,
    "average_noncat_accuracy": 0.25102287581699345,
    "joint_cat_accuracy": 0.0,
    "joint_goal_accuracy": 0.0,
    "joint_noncat_accuracy": 0.0008112776702508959,
    "requested_slots_f1": 0.7526881720430108,
    "requested_slots_precision": 0.9283154121863799,
    "requested_slots_recall": 0.8172043010752689
  },
  "Hotels_4": {
    "active_intent_accuracy": 0.05357142857142857,
    "average_cat_accuracy": 0.09645061728395062,
    "average_goal_accuracy": 0.19429784198323524,
    "average_noncat_accuracy": 0.2443235294117647,
    "joint_cat_accuracy": 0.0,
    "joint_goal_accuracy": 0.0,
    "joint_noncat_accuracy": 0.0010033341428571428,
    "requested_slots_f1": 0.7892857142857143,
    "requested_slots_precision": 0.9607142857142857,
    "requested_slots_recall": 0.825
  },
  "Media_2": {
    "active_intent_accuracy": 0.07301587301587302,
    "average_cat_accuracy": 0.08484848484848485,
    "average_goal_accuracy": 0.26917182130584194,
    "average_noncat_accuracy": 0.30168384879725085,
    "joint_cat_accuracy": 0.044444444444444446,
    "joint_goal_accuracy": 5.179428571428572e-05,
    "joint_noncat_accuracy": 0.000752683492063492,
    "requested_slots_f1": 0.8857142857142857,
    "requested_slots_precision": 1.0,
    "requested_slots_recall": 0.8857142857142857
  },
  "Movies_2": {
    "active_intent_accuracy": 0.1590909090909091,
    "average_goal_accuracy": 0.3400137741046832,
    "average_noncat_accuracy": 0.3400137741046832,
    "joint_goal_accuracy": 0.0016325284090909088,
    "joint_noncat_accuracy": 0.0016325284090909088,
    "requested_slots_f1": 0.8636363636363636,
    "requested_slots_precision": 1.0,
    "requested_slots_recall": 0.8636363636363636
  },
  "Music_1": {
    "active_intent_accuracy": 0.06072874493927125,
    "average_cat_accuracy": 0.10784313725490197,
    "average_goal_accuracy": 0.23079936808846763,
    "average_noncat_accuracy": 0.2975,
    "joint_cat_accuracy": 0.004048582995951417,
    "joint_goal_accuracy": 0.0,
    "joint_noncat_accuracy": 8.045344129554656e-06,
    "requested_slots_f1": 0.7004048582995951,
    "requested_slots_precision": 0.8340080971659919,
    "requested_slots_recall": 0.8582995951417004
  },
  "RentalCars_1": {
    "active_intent_accuracy": 0.07926829268292683,
    "average_cat_accuracy": 0.14358974358974358,
    "average_goal_accuracy": 0.222531045751634,
    "average_noncat_accuracy": 0.2355235745614035,
    "joint_cat_accuracy": 0.08536585365853659,
    "joint_goal_accuracy": 4.900874725609756e-05,
    "joint_noncat_accuracy": 0.00030399247256097565,
    "requested_slots_f1": 0.5529544134727061,
    "requested_slots_precision": 0.5886614401858304,
    "requested_slots_recall": 0.9329268292682927
  },
  "Restaurants_2": {
    "active_intent_accuracy": 0.07496012759170653,
    "average_cat_accuracy": 0.14052287581699344,
    "average_goal_accuracy": 0.208552303223695,
    "average_noncat_accuracy": 0.218811168681635,
    "joint_cat_accuracy": 0.0,
    "joint_goal_accuracy": 0.0,
    "joint_noncat_accuracy": 8.995265055821371e-05,
    "requested_slots_f1": 0.810207336523126,
    "requested_slots_precision": 0.9585326953748007,
    "requested_slots_recall": 0.8484848484848485
  },
  "RideSharing_1": {
    "active_intent_accuracy": 0.09727626459143969,
    "average_cat_accuracy": 0.2673913043478261,