{
  "#ALL_SERVICES": {
    "active_intent_accuracy": 0.9327632461435278,
    "average_cat_accuracy": 0.7052121961269057,
    "average_goal_accuracy": 0.7939200094694479,
    "average_noncat_accuracy": 0.8262770318479601,
    "joint_cat_accuracy": 0.7135464793938274,
    "joint_goal_accuracy": 0.4812743628437291,
    "joint_noncat_accuracy": 0.614067035546613,
    "requested_slots_f1": 0.943098272172719,
    "requested_slots_precision": 0.9845293986139056,
    "requested_slots_recall": 0.9468477531857814
  },
  "#SEEN_SERVICES": {
    "active_intent_accuracy": 0.9881995954146999,
    "average_cat_accuracy": 0.88183092013078,
    "average_goal_accuracy": 0.8386215070643643,
    "average_noncat_accuracy": 0.84127769289534,
    "joint_cat_accuracy": 0.8765081618168914,
    "joint_goal_accuracy": 0.6109771072151046,
    "joint_noncat_accuracy": 0.6812299730276467,
    "requested_slots_f1": 0.9799168352438751,
    "requested_slots_precision": 0.9937626432906271,
    "requested_slots_recall": 0.983142279163857
  },
  "#UNSEEN_SERVICES": {
    "active_intent_accuracy": 0.8779186124082722,
    "average_cat_accuracy": 0.506608893557423,
    "average_goal_accuracy": 0.7487385624371926,
    "average_noncat_accuracy": 0.8106991934417559,
    "joint_cat_accuracy": 0.5364442730428075,
    "joint_goal_accuracy": 0.35295603735823877,
    "joint_noncat_accuracy": 0.5476209806537692,
    "requested_slots_f1": 0.906672702436545,
    "requested_slots_precision": 0.975394707582833,
    "requested_slots_recall": 0.9109406270847231
  },
  "Alarm_1": {
    "active_intent_accuracy": 0.7510917030567685,
    "average_goal_accuracy": 0.7302272727272726,
    "average_noncat_accuracy": 0.7302272727272726,
    "joint_goal_accuracy": 0.5389921397379913,
    "joint_noncat_accuracy": 0.5389921397379913,
    "requested_slots_f1": 1.0,
    "requested_slots_precision": 1.0,
    "requested_slots_recall": 1.0
  },
  "Banks_2": {
    "active_intent_accuracy": 0.9721362229102167,
    "average_cat_accuracy": 0.9617940199335548,
    "average_goal_accuracy": 0.8542414174972315,
    "average_noncat_accuracy": 0.5979120879120878,
    "joint_cat_accuracy": 0.9287925696594427,
    "joint_goal_accuracy": 0.5628482972136223,
    "joint_noncat_accuracy": 0.5814241486068111,
    "requested_slots_f1": 0.9009287925696594,
    "requested_slots_precision": 1.0,
    "requested_slots_recall": 0.9009287925696594
  },
  "Buses_1": {
    "active_intent_accuracy": 0.9893899204244032,
    "average_cat_accuracy": 1.0,
    "average_goal_accuracy": 0.8481270066100094,
    "average_noncat_accuracy": 0.813052380952381,
    "joint_cat_accuracy": 0.9946949602122016,
    "joint_goal_accuracy": 0.5207294429708222,
    "joint_noncat_accuracy": 0.5260344827586206,
    "requested_slots_f1": 0.9796640141467727,
    "requested_slots_precision": 0.9734748010610079,
    "requested_slots_recall": 0.9973474801061007
  },
  "Events_1": {
    "active_intent_accuracy": 0.9904030710172744,
    "average_cat_accuracy": 0.9898648648648649,
    "average_goal_accuracy": 0.8810755045233125,
    "average_noncat_accuracy": 0.8282188841201717,
    "joint_cat_accuracy": 0.982725527831094,
    "joint_goal_accuracy": 0.6168905950095969,
    "joint_noncat_accuracy": 0.6226487523992322,
    "requested_slots_f1": 0.9884836852207294,
    "requested_slots_precision": 1.0,
    "requested_slots_recall": 0.9865642994241842
  },
  "Flights_3": {
    "active_intent_accuracy": 0.8821603927986906,
    "average_cat_accuracy": 0.6405122655122655,
    "average_goal_accuracy": 0.8746816578483244,
    "average_noncat_accuracy": 0.9830524344569289,
    "joint_cat_accuracy": 0.46808510638297873,
    "joint_goal_accuracy": 0.40792144026186583,
    "joint_noncat_accuracy": 0.8551589198036005,
    "requested_slots_f1": 0.8805237315875614,
    "requested_slots_precision": 1.0,
    "requested_slots_recall": 0.8805237315875614
  },
  "Homes_1": {
    "active_intent_accuracy": 0.9846678023850085,
    "average_cat_accuracy": 0.9855769230769231,
    "average_goal_accuracy": 0.9259477167732764,
    "average_noncat_accuracy": 0.8864707835325365,
    "joint_cat_accuracy": 0.938671209540034,
    "joint_goal_accuracy": 0.741175468483816,
    "joint_noncat_accuracy": 0.7692844974446337,
    "requested_slots_f1": 0.9977285633162977,
    "requested_slots_precision": 0.9982964224872232,
    "requested_slots_recall": 0.9991482112436116
  },
  "Hotels_1": {
    "active_intent_accuracy": 0.978494623655914,
    "average_cat_accuracy": 0.892018779342723,
    "average_goal_accuracy": 0.8763140331890332,
    "average_noncat_accuracy": 0.8634313725490197,
    "joint_cat_accuracy": 0.8745519713261649,
    "joint_goal_accuracy": 0.5878136200716846,
    "joint_noncat_accuracy": 0.6272401433691757,
    "requested_slots_f1": 0.9903225806451613,
    "requested_slots_precision": 0.9916367980884111,
    "requested_slots_recall": 0.9910394265232975
  },
  "Hotels_4": {
    "active_intent_accuracy": 0.9892857142857143,
    "average_cat_accuracy": 0.8587962962962963,
    "average_goal_accuracy": 0.7531970750847155,
    "average_noncat_accuracy": 0.6999281045751633,
    "joint_cat_accuracy": 0.6535714285714286,
    "joint_goal_accuracy": 0.2616785714285714,
    "joint_noncat_accuracy": 0.35925,
    "requested_slots_f1": 0.9313095238095238,
    "requested_slots_precision": 0.9226190476190476,
    "requested_slots_recall": 0.9535714285714286
  },
  "Media_2": {
    "active_intent_accuracy": 0.9587301587301588,
    "average_cat_accuracy": 0.2,
    "average_goal_accuracy": 0.7113465063001146,
    "average_noncat_accuracy": 0.8105154639175258,
    "joint_cat_accuracy": 0.580952380952381,
    "joint_goal_accuracy": 0.2928253968253968,
    "joint_noncat_accuracy": 0.44492063492063494,
    "requested_slots_f1": 0.9195767195767195,
    "requested_slots_precision": 0.9444444444444444,
    "requested_slots_recall": 0.9317460317460318
  },
  "Movies_2": {
    "active_intent_accuracy": 0.9943181818181818,
    "average_goal_accuracy": 0.585206611570248,
    "average_noncat_accuracy": 0.585206611570248,
    "joint_goal_accuracy": 0.40619318181818187,
    "joint_noncat_accuracy": 0.40619318181818187,
    "requested_slots_f1": 0.8725378787878788,
    "requested_slots_precision": 0.9365530303030302,
    "requested_slots_recall": 0.8721590909090909
  },
  "Music_1": {
    "active_intent_accuracy": 0.97165991902834,
    "average_cat_accuracy": 0.7581699346405228,
    "average_goal_accuracy": 0.7481184834123223,
    "average_noncat_accuracy": 0.7315931372549019,
    "joint_cat_accuracy": 0.757085020242915,
    "joint_goal_accuracy": 0.5268421052631579,
    "joint_noncat_accuracy": 0.6295951417004049,
    "requested_slots_f1": 0.9932523616734144,
    "requested_slots_precision": 0.9939271255060729,
    "requested_slots_recall": 0.9979757085020243
  },
  "RentalCars_1": {
    "active_intent_accuracy": 0.9939024390243902,
    "average_cat_accuracy": 0.8307692307692308,
    "average_goal_accuracy": 0.8824286492374728,
    "average_noncat_accuracy": 0.8834813596491228,
    "joint_cat_accuracy": 0.8658536585365854,
    "joint_goal_accuracy": 0.5888274390243903,
    "joint_noncat_accuracy": 0.6132176829268293,
    "requested_slots_f1": 0.9969512195121951,
    "requested_slots_precision": 0.9969512195121951,
    "requested_slots_recall": 1.0
  },
  "Restaurants_2": {
    "active_intent_accuracy": 0.8644338118022329,
    "average_cat_accuracy": 0.3744164332399626,
    "average_goal_accuracy": 0.7234554491899853,
    "average_noncat_accuracy": 0.7880025906735751,
    "joint_cat_accuracy": 0.6028708133971292,
    "joint_goal_accuracy": 0.34805901116427435,
    "joint_noncat_accuracy": 0.42782535885167466,
    "requested_slots_f1": 0.9056960583276373,
    "requested_slots_precision": 0.9626262626262625,
    "requested_slots_recall": 0.9154704944178629
  },
  "RideSharing_1": {
    "active_intent_accuracy": 1.0,
    "average_cat_accuracy": 0.9478260869565217,
    "average_goal_accuracy": 0.9457563025210084,