{
  "#ALL_SERVICES": {
    "active_intent_accuracy": 0.07863849765258216,
    "average_cat_accuracy": 0.2761639884631232,
    "average_goal_accuracy": 0.2600149450684343,
    "average_noncat_accuracy": 0.2527443730946358,
    "joint_cat_accuracy": 0.045647754574015896,
    "joint_goal_accuracy": 0.002234080355130785,
    "joint_noncat_accuracy": 0.0180133194639336,
    "requested_slots_f1": 0.6266903020516807,
    "requested_slots_precision": 0.7161285665923789,
    "requested_slots_recall": 0.8843058350100603
  },
  "#SEEN_SERVICES": {
    "active_intent_accuracy": 0.0815913688469319,
    "average_cat_accuracy": 0.2729254242565779,
    "average_goal_accuracy": 0.26009649398220824,
    "average_noncat_accuracy": 0.25909281894576014,
    "joint_cat_accuracy": 0.0383250532292406,
    "joint_goal_accuracy": 0.0025103932427511804,
    "joint_noncat_accuracy": 0.03250602768071477,
    "requested_slots_f1": 0.6025439103490352,
    "requested_slots_precision": 0.6911315009258366,
    "requested_slots_recall": 0.8813216453135536
  },
  "#UNSEEN_SERVICES": {
    "active_intent_accuracy": 0.07571714476317545,
    "average_cat_accuracy": 0.27980567226890757,
    "average_goal_accuracy": 0.25993252058320554,
    "average_noncat_accuracy": 0.24615165939442024,
    "joint_cat_accuracy": 0.05360586193598149,
    "joint_goal_accuracy": 0.0019607167711807876,
    "joint_noncat_accuracy": 0.0036753032628085397,
    "requested_slots_f1": 0.6505789604206093,
    "requested_slots_precision": 0.7408588190163162,
    "requested_slots_recall": 0.8872581721147431
  },
  "Alarm_1": {
    "active_intent_accuracy": 0.09170305676855896,
    "average_goal_accuracy": 0.1966883116883117,
    "average_noncat_accuracy": 0.1966883116883117,
    "joint_goal_accuracy": 0.019103493449781662,
    "joint_noncat_accuracy": 0.019103493449781662,
    "requested_slots_f1": 0.9694323144104804,
    "requested_slots_precision": 0.9694323144104804,
    "requested_slots_recall": 1.0
  },
  "Banks_2": {
    "active_intent_accuracy": 0.06501547987616099,
    "average_cat_accuracy": 0.48172757475083056,
    "average_goal_accuracy": 0.38248062015503875,
    "average_noncat_accuracy": 0.18373626373626373,
    "joint_cat_accuracy": 0.11455108359133127,
    "joint_goal_accuracy": 0.0033058823529411767,
    "joint_noncat_accuracy": 0.014268421052631581,
    "requested_slots_f1": 0.7770897832817337,
    "requested_slots_precision": 0.8544891640866873,
    "requested_slots_recall": 0.9009287925696594
  },
  "Buses_1": {
    "active_intent_accuracy": 0.07161803713527852,
    "average_cat_accuracy": 0.196,
    "average_goal_accuracy": 0.22913125590179412,
    "average_noncat_accuracy": 0.23576666666666665,
    "joint_cat_accuracy": 0.129973474801061,
    "joint_goal_accuracy": 0.00016657482758620693,
    "joint_noncat_accuracy": 0.0010737377984084881,
    "requested_slots_f1": 0.6536823329926779,
    "requested_slots_precision": 0.7518936044798112,
    "requested_slots_recall": 0.8925729442970822
  },
  "Events_1": {
    "active_intent_accuracy": 0.09788867562380038,
    "average_cat_accuracy": 0.4864864864864865,
    "average_goal_accuracy": 0.3491343075852471,
    "average_noncat_accuracy": 0.27300786838340485,
    "joint_cat_accuracy": 0.03838771593090211,
    "joint_goal_accuracy": 4.1002687140115164e-05,
    "joint_noncat_accuracy": 0.0010641952975047983,
    "requested_slots_f1": 0.5977013070103281,
    "requested_slots_precision": 0.6706958535173505,
    "requested_slots_recall": 0.8992322456813819
  },
  "Flights_3": {
    "active_intent_accuracy": 0.07692307692307693,
    "average_cat_accuracy": 0.23935786435786435,
    "average_goal_accuracy": 0.25412255395985556,
    "average_noncat_accuracy": 0.25778089887640454,
    "joint_cat_accuracy": 0.0,
    "joint_goal_accuracy": 0.0,
    "joint_noncat_accuracy": 0.000998075433715221,
    "requested_slots_f1": 0.5745203844307988,
    "requested_slots_precision": 0.6490897504664714,
    "requested_slots_recall": 0.8911620294599017
  },
  "Homes_1": {
    "active_intent_accuracy": 0.07155025553662692,
    "average_cat_accuracy": 0.33397435897435895,
    "average_goal_accuracy": 0.3204572672352523,
    "average_noncat_accuracy": 0.2986354581673307,
    "joint_cat_accuracy": 0.0,
    "joint_goal_accuracy": 0.0,
    "joint_noncat_accuracy": 0.006117870528109029,
    "requested_slots_f1": 0.47358078226902767,
    "requested_slots_precision": 0.5538871312295504,
    "requested_slots_recall": 0.883304940374787
  },
  "Hotels_1": {
    "active_intent_accuracy": 0.05734767025089606,
    "average_cat_accuracy": 0.20266040688575898,
    "average_goal_accuracy": 0.22236994949494948,
    "average_noncat_accuracy": 0.25102287581699345,
    "joint_cat_accuracy": 0.0,
    "joint_goal_accuracy": 0.0,
    "joint_noncat_accuracy": 0.0008112776702508959,
    "requested_slots_f1": 0.4689366786140979,
    "requested_slots_precision": 0.5996757125789384,
    "requested_slots_recall": 0.8297491039426523
  },
  "Hotels_4": {
    "active_intent_accuracy": 0.05357142857142857,
    "average_cat_accuracy": 0.16280864197530864,
    "average_goal_accuracy": 0.21275691100410202,
    "average_noncat_accuracy": 0.2443235294117647,
    "joint_cat_accuracy": 0.0,
    "joint_goal_accuracy": 0.0,
    "joint_noncat_accuracy": 0.0010033341428571428,
    "requested_slots_f1": 0.5727272727272728,
    "requested_slots_precision": 0.7365079365079366,
    "requested_slots_recall": 0.8285714285714286
  },
  "Media_2": {
    "active_intent_accuracy": 0.07301587301587302,
    "average_cat_accuracy": 0.17575757575757575,
    "average_goal_accuracy": 0.2848075601374571,
    "average_noncat_accuracy": 0.30168384879725085,
    "joint_cat_accuracy": 0.09206349206349207,
    "joint_goal_accuracy": 0.00016533333333333333,
    "joint_noncat_accuracy": 0.000752683492063492,
    "requested_slots_f1": 0.6313227513227514,
    "requested_slots_precision": 0.6899470899470899,
    "requested_slots_recall": 0.9174603174603174
  },
  "Movies_2": {
    "active_intent_accuracy": 0.1590909090909091,
    "average_goal_accuracy": 0.3400137741046832,
    "average_noncat_accuracy": 0.3400137741046832,
    "joint_goal_accuracy": 0.0016325284090909088,
    "joint_noncat_accuracy": 0.0016325284090909088,
    "requested_slots_f1": 0.8039772727272727,
    "requested_slots_precision": 0.9176136363636364,
    "requested_slots_recall": 0.8664772727272727
  },
  "Music_1": {
    "active_intent_accuracy": 0.06072874493927125,
    "average_cat_accuracy": 0.14052287581699346,
    "average_goal_accuracy": 0.24620221169036333,
    "average_noncat_accuracy": 0.2975,
    "joint_cat_accuracy": 0.0,
    "joint_goal_accuracy": 0.0,
    "joint_noncat_accuracy": 8.045344129554656e-06,
    "requested_slots_f1": 0.24812030075187969,
    "requested_slots_precision": 0.27611336032388667,
    "requested_slots_recall": 0.8603238866396761
  },
  "RentalCars_1": {
    "active_intent_accuracy": 0.07926829268292683,
    "average_cat_accuracy": 0.2,
    "average_goal_accuracy": 0.23549400871459694,
    "average_noncat_accuracy": 0.2355235745614035,
    "joint_cat_accuracy": 0.11890243902439024,
    "joint_goal_accuracy": 5.26379512195122e-05,
    "joint_noncat_accuracy": 0.00030399247256097565,
    "requested_slots_f1": 0.8482384823848239,
    "requested_slots_precision": 0.9576981707317073,
    "requested_slots_recall": 0.8871951219512195
  },
  "Restaurants_2": {
    "active_intent_accuracy": 0.07496012759170653,
    "average_cat_accuracy": 0.39215686274509803,
    "average_goal_accuracy": 0.23626257977417767,
    "average_noncat_accuracy": 0.218811168681635,
    "joint_cat_accuracy": 0.0,
    "joint_goal_accuracy": 0.0,
    "joint_noncat_accuracy": 8.995265055821371e-05,
    "requested_slots_f1": 0.4934983499576801,
    "requested_slots_precision": 0.5826195999640976,
    "requested_slots_recall": 0.8708133971291866
  },
  "RideSharing_1": {
    "active_intent_accuracy": 0.09727626459143969,
    "average_cat_accuracy": 0.15869565217391304,