{
  "#ALL_SERVICES": {
    "active_intent_accuracy": 0.9507042253521126,
    "average_cat_accuracy": 0.6943345694272766,
    "average_goal_accuracy": 0.8444358554506317,
    "average_noncat_accuracy": 0.9016168190958033,
    "joint_cat_accuracy": 0.7235261504343005,
    "joint_goal_accuracy": 0.5626521294433267,
    "joint_noncat_accuracy": 0.7133732897384305,
    "requested_slots_f1": 0.9447462553096355,
    "requested_slots_precision": 0.9836099932930918,
    "requested_slots_recall": 0.9483568075117371
  },
  "#SEEN_SERVICES": {
    "active_intent_accuracy": 0.9902225219150371,
    "average_cat_accuracy": 0.8788728008718668,
    "average_goal_accuracy": 0.9057154456654457,
    "average_noncat_accuracy": 0.9357277820218995,
    "joint_cat_accuracy": 0.8846699787083038,
    "joint_goal_accuracy": 0.775507619689818,
    "joint_noncat_accuracy": 0.8739410991233986,
    "requested_slots_f1": 0.9776803776129468,
    "requested_slots_precision": 0.9923016408181613,
    "requested_slots_recall": 0.9817936614969656
  },
  "#UNSEEN_SERVICES": {
    "active_intent_accuracy": 0.9116077384923282,
    "average_cat_accuracy": 0.4868259803921569,
    "average_goal_accuracy": 0.7824983207277727,
    "average_noncat_accuracy": 0.8661933756445854,
    "joint_cat_accuracy": 0.5483995372155804,
    "joint_goal_accuracy": 0.3520686124082722,
    "joint_noncat_accuracy": 0.5545193462308206,
    "requested_slots_f1": 0.9121636646653324,
    "requested_slots_precision": 0.9750111185234601,
    "requested_slots_recall": 0.9152768512341561
  },
  "Alarm_1": {
    "active_intent_accuracy": 0.74235807860262,
    "average_goal_accuracy": 0.7717532467532467,
    "average_noncat_accuracy": 0.7717532467532467,
    "joint_goal_accuracy": 0.49895196506550216,
    "joint_noncat_accuracy": 0.49895196506550216,
    "requested_slots_f1": 1.0,
    "requested_slots_precision": 1.0,
    "requested_slots_recall": 1.0
  },
  "Banks_2": {
    "active_intent_accuracy": 0.9845201238390093,
    "average_cat_accuracy": 0.9368770764119602,
    "average_goal_accuracy": 0.9019933554817275,
    "average_noncat_accuracy": 0.7994505494505495,
    "joint_cat_accuracy": 0.8885448916408669,
    "joint_goal_accuracy": 0.7089783281733746,
    "joint_noncat_accuracy": 0.7863777089783281,
    "requested_slots_f1": 0.9009287925696594,
    "requested_slots_precision": 1.0,
    "requested_slots_recall": 0.9009287925696594
  },
  "Buses_1": {
    "active_intent_accuracy": 0.9920424403183024,
    "average_cat_accuracy": 0.996,
    "average_goal_accuracy": 0.9603125590179413,
    "average_noncat_accuracy": 0.9507166666666667,
    "joint_cat_accuracy": 0.9973474801061007,
    "joint_goal_accuracy": 0.8606896551724138,
    "joint_noncat_accuracy": 0.8633421750663131,
    "requested_slots_f1": 0.9796640141467727,
    "requested_slots_precision": 0.9734748010610079,
    "requested_slots_recall": 0.9973474801061007
  },
  "Events_1": {
    "active_intent_accuracy": 0.9980806142034548,
    "average_cat_accuracy": 0.9842342342342343,
    "average_goal_accuracy": 0.9615734168406402,
    "average_noncat_accuracy": 0.9510675965665236,
    "joint_cat_accuracy": 0.9865642994241842,
    "joint_goal_accuracy": 0.8441579654510556,
    "joint_noncat_accuracy": 0.8575936660268714,
    "requested_slots_f1": 0.9936020473448496,
    "requested_slots_precision": 1.0,
    "requested_slots_recall": 0.9932821497120922
  },
  "Flights_3": {
    "active_intent_accuracy": 0.972176759410802,
    "average_cat_accuracy": 0.6985930735930735,
    "average_goal_accuracy": 0.8331555177626605,
    "average_noncat_accuracy": 0.9077543695380773,
    "joint_cat_accuracy": 0.5482815057283142,
    "joint_goal_accuracy": 0.4181545008183306,
    "joint_noncat_accuracy": 0.75840589198036,
    "requested_slots_f1": 0.8805237315875614,
    "requested_slots_precision": 1.0,
    "requested_slots_recall": 0.8805237315875614
  },
  "Homes_1": {
    "active_intent_accuracy": 0.9965928449744463,
    "average_cat_accuracy": 0.9788461538461538,
    "average_goal_accuracy": 0.9594627754086709,
    "average_noncat_accuracy": 0.95167994687915,
    "joint_cat_accuracy": 0.9557069846678024,
    "joint_goal_accuracy": 0.8686541737649063,
    "joint_noncat_accuracy": 0.9095400340715504,
    "requested_slots_f1": 0.9965928449744463,
    "requested_slots_precision": 0.9965928449744463,
    "requested_slots_recall": 1.0
  },
  "Hotels_1": {
    "active_intent_accuracy": 0.96415770609319,
    "average_cat_accuracy": 0.8740219092331769,
    "average_goal_accuracy": 0.9403760822510823,
    "average_noncat_accuracy": 0.9821503267973856,
    "joint_cat_accuracy": 0.8207885304659498,
    "joint_goal_accuracy": 0.7393548387096774,
    "joint_noncat_accuracy": 0.9185663082437275,
    "requested_slots_f1": 0.992831541218638,
    "requested_slots_precision": 0.992831541218638,
    "requested_slots_recall": 0.992831541218638
  },
  "Hotels_4": {
    "active_intent_accuracy": 0.9785714285714285,
    "average_cat_accuracy": 0.867283950617284,
    "average_goal_accuracy": 0.868547440699126,
    "average_noncat_accuracy": 0.8675522875816994,
    "joint_cat_accuracy": 0.8392857142857143,
    "joint_goal_accuracy": 0.21181714285714284,
    "joint_noncat_accuracy": 0.2495314285714286,
    "requested_slots_f1": 0.9353571428571428,
    "requested_slots_precision": 0.9339285714285714,
    "requested_slots_recall": 0.9464285714285714
  },
  "Media_2": {
    "active_intent_accuracy": 0.9587301587301588,
    "average_cat_accuracy": 0.13333333333333333,
    "average_goal_accuracy": 0.7648465063001145,
    "average_noncat_accuracy": 0.8829066437571592,
    "joint_cat_accuracy": 0.546031746031746,
    "joint_goal_accuracy": 0.2092174603174603,
    "joint_noncat_accuracy": 0.23702634920634919,
    "requested_slots_f1": 0.9169312169312168,
    "requested_slots_precision": 0.9301587301587302,
    "requested_slots_recall": 0.9333333333333333
  },
  "Movies_2": {
    "active_intent_accuracy": 0.9943181818181818,
    "average_goal_accuracy": 0.6452341597796143,
    "average_noncat_accuracy": 0.6452341597796143,
    "joint_goal_accuracy": 0.30199829545454543,
    "joint_noncat_accuracy": 0.30199829545454543,
    "requested_slots_f1": 0.9147727272727273,
    "requested_slots_precision": 0.9403409090909091,
    "requested_slots_recall": 0.9204545454545454
  },
  "Music_1": {
    "active_intent_accuracy": 0.979757085020243,
    "average_cat_accuracy": 0.7418300653594772,
    "average_goal_accuracy": 0.8737022116903633,
    "average_noncat_accuracy": 0.9566176470588235,
    "joint_cat_accuracy": 0.7773279352226721,
    "joint_goal_accuracy": 0.7056680161943321,
    "joint_noncat_accuracy": 0.9040485829959515,
    "requested_slots_f1": 0.9878542510121457,
    "requested_slots_precision": 0.9939271255060729,
    "requested_slots_recall": 0.9919028340080972
  },
  "RentalCars_1": {
    "active_intent_accuracy": 0.9969512195121951,
    "average_cat_accuracy": 0.841025641025641,
    "average_goal_accuracy": 0.9469989106753812,
    "average_noncat_accuracy": 0.9598037280701756,
    "joint_cat_accuracy": 0.8810975609756098,
    "joint_goal_accuracy": 0.7667810975609756,
    "joint_noncat_accuracy": 0.8550545731707317,
    "requested_slots_f1": 0.9969512195121951,
    "requested_slots_precision": 0.9969512195121951,
    "requested_slots_recall": 1.0
  },
  "Restaurants_2": {
    "active_intent_accuracy": 0.8883572567783095,
    "average_cat_accuracy": 0.3160597572362278,
    "average_goal_accuracy": 0.7791849124529536,
    "average_noncat_accuracy": 0.8624974093264248,
    "joint_cat_accuracy": 0.5757575757575758,
    "joint_goal_accuracy": 0.3929590111642743,
    "joint_noncat_accuracy": 0.5588089314194578,
    "requested_slots_f1": 0.9132376395534288,
    "requested_slots_precision": 0.9618553960659224,
    "requested_slots_recall": 0.9170653907496013
  },
  "RideSharing_1": {
    "active_intent_accuracy": 1.0,
    "average_cat_accuracy": 0.9695652173913043,
    "average_goal_accuracy": 0.9287675070028012,