{
  "#ALL_SERVICES": {
    "active_intent_accuracy": 0.9502012072434608,
    "average_cat_accuracy": 0.7080758137618459,
    "average_goal_accuracy": 0.8191799129336875,
    "average_noncat_accuracy": 0.8577965881818772,
    "joint_cat_accuracy": 0.7046756606911846,
    "joint_goal_accuracy": 0.5051093729040912,
    "joint_noncat_accuracy": 0.6289097250167672,
    "requested_slots_f1": 0.9440867426782918,
    "requested_slots_precision": 0.9843086295551083,
    "requested_slots_recall": 0.9477699530516432
  },
  "#SEEN_SERVICES": {
    "active_intent_accuracy": 0.98583951449764,
    "average_cat_accuracy": 0.8663397166433131,
    "average_goal_accuracy": 0.865338836560265,
    "average_noncat_accuracy": 0.8757425515660809,
    "joint_cat_accuracy": 0.8655074520936835,
    "joint_goal_accuracy": 0.6580788604180714,
    "joint_noncat_accuracy": 0.747364093054619,
    "requested_slots_f1": 0.9792650033715442,
    "requested_slots_precision": 0.9934254888739042,
    "requested_slots_recall": 0.9826365475387727
  },
  "#UNSEEN_SERVICES": {
    "active_intent_accuracy": 0.9149432955303536,
    "average_cat_accuracy": 0.5301120448179272,
    "average_goal_accuracy": 0.7725253918301865,
    "average_noncat_accuracy": 0.83916012164485,
    "joint_cat_accuracy": 0.5298881604319321,
    "joint_goal_accuracy": 0.35377264843228823,
    "joint_noncat_accuracy": 0.5117197131420947,
    "requested_slots_f1": 0.9092839670891706,
    "requested_slots_precision": 0.9752890816099623,
    "requested_slots_recall": 0.9132755170113409
  },
  "Alarm_1": {
    "active_intent_accuracy": 0.7685589519650655,
    "average_goal_accuracy": 0.7347402597402598,
    "average_noncat_accuracy": 0.7347402597402598,
    "joint_goal_accuracy": 0.5154585152838428,
    "joint_noncat_accuracy": 0.5154585152838428,
    "requested_slots_f1": 1.0,
    "requested_slots_precision": 1.0,
    "requested_slots_recall": 1.0
  },
  "Banks_2": {
    "active_intent_accuracy": 0.9752321981424149,
    "average_cat_accuracy": 0.9136212624584718,
    "average_goal_accuracy": 0.8707087486157254,
    "average_noncat_accuracy": 0.7307692307692307,
    "joint_cat_accuracy": 0.8390092879256966,
    "joint_goal_accuracy": 0.653250773993808,
    "joint_noncat_accuracy": 0.7120743034055728,
    "requested_slots_f1": 0.9009287925696594,
    "requested_slots_precision": 1.0,
    "requested_slots_recall": 0.9009287925696594
  },
  "Buses_1": {
    "active_intent_accuracy": 0.986737400530504,
    "average_cat_accuracy": 1.0,
    "average_goal_accuracy": 0.9321813031161473,
    "average_noncat_accuracy": 0.916704761904762,
    "joint_cat_accuracy": 1.0,
    "joint_goal_accuracy": 0.751419098143236,
    "joint_noncat_accuracy": 0.751419098143236,
    "requested_slots_f1": 0.9814323607427056,
    "requested_slots_precision": 0.9734748010610079,
    "requested_slots_recall": 0.9973474801061007
  },
  "Events_1": {
    "active_intent_accuracy": 0.982725527831094,
    "average_cat_accuracy": 1.0,
    "average_goal_accuracy": 0.9040869867780097,
    "average_noncat_accuracy": 0.8571798998569384,
    "joint_cat_accuracy": 1.0,
    "joint_goal_accuracy": 0.716122840690979,
    "joint_noncat_accuracy": 0.716122840690979,
    "requested_slots_f1": 0.9948816378758796,
    "requested_slots_precision": 0.9990403071017274,
    "requested_slots_recall": 0.9952015355086372
  },
  "Flights_3": {
    "active_intent_accuracy": 0.9034369885433715,
    "average_cat_accuracy": 0.6547619047619048,
    "average_goal_accuracy": 0.8488783908625179,
    "average_noncat_accuracy": 0.9409675405742822,
    "joint_cat_accuracy": 0.4877250409165303,
    "joint_goal_accuracy": 0.4052379705400982,
    "joint_noncat_accuracy": 0.8187371522094926,
    "requested_slots_f1": 0.8816148390616477,
    "requested_slots_precision": 1.0,
    "requested_slots_recall": 0.881342062193126
  },
  "Homes_1": {
    "active_intent_accuracy": 0.9880749574105622,
    "average_cat_accuracy": 0.9759615384615384,
    "average_goal_accuracy": 0.9298893923240937,
    "average_noncat_accuracy": 0.9011254980079682,
    "joint_cat_accuracy": 0.9318568994889267,
    "joint_goal_accuracy": 0.7533730834752982,
    "joint_noncat_accuracy": 0.7857410562180579,
    "requested_slots_f1": 0.9982964224872232,
    "requested_slots_precision": 0.9982964224872232,
    "requested_slots_recall": 1.0
  },
  "Hotels_1": {
    "active_intent_accuracy": 0.9713261648745519,
    "average_cat_accuracy": 0.780907668231612,
    "average_goal_accuracy": 0.8395535714285715,
    "average_noncat_accuracy": 0.8719117647058823,
    "joint_cat_accuracy": 0.7168458781362007,
    "joint_goal_accuracy": 0.4874551971326165,
    "joint_noncat_accuracy": 0.6241935483870968,
    "requested_slots_f1": 0.9934289127837513,
    "requested_slots_precision": 0.992831541218638,
    "requested_slots_recall": 0.9946236559139785
  },
  "Hotels_4": {
    "active_intent_accuracy": 0.9821428571428571,
    "average_cat_accuracy": 0.8464506172839507,
    "average_goal_accuracy": 0.7815557339040485,
    "average_noncat_accuracy": 0.7637516339869281,
    "joint_cat_accuracy": 0.45357142857142857,
    "joint_goal_accuracy": 0.08875000000000001,
    "joint_noncat_accuracy": 0.15505142857142856,
    "requested_slots_f1": 0.9303571428571429,
    "requested_slots_precision": 0.9535714285714286,
    "requested_slots_recall": 0.9464285714285714
  },
  "Media_2": {
    "active_intent_accuracy": 0.9365079365079365,
    "average_cat_accuracy": 0.10303030303030303,
    "average_goal_accuracy": 0.7401575028636884,
    "average_noncat_accuracy": 0.8588631156930127,
    "joint_cat_accuracy": 0.5301587301587302,
    "joint_goal_accuracy": 0.19714126984126984,
    "joint_noncat_accuracy": 0.22326285714285712,
    "requested_slots_f1": 0.9174603174603174,
    "requested_slots_precision": 0.9396825396825397,
    "requested_slots_recall": 0.9238095238095239
  },
  "Movies_2": {
    "active_intent_accuracy": 0.9943181818181818,
    "average_goal_accuracy": 0.7375757575757578,
    "average_noncat_accuracy": 0.7375757575757578,
    "joint_goal_accuracy": 0.3966619318181818,
    "joint_noncat_accuracy": 0.3966619318181818,
    "requested_slots_f1": 0.8873106060606062,
    "requested_slots_precision": 0.9299242424242423,
    "requested_slots_recall": 0.8920454545454546
  },
  "Music_1": {
    "active_intent_accuracy": 0.9757085020242915,
    "average_cat_accuracy": 0.6699346405228758,
    "average_goal_accuracy": 0.712396524486572,
    "average_noncat_accuracy": 0.7327696078431372,
    "joint_cat_accuracy": 0.7246963562753036,
    "joint_goal_accuracy": 0.465748987854251,
    "joint_noncat_accuracy": 0.6803238866396761,
    "requested_slots_f1": 0.9946018893387314,
    "requested_slots_precision": 0.9939271255060729,
    "requested_slots_recall": 1.0
  },
  "RentalCars_1": {
    "active_intent_accuracy": 0.9908536585365854,
    "average_cat_accuracy": 0.8256410256410256,
    "average_goal_accuracy": 0.8869188453159043,
    "average_noncat_accuracy": 0.8889440789473685,
    "joint_cat_accuracy": 0.8658536585365854,
    "joint_goal_accuracy": 0.5551493902439024,
    "joint_noncat_accuracy": 0.6083201219512195,
    "requested_slots_f1": 1.0,
    "requested_slots_precision": 1.0,
    "requested_slots_recall": 1.0
  },
  "Restaurants_2": {
    "active_intent_accuracy": 0.8899521531100478,
    "average_cat_accuracy": 0.4005602240896359,
    "average_goal_accuracy": 0.7435921903125512,
    "average_noncat_accuracy": 0.8037553252734599,
    "joint_cat_accuracy": 0.6188197767145136,
    "joint_goal_accuracy": 0.36393620414673045,
    "joint_noncat_accuracy": 0.44222105263157896,
    "requested_slots_f1": 0.9128654970760234,
    "requested_slots_precision": 0.9525518341307815,
    "requested_slots_recall": 0.9258373205741627
  },
  "RideSharing_1": {
    "active_intent_accuracy": 1.0,
    "average_cat_accuracy": 0.9717391304347827,
    "average_goal_accuracy": 0.9147899159663866,
    "average_noncat_accuracy": 0.8088151658767773,