{
  "#ALL_SERVICES": {
    "active_intent_accuracy": 0.9186787391012743,
    "average_cat_accuracy": 0.6881747012772972,
    "average_goal_accuracy": 0.808967652629087,
    "average_noncat_accuracy": 0.8488673542193682,
    "joint_cat_accuracy": 0.6841618924413232,
    "joint_goal_accuracy": 0.4889087676056338,
    "joint_noncat_accuracy": 0.6319576415157613,
    "requested_slots_f1": 0.9427062374245473,
    "requested_slots_precision": 0.9751648781578359,
    "requested_slots_recall": 0.9483568075117371
  },
  "#SEEN_SERVICES": {
    "active_intent_accuracy": 0.971341874578557,
    "average_cat_accuracy": 0.8678187762727697,
    "average_goal_accuracy": 0.8806192220477933,
    "average_noncat_accuracy": 0.9028572701807998,
    "joint_cat_accuracy": 0.85486160397445,
    "joint_goal_accuracy": 0.6893769723533377,
    "joint_noncat_accuracy": 0.8063849629130141,
    "requested_slots_f1": 0.9774331310406833,
    "requested_slots_precision": 0.9865138233310856,
    "requested_slots_recall": 0.9846594740391099
  },
  "#UNSEEN_SERVICES": {
    "active_intent_accuracy": 0.866577718478986,
    "average_cat_accuracy": 0.48616946778711484,
    "average_goal_accuracy": 0.7365467772077361,
    "average_noncat_accuracy": 0.7928000793335978,
    "joint_cat_accuracy": 0.49865021210952565,
    "joint_goal_accuracy": 0.29058031687791863,
    "joint_noncat_accuracy": 0.45939211941294195,
    "requested_slots_f1": 0.9083500111185235,
    "requested_slots_precision": 0.9639370691572159,
    "requested_slots_recall": 0.9124416277518346
  },
  "Alarm_1": {
    "active_intent_accuracy": 0.759825327510917,
    "average_goal_accuracy": 0.6927597402597403,
    "average_noncat_accuracy": 0.6927597402597403,
    "joint_goal_accuracy": 0.5394008733624455,
    "joint_noncat_accuracy": 0.5394008733624455,
    "requested_slots_f1": 1.0,
    "requested_slots_precision": 1.0,
    "requested_slots_recall": 1.0
  },
  "Banks_2": {
    "active_intent_accuracy": 0.9721362229102167,
    "average_cat_accuracy": 0.9269102990033222,
    "average_goal_accuracy": 0.7710686600221484,
    "average_noncat_accuracy": 0.40678571428571425,
    "joint_cat_accuracy": 0.8699690402476781,
    "joint_goal_accuracy": 0.458359133126935,
    "joint_noncat_accuracy": 0.5017647058823529,
    "requested_slots_f1": 0.9009287925696594,
    "requested_slots_precision": 1.0,
    "requested_slots_recall": 0.9009287925696594
  },
  "Buses_1": {
    "active_intent_accuracy": 0.986737400530504,
    "average_cat_accuracy": 1.0,
    "average_goal_accuracy": 0.9616543909348442,
    "average_noncat_accuracy": 0.9540761904761905,
    "joint_cat_accuracy": 1.0,
    "joint_goal_accuracy": 0.8766591511936339,
    "joint_noncat_accuracy": 0.8766591511936339,
    "requested_slots_f1": 0.980548187444739,
    "requested_slots_precision": 0.9708222811671088,
    "requested_slots_recall": 1.0
  },
  "Events_1": {
    "active_intent_accuracy": 0.980806142034549,
    "average_cat_accuracy": 1.0,
    "average_goal_accuracy": 0.9309878218510786,
    "average_noncat_accuracy": 0.8972192417739627,
    "joint_cat_accuracy": 0.9923224568138196,
    "joint_goal_accuracy": 0.7188867562380038,
    "joint_noncat_accuracy": 0.7265642994241842,
    "requested_slots_f1": 0.9936020473448496,
    "requested_slots_precision": 0.9980806142034548,
    "requested_slots_recall": 0.9952015355086372
  },
  "Flights_3": {
    "active_intent_accuracy": 0.9476268412438625,
    "average_cat_accuracy": 0.6583694083694084,
    "average_goal_accuracy": 0.7876740362811792,
    "average_noncat_accuracy": 0.8557615480649188,
    "joint_cat_accuracy": 0.486088379705401,
    "joint_goal_accuracy": 0.32625270049099836,
    "joint_noncat_accuracy": 0.6343214402618659,
    "requested_slots_f1": 0.88379705400982,
    "requested_slots_precision": 1.0,
    "requested_slots_recall": 0.8829787234042553
  },
  "Homes_1": {
    "active_intent_accuracy": 0.9659284497444633,
    "average_cat_accuracy": 0.9753205128205128,
    "average_goal_accuracy": 0.9670790689410094,
    "average_noncat_accuracy": 0.9671679946879149,
    "joint_cat_accuracy": 0.9114139693356048,
    "joint_goal_accuracy": 0.8850425894378194,
    "joint_noncat_accuracy": 0.9361328790459966,
    "requested_slots_f1": 0.9875070982396366,
    "requested_slots_precision": 0.9880749574105622,
    "requested_slots_recall": 0.9991482112436116
  },
  "Hotels_1": {
    "active_intent_accuracy": 0.956989247311828,
    "average_cat_accuracy": 0.7151799687010953,
    "average_goal_accuracy": 0.9013008658008658,
    "average_noncat_accuracy": 0.9925588235294117,
    "joint_cat_accuracy": 0.6272401433691757,
    "joint_goal_accuracy": 0.6168458781362007,
    "joint_noncat_accuracy": 0.9636630824372758,
    "requested_slots_f1": 0.9591397849462366,
    "requested_slots_precision": 0.9653524492234169,
    "requested_slots_recall": 0.9659498207885304
  },
  "Hotels_4": {
    "active_intent_accuracy": 0.9571428571428572,
    "average_cat_accuracy": 0.7978395061728395,
    "average_goal_accuracy": 0.7189358837167826,
    "average_noncat_accuracy": 0.6877418300653595,
    "joint_cat_accuracy": 0.4642857142857143,
    "joint_goal_accuracy": 0.17235714285714288,
    "joint_noncat_accuracy": 0.35035714285714287,
    "requested_slots_f1": 0.8998809523809524,
    "requested_slots_precision": 0.9016666666666667,
    "requested_slots_recall": 0.9410714285714286
  },
  "Media_2": {
    "active_intent_accuracy": 0.926984126984127,
    "average_cat_accuracy": 0.05454545454545454,
    "average_goal_accuracy": 0.6971832760595648,
    "average_noncat_accuracy": 0.8122422680412371,
    "joint_cat_accuracy": 0.5047619047619047,
    "joint_goal_accuracy": 0.1952374603174603,
    "joint_noncat_accuracy": 0.19881328253968253,
    "requested_slots_f1": 0.9,
    "requested_slots_precision": 0.9142857142857143,
    "requested_slots_recall": 0.9031746031746032
  },
  "Movies_2": {
    "active_intent_accuracy": 0.9261363636363636,
    "average_goal_accuracy": 0.7953581267217631,
    "average_noncat_accuracy": 0.7953581267217631,
    "joint_goal_accuracy": 0.3507397159090909,
    "joint_noncat_accuracy": 0.3507397159090909,
    "requested_slots_f1": 0.9071969696969696,
    "requested_slots_precision": 0.9214015151515151,
    "requested_slots_recall": 0.9119318181818182
  },
  "Music_1": {
    "active_intent_accuracy": 0.9311740890688259,
    "average_cat_accuracy": 0.696078431372549,
    "average_goal_accuracy": 0.8191153238546602,
    "average_noncat_accuracy": 0.8838235294117648,
    "joint_cat_accuracy": 0.7125506072874493,
    "joint_goal_accuracy": 0.46153846153846156,
    "joint_noncat_accuracy": 0.7044534412955465,
    "requested_slots_f1": 0.9878542510121457,
    "requested_slots_precision": 0.9878542510121457,
    "requested_slots_recall": 0.9959514170040485
  },
  "RentalCars_1": {
    "active_intent_accuracy": 0.9908536585365854,
    "average_cat_accuracy": 0.8769230769230769,
    "average_goal_accuracy": 0.9002903050108932,
    "average_noncat_accuracy": 0.9007357456140351,
    "joint_cat_accuracy": 0.9024390243902439,
    "joint_goal_accuracy": 0.585857012195122,
    "joint_noncat_accuracy": 0.6552280487804878,
    "requested_slots_f1": 1.0,
    "requested_slots_precision": 1.0,
    "requested_slots_recall": 1.0
  },
  "Restaurants_2": {
    "active_intent_accuracy": 0.759170653907496,
    "average_cat_accuracy": 0.4262371615312792,
    "average_goal_accuracy": 0.7717613729340532,
    "average_noncat_accuracy": 0.8306401842256764,
    "joint_cat_accuracy": 0.6108452950558214,
    "joint_goal_accuracy": 0.29785741626794254,
    "joint_noncat_accuracy": 0.3740732057416268,
    "requested_slots_f1": 0.8927698032961191,
    "requested_slots_precision": 0.9477671451355661,
    "requested_slots_recall": 0.8971291866028708
  },
  "RideSharing_1": {
    "active_intent_accuracy": 1.0,
    "average_cat_accuracy": 0.9869565217391304,
    "average_goal_accuracy": 0.9026960784313725,
    "average_noncat_accuracy": 0.7349763033175355,