{
  "#ALL_SERVICES": {
    "active_intent_accuracy": 0.8363514419852448,
    "average_cat_accuracy": 0.5440873506386484,
    "average_goal_accuracy": 0.588574045821606,
    "average_noncat_accuracy": 0.6121179866381268,
    "joint_cat_accuracy": 0.49842912585474036,
    "joint_goal_accuracy": 0.17654765845070422,
    "joint_noncat_accuracy": 0.32891509865861834,
    "requested_slots_f1": 0.8928571428571429,
    "requested_slots_precision": 0.9786217303822937,
    "requested_slots_recall": 0.892018779342723
  },
  "#SEEN_SERVICES": {
    "active_intent_accuracy": 0.8924477410654079,
    "average_cat_accuracy": 0.7076132648295189,
    "average_goal_accuracy": 0.6213943310657597,
    "average_noncat_accuracy": 0.624743251846193,
    "joint_cat_accuracy": 0.5702625975869411,
    "joint_goal_accuracy": 0.18164202124072826,
    "joint_noncat_accuracy": 0.4132468964935941,
    "requested_slots_f1": 0.898741290177568,
    "requested_slots_precision": 0.9812879298718813,
    "requested_slots_recall": 0.8975050573162509
  },
  "#UNSEEN_SERVICES": {
    "active_intent_accuracy": 0.7808539026017345,
    "average_cat_accuracy": 0.36020658263305316,
    "average_goal_accuracy": 0.5554013769150755,
    "average_noncat_accuracy": 0.5990069416898057,
    "joint_cat_accuracy": 0.4203625144620131,
    "joint_goal_accuracy": 0.17150767178118748,
    "joint_noncat_accuracy": 0.24548344009339562,
    "requested_slots_f1": 0.8870358016455414,
    "requested_slots_precision": 0.9759839893262174,
    "requested_slots_recall": 0.8865910607071381
  },
  "Alarm_1": {
    "active_intent_accuracy": 0.62882096069869,
    "average_goal_accuracy": 0.6529545454545455,
    "average_noncat_accuracy": 0.6529545454545455,
    "joint_goal_accuracy": 0.26702183406113533,
    "joint_noncat_accuracy": 0.26702183406113533,
    "requested_slots_f1": 1.0,
    "requested_slots_precision": 1.0,
    "requested_slots_recall": 1.0
  },
  "Banks_2": {
    "active_intent_accuracy": 0.9690402476780186,
    "average_cat_accuracy": 0.782392026578073,
    "average_goal_accuracy": 0.7227547065337763,
    "average_noncat_accuracy": 0.4770054945054945,
    "joint_cat_accuracy": 0.5913312693498453,
    "joint_goal_accuracy": 0.43869969040247675,
    "joint_noncat_accuracy": 0.4880185758513932,
    "requested_slots_f1": 0.9009287925696594,
    "requested_slots_precision": 1.0,
    "requested_slots_recall": 0.9009287925696594
  },
  "Buses_1": {
    "active_intent_accuracy": 0.9893899204244032,
    "average_cat_accuracy": 1.0,
    "average_goal_accuracy": 0.6727067988668555,
    "average_noncat_accuracy": 0.6057785714285714,
    "joint_cat_accuracy": 1.0,
    "joint_goal_accuracy": 0.19533023872679045,
    "joint_noncat_accuracy": 0.19533023872679045,
    "requested_slots_f1": 0.927497789566755,
    "requested_slots_precision": 0.9748010610079576,
    "requested_slots_recall": 0.9244031830238727
  },
  "Events_1": {
    "active_intent_accuracy": 0.8061420345489443,
    "average_cat_accuracy": 0.9155405405405406,
    "average_goal_accuracy": 0.6223295059151008,
    "average_noncat_accuracy": 0.47422389127324754,
    "joint_cat_accuracy": 0.9174664107485605,
    "joint_goal_accuracy": 0.20352362380038388,
    "joint_noncat_accuracy": 0.20960807677543186,
    "requested_slots_f1": 0.8829174664107485,
    "requested_slots_precision": 1.0,
    "requested_slots_recall": 0.8829174664107485
  },
  "Flights_3": {
    "active_intent_accuracy": 0.662847790507365,
    "average_cat_accuracy": 0.4549062049062048,
    "average_goal_accuracy": 0.7373275384227764,
    "average_noncat_accuracy": 0.8600624219725342,
    "joint_cat_accuracy": 0.37479541734860883,
    "joint_goal_accuracy": 0.152569558101473,
    "joint_noncat_accuracy": 0.2886412798690671,
    "requested_slots_f1": 0.8805237315875614,
    "requested_slots_precision": 1.0,
    "requested_slots_recall": 0.8805237315875614
  },
  "Homes_1": {
    "active_intent_accuracy": 0.8568994889267462,
    "average_cat_accuracy": 0.8480769230769231,
    "average_goal_accuracy": 0.8810678749111585,
    "average_noncat_accuracy": 0.9383831341301461,
    "joint_cat_accuracy": 0.19420783645655879,
    "joint_goal_accuracy": 0.18449744463373083,
    "joint_noncat_accuracy": 0.8698807495741057,
    "requested_slots_f1": 0.8841567291311755,
    "requested_slots_precision": 0.9395229982964225,
    "requested_slots_recall": 0.8781942078364565
  },
  "Hotels_1": {
    "active_intent_accuracy": 0.9175627240143369,
    "average_cat_accuracy": 0.45774647887323944,
    "average_goal_accuracy": 0.40452895021645013,
    "average_noncat_accuracy": 0.42037581699346405,
    "joint_cat_accuracy": 0.3835125448028674,
    "joint_goal_accuracy": 0.08602150537634409,
    "joint_noncat_accuracy": 0.18759856630824373,
    "requested_slots_f1": 0.8172043010752689,
    "requested_slots_precision": 1.0,
    "requested_slots_recall": 0.8172043010752689
  },
  "Hotels_4": {
    "active_intent_accuracy": 0.8142857142857143,
    "average_cat_accuracy": 0.41975308641975306,
    "average_goal_accuracy": 0.2453940609951846,
    "average_noncat_accuracy": 0.19304575163398696,
    "joint_cat_accuracy": 0.38571428571428573,
    "joint_goal_accuracy": 0.060714285714285714,
    "joint_noncat_accuracy": 0.12857142857142856,
    "requested_slots_f1": 0.8892857142857142,
    "requested_slots_precision": 0.9392857142857143,
    "requested_slots_recall": 0.8928571428571429
  },
  "Media_2": {
    "active_intent_accuracy": 0.9015873015873016,
    "average_cat_accuracy": 0.08484848484848485,
    "average_goal_accuracy": 0.6194375715922108,
    "average_noncat_accuracy": 0.7086540664375717,
    "joint_cat_accuracy": 0.5206349206349207,
    "joint_goal_accuracy": 0.11460317460317461,
    "joint_noncat_accuracy": 0.15182725079365078,
    "requested_slots_f1": 0.8857142857142857,
    "requested_slots_precision": 0.926984126984127,
    "requested_slots_recall": 0.8857142857142857
  },
  "Movies_2": {
    "active_intent_accuracy": 0.9772727272727273,
    "average_goal_accuracy": 0.4034710743801652,
    "average_noncat_accuracy": 0.4034710743801652,
    "joint_goal_accuracy": 0.29756818181818184,
    "joint_noncat_accuracy": 0.29756818181818184,
    "requested_slots_f1": 0.8636363636363636,
    "requested_slots_precision": 1.0,
    "requested_slots_recall": 0.8636363636363636
  },
  "Music_1": {
    "active_intent_accuracy": 0.6356275303643725,
    "average_cat_accuracy": 0.5522875816993464,
    "average_goal_accuracy": 0.5906248025276462,
    "average_noncat_accuracy": 0.6431862745098041,
    "joint_cat_accuracy": 0.5708502024291497,
    "joint_goal_accuracy": 0.20404453441295548,
    "joint_noncat_accuracy": 0.31335627530364374,
    "requested_slots_f1": 0.9176788124156546,
    "requested_slots_precision": 0.9696356275303644,
    "requested_slots_recall": 0.917004048582996
  },
  "RentalCars_1": {
    "active_intent_accuracy": 0.9786585365853658,
    "average_cat_accuracy": 0.558974358974359,
    "average_goal_accuracy": 0.5854803921568628,
    "average_noncat_accuracy": 0.5805027412280702,
    "joint_cat_accuracy": 0.7378048780487805,
    "joint_goal_accuracy": 0.109505875,
    "joint_noncat_accuracy": 0.11697557012195121,
    "requested_slots_f1": 0.9695121951219512,
    "requested_slots_precision": 1.0,
    "requested_slots_recall": 0.9695121951219512
  },
  "Restaurants_2": {
    "active_intent_accuracy": 0.7559808612440191,
    "average_cat_accuracy": 0.3795518207282913,
    "average_goal_accuracy": 0.5010882425135001,
    "average_noncat_accuracy": 0.528367587795049,
    "joint_cat_accuracy": 0.580542264752791,
    "joint_goal_accuracy": 0.14615629984051035,
    "joint_noncat_accuracy": 0.17816570972886764,
    "requested_slots_f1": 0.871345029239766,
    "requested_slots_precision": 0.94896331738437,
    "requested_slots_recall": 0.8676236044657097
  },
  "RideSharing_1": {
    "active_intent_accuracy": 1.0,
    "average_cat_accuracy": 0.55,
    "average_goal_accuracy": 0.5532983193277312,