{
  "#ALL_SERVICES": {
    "active_intent_accuracy": 0.8948692152917505,
    "average_cat_accuracy": 0.6226823238566132,
    "average_goal_accuracy": 0.7478434713417682,
    "average_noncat_accuracy": 0.7927116494778491,
    "joint_cat_accuracy": 0.6449824431713177,
    "joint_goal_accuracy": 0.39622782696177056,
    "joint_noncat_accuracy": 0.5311672401073105,
    "requested_slots_f1": 0.9291918175720992,
    "requested_slots_precision": 0.9716353677621282,
    "requested_slots_recall": 0.9356136820925554
  },
  "#SEEN_SERVICES": {
    "active_intent_accuracy": 0.9136884693189481,
    "average_cat_accuracy": 0.8055425813482795,
    "average_goal_accuracy": 0.800013963021106,
    "average_noncat_accuracy": 0.8137679526355998,
    "joint_cat_accuracy": 0.7913413768630234,
    "joint_goal_accuracy": 0.5072049763991908,
    "joint_noncat_accuracy": 0.6051496830748483,
    "requested_slots_f1": 0.9561811643065856,
    "requested_slots_precision": 0.9774668464823555,
    "requested_slots_recall": 0.9661159811193527
  },
  "#UNSEEN_SERVICES": {
    "active_intent_accuracy": 0.8762508338892595,
    "average_cat_accuracy": 0.4170605742296919,
    "average_goal_accuracy": 0.695112837397084,
    "average_noncat_accuracy": 0.7708451672616686,
    "joint_cat_accuracy": 0.4859236405707674,
    "joint_goal_accuracy": 0.28643522348232153,
    "joint_noncat_accuracy": 0.4579744696464309,
    "requested_slots_f1": 0.9024905492550589,
    "requested_slots_precision": 0.9658661329775405,
    "requested_slots_recall": 0.9054369579719813
  },
  "Alarm_1": {
    "active_intent_accuracy": 0.7510917030567685,
    "average_goal_accuracy": 0.7006818181818181,
    "average_noncat_accuracy": 0.7006818181818181,
    "joint_goal_accuracy": 0.5043231441048035,
    "joint_noncat_accuracy": 0.5043231441048035,
    "requested_slots_f1": 1.0,
    "requested_slots_precision": 1.0,
    "requested_slots_recall": 1.0
  },
  "Banks_2": {
    "active_intent_accuracy": 0.9752321981424149,
    "average_cat_accuracy": 0.8837209302325582,
    "average_goal_accuracy": 0.7629485049833886,
    "average_noncat_accuracy": 0.4631593406593406,
    "joint_cat_accuracy": 0.8173374613003096,
    "joint_goal_accuracy": 0.5044272445820434,
    "joint_noncat_accuracy": 0.5529102167182661,
    "requested_slots_f1": 0.9009287925696594,
    "requested_slots_precision": 1.0,
    "requested_slots_recall": 0.9009287925696594
  },
  "Buses_1": {
    "active_intent_accuracy": 0.9018567639257294,
    "average_cat_accuracy": 1.0,
    "average_goal_accuracy": 0.8817417374881963,
    "average_noncat_accuracy": 0.8568642857142859,
    "joint_cat_accuracy": 0.9973474801061007,
    "joint_goal_accuracy": 0.5983555968169761,
    "joint_noncat_accuracy": 0.6010081167108754,
    "requested_slots_f1": 0.980548187444739,
    "requested_slots_precision": 0.9708222811671088,
    "requested_slots_recall": 1.0
  },
  "Events_1": {
    "active_intent_accuracy": 0.8445297504798465,
    "average_cat_accuracy": 1.0,
    "average_goal_accuracy": 0.8664839944328461,
    "average_noncat_accuracy": 0.8013125894134477,
    "joint_cat_accuracy": 0.9923224568138196,
    "joint_goal_accuracy": 0.46771593090211133,
    "joint_noncat_accuracy": 0.4704414587332054,
    "requested_slots_f1": 0.9684580934101087,
    "requested_slots_precision": 0.9948816378758798,
    "requested_slots_recall": 0.9692898272552783
  },
  "Flights_3": {
    "active_intent_accuracy": 0.9279869067103109,
    "average_cat_accuracy": 0.5687229437229437,
    "average_goal_accuracy": 0.8376653019232385,
    "average_noncat_accuracy": 0.9572362671660425,
    "joint_cat_accuracy": 0.44353518821603927,
    "joint_goal_accuracy": 0.3769073649754501,
    "joint_noncat_accuracy": 0.8365309328968904,
    "requested_slots_f1": 0.8805237315875614,
    "requested_slots_precision": 1.0,
    "requested_slots_recall": 0.8805237315875614
  },
  "Homes_1": {
    "active_intent_accuracy": 0.9131175468483816,
    "average_cat_accuracy": 0.9253205128205128,
    "average_goal_accuracy": 0.8962866027007818,
    "average_noncat_accuracy": 0.8926494023904383,
    "joint_cat_accuracy": 0.8313458262350937,
    "joint_goal_accuracy": 0.6706984667802385,
    "joint_noncat_accuracy": 0.7639863713798979,
    "requested_slots_f1": 0.9558205565019874,
    "requested_slots_precision": 0.9616695059625213,
    "requested_slots_recall": 0.9770017035775128
  },
  "Hotels_1": {
    "active_intent_accuracy": 0.9032258064516129,
    "average_cat_accuracy": 0.5305164319248825,
    "average_goal_accuracy": 0.6922285353535353,
    "average_noncat_accuracy": 0.7871503267973856,
    "joint_cat_accuracy": 0.44802867383512546,
    "joint_goal_accuracy": 0.30078853046594983,
    "joint_noncat_accuracy": 0.5140645161290323,
    "requested_slots_f1": 0.9249701314217446,
    "requested_slots_precision": 0.9205495818399043,
    "requested_slots_recall": 0.946236559139785
  },
  "Hotels_4": {
    "active_intent_accuracy": 0.9642857142857143,
    "average_cat_accuracy": 0.529320987654321,
    "average_goal_accuracy": 0.6293239700374531,
    "average_noncat_accuracy": 0.7016535947712418,
    "joint_cat_accuracy": 0.5428571428571428,
    "joint_goal_accuracy": 0.15205357142857143,
    "joint_noncat_accuracy": 0.21086499999999997,
    "requested_slots_f1": 0.9021428571428572,
    "requested_slots_precision": 0.8925595238095237,
    "requested_slots_recall": 0.9357142857142857
  },
  "Media_2": {
    "active_intent_accuracy": 0.9492063492063492,
    "average_cat_accuracy": 0.04242424242424243,
    "average_goal_accuracy": 0.6403928980526918,
    "average_noncat_accuracy": 0.7559994272623138,
    "joint_cat_accuracy": 0.4984126984126984,
    "joint_goal_accuracy": 0.19270444444444446,
    "joint_noncat_accuracy": 0.21226209523809525,
    "requested_slots_f1": 0.9333333333333333,
    "requested_slots_precision": 0.9412698412698413,
    "requested_slots_recall": 0.9380952380952381
  },
  "Movies_2": {
    "active_intent_accuracy": 0.9488636363636364,
    "average_goal_accuracy": 0.6874517906336088,
    "average_noncat_accuracy": 0.6874517906336088,
    "joint_goal_accuracy": 0.36254375,
    "joint_noncat_accuracy": 0.36254375,
    "requested_slots_f1": 0.8943181818181817,
    "requested_slots_precision": 0.9204545454545454,
    "requested_slots_recall": 0.8977272727272727
  },
  "Music_1": {
    "active_intent_accuracy": 0.9757085020242915,
    "average_cat_accuracy": 0.6535947712418301,
    "average_goal_accuracy": 0.7147938388625593,
    "average_noncat_accuracy": 0.7423039215686275,
    "joint_cat_accuracy": 0.7165991902834008,
    "joint_goal_accuracy": 0.4471255060728745,
    "joint_noncat_accuracy": 0.5119028340080971,
    "requested_slots_f1": 0.9676113360323887,
    "requested_slots_precision": 0.9858299595141701,
    "requested_slots_recall": 0.9696356275303644
  },
  "RentalCars_1": {
    "active_intent_accuracy": 0.9237804878048781,
    "average_cat_accuracy": 0.6820512820512821,
    "average_goal_accuracy": 0.7490893246187365,
    "average_noncat_accuracy": 0.7505,
    "joint_cat_accuracy": 0.7865853658536586,
    "joint_goal_accuracy": 0.31130792682926833,
    "joint_noncat_accuracy": 0.3333201219512195,
    "requested_slots_f1": 0.9969512195121951,
    "requested_slots_precision": 1.0,
    "requested_slots_recall": 0.9969512195121951
  },
  "Restaurants_2": {
    "active_intent_accuracy": 0.773524720893142,
    "average_cat_accuracy": 0.36694677871148457,
    "average_goal_accuracy": 0.651358901980036,
    "average_noncat_accuracy": 0.7031200345423143,
    "joint_cat_accuracy": 0.5885167464114832,
    "joint_goal_accuracy": 0.23187719298245615,
    "joint_noncat_accuracy": 0.2776092503987241,
    "requested_slots_f1": 0.8856990962254119,
    "requested_slots_precision": 0.9381977671451356,
    "requested_slots_recall": 0.8851674641148325
  },
  "RideSharing_1": {
    "active_intent_accuracy": 0.9766536964980544,
    "average_cat_accuracy": 0.8717391304347826,
    "average_goal_accuracy": 0.8175140056022409,