{
  "#ALL_SERVICES": {
    "active_intent_accuracy": 0.5092219986586184,
    "average_cat_accuracy": 0.28411619283065515,
    "average_goal_accuracy": 0.17719222979193522,
    "average_noncat_accuracy": 0.11306376078355063,
    "joint_cat_accuracy": 0.17538347810016633,
    "joint_goal_accuracy": 0.03251946374092891,
    "joint_noncat_accuracy": 0.08248448426720321,
    "requested_slots_f1": 0.869382964453387,
    "requested_slots_precision": 1.0,
    "requested_slots_recall": 0.869382964453387
  },
  "#SEEN_SERVICES": {
    "active_intent_accuracy": 0.6298044504383007,
    "average_cat_accuracy": 0.2795811925891328,
    "average_goal_accuracy": 0.17425827664399093,
    "average_noncat_accuracy": 0.10035599694423222,
    "joint_cat_accuracy": 0.16678495386799147,
    "joint_goal_accuracy": 0.033256104821308155,
    "joint_noncat_accuracy": 0.11068129167066756,
    "requested_slots_f1": 0.8624409979770735,
    "requested_slots_precision": 1.0,
    "requested_slots_recall": 0.8624409979770735
  },
  "#UNSEEN_SERVICES": {
    "active_intent_accuracy": 0.38992661774516346,
    "average_cat_accuracy": 0.28921568627450983,
    "average_goal_accuracy": 0.18015768410288957,
    "average_noncat_accuracy": 0.12626047864603993,
    "joint_cat_accuracy": 0.18472811415349016,
    "joint_goal_accuracy": 0.03179068540723816,
    "joint_noncat_accuracy": 0.05458864345376918,
    "requested_slots_f1": 0.8762508338892595,
    "requested_slots_precision": 1.0,
    "requested_slots_recall": 0.8762508338892595
  },
  "Alarm_1": {
    "active_intent_accuracy": 0.13100436681222707,
    "average_goal_accuracy": 0.1966883116883117,
    "average_noncat_accuracy": 0.1966883116883117,
    "joint_goal_accuracy": 0.019103493449781662,
    "joint_noncat_accuracy": 0.019103493449781662,
    "requested_slots_f1": 1.0,
    "requested_slots_precision": 1.0,
    "requested_slots_recall": 1.0
  },
  "Banks_2": {
    "active_intent_accuracy": 0.5758513931888545,
    "average_cat_accuracy": 0.5880398671096345,
    "average_goal_accuracy": 0.44341638981173875,
    "average_noncat_accuracy": 0.158021978021978,
    "joint_cat_accuracy": 0.16718266253869968,
    "joint_goal_accuracy": 0.0035061919504643965,
    "joint_noncat_accuracy": 0.012337151702786379,
    "requested_slots_f1": 0.9009287925696594,
    "requested_slots_precision": 1.0,
    "requested_slots_recall": 0.9009287925696594
  },
  "Buses_1": {
    "active_intent_accuracy": 0.5570291777188329,
    "average_cat_accuracy": 0.196,
    "average_goal_accuracy": 0.11164305949008498,
    "average_noncat_accuracy": 0.0976952380952381,
    "joint_cat_accuracy": 0.129973474801061,
    "joint_goal_accuracy": 0.00020803872679045095,
    "joint_noncat_accuracy": 0.0722228548541114,
    "requested_slots_f1": 0.8567639257294429,
    "requested_slots_precision": 1.0,
    "requested_slots_recall": 0.8567639257294429
  },
  "Events_1": {
    "active_intent_accuracy": 0.6295585412667947,
    "average_cat_accuracy": 0.1891891891891892,
    "average_goal_accuracy": 0.10734585942936674,
    "average_noncat_accuracy": 0.0794867668097282,
    "joint_cat_accuracy": 0.2514395393474088,
    "joint_goal_accuracy": 0.0786970754318618,
    "joint_noncat_accuracy": 0.10343068476007677,
    "requested_slots_f1": 0.8829174664107485,
    "requested_slots_precision": 1.0,
    "requested_slots_recall": 0.8829174664107485
  },
  "Flights_3": {
    "active_intent_accuracy": 0.23895253682487724,
    "average_cat_accuracy": 0.2582972582972583,
    "average_goal_accuracy": 0.16439965986394559,
    "average_noncat_accuracy": 0.11649968789013734,
    "joint_cat_accuracy": 0.0,
    "joint_goal_accuracy": 0.0,
    "joint_noncat_accuracy": 0.02985482217675941,
    "requested_slots_f1": 0.8805237315875614,
    "requested_slots_precision": 1.0,
    "requested_slots_recall": 0.8805237315875614
  },
  "Homes_1": {
    "active_intent_accuracy": 0.6337308347529813,
    "average_cat_accuracy": 0.31842948717948716,
    "average_goal_accuracy": 0.2186778606965174,
    "average_noncat_accuracy": 0.12090969455511288,
    "joint_cat_accuracy": 0.0,
    "joint_goal_accuracy": 0.0,
    "joint_noncat_accuracy": 0.1306522640545145,
    "requested_slots_f1": 0.8398637137989778,
    "requested_slots_precision": 1.0,
    "requested_slots_recall": 0.8398637137989778
  },
  "Hotels_1": {
    "active_intent_accuracy": 0.4982078853046595,
    "average_cat_accuracy": 0.47183098591549305,
    "average_goal_accuracy": 0.22357233044733046,
    "average_noncat_accuracy": 0.1003562091503268,
    "joint_cat_accuracy": 0.007168458781362007,
    "joint_goal_accuracy": 0.0,
    "joint_noncat_accuracy": 0.003930242437275986,
    "requested_slots_f1": 0.8172043010752689,
    "requested_slots_precision": 1.0,
    "requested_slots_recall": 0.8172043010752689
  },
  "Hotels_4": {
    "active_intent_accuracy": 0.5464285714285714,
    "average_cat_accuracy": 0.1566358024691358,
    "average_goal_accuracy": 0.10616461565899771,
    "average_noncat_accuracy": 0.09056535947712419,
    "joint_cat_accuracy": 0.0,
    "joint_goal_accuracy": 0.0,
    "joint_noncat_accuracy": 0.04338105510714285,
    "requested_slots_f1": 0.825,
    "requested_slots_precision": 1.0,
    "requested_slots_recall": 0.825
  },
  "Media_2": {
    "active_intent_accuracy": 0.4031746031746032,
    "average_cat_accuracy": 0.17575757575757575,
    "average_goal_accuracy": 0.06831729667812142,
    "average_noncat_accuracy": 0.05146620847651777,
    "joint_cat_accuracy": 0.09206349206349207,
    "joint_goal_accuracy": 0.0,
    "joint_noncat_accuracy": 0.0767415873015873,
    "requested_slots_f1": 0.8857142857142857,
    "requested_slots_precision": 1.0,
    "requested_slots_recall": 0.8857142857142857
  },
  "Movies_2": {
    "active_intent_accuracy": 0.8409090909090909,
    "average_goal_accuracy": 0.07086776859504132,
    "average_noncat_accuracy": 0.07086776859504132,
    "joint_goal_accuracy": 0.24479528409090906,
    "joint_noncat_accuracy": 0.24479528409090906,
    "requested_slots_f1": 0.8636363636363636,
    "requested_slots_precision": 1.0,
    "requested_slots_recall": 0.8636363636363636
  },
  "Music_1": {
    "active_intent_accuracy": 0.5101214574898786,
    "average_cat_accuracy": 0.029411764705882353,
    "average_goal_accuracy": 0.0584526066350711,
    "average_noncat_accuracy": 0.08160130718954249,
    "joint_cat_accuracy": 0.008097165991902834,
    "joint_goal_accuracy": 0.0,
    "joint_noncat_accuracy": 0.12553638866396763,
    "requested_slots_f1": 0.8582995951417004,
    "requested_slots_precision": 1.0,
    "requested_slots_recall": 0.8582995951417004
  },
  "RentalCars_1": {
    "active_intent_accuracy": 0.4024390243902439,
    "average_cat_accuracy": 0.0,
    "average_goal_accuracy": 0.1351367102396514,
    "average_noncat_accuracy": 0.1552094298245614,
    "joint_cat_accuracy": 0.4054878048780488,
    "joint_goal_accuracy": 0.057926829268292686,
    "joint_noncat_accuracy": 0.06420854699756097,
    "requested_slots_f1": 0.8841463414634146,
    "requested_slots_precision": 1.0,
    "requested_slots_recall": 0.8841463414634146
  },
  "Restaurants_2": {
    "active_intent_accuracy": 0.31100478468899523,
    "average_cat_accuracy": 0.046218487394957986,
    "average_goal_accuracy": 0.10036399525445917,
    "average_noncat_accuracy": 0.11473978123200923,
    "joint_cat_accuracy": 0.3492822966507177,
    "joint_goal_accuracy": 0.0669923427446571,
    "joint_noncat_accuracy": 0.07188703964019139,
    "requested_slots_f1": 0.8484848484848485,
    "requested_slots_precision": 1.0,
    "requested_slots_recall": 0.8484848484848485
  },
  "RideSharing_1": {
    "active_intent_accuracy": 0.8988326848249028,
    "average_cat_accuracy": 0.717391304347826,
    "average_goal_accuracy": 0.5134733893557423,
    "average_noncat_accuracy": 0.10744075829383885,
    "joint_cat_accuracy": 0.3346303501945525,
    "joint_goal_accuracy": 0.04937743190661478,
    "joint_noncat_accuracy": 0.2555252918287938,