{
  "#ALL_SERVICES": {
    "active_intent_accuracy": 0.9342723004694836,
    "average_cat_accuracy": 0.6083230325504738,
    "average_goal_accuracy": 0.6501771247073677,
    "average_noncat_accuracy": 0.6734686709476552,
    "joint_cat_accuracy": 0.594529661800037,
    "joint_goal_accuracy": 0.28450221294433264,
    "joint_noncat_accuracy": 0.4121935070422536,
    "requested_slots_f1": 0.9040353230494075,
    "requested_slots_precision": 0.9723060585736643,
    "requested_slots_recall": 0.9074446680080482
  },
  "#SEEN_SERVICES": {
    "active_intent_accuracy": 0.947403910991234,
    "average_cat_accuracy": 0.745368208002491,
    "average_goal_accuracy": 0.7035674952032095,
    "average_noncat_accuracy": 0.7292843773873185,
    "joint_cat_accuracy": 0.687721788502484,
    "joint_goal_accuracy": 0.3285155320296696,
    "joint_noncat_accuracy": 0.4880801308159137,
    "requested_slots_f1": 0.9192627556754327,
    "requested_slots_precision": 0.9775792312879299,
    "requested_slots_recall": 0.9268374915711396
  },
  "#UNSEEN_SERVICES": {
    "active_intent_accuracy": 0.9212808539026017,
    "average_cat_accuracy": 0.45421918767507,
    "average_goal_accuracy": 0.5962135143950212,
    "average_noncat_accuracy": 0.6155053550178501,
    "joint_cat_accuracy": 0.49325106054762824,
    "joint_goal_accuracy": 0.24095868245497,
    "joint_noncat_accuracy": 0.3371168805870581,
    "requested_slots_f1": 0.8889704247275961,
    "requested_slots_precision": 0.9670891705581498,
    "requested_slots_recall": 0.8882588392261508
  },
  "Alarm_1": {
    "active_intent_accuracy": 0.7161572052401747,
    "average_goal_accuracy": 0.48201298701298706,
    "average_noncat_accuracy": 0.48201298701298706,
    "joint_goal_accuracy": 0.35035633187772924,
    "joint_noncat_accuracy": 0.35035633187772924,
    "requested_slots_f1": 1.0,
    "requested_slots_precision": 1.0,
    "requested_slots_recall": 1.0
  },
  "Banks_2": {
    "active_intent_accuracy": 0.9504643962848297,
    "average_cat_accuracy": 0.8704318936877077,
    "average_goal_accuracy": 0.643142303433001,
    "average_noncat_accuracy": 0.06450549450549452,
    "joint_cat_accuracy": 0.7368421052631579,
    "joint_goal_accuracy": 0.42448916408668735,
    "joint_noncat_accuracy": 0.4375541795665634,
    "requested_slots_f1": 0.9009287925696594,
    "requested_slots_precision": 1.0,
    "requested_slots_recall": 0.9009287925696594
  },
  "Buses_1": {
    "active_intent_accuracy": 0.9655172413793104,
    "average_cat_accuracy": 1.0,
    "average_goal_accuracy": 0.5865972615675166,
    "average_noncat_accuracy": 0.5002619047619048,
    "joint_cat_accuracy": 1.0,
    "joint_goal_accuracy": 0.0810079575596817,
    "joint_noncat_accuracy": 0.0810079575596817,
    "requested_slots_f1": 0.9681697612732095,
    "requested_slots_precision": 0.9708222811671088,
    "requested_slots_recall": 0.980106100795756
  },
  "Events_1": {
    "active_intent_accuracy": 0.9980806142034548,
    "average_cat_accuracy": 1.0,
    "average_goal_accuracy": 0.8117954070981211,
    "average_noncat_accuracy": 0.7204542203147354,
    "joint_cat_accuracy": 1.0,
    "joint_goal_accuracy": 0.4275431861804222,
    "joint_noncat_accuracy": 0.4275431861804222,
    "requested_slots_f1": 0.9507357645553423,
    "requested_slots_precision": 0.9865642994241842,
    "requested_slots_recall": 0.9472168905950096
  },
  "Flights_3": {
    "active_intent_accuracy": 0.8903436988543372,
    "average_cat_accuracy": 0.5786435786435786,
    "average_goal_accuracy": 0.6567026958931721,
    "average_noncat_accuracy": 0.6856616729088639,
    "joint_cat_accuracy": 0.4582651391162029,
    "joint_goal_accuracy": 0.18292962356792145,
    "joint_noncat_accuracy": 0.30890114566284776,
    "requested_slots_f1": 0.8805237315875614,
    "requested_slots_precision": 1.0,
    "requested_slots_recall": 0.8805237315875614
  },
  "Homes_1": {
    "active_intent_accuracy": 0.9608177172061328,
    "average_cat_accuracy": 0.7064102564102565,
    "average_goal_accuracy": 0.7436253553660269,
    "average_noncat_accuracy": 0.8216268260292164,
    "joint_cat_accuracy": 0.3986371379897785,
    "joint_goal_accuracy": 0.24679131175468483,
    "joint_noncat_accuracy": 0.569140545144804,
    "requested_slots_f1": 0.8998296422487224,
    "requested_slots_precision": 0.9420783645655877,
    "requested_slots_recall": 0.9224872231686542
  },
  "Hotels_1": {
    "active_intent_accuracy": 0.967741935483871,
    "average_cat_accuracy": 0.6424100156494522,
    "average_goal_accuracy": 0.7195791847041847,
    "average_noncat_accuracy": 0.771408496732026,
    "joint_cat_accuracy": 0.5412186379928315,
    "joint_goal_accuracy": 0.3118279569892473,
    "joint_noncat_accuracy": 0.41835125448028676,
    "requested_slots_f1": 0.8172043010752689,
    "requested_slots_precision": 0.992831541218638,
    "requested_slots_recall": 0.8172043010752689
  },
  "Hotels_4": {
    "active_intent_accuracy": 0.9785714285714285,
    "average_cat_accuracy": 0.6875,
    "average_goal_accuracy": 0.6581419654003923,
    "average_noncat_accuracy": 0.6548431372549021,
    "joint_cat_accuracy": 0.5035714285714286,
    "joint_goal_accuracy": 0.2237192857142857,
    "joint_noncat_accuracy": 0.3589435714285714,
    "requested_slots_f1": 0.8802380952380952,
    "requested_slots_precision": 0.8886904761904761,
    "requested_slots_recall": 0.8803571428571428
  },
  "Media_2": {
    "active_intent_accuracy": 0.9301587301587302,
    "average_cat_accuracy": 0.0,
    "average_goal_accuracy": 0.5295051546391752,
    "average_noncat_accuracy": 0.6242697594501717,
    "joint_cat_accuracy": 0.47619047619047616,
    "joint_goal_accuracy": 0.22555555555555554,
    "joint_noncat_accuracy": 0.29644444444444445,
    "requested_slots_f1": 0.8857142857142857,
    "requested_slots_precision": 0.946031746031746,
    "requested_slots_recall": 0.8857142857142857
  },
  "Movies_2": {
    "active_intent_accuracy": 0.9772727272727273,
    "average_goal_accuracy": 0.3213498622589532,
    "average_noncat_accuracy": 0.3213498622589532,
    "joint_goal_accuracy": 0.37320414772727273,
    "joint_noncat_accuracy": 0.37320414772727273,
    "requested_slots_f1": 0.8787878787878788,
    "requested_slots_precision": 0.9176136363636364,
    "requested_slots_recall": 0.8806818181818182
  },
  "Music_1": {
    "active_intent_accuracy": 0.9757085020242915,
    "average_cat_accuracy": 0.7973856209150327,
    "average_goal_accuracy": 0.8210221169036336,
    "average_noncat_accuracy": 0.8536356209150329,
    "joint_cat_accuracy": 0.7773279352226721,
    "joint_goal_accuracy": 0.5808842105263159,
    "joint_noncat_accuracy": 0.7191838056680162,
    "requested_slots_f1": 0.9487179487179487,
    "requested_slots_precision": 0.9493927125506073,
    "requested_slots_recall": 0.979757085020243
  },
  "RentalCars_1": {
    "active_intent_accuracy": 0.725609756097561,
    "average_cat_accuracy": 0.5384615384615384,
    "average_goal_accuracy": 0.6272091503267974,
    "average_noncat_accuracy": 0.6284890350877192,
    "joint_cat_accuracy": 0.7012195121951219,
    "joint_goal_accuracy": 0.21179441463414636,
    "joint_noncat_accuracy": 0.22718953658536586,
    "requested_slots_f1": 0.9695121951219512,
    "requested_slots_precision": 1.0,
    "requested_slots_recall": 0.9695121951219512
  },
  "Restaurants_2": {
    "active_intent_accuracy": 0.9362041467304625,
    "average_cat_accuracy": 0.38095238095238093,
    "average_goal_accuracy": 0.6477420430371461,
    "average_noncat_accuracy": 0.6990584340817501,
    "joint_cat_accuracy": 0.6140350877192983,
    "joint_goal_accuracy": 0.23009760765550244,
    "joint_noncat_accuracy": 0.2873169696969697,
    "requested_slots_f1": 0.8484848484848485,
    "requested_slots_precision": 0.9553429027113237,
    "requested_slots_recall": 0.8484848484848485
  },
  "RideSharing_1": {
    "active_intent_accuracy": 0.9961089494163424,
    "average_cat_accuracy": 0.7347826086956522,
    "average_goal_accuracy": 0.7628011204481794,