{
  "#ALL_SERVICES": {
    "active_intent_accuracy": 0.9290744466800804,
    "average_cat_accuracy": 0.6893695920889987,
    "average_goal_accuracy": 0.8114676175570579,
    "average_noncat_accuracy": 0.8502622105467988,
    "joint_cat_accuracy": 0.6995010164479764,
    "joint_goal_accuracy": 0.4946925217974514,
    "joint_noncat_accuracy": 0.6333747149564051,
    "requested_slots_f1": 0.9419421289642618,
    "requested_slots_precision": 0.9856639839034205,
    "requested_slots_recall": 0.9458417169684775
  },
  "#SEEN_SERVICES": {
    "active_intent_accuracy": 0.9888739042481457,
    "average_cat_accuracy": 0.8734236338159739,
    "average_goal_accuracy": 0.8600999563928137,
    "average_noncat_accuracy": 0.8670427170868346,
    "joint_cat_accuracy": 0.8800567778566359,
    "joint_goal_accuracy": 0.6580035401213756,
    "joint_noncat_accuracy": 0.7308255225893459,
    "requested_slots_f1": 0.9758822207237582,
    "requested_slots_precision": 0.9942683749157114,
    "requested_slots_recall": 0.9787592717464598
  },
  "#UNSEEN_SERVICES": {
    "active_intent_accuracy": 0.8699132755170114,
    "average_cat_accuracy": 0.48240546218487396,
    "average_goal_accuracy": 0.7623131247686044,
    "average_noncat_accuracy": 0.8328360438979241,
    "joint_cat_accuracy": 0.5032780563054378,
    "joint_goal_accuracy": 0.33312464976651096,
    "joint_noncat_accuracy": 0.5369640760507004,
    "requested_slots_f1": 0.9083643063629722,
    "requested_slots_precision": 0.9771514342895263,
    "requested_slots_recall": 0.9132755170113409
  },
  "Alarm_1": {
    "active_intent_accuracy": 0.7991266375545851,
    "average_goal_accuracy": 0.7404220779220778,
    "average_noncat_accuracy": 0.7404220779220778,
    "joint_goal_accuracy": 0.5499091703056769,
    "joint_noncat_accuracy": 0.5499091703056769,
    "requested_slots_f1": 1.0,
    "requested_slots_precision": 1.0,
    "requested_slots_recall": 1.0
  },
  "Banks_2": {
    "active_intent_accuracy": 0.9845201238390093,
    "average_cat_accuracy": 0.9186046511627907,
    "average_goal_accuracy": 0.8059468438538205,
    "average_noncat_accuracy": 0.522967032967033,
    "joint_cat_accuracy": 0.8606811145510835,
    "joint_goal_accuracy": 0.4953560371517028,
    "joint_noncat_accuracy": 0.5046439628482973,
    "requested_slots_f1": 0.9009287925696594,
    "requested_slots_precision": 1.0,
    "requested_slots_recall": 0.9009287925696594
  },
  "Buses_1": {
    "active_intent_accuracy": 0.9920424403183024,
    "average_cat_accuracy": 0.972,
    "average_goal_accuracy": 0.9112818696883853,
    "average_noncat_accuracy": 0.8956619047619048,
    "joint_cat_accuracy": 0.9814323607427056,
    "joint_goal_accuracy": 0.6994827586206898,
    "joint_noncat_accuracy": 0.7074403183023874,
    "requested_slots_f1": 0.9902740937223695,
    "requested_slots_precision": 0.993368700265252,
    "requested_slots_recall": 0.9893899204244032
  },
  "Events_1": {
    "active_intent_accuracy": 0.9904030710172744,
    "average_cat_accuracy": 1.0,
    "average_goal_accuracy": 0.9075615866388309,
    "average_noncat_accuracy": 0.8630507868383406,
    "joint_cat_accuracy": 1.0,
    "joint_goal_accuracy": 0.6888483685220729,
    "joint_noncat_accuracy": 0.6888483685220729,
    "requested_slots_f1": 0.9756877799104285,
    "requested_slots_precision": 0.9952015355086372,
    "requested_slots_recall": 0.9788867562380038
  },
  "Flights_3": {
    "active_intent_accuracy": 0.8952536824877251,
    "average_cat_accuracy": 0.6060606060606061,
    "average_goal_accuracy": 0.8544466280339296,
    "average_noncat_accuracy": 0.9695911360799001,
    "joint_cat_accuracy": 0.469721767594108,
    "joint_goal_accuracy": 0.42846219312602285,
    "joint_noncat_accuracy": 0.8987613747954173,
    "requested_slots_f1": 0.8805237315875614,
    "requested_slots_precision": 1.0,
    "requested_slots_recall": 0.8805237315875614
  },
  "Homes_1": {
    "active_intent_accuracy": 0.9863713798977853,
    "average_cat_accuracy": 0.9759615384615384,
    "average_goal_accuracy": 0.9225895078180525,
    "average_noncat_accuracy": 0.8890471447543161,
    "joint_cat_accuracy": 0.9471890971039182,
    "joint_goal_accuracy": 0.747717206132879,
    "joint_noncat_accuracy": 0.7732708688245314,
    "requested_slots_f1": 0.9965928449744463,
    "requested_slots_precision": 0.9965928449744463,
    "requested_slots_recall": 1.0
  },
  "Hotels_1": {
    "active_intent_accuracy": 0.974910394265233,
    "average_cat_accuracy": 0.9225352112676056,
    "average_goal_accuracy": 0.8977622655122655,
    "average_noncat_accuracy": 0.8799444444444444,
    "joint_cat_accuracy": 0.9068100358422939,
    "joint_goal_accuracy": 0.5923655913978495,
    "joint_noncat_accuracy": 0.6210394265232976,
    "requested_slots_f1": 0.9886499402628435,
    "requested_slots_precision": 0.9946236559139785,
    "requested_slots_recall": 0.9874551971326165
  },
  "Hotels_4": {
    "active_intent_accuracy": 0.9821428571428571,
    "average_cat_accuracy": 0.9166666666666666,
    "average_goal_accuracy": 0.783840199750312,
    "average_noncat_accuracy": 0.7224052287581698,
    "joint_cat_accuracy": 0.5214285714285715,
    "joint_goal_accuracy": 0.1155642857142857,
    "joint_noncat_accuracy": 0.18162785714285715,
    "requested_slots_f1": 0.9255952380952381,
    "requested_slots_precision": 0.9416666666666665,
    "requested_slots_recall": 0.9375
  },
  "Media_2": {
    "active_intent_accuracy": 0.9428571428571428,
    "average_cat_accuracy": 0.1393939393939394,
    "average_goal_accuracy": 0.7638820160366553,
    "average_noncat_accuracy": 0.8851890034364263,
    "joint_cat_accuracy": 0.5492063492063493,
    "joint_goal_accuracy": 0.29330539682539686,
    "joint_noncat_accuracy": 0.48597206349206346,
    "requested_slots_f1": 0.9227513227513227,
    "requested_slots_precision": 0.953968253968254,
    "requested_slots_recall": 0.9301587301587302
  },
  "Movies_2": {
    "active_intent_accuracy": 0.9829545454545454,
    "average_goal_accuracy": 0.8063085399449037,
    "average_noncat_accuracy": 0.8063085399449037,
    "joint_goal_accuracy": 0.38688920454545456,
    "joint_noncat_accuracy": 0.38688920454545456,
    "requested_slots_f1": 0.9015151515151515,
    "requested_slots_precision": 0.9412878787878788,
    "requested_slots_recall": 0.9119318181818182
  },
  "Music_1": {
    "active_intent_accuracy": 0.979757085020243,
    "average_cat_accuracy": 0.7026143790849673,
    "average_goal_accuracy": 0.7212740916271722,
    "average_noncat_accuracy": 0.7305147058823531,
    "joint_cat_accuracy": 0.7408906882591093,
    "joint_goal_accuracy": 0.4976923076923077,
    "joint_noncat_accuracy": 0.6617813765182186,
    "requested_slots_f1": 0.9838056680161943,
    "requested_slots_precision": 0.9838056680161943,
    "requested_slots_recall": 1.0
  },
  "RentalCars_1": {
    "active_intent_accuracy": 0.9908536585365854,
    "average_cat_accuracy": 0.764102564102564,
    "average_goal_accuracy": 0.9052200435729848,
    "average_noncat_accuracy": 0.9172598684210526,
    "joint_cat_accuracy": 0.8292682926829268,
    "joint_goal_accuracy": 0.6597835365853658,
    "joint_noncat_accuracy": 0.6902713414634146,
    "requested_slots_f1": 0.9939024390243902,
    "requested_slots_precision": 0.9969512195121951,
    "requested_slots_recall": 0.9969512195121951
  },
  "Restaurants_2": {
    "active_intent_accuracy": 0.8803827751196173,
    "average_cat_accuracy": 0.3949579831932773,
    "average_goal_accuracy": 0.7434874202258223,
    "average_noncat_accuracy": 0.8045302245250432,
    "joint_cat_accuracy": 0.6172248803827751,
    "joint_goal_accuracy": 0.35908516746411484,
    "joint_noncat_accuracy": 0.4403451355661882,
    "requested_slots_f1": 0.9066074276600591,
    "requested_slots_precision": 0.9564061669324827,
    "requested_slots_recall": 0.9234449760765551
  },
  "RideSharing_1": {
    "active_intent_accuracy": 1.0,
    "average_cat_accuracy": 0.967391304347826,
    "average_goal_accuracy": 0.9273249299719888,