{
  "#ALL_SERVICES": {
    "active_intent_accuracy": 0.8801140174379611,
    "average_cat_accuracy": 0.6435723114956736,
    "average_goal_accuracy": 0.725544957957405,
    "average_noncat_accuracy": 0.7414219368229876,
    "joint_cat_accuracy": 0.6329698761781556,
    "joint_goal_accuracy": 0.38720464486921535,
    "joint_noncat_accuracy": 0.5273634812206573,
    "requested_slots_f1": 0.9226390086551053,
    "requested_slots_precision": 0.9582970042477084,
    "requested_slots_recall": 0.9366197183098591
  },
  "#SEEN_SERVICES": {
    "active_intent_accuracy": 0.8857046527309508,
    "average_cat_accuracy": 0.7808656391094504,
    "average_goal_accuracy": 0.7584380080237223,
    "average_noncat_accuracy": 0.7553445378151261,
    "joint_cat_accuracy": 0.7544357700496807,
    "joint_goal_accuracy": 0.4623839278489548,
    "joint_noncat_accuracy": 0.5636330175320298,
    "requested_slots_f1": 0.9514272870307935,
    "requested_slots_precision": 0.965497864688694,
    "requested_slots_recall": 0.9721847606203641
  },
  "#UNSEEN_SERVICES": {
    "active_intent_accuracy": 0.8745830553702468,
    "average_cat_accuracy": 0.48918942577030816,
    "average_goal_accuracy": 0.6922987429699758,
    "average_noncat_accuracy": 0.7269636387676848,
    "joint_cat_accuracy": 0.5009641342074816,
    "joint_goal_accuracy": 0.31282780920613745,
    "joint_noncat_accuracy": 0.4914810780520347,
    "requested_slots_f1": 0.8941580101019727,
    "requested_slots_precision": 0.9511730042250389,
    "requested_slots_recall": 0.9014342895263509
  },
  "Alarm_1": {
    "active_intent_accuracy": 0.7205240174672489,
    "average_goal_accuracy": 0.7617532467532467,
    "average_noncat_accuracy": 0.7617532467532467,
    "joint_goal_accuracy": 0.544585152838428,
    "joint_noncat_accuracy": 0.544585152838428,
    "requested_slots_f1": 1.0,
    "requested_slots_precision": 1.0,
    "requested_slots_recall": 1.0
  },
  "Banks_2": {
    "active_intent_accuracy": 0.9845201238390093,
    "average_cat_accuracy": 0.9435215946843853,
    "average_goal_accuracy": 0.7068106312292359,
    "average_noncat_accuracy": 0.1510989010989011,
    "joint_cat_accuracy": 0.8513931888544891,
    "joint_goal_accuracy": 0.44272445820433437,
    "joint_noncat_accuracy": 0.47058823529411764,
    "requested_slots_f1": 0.9009287925696594,
    "requested_slots_precision": 1.0,
    "requested_slots_recall": 0.9009287925696594
  },
  "Buses_1": {
    "active_intent_accuracy": 0.946949602122016,
    "average_cat_accuracy": 0.996,
    "average_goal_accuracy": 0.8916293673276677,
    "average_noncat_accuracy": 0.8704119047619047,
    "joint_cat_accuracy": 0.9946949602122016,
    "joint_goal_accuracy": 0.6645623342175067,
    "joint_noncat_accuracy": 0.669867374005305,
    "requested_slots_f1": 0.980548187444739,
    "requested_slots_precision": 0.9708222811671088,
    "requested_slots_recall": 1.0
  },
  "Events_1": {
    "active_intent_accuracy": 0.763915547024952,
    "average_cat_accuracy": 0.8355855855855856,
    "average_goal_accuracy": 0.723338204592902,
    "average_noncat_accuracy": 0.6710765379113018,
    "joint_cat_accuracy": 0.7351247600767754,
    "joint_goal_accuracy": 0.4353395969289828,
    "joint_noncat_accuracy": 0.4372589827255279,
    "requested_slots_f1": 0.9769673704414588,
    "requested_slots_precision": 0.9846449136276392,
    "requested_slots_recall": 0.9779270633397313
  },
  "Flights_3": {
    "active_intent_accuracy": 0.9885433715220949,
    "average_cat_accuracy": 0.7689393939393939,
    "average_goal_accuracy": 0.8945601746871588,
    "average_noncat_accuracy": 0.9559550561797753,
    "joint_cat_accuracy": 0.5368248772504092,
    "joint_goal_accuracy": 0.48302847790507364,
    "joint_noncat_accuracy": 0.8638011456628478,
    "requested_slots_f1": 0.8805237315875614,
    "requested_slots_precision": 1.0,
    "requested_slots_recall": 0.8805237315875614
  },
  "Homes_1": {
    "active_intent_accuracy": 0.7768313458262351,
    "average_cat_accuracy": 0.9519230769230769,
    "average_goal_accuracy": 0.8373338663823738,
    "average_noncat_accuracy": 0.766925630810093,
    "joint_cat_accuracy": 0.8603066439522998,
    "joint_goal_accuracy": 0.4787052810902896,
    "joint_noncat_accuracy": 0.5444633730834754,
    "requested_slots_f1": 0.9419647927314028,
    "requested_slots_precision": 0.9204997160704146,
    "requested_slots_recall": 0.9991482112436116
  },
  "Hotels_1": {
    "active_intent_accuracy": 0.8960573476702509,
    "average_cat_accuracy": 0.701095461658842,
    "average_goal_accuracy": 0.8152012987012985,
    "average_noncat_accuracy": 0.8641013071895426,
    "joint_cat_accuracy": 0.6308243727598566,
    "joint_goal_accuracy": 0.45548387096774196,
    "joint_noncat_accuracy": 0.6735297491039427,
    "requested_slots_f1": 0.9074074074074073,
    "requested_slots_precision": 0.9480286738351255,
    "requested_slots_recall": 0.9229390681003584
  },
  "Hotels_4": {
    "active_intent_accuracy": 0.9642857142857143,
    "average_cat_accuracy": 0.8287037037037037,
    "average_goal_accuracy": 0.7085372748350275,
    "average_noncat_accuracy": 0.6603790849673202,
    "joint_cat_accuracy": 0.5821428571428572,
    "joint_goal_accuracy": 0.19974999999999998,
    "joint_noncat_accuracy": 0.29502142857142855,
    "requested_slots_f1": 0.9005952380952381,
    "requested_slots_precision": 0.8889880952380952,
    "requested_slots_recall": 0.9303571428571429
  },
  "Media_2": {
    "active_intent_accuracy": 0.8984126984126984,
    "average_cat_accuracy": 0.04242424242424243,
    "average_goal_accuracy": 0.6602886597938145,
    "average_noncat_accuracy": 0.7819129438717067,
    "joint_cat_accuracy": 0.4984126984126984,
    "joint_goal_accuracy": 0.25051301587301583,
    "joint_noncat_accuracy": 0.44106666666666666,
    "requested_slots_f1": 0.8825396825396825,
    "requested_slots_precision": 0.8857142857142857,
    "requested_slots_recall": 0.8857142857142857
  },
  "Movies_2": {
    "active_intent_accuracy": 0.9829545454545454,
    "average_goal_accuracy": 0.7300275482093664,
    "average_noncat_accuracy": 0.7300275482093664,
    "joint_goal_accuracy": 0.39969188636363634,
    "joint_noncat_accuracy": 0.39969188636363634,
    "requested_slots_f1": 0.8922348484848485,
    "requested_slots_precision": 0.9090909090909091,
    "requested_slots_recall": 0.9034090909090909
  },
  "Music_1": {
    "active_intent_accuracy": 0.9595141700404858,
    "average_cat_accuracy": 0.6666666666666666,
    "average_goal_accuracy": 0.7374407582938387,
    "average_noncat_accuracy": 0.7777287581699348,
    "joint_cat_accuracy": 0.728744939271255,
    "joint_goal_accuracy": 0.5328744939271255,
    "joint_noncat_accuracy": 0.6467206477732794,
    "requested_slots_f1": 0.9574898785425101,
    "requested_slots_precision": 0.9446693657219973,
    "requested_slots_recall": 0.9959514170040485
  },
  "RentalCars_1": {
    "active_intent_accuracy": 0.9512195121951219,
    "average_cat_accuracy": 0.6256410256410256,
    "average_goal_accuracy": 0.6987091503267974,
    "average_noncat_accuracy": 0.6947105263157894,
    "joint_cat_accuracy": 0.7652439024390244,
    "joint_goal_accuracy": 0.2142484756097561,
    "joint_noncat_accuracy": 0.2142484756097561,
    "requested_slots_f1": 0.9969512195121951,
    "requested_slots_precision": 0.9969512195121951,
    "requested_slots_recall": 1.0
  },
  "Restaurants_2": {
    "active_intent_accuracy": 0.7878787878787878,
    "average_cat_accuracy": 0.1881419234360411,
    "average_goal_accuracy": 0.49464776632302404,
    "average_noncat_accuracy": 0.5431871042026483,
    "joint_cat_accuracy": 0.48325358851674644,
    "joint_goal_accuracy": 0.1839872408293461,
    "joint_noncat_accuracy": 0.20258373205741625,
    "requested_slots_f1": 0.8694615326194275,
    "requested_slots_precision": 0.9054226475279108,
    "requested_slots_recall": 0.8907496012759171
  },
  "RideSharing_1": {
    "active_intent_accuracy": 1.0,
    "average_cat_accuracy": 0.7978260869565217,