{
  "#ALL_SERVICES": {
    "active_intent_accuracy": 0.8645204560697518,
    "average_cat_accuracy": 0.6301400906468891,
    "average_goal_accuracy": 0.7374200818055081,
    "average_noncat_accuracy": 0.7798311604073425,
    "joint_cat_accuracy": 0.6046941415634818,
    "joint_goal_accuracy": 0.38851230717639174,
    "joint_noncat_accuracy": 0.5465196009389671,
    "requested_slots_f1": 0.9192152917505031,
    "requested_slots_precision": 0.9779510395707579,
    "requested_slots_recall": 0.9233735747820255
  },
  "#SEEN_SERVICES": {
    "active_intent_accuracy": 0.9005394470667566,
    "average_cat_accuracy": 0.8025066168457107,
    "average_goal_accuracy": 0.7935357142857142,
    "average_noncat_accuracy": 0.8215832696715051,
    "joint_cat_accuracy": 0.7682753726046841,
    "joint_goal_accuracy": 0.5201014834794336,
    "joint_noncat_accuracy": 0.6709229939312206,
    "requested_slots_f1": 0.9503146774556079,
    "requested_slots_precision": 0.979602157788267,
    "requested_slots_recall": 0.9592043155765341
  },
  "#UNSEEN_SERVICES": {
    "active_intent_accuracy": 0.8288859239492995,
    "average_cat_accuracy": 0.4363182773109244,
    "average_goal_accuracy": 0.6807019490135928,
    "average_noncat_accuracy": 0.7364725637974349,
    "joint_cat_accuracy": 0.4269186270728885,
    "joint_goal_accuracy": 0.25832768512341564,
    "joint_noncat_accuracy": 0.42344406270847235,
    "requested_slots_f1": 0.8884478541249722,
    "requested_slots_precision": 0.97631754503002,
    "requested_slots_recall": 0.8879252835223482
  },
  "Alarm_1": {
    "active_intent_accuracy": 0.7248908296943232,
    "average_goal_accuracy": 0.6452272727272728,
    "average_noncat_accuracy": 0.6452272727272728,
    "joint_goal_accuracy": 0.4293510917030568,
    "joint_noncat_accuracy": 0.4293510917030568,
    "requested_slots_f1": 1.0,
    "requested_slots_precision": 1.0,
    "requested_slots_recall": 1.0
  },
  "Banks_2": {
    "active_intent_accuracy": 0.9690402476780186,
    "average_cat_accuracy": 0.782392026578073,
    "average_goal_accuracy": 0.6824750830564784,
    "average_noncat_accuracy": 0.38552197802197796,
    "joint_cat_accuracy": 0.6222910216718266,
    "joint_goal_accuracy": 0.43068111455108365,
    "joint_noncat_accuracy": 0.5180495356037151,
    "requested_slots_f1": 0.9009287925696594,
    "requested_slots_precision": 1.0,
    "requested_slots_recall": 0.9009287925696594
  },
  "Buses_1": {
    "active_intent_accuracy": 0.9893899204244032,
    "average_cat_accuracy": 0.928,
    "average_goal_accuracy": 0.8768668555240793,
    "average_noncat_accuracy": 0.8623761904761906,
    "joint_cat_accuracy": 0.9522546419098143,
    "joint_goal_accuracy": 0.6246684350132626,
    "joint_noncat_accuracy": 0.6618037135278515,
    "requested_slots_f1": 0.980548187444739,
    "requested_slots_precision": 0.9708222811671088,
    "requested_slots_recall": 1.0
  },
  "Events_1": {
    "active_intent_accuracy": 0.5738963531669866,
    "average_cat_accuracy": 0.9076576576576577,
    "average_goal_accuracy": 0.8382282533054977,
    "average_noncat_accuracy": 0.800681330472103,
    "joint_cat_accuracy": 0.8752399232245681,
    "joint_goal_accuracy": 0.5165067178502879,
    "joint_noncat_accuracy": 0.5318618042226488,
    "requested_slots_f1": 0.9577735124760077,
    "requested_slots_precision": 1.0,
    "requested_slots_recall": 0.95489443378119
  },
  "Flights_3": {
    "active_intent_accuracy": 0.7152209492635024,
    "average_cat_accuracy": 0.6953463203463204,
    "average_goal_accuracy": 0.7768502561518434,
    "average_noncat_accuracy": 0.8161891385767791,
    "joint_cat_accuracy": 0.4582651391162029,
    "joint_goal_accuracy": 0.22613747954173488,
    "joint_noncat_accuracy": 0.4669919803600654,
    "requested_slots_f1": 0.8805237315875614,
    "requested_slots_precision": 1.0,
    "requested_slots_recall": 0.8805237315875614
  },
  "Homes_1": {
    "active_intent_accuracy": 0.9812606473594548,
    "average_cat_accuracy": 0.9099358974358973,
    "average_goal_accuracy": 0.9315237651030561,
    "average_noncat_accuracy": 0.965063081009296,
    "joint_cat_accuracy": 0.7666098807495741,
    "joint_goal_accuracy": 0.7362180579216354,
    "joint_noncat_accuracy": 0.9443441226575808,
    "requested_slots_f1": 0.9604770017035774,
    "requested_slots_precision": 0.9471890971039182,
    "requested_slots_recall": 0.989778534923339
  },
  "Hotels_1": {
    "active_intent_accuracy": 0.982078853046595,
    "average_cat_accuracy": 0.7629107981220657,
    "average_goal_accuracy": 0.8652465728715728,
    "average_noncat_accuracy": 0.911640522875817,
    "joint_cat_accuracy": 0.4838709677419355,
    "joint_goal_accuracy": 0.40860215053763443,
    "joint_noncat_accuracy": 0.7393906810035842,
    "requested_slots_f1": 0.8739545997610513,
    "requested_slots_precision": 0.9874551971326165,
    "requested_slots_recall": 0.8673835125448028
  },
  "Hotels_4": {
    "active_intent_accuracy": 0.9035714285714286,
    "average_cat_accuracy": 0.8171296296296297,
    "average_goal_accuracy": 0.7053980738362762,
    "average_noncat_accuracy": 0.6491470588235294,
    "joint_cat_accuracy": 0.3821428571428571,
    "joint_goal_accuracy": 0.16692857142857143,
    "joint_noncat_accuracy": 0.3627425,
    "requested_slots_f1": 0.8863095238095239,
    "requested_slots_precision": 0.8982142857142857,
    "requested_slots_recall": 0.8839285714285714
  },
  "Media_2": {
    "active_intent_accuracy": 0.9301587301587302,
    "average_cat_accuracy": 0.01818181818181818,
    "average_goal_accuracy": 0.626618556701031,
    "average_noncat_accuracy": 0.7418298969072165,
    "joint_cat_accuracy": 0.4857142857142857,
    "joint_goal_accuracy": 0.18174920634920635,
    "joint_noncat_accuracy": 0.1844009523809524,
    "requested_slots_f1": 0.8857142857142857,
    "requested_slots_precision": 0.9968253968253968,
    "requested_slots_recall": 0.8857142857142857
  },
  "Movies_2": {
    "active_intent_accuracy": 0.9772727272727273,
    "average_goal_accuracy": 0.5969283746556473,
    "average_noncat_accuracy": 0.5969283746556473,
    "joint_goal_accuracy": 0.3567840909090909,
    "joint_noncat_accuracy": 0.3567840909090909,
    "requested_slots_f1": 0.8636363636363636,
    "requested_slots_precision": 1.0,
    "requested_slots_recall": 0.8636363636363636
  },
  "Music_1": {
    "active_intent_accuracy": 0.854251012145749,
    "average_cat_accuracy": 0.3660130718954248,
    "average_goal_accuracy": 0.6717456556082149,
    "average_noncat_accuracy": 0.8225245098039217,
    "joint_cat_accuracy": 0.5587044534412956,
    "joint_goal_accuracy": 0.43437246963562753,
    "joint_noncat_accuracy": 0.7576923076923077,
    "requested_slots_f1": 0.9527665317139,
    "requested_slots_precision": 0.9858299595141701,
    "requested_slots_recall": 0.9574898785425101
  },
  "RentalCars_1": {
    "active_intent_accuracy": 0.9786585365853658,
    "average_cat_accuracy": 0.8666666666666667,
    "average_goal_accuracy": 0.6744237472766885,
    "average_noncat_accuracy": 0.6459895833333333,
    "joint_cat_accuracy": 0.8963414634146342,
    "joint_goal_accuracy": 0.1861920731707317,
    "joint_noncat_accuracy": 0.19389512195121952,
    "requested_slots_f1": 0.9969512195121951,
    "requested_slots_precision": 1.0,
    "requested_slots_recall": 0.9969512195121951
  },
  "Restaurants_2": {
    "active_intent_accuracy": 0.6874003189792663,
    "average_cat_accuracy": 0.2647058823529412,
    "average_goal_accuracy": 0.6837097651775487,
    "average_noncat_accuracy": 0.7513727691421992,
    "joint_cat_accuracy": 0.529505582137161,
    "joint_goal_accuracy": 0.3159170653907496,
    "joint_noncat_accuracy": 0.4045687400318979,
    "requested_slots_f1": 0.8794258373205741,
    "requested_slots_precision": 0.9338118022328549,
    "requested_slots_recall": 0.8779904306220095
  },
  "RideSharing_1": {
    "active_intent_accuracy": 1.0,
    "average_cat_accuracy": 0.967391304347826,
    "average_goal_accuracy": 0.9067366946778712,