{
  "#ALL_SERVICES": {
    "active_intent_accuracy": 0.8512743125419182,
    "average_cat_accuracy": 0.6106922126081582,
    "average_goal_accuracy": 0.5635091647596251,
    "average_noncat_accuracy": 0.5453571382240384,
    "joint_cat_accuracy": 0.5111809277397893,
    "joint_goal_accuracy": 0.20767519936284373,
    "joint_noncat_accuracy": 0.3359157126358149,
    "requested_slots_f1": 0.869382964453387,
    "requested_slots_precision": 1.0,
    "requested_slots_recall": 0.869382964453387
  },
  "#SEEN_SERVICES": {
    "active_intent_accuracy": 0.8998651382333108,
    "average_cat_accuracy": 0.7742487933987233,
    "average_goal_accuracy": 0.6423406855049711,
    "average_noncat_accuracy": 0.6013156353450471,
    "joint_cat_accuracy": 0.6320085166784953,
    "joint_goal_accuracy": 0.2493752198246797,
    "joint_noncat_accuracy": 0.3981851995954147,
    "requested_slots_f1": 0.8624409979770735,
    "requested_slots_precision": 1.0,
    "requested_slots_recall": 0.8624409979770735
  },
  "#UNSEEN_SERVICES": {
    "active_intent_accuracy": 0.8032021347565044,
    "average_cat_accuracy": 0.4267769607843137,
    "average_goal_accuracy": 0.48383124856754994,
    "average_noncat_accuracy": 0.48724553748512495,
    "joint_cat_accuracy": 0.3798688777477825,
    "joint_goal_accuracy": 0.16642027585056707,
    "joint_noncat_accuracy": 0.2743108766377585,
    "requested_slots_f1": 0.8762508338892595,
    "requested_slots_precision": 1.0,
    "requested_slots_recall": 0.8762508338892595
  },
  "Alarm_1": {
    "active_intent_accuracy": 0.8820960698689956,
    "average_goal_accuracy": 0.6710064935064936,
    "average_noncat_accuracy": 0.6710064935064936,
    "joint_goal_accuracy": 0.4113091703056769,
    "joint_noncat_accuracy": 0.4113091703056769,
    "requested_slots_f1": 1.0,
    "requested_slots_precision": 1.0,
    "requested_slots_recall": 1.0
  },
  "Banks_2": {
    "active_intent_accuracy": 0.9195046439628483,
    "average_cat_accuracy": 0.7441860465116279,
    "average_goal_accuracy": 0.6522148394241417,
    "average_noncat_accuracy": 0.3326648351648352,
    "joint_cat_accuracy": 0.4551083591331269,
    "joint_goal_accuracy": 0.3424767801857585,
    "joint_noncat_accuracy": 0.47943653250773993,
    "requested_slots_f1": 0.9009287925696594,
    "requested_slots_precision": 1.0,
    "requested_slots_recall": 0.9009287925696594
  },
  "Buses_1": {
    "active_intent_accuracy": 0.9840848806366048,
    "average_cat_accuracy": 1.0,
    "average_goal_accuracy": 0.7031902738432483,
    "average_noncat_accuracy": 0.6360214285714284,
    "joint_cat_accuracy": 0.986737400530504,
    "joint_goal_accuracy": 0.1893970822281167,
    "joint_noncat_accuracy": 0.19298541114058354,
    "requested_slots_f1": 0.8567639257294429,
    "requested_slots_precision": 1.0,
    "requested_slots_recall": 0.8567639257294429
  },
  "Events_1": {
    "active_intent_accuracy": 0.7715930902111324,
    "average_cat_accuracy": 0.8930180180180181,
    "average_goal_accuracy": 0.7340751565762004,
    "average_noncat_accuracy": 0.6392489270386266,
    "joint_cat_accuracy": 0.8675623800383877,
    "joint_goal_accuracy": 0.384236660268714,
    "joint_noncat_accuracy": 0.3880754318618042,
    "requested_slots_f1": 0.8829174664107485,
    "requested_slots_precision": 1.0,
    "requested_slots_recall": 0.8829174664107485
  },
  "Flights_3": {
    "active_intent_accuracy": 0.5597381342062193,
    "average_cat_accuracy": 0.5301226551226551,
    "average_goal_accuracy": 0.7244989711934156,
    "average_noncat_accuracy": 0.8104962546816479,
    "joint_cat_accuracy": 0.06546644844517185,
    "joint_goal_accuracy": 0.013762520458265138,
    "joint_noncat_accuracy": 0.26823846153846154,
    "requested_slots_f1": 0.8805237315875614,
    "requested_slots_precision": 1.0,
    "requested_slots_recall": 0.8805237315875614
  },
  "Homes_1": {
    "active_intent_accuracy": 0.9165247018739353,
    "average_cat_accuracy": 0.8993589743589743,
    "average_goal_accuracy": 0.8190842217484008,
    "average_noncat_accuracy": 0.7704448871181939,
    "joint_cat_accuracy": 0.21294718909710392,
    "joint_goal_accuracy": 0.15212947189097104,
    "joint_noncat_accuracy": 0.6335434412265759,
    "requested_slots_f1": 0.8398637137989778,
    "requested_slots_precision": 1.0,
    "requested_slots_recall": 0.8398637137989778
  },
  "Hotels_1": {
    "active_intent_accuracy": 0.8673835125448028,
    "average_cat_accuracy": 0.5367762128325508,
    "average_goal_accuracy": 0.3617686688311688,
    "average_noncat_accuracy": 0.2517581699346405,
    "joint_cat_accuracy": 0.40860215053763443,
    "joint_goal_accuracy": 0.0967741935483871,
    "joint_noncat_accuracy": 0.11827956989247312,
    "requested_slots_f1": 0.8172043010752689,
    "requested_slots_precision": 1.0,
    "requested_slots_recall": 0.8172043010752689
  },
  "Hotels_4": {
    "active_intent_accuracy": 0.8535714285714285,
    "average_cat_accuracy": 0.3873456790123456,
    "average_goal_accuracy": 0.16178633850543964,
    "average_noncat_accuracy": 0.0726437908496732,
    "joint_cat_accuracy": 0.38571428571428573,
    "joint_goal_accuracy": 0.05714285714285714,
    "joint_noncat_accuracy": 0.08928571428571429,
    "requested_slots_f1": 0.825,
    "requested_slots_precision": 1.0,
    "requested_slots_recall": 0.825
  },
  "Media_2": {
    "active_intent_accuracy": 0.8539682539682539,
    "average_cat_accuracy": 0.1696969696969697,
    "average_goal_accuracy": 0.5177508591065292,
    "average_noncat_accuracy": 0.5749341351660939,
    "joint_cat_accuracy": 0.5650793650793651,
    "joint_goal_accuracy": 0.22986099682539685,
    "joint_noncat_accuracy": 0.26782085714285714,
    "requested_slots_f1": 0.8857142857142857,
    "requested_slots_precision": 1.0,
    "requested_slots_recall": 0.8857142857142857
  },
  "Movies_2": {
    "active_intent_accuracy": 0.9886363636363636,
    "average_goal_accuracy": 0.45370523415977954,
    "average_noncat_accuracy": 0.45370523415977954,
    "joint_goal_accuracy": 0.4856818181818181,
    "joint_noncat_accuracy": 0.4856818181818181,
    "requested_slots_f1": 0.8636363636363636,
    "requested_slots_precision": 1.0,
    "requested_slots_recall": 0.8636363636363636
  },
  "Music_1": {
    "active_intent_accuracy": 0.8825910931174089,
    "average_cat_accuracy": 0.4738562091503268,
    "average_goal_accuracy": 0.3917772511848341,
    "average_noncat_accuracy": 0.3715767973856209,
    "joint_cat_accuracy": 0.611336032388664,
    "joint_goal_accuracy": 0.22412955465587045,
    "joint_noncat_accuracy": 0.32396761133603236,
    "requested_slots_f1": 0.8582995951417004,
    "requested_slots_precision": 1.0,
    "requested_slots_recall": 0.8582995951417004
  },
  "RentalCars_1": {
    "active_intent_accuracy": 0.8719512195121951,
    "average_cat_accuracy": 0.7333333333333333,
    "average_goal_accuracy": 0.6545669934640523,
    "average_noncat_accuracy": 0.6443042763157895,
    "joint_cat_accuracy": 0.8079268292682927,
    "joint_goal_accuracy": 0.10951494512195122,
    "joint_noncat_accuracy": 0.13237348170731705,
    "requested_slots_f1": 0.8841463414634146,
    "requested_slots_precision": 1.0,
    "requested_slots_recall": 0.8841463414634146
  },
  "Restaurants_2": {
    "active_intent_accuracy": 0.8692185007974481,
    "average_cat_accuracy": 0.49299719887955185,
    "average_goal_accuracy": 0.2411214203894616,
    "average_noncat_accuracy": 0.21130569948186528,
    "joint_cat_accuracy": 0.6746411483253588,
    "joint_goal_accuracy": 0.10303030303030303,
    "joint_noncat_accuracy": 0.1062200956937799,
    "requested_slots_f1": 0.8484848484848485,
    "requested_slots_precision": 1.0,
    "requested_slots_recall": 0.8484848484848485
  },
  "RideSharing_1": {
    "active_intent_accuracy": 0.9844357976653697,
    "average_cat_accuracy": 0.9152173913043479,
    "average_goal_accuracy": 0.8524789915966386,
    "average_noncat_accuracy": 0.7310900473933649,
    "joint_cat_accuracy": 0.8482490272373541,