{
  "#ALL_SERVICES": {
    "active_intent_accuracy": 0.9463447350771295,
    "average_cat_accuracy": 0.6940667490729295,
    "average_goal_accuracy": 0.8069551867147152,
    "average_noncat_accuracy": 0.8450964195368749,
    "joint_cat_accuracy": 0.699685825170948,
    "joint_goal_accuracy": 0.49472702883970493,
    "joint_noncat_accuracy": 0.6351535881958417,
    "requested_slots_f1": 0.9458097793107854,
    "requested_slots_precision": 0.9841493404873687,
    "requested_slots_recall": 0.9481891348088531
  },
  "#SEEN_SERVICES": {
    "active_intent_accuracy": 0.9908968307484828,
    "average_cat_accuracy": 0.8736571695469407,
    "average_goal_accuracy": 0.864457238792953,
    "average_noncat_accuracy": 0.8713016934046347,
    "joint_cat_accuracy": 0.8736692689850958,
    "joint_goal_accuracy": 0.6619235333782872,
    "joint_noncat_accuracy": 0.7394825354012137,
    "requested_slots_f1": 0.9817374690941785,
    "requested_slots_precision": 0.9966284558327714,
    "requested_slots_recall": 0.9828051247471342
  },
  "#UNSEEN_SERVICES": {
    "active_intent_accuracy": 0.9022681787858572,
    "average_cat_accuracy": 0.49212184873949577,
    "average_goal_accuracy": 0.7488357486645159,
    "average_noncat_accuracy": 0.8178828507206134,
    "joint_cat_accuracy": 0.5106054762822985,
    "joint_goal_accuracy": 0.3293151434289527,
    "joint_noncat_accuracy": 0.5319382254836558,
    "requested_slots_f1": 0.9102655738746467,
    "requested_slots_precision": 0.9718034245052257,
    "requested_slots_recall": 0.9139426284189459
  },
  "Alarm_1": {
    "active_intent_accuracy": 0.7379912663755459,
    "average_goal_accuracy": 0.7336363636363635,
    "average_noncat_accuracy": 0.7336363636363635,
    "joint_goal_accuracy": 0.5632751091703058,
    "joint_noncat_accuracy": 0.5632751091703058,
    "requested_slots_f1": 1.0,
    "requested_slots_precision": 1.0,
    "requested_slots_recall": 1.0
  },
  "Banks_2": {
    "active_intent_accuracy": 0.978328173374613,
    "average_cat_accuracy": 0.9551495016611296,
    "average_goal_accuracy": 0.8737541528239202,
    "average_noncat_accuracy": 0.6703296703296703,
    "joint_cat_accuracy": 0.9071207430340558,
    "joint_goal_accuracy": 0.6222910216718266,
    "joint_noncat_accuracy": 0.6656346749226006,
    "requested_slots_f1": 0.9009287925696594,
    "requested_slots_precision": 1.0,
    "requested_slots_recall": 0.9009287925696594
  },
  "Buses_1": {
    "active_intent_accuracy": 0.9946949602122016,
    "average_cat_accuracy": 1.0,
    "average_goal_accuracy": 0.9252998111425873,
    "average_noncat_accuracy": 0.9078642857142859,
    "joint_cat_accuracy": 1.0,
    "joint_goal_accuracy": 0.7240185676392574,
    "joint_noncat_accuracy": 0.7240185676392574,
    "requested_slots_f1": 0.9920424403183024,
    "requested_slots_precision": 0.993368700265252,
    "requested_slots_recall": 0.9920424403183024
  },
  "Events_1": {
    "active_intent_accuracy": 0.9942418426103646,
    "average_cat_accuracy": 1.0,
    "average_goal_accuracy": 0.9076468336812804,
    "average_noncat_accuracy": 0.8625250357653792,
    "joint_cat_accuracy": 0.9884836852207294,
    "joint_goal_accuracy": 0.6953550863723608,
    "joint_noncat_accuracy": 0.7030326295585412,
    "requested_slots_f1": 0.9897632757517596,
    "requested_slots_precision": 0.989443378119002,
    "requested_slots_recall": 0.9961612284069098
  },
  "Flights_3": {
    "active_intent_accuracy": 0.9247135842880524,
    "average_cat_accuracy": 0.6583694083694083,
    "average_goal_accuracy": 0.8657067691274041,
    "average_noncat_accuracy": 0.9645458801498127,
    "joint_cat_accuracy": 0.45990180032733224,
    "joint_goal_accuracy": 0.3906880523731588,
    "joint_noncat_accuracy": 0.8430494271685761,
    "requested_slots_f1": 0.8914348063284234,
    "requested_slots_precision": 1.0,
    "requested_slots_recall": 0.8895253682487725
  },
  "Homes_1": {
    "active_intent_accuracy": 0.9863713798977853,
    "average_cat_accuracy": 0.9865384615384616,
    "average_goal_accuracy": 0.92937855366027,
    "average_noncat_accuracy": 0.890089641434263,
    "joint_cat_accuracy": 0.9642248722316865,
    "joint_goal_accuracy": 0.7631175468483817,
    "joint_noncat_accuracy": 0.7726575809199319,
    "requested_slots_f1": 0.9977285633162974,
    "requested_slots_precision": 0.9974446337308348,
    "requested_slots_recall": 1.0
  },
  "Hotels_1": {
    "active_intent_accuracy": 0.982078853046595,
    "average_cat_accuracy": 0.8427230046948356,
    "average_goal_accuracy": 0.860265873015873,
    "average_noncat_accuracy": 0.8763071895424835,
    "joint_cat_accuracy": 0.7634408602150538,
    "joint_goal_accuracy": 0.5037275985663083,
    "joint_noncat_accuracy": 0.6255913978494624,
    "requested_slots_f1": 0.9970131421744324,
    "requested_slots_precision": 0.9982078853046595,
    "requested_slots_recall": 0.996415770609319
  },
  "Hotels_4": {
    "active_intent_accuracy": 0.9821428571428571,
    "average_cat_accuracy": 0.8580246913580247,
    "average_goal_accuracy": 0.8183509006598895,
    "average_noncat_accuracy": 0.8073071895424835,
    "joint_cat_accuracy": 0.5857142857142857,
    "joint_goal_accuracy": 0.22292857142857145,
    "joint_noncat_accuracy": 0.3750785714285714,
    "requested_slots_f1": 0.9221428571428572,
    "requested_slots_precision": 0.9366071428571429,
    "requested_slots_recall": 0.9410714285714286
  },
  "Media_2": {
    "active_intent_accuracy": 0.9428571428571428,
    "average_cat_accuracy": 0.19393939393939394,
    "average_goal_accuracy": 0.5163006872852233,
    "average_noncat_accuracy": 0.583089919816724,
    "joint_cat_accuracy": 0.5777777777777777,
    "joint_goal_accuracy": 0.09824888888888889,
    "joint_noncat_accuracy": 0.12197333333333332,
    "requested_slots_f1": 0.9153439153439152,
    "requested_slots_precision": 0.9333333333333333,
    "requested_slots_recall": 0.9238095238095239
  },
  "Movies_2": {
    "active_intent_accuracy": 0.9772727272727273,
    "average_goal_accuracy": 0.7582782369146005,
    "average_noncat_accuracy": 0.7582782369146005,
    "joint_goal_accuracy": 0.34863636363636363,
    "joint_noncat_accuracy": 0.34863636363636363,
    "requested_slots_f1": 0.9013257575757575,
    "requested_slots_precision": 0.9280303030303029,
    "requested_slots_recall": 0.9147727272727273
  },
  "Music_1": {
    "active_intent_accuracy": 0.979757085020243,
    "average_cat_accuracy": 0.7026143790849673,
    "average_goal_accuracy": 0.7486137440758293,
    "average_noncat_accuracy": 0.7600980392156863,
    "joint_cat_accuracy": 0.7530364372469636,
    "joint_goal_accuracy": 0.5506072874493927,
    "joint_noncat_accuracy": 0.717085020242915,
    "requested_slots_f1": 1.0,
    "requested_slots_precision": 1.0,
    "requested_slots_recall": 1.0
  },
  "RentalCars_1": {
    "active_intent_accuracy": 0.9969512195121951,
    "average_cat_accuracy": 0.7948717948717948,
    "average_goal_accuracy": 0.8955664488017427,
    "average_noncat_accuracy": 0.9022543859649124,
    "joint_cat_accuracy": 0.8536585365853658,
    "joint_goal_accuracy": 0.6253323170731707,
    "joint_noncat_accuracy": 0.6604542682926829,
    "requested_slots_f1": 1.0,
    "requested_slots_precision": 1.0,
    "requested_slots_recall": 1.0
  },
  "Restaurants_2": {
    "active_intent_accuracy": 0.810207336523126,
    "average_cat_accuracy": 0.3585434173669468,
    "average_goal_accuracy": 0.7489958681066928,
    "average_noncat_accuracy": 0.8160509499136442,
    "joint_cat_accuracy": 0.5901116427432217,
    "joint_goal_accuracy": 0.36659968102073365,
    "joint_noncat_accuracy": 0.4723572567783094,
    "requested_slots_f1": 0.9071922229816968,
    "requested_slots_precision": 0.9471823498139288,
    "requested_slots_recall": 0.9154704944178629
  },
  "RideSharing_1": {
    "active_intent_accuracy": 0.9961089494163424,
    "average_cat_accuracy": 0.9586956521739131,
    "average_goal_accuracy": 0.917843137254902,
    "average_noncat_accuracy": 0.840473933649289,