{
  "#ALL_SERVICES": {
    "active_intent_accuracy": 0.9434942991281019,
    "average_cat_accuracy": 0.7040791100123609,
    "average_goal_accuracy": 0.8243334714294482,
    "average_noncat_accuracy": 0.8645452746967633,
    "joint_cat_accuracy": 0.7166882276843467,
    "joint_goal_accuracy": 0.5215127934272301,
    "joint_noncat_accuracy": 0.6592067739771965,
    "requested_slots_f1": 0.9453698380760753,
    "requested_slots_precision": 0.9826207243460765,
    "requested_slots_recall": 0.9483568075117371
  },
  "#SEEN_SERVICES": {
    "active_intent_accuracy": 0.9838165879973028,
    "average_cat_accuracy": 0.88183092013078,
    "average_goal_accuracy": 0.8736431100645387,
    "average_noncat_accuracy": 0.8866249045072575,
    "joint_cat_accuracy": 0.8928317955997161,
    "joint_goal_accuracy": 0.708812238705327,
    "joint_noncat_accuracy": 0.7843664194200944,
    "requested_slots_f1": 0.983692964711171,
    "requested_slots_precision": 0.9947179141380085,
    "requested_slots_recall": 0.9868509777478085
  },
  "#UNSEEN_SERVICES": {
    "active_intent_accuracy": 0.9036024016010674,
    "average_cat_accuracy": 0.5042016806722689,
    "average_goal_accuracy": 0.774494406833448,
    "average_noncat_accuracy": 0.8416160914980828,
    "joint_cat_accuracy": 0.5252603162360201,
    "joint_goal_accuracy": 0.33621254169446296,
    "joint_noncat_accuracy": 0.5353830553702468,
    "requested_slots_f1": 0.9074557641602339,
    "requested_slots_precision": 0.9706526573271069,
    "requested_slots_recall": 0.9102735156771181
  },
  "Alarm_1": {
    "active_intent_accuracy": 0.7947598253275109,
    "average_goal_accuracy": 0.7352272727272727,
    "average_noncat_accuracy": 0.7352272727272727,
    "joint_goal_accuracy": 0.5032860262008734,
    "joint_noncat_accuracy": 0.5032860262008734,
    "requested_slots_f1": 1.0,
    "requested_slots_precision": 1.0,
    "requested_slots_recall": 1.0
  },
  "Banks_2": {
    "active_intent_accuracy": 0.9876160990712074,
    "average_cat_accuracy": 0.9401993355481728,
    "average_goal_accuracy": 0.8123145071982281,
    "average_noncat_accuracy": 0.4954945054945055,
    "joint_cat_accuracy": 0.8823529411764706,
    "joint_goal_accuracy": 0.5356037151702786,
    "joint_noncat_accuracy": 0.5634674922600619,
    "requested_slots_f1": 0.9009287925696594,
    "requested_slots_precision": 1.0,
    "requested_slots_recall": 0.9009287925696594
  },
  "Buses_1": {
    "active_intent_accuracy": 0.9920424403183024,
    "average_cat_accuracy": 1.0,
    "average_goal_accuracy": 0.9386638338054769,
    "average_noncat_accuracy": 0.9238214285714285,
    "joint_cat_accuracy": 1.0,
    "joint_goal_accuracy": 0.8025331564986736,
    "joint_noncat_accuracy": 0.8025331564986736,
    "requested_slots_f1": 0.9955791335101679,
    "requested_slots_precision": 0.9946949602122016,
    "requested_slots_recall": 0.9986737400530504
  },
  "Events_1": {
    "active_intent_accuracy": 0.9865642994241842,
    "average_cat_accuracy": 1.0,
    "average_goal_accuracy": 0.9238166318719554,
    "average_noncat_accuracy": 0.8869903433476395,
    "joint_cat_accuracy": 1.0,
    "joint_goal_accuracy": 0.7630600767754319,
    "joint_noncat_accuracy": 0.7630600767754319,
    "requested_slots_f1": 0.9923224568138196,
    "requested_slots_precision": 0.9952015355086372,
    "requested_slots_recall": 0.9952015355086372
  },
  "Flights_3": {
    "active_intent_accuracy": 0.8887070376432079,
    "average_cat_accuracy": 0.6688311688311688,
    "average_goal_accuracy": 0.8433088519358362,
    "average_noncat_accuracy": 0.9301779026217228,
    "joint_cat_accuracy": 0.49427168576104746,
    "joint_goal_accuracy": 0.38743044189852693,
    "joint_noncat_accuracy": 0.7799888707037643,
    "requested_slots_f1": 0.8881614839061649,
    "requested_slots_precision": 1.0,
    "requested_slots_recall": 0.886252045826514
  },
  "Homes_1": {
    "active_intent_accuracy": 0.9812606473594548,
    "average_cat_accuracy": 0.9865384615384616,
    "average_goal_accuracy": 0.9444848969438522,
    "average_noncat_accuracy": 0.9182802124833997,
    "joint_cat_accuracy": 0.9812606473594548,
    "joint_goal_accuracy": 0.8206473594548552,
    "joint_noncat_accuracy": 0.8274616695059626,
    "requested_slots_f1": 0.9960249858035206,
    "requested_slots_precision": 0.995741056218058,
    "requested_slots_recall": 1.0
  },
  "Hotels_1": {
    "active_intent_accuracy": 0.96415770609319,
    "average_cat_accuracy": 0.9154929577464789,
    "average_goal_accuracy": 0.9202472943722944,
    "average_noncat_accuracy": 0.9169411764705884,
    "joint_cat_accuracy": 0.8888888888888888,
    "joint_goal_accuracy": 0.6721863799283154,
    "joint_noncat_accuracy": 0.741863799283154,
    "requested_slots_f1": 0.9952210274790919,
    "requested_slots_precision": 0.996415770609319,
    "requested_slots_recall": 0.9946236559139785
  },
  "Hotels_4": {
    "active_intent_accuracy": 0.9821428571428571,
    "average_cat_accuracy": 0.841820987654321,
    "average_goal_accuracy": 0.7986968967362226,
    "average_noncat_accuracy": 0.7898725490196079,
    "joint_cat_accuracy": 0.5607142857142857,
    "joint_goal_accuracy": 0.10968714285714287,
    "joint_noncat_accuracy": 0.1875042857142857,
    "requested_slots_f1": 0.9216666666666666,
    "requested_slots_precision": 0.9523809523809522,
    "requested_slots_recall": 0.9357142857142857
  },
  "Media_2": {
    "active_intent_accuracy": 0.9301587301587302,
    "average_cat_accuracy": 0.11515151515151516,
    "average_goal_accuracy": 0.7578940435280641,
    "average_noncat_accuracy": 0.8797050400916381,
    "joint_cat_accuracy": 0.5365079365079365,
    "joint_goal_accuracy": 0.2518438095238095,
    "joint_noncat_accuracy": 0.4145777777777778,
    "requested_slots_f1": 0.9015873015873016,
    "requested_slots_precision": 0.919047619047619,
    "requested_slots_recall": 0.9047619047619048
  },
  "Movies_2": {
    "active_intent_accuracy": 0.9715909090909091,
    "average_goal_accuracy": 0.8876584022038567,
    "average_noncat_accuracy": 0.8876584022038567,
    "joint_goal_accuracy": 0.45753124999999994,
    "joint_noncat_accuracy": 0.45753124999999994,
    "requested_slots_f1": 0.9138257575757575,
    "requested_slots_precision": 0.9299242424242423,
    "requested_slots_recall": 0.9176136363636364
  },
  "Music_1": {
    "active_intent_accuracy": 0.9757085020242915,
    "average_cat_accuracy": 0.6633986928104575,
    "average_goal_accuracy": 0.7659533965244866,
    "average_noncat_accuracy": 0.8140686274509804,
    "joint_cat_accuracy": 0.7165991902834008,
    "joint_goal_accuracy": 0.5675303643724696,
    "joint_noncat_accuracy": 0.7704453441295547,
    "requested_slots_f1": 0.9973009446693657,
    "requested_slots_precision": 0.9959514170040485,
    "requested_slots_recall": 1.0
  },
  "RentalCars_1": {
    "active_intent_accuracy": 0.9969512195121951,
    "average_cat_accuracy": 0.8256410256410256,
    "average_goal_accuracy": 0.9093589324618736,
    "average_noncat_accuracy": 0.9159945175438596,
    "joint_cat_accuracy": 0.8719512195121951,
    "joint_goal_accuracy": 0.6549018292682927,
    "joint_noncat_accuracy": 0.7121996951219511,
    "requested_slots_f1": 1.0,
    "requested_slots_precision": 1.0,
    "requested_slots_recall": 1.0
  },
  "Restaurants_2": {
    "active_intent_accuracy": 0.8133971291866029,
    "average_cat_accuracy": 0.4010270774976657,
    "average_goal_accuracy": 0.7653036123384062,
    "average_noncat_accuracy": 0.8292026482440991,
    "joint_cat_accuracy": 0.6236044657097288,
    "joint_goal_accuracy": 0.39125996810207336,
    "joint_noncat_accuracy": 0.4852153110047847,
    "requested_slots_f1": 0.9037518037518039,
    "requested_slots_precision": 0.9412812333864966,
    "requested_slots_recall": 0.9154704944178629
  },
  "RideSharing_1": {
    "active_intent_accuracy": 1.0,
    "average_cat_accuracy": 0.9717391304347827,
    "average_goal_accuracy": 0.9335994397759103,
    "average_noncat_accuracy": 0.8629383886255924,