{
  "#ALL_SERVICES": {
    "active_intent_accuracy": 0.9735077129443327,
    "average_cat_accuracy": 0.6920271940667491,
    "average_goal_accuracy": 0.843819010793417,
    "average_noncat_accuracy": 0.9033795809820327,
    "joint_cat_accuracy": 0.705784513029015,
    "joint_goal_accuracy": 0.5534260160965795,
    "joint_noncat_accuracy": 0.7246553755868544,
    "requested_slots_f1": 0.947646194628086,
    "requested_slots_precision": 0.9852448021462106,
    "requested_slots_recall": 0.9505365526492288
  },
  "#SEEN_SERVICES": {
    "active_intent_accuracy": 0.9902225219150371,
    "average_cat_accuracy": 0.880040479526701,
    "average_goal_accuracy": 0.8998264957264956,
    "average_noncat_accuracy": 0.933041889483066,
    "joint_cat_accuracy": 0.879347054648687,
    "joint_goal_accuracy": 0.7719439649359406,
    "joint_noncat_accuracy": 0.8739129467296023,
    "requested_slots_f1": 0.9842436502584849,
    "requested_slots_precision": 0.9965722634299843,
    "requested_slots_recall": 0.98583951449764
  },
  "#UNSEEN_SERVICES": {
    "active_intent_accuracy": 0.956971314209473,
    "average_cat_accuracy": 0.48061099439775906,
    "average_goal_accuracy": 0.7872101867033374,
    "average_noncat_accuracy": 0.8725759619198731,
    "joint_cat_accuracy": 0.517161588893174,
    "joint_goal_accuracy": 0.3372404803202134,
    "joint_noncat_accuracy": 0.5769909472981988,
    "requested_slots_f1": 0.9114393722799327,
    "requested_slots_precision": 0.9740382477207028,
    "requested_slots_recall": 0.9156104069379586
  },
  "Alarm_1": {
    "active_intent_accuracy": 0.8471615720524017,
    "average_goal_accuracy": 0.7513961038961038,
    "average_noncat_accuracy": 0.7513961038961038,
    "joint_goal_accuracy": 0.5735371179039302,
    "joint_noncat_accuracy": 0.5735371179039302,
    "requested_slots_f1": 1.0,
    "requested_slots_precision": 1.0,
    "requested_slots_recall": 1.0
  },
  "Banks_2": {
    "active_intent_accuracy": 1.0,
    "average_cat_accuracy": 0.9352159468438538,
    "average_goal_accuracy": 0.877906976744186,
    "average_noncat_accuracy": 0.7252747252747253,
    "joint_cat_accuracy": 0.8699690402476781,
    "joint_goal_accuracy": 0.6470588235294118,
    "joint_noncat_accuracy": 0.7027863777089783,
    "requested_slots_f1": 0.9009287925696594,
    "requested_slots_precision": 1.0,
    "requested_slots_recall": 0.9009287925696594
  },
  "Buses_1": {
    "active_intent_accuracy": 0.9920424403183024,
    "average_cat_accuracy": 1.0,
    "average_goal_accuracy": 0.9617209631728045,
    "average_noncat_accuracy": 0.953447619047619,
    "joint_cat_accuracy": 1.0,
    "joint_goal_accuracy": 0.8823342175066312,
    "joint_noncat_accuracy": 0.8823342175066312,
    "requested_slots_f1": 0.9955791335101679,
    "requested_slots_precision": 0.9973474801061007,
    "requested_slots_recall": 0.9946949602122016
  },
  "Events_1": {
    "active_intent_accuracy": 0.9942418426103646,
    "average_cat_accuracy": 1.0,
    "average_goal_accuracy": 0.9558298538622129,
    "average_noncat_accuracy": 0.9363501430615164,
    "joint_cat_accuracy": 1.0,
    "joint_goal_accuracy": 0.8521113243761996,
    "joint_noncat_accuracy": 0.8521113243761996,
    "requested_slots_f1": 0.9936020473448496,
    "requested_slots_precision": 0.9932821497120922,
    "requested_slots_recall": 0.9980806142034548
  },
  "Flights_3": {
    "active_intent_accuracy": 0.967266775777414,
    "average_cat_accuracy": 0.6895743145743145,
    "average_goal_accuracy": 0.8540644158898126,
    "average_noncat_accuracy": 0.9339372659176031,
    "joint_cat_accuracy": 0.5040916530278232,
    "joint_goal_accuracy": 0.40754566284779054,
    "joint_noncat_accuracy": 0.7919364975450082,
    "requested_slots_f1": 0.8887070376432079,
    "requested_slots_precision": 0.9983633387888707,
    "requested_slots_recall": 0.8878887070376432
  },
  "Homes_1": {
    "active_intent_accuracy": 0.9914821124361158,
    "average_cat_accuracy": 0.9788461538461538,
    "average_goal_accuracy": 0.9569401208244491,
    "average_noncat_accuracy": 0.946769588313413,
    "joint_cat_accuracy": 0.9608177172061328,
    "joint_goal_accuracy": 0.8676149914821124,
    "joint_noncat_accuracy": 0.8948722316865417,
    "requested_slots_f1": 0.9982964224872232,
    "requested_slots_precision": 0.9982964224872232,
    "requested_slots_recall": 1.0
  },
  "Hotels_1": {
    "active_intent_accuracy": 0.978494623655914,
    "average_cat_accuracy": 0.8176838810641629,
    "average_goal_accuracy": 0.9273412698412699,
    "average_noncat_accuracy": 0.9763496732026143,
    "joint_cat_accuracy": 0.7634408602150538,
    "joint_goal_accuracy": 0.7050537634408601,
    "joint_noncat_accuracy": 0.915089605734767,
    "requested_slots_f1": 0.996415770609319,
    "requested_slots_precision": 0.996415770609319,
    "requested_slots_recall": 0.996415770609319
  },
  "Hotels_4": {
    "active_intent_accuracy": 0.9964285714285714,
    "average_cat_accuracy": 0.7816358024691359,
    "average_goal_accuracy": 0.8120646513286963,
    "average_noncat_accuracy": 0.8345490196078431,
    "joint_cat_accuracy": 0.6392857142857142,
    "joint_goal_accuracy": 0.17439285714285713,
    "joint_noncat_accuracy": 0.2572857142857143,
    "requested_slots_f1": 0.9139455782312925,
    "requested_slots_precision": 0.9314880952380952,
    "requested_slots_recall": 0.9303571428571429
  },
  "Media_2": {
    "active_intent_accuracy": 0.946031746031746,
    "average_cat_accuracy": 0.12727272727272726,
    "average_goal_accuracy": 0.7716907216494846,
    "average_noncat_accuracy": 0.8957903780068727,
    "joint_cat_accuracy": 0.5428571428571428,
    "joint_goal_accuracy": 0.2869653968253968,
    "joint_noncat_accuracy": 0.4506869841269841,
    "requested_slots_f1": 0.9264550264550264,
    "requested_slots_precision": 0.9507936507936507,
    "requested_slots_recall": 0.9349206349206349
  },
  "Movies_2": {
    "active_intent_accuracy": 0.9829545454545454,
    "average_goal_accuracy": 0.7463774104683194,
    "average_noncat_accuracy": 0.7463774104683194,
    "joint_goal_accuracy": 0.33799715909090905,
    "joint_noncat_accuracy": 0.33799715909090905,
    "requested_slots_f1": 0.9053030303030302,
    "requested_slots_precision": 0.9157196969696969,
    "requested_slots_recall": 0.9176136363636364
  },
  "Music_1": {
    "active_intent_accuracy": 0.979757085020243,
    "average_cat_accuracy": 0.7026143790849673,
    "average_goal_accuracy": 0.847480252764613,
    "average_noncat_accuracy": 0.9397303921568628,
    "joint_cat_accuracy": 0.7408906882591093,
    "joint_goal_accuracy": 0.6545327935222672,
    "joint_noncat_accuracy": 0.8697554655870445,
    "requested_slots_f1": 0.9919028340080972,
    "requested_slots_precision": 0.9959514170040485,
    "requested_slots_recall": 0.9959514170040485
  },
  "RentalCars_1": {
    "active_intent_accuracy": 0.9847560975609756,
    "average_cat_accuracy": 0.9384615384615385,
    "average_goal_accuracy": 0.9547331154684096,
    "average_noncat_accuracy": 0.9551984649122806,
    "joint_cat_accuracy": 0.9329268292682927,
    "joint_goal_accuracy": 0.8150746951219512,
    "joint_noncat_accuracy": 0.873001524390244,
    "requested_slots_f1": 0.9969512195121951,
    "requested_slots_precision": 0.9969512195121951,
    "requested_slots_recall": 1.0
  },
  "Restaurants_2": {
    "active_intent_accuracy": 0.9537480063795853,
    "average_cat_accuracy": 0.3506069094304388,
    "average_goal_accuracy": 0.786967517591229,
    "average_noncat_accuracy": 0.8644441565918249,
    "joint_cat_accuracy": 0.5869218500797448,
    "joint_goal_accuracy": 0.30141141945773525,
    "joint_noncat_accuracy": 0.4467645295055821,
    "requested_slots_f1": 0.9140198982304246,
    "requested_slots_precision": 0.9564327485380116,
    "requested_slots_recall": 0.9250398724082934
  },
  "RideSharing_1": {
    "active_intent_accuracy": 1.0,
    "average_cat_accuracy": 0.941304347826087,
    "average_goal_accuracy": 0.9236694677871148,