{
  "#ALL_SERVICES": {
    "active_intent_accuracy": 0.9505365526492288,
    "average_cat_accuracy": 0.7088174701277298,
    "average_goal_accuracy": 0.8117450307318657,
    "average_noncat_accuracy": 0.8478979697736265,
    "joint_cat_accuracy": 0.713176861947884,
    "joint_goal_accuracy": 0.5003326123407109,
    "joint_noncat_accuracy": 0.6178992957746479,
    "requested_slots_f1": 0.9429745137491615,
    "requested_slots_precision": 0.9848116476637603,
    "requested_slots_recall": 0.9470154258886653
  },
  "#SEEN_SERVICES": {
    "active_intent_accuracy": 0.9828051247471342,
    "average_cat_accuracy": 0.8691421454149151,
    "average_goal_accuracy": 0.8592673556602126,
    "average_noncat_accuracy": 0.8686597275273745,
    "joint_cat_accuracy": 0.8697657913413769,
    "joint_goal_accuracy": 0.6547384018880648,
    "joint_noncat_accuracy": 0.7374322656776804,
    "requested_slots_f1": 0.9773432231962238,
    "requested_slots_precision": 0.9926387952348842,
    "requested_slots_recall": 0.9816250842886042
  },
  "#UNSEEN_SERVICES": {
    "active_intent_accuracy": 0.9186124082721815,
    "average_cat_accuracy": 0.5285364145658263,
    "average_goal_accuracy": 0.7637124698083602,
    "average_noncat_accuracy": 0.8263373661245538,
    "joint_cat_accuracy": 0.543000385653683,
    "joint_goal_accuracy": 0.3475749166110741,
    "joint_noncat_accuracy": 0.49964219479653105,
    "requested_slots_f1": 0.9089726484322882,
    "requested_slots_precision": 0.9770680453635757,
    "requested_slots_recall": 0.9127751834556371
  },
  "Alarm_1": {
    "active_intent_accuracy": 0.7554585152838428,
    "average_goal_accuracy": 0.7302922077922077,
    "average_noncat_accuracy": 0.7302922077922077,
    "joint_goal_accuracy": 0.5086026200873363,
    "joint_noncat_accuracy": 0.5086026200873363,
    "requested_slots_f1": 1.0,
    "requested_slots_precision": 1.0,
    "requested_slots_recall": 1.0
  },
  "Banks_2": {
    "active_intent_accuracy": 0.9814241486068112,
    "average_cat_accuracy": 0.915282392026578,
    "average_goal_accuracy": 0.8715393133997786,
    "average_noncat_accuracy": 0.7307692307692307,
    "joint_cat_accuracy": 0.8421052631578947,
    "joint_goal_accuracy": 0.6594427244582043,
    "joint_noncat_accuracy": 0.7120743034055728,
    "requested_slots_f1": 0.9009287925696594,
    "requested_slots_precision": 1.0,
    "requested_slots_recall": 0.9009287925696594
  },
  "Buses_1": {
    "active_intent_accuracy": 0.986737400530504,
    "average_cat_accuracy": 1.0,
    "average_goal_accuracy": 0.9326775259678943,
    "average_noncat_accuracy": 0.9178880952380952,
    "joint_cat_accuracy": 1.0,
    "joint_goal_accuracy": 0.7381564986737401,
    "joint_noncat_accuracy": 0.7381564986737401,
    "requested_slots_f1": 0.9832007073386383,
    "requested_slots_precision": 0.9748010610079576,
    "requested_slots_recall": 1.0
  },
  "Events_1": {
    "active_intent_accuracy": 0.9673704414587332,
    "average_cat_accuracy": 1.0,
    "average_goal_accuracy": 0.9073176757132916,
    "average_noncat_accuracy": 0.8620672389127325,
    "joint_cat_accuracy": 1.0,
    "joint_goal_accuracy": 0.719232245681382,
    "joint_noncat_accuracy": 0.719232245681382,
    "requested_slots_f1": 0.9910428662827894,
    "requested_slots_precision": 0.9971209213051824,
    "requested_slots_recall": 0.9932821497120922
  },
  "Flights_3": {
    "active_intent_accuracy": 0.9198036006546645,
    "average_cat_accuracy": 0.6825396825396827,
    "average_goal_accuracy": 0.8453072142437221,
    "average_noncat_accuracy": 0.9255961298377028,
    "joint_cat_accuracy": 0.49427168576104746,
    "joint_goal_accuracy": 0.3904798690671031,
    "joint_noncat_accuracy": 0.7886723404255318,
    "requested_slots_f1": 0.8805237315875614,
    "requested_slots_precision": 1.0,
    "requested_slots_recall": 0.8805237315875614
  },
  "Homes_1": {
    "active_intent_accuracy": 0.989778534923339,
    "average_cat_accuracy": 0.9778846153846154,
    "average_goal_accuracy": 0.9236695984363894,
    "average_noncat_accuracy": 0.8860557768924302,
    "joint_cat_accuracy": 0.9471890971039182,
    "joint_goal_accuracy": 0.7436115843270868,
    "joint_noncat_accuracy": 0.7674616695059625,
    "requested_slots_f1": 0.9977285633162977,
    "requested_slots_precision": 0.9974446337308348,
    "requested_slots_recall": 1.0
  },
  "Hotels_1": {
    "active_intent_accuracy": 0.96415770609319,
    "average_cat_accuracy": 0.7879499217527387,
    "average_goal_accuracy": 0.8417316017316017,
    "average_noncat_accuracy": 0.8747058823529412,
    "joint_cat_accuracy": 0.7347670250896058,
    "joint_goal_accuracy": 0.5053763440860215,
    "joint_noncat_accuracy": 0.6344086021505376,
    "requested_slots_f1": 0.9885304659498209,
    "requested_slots_precision": 0.9880525686977298,
    "requested_slots_recall": 0.992831541218638
  },
  "Hotels_4": {
    "active_intent_accuracy": 0.9785714285714285,
    "average_cat_accuracy": 0.7939814814814815,
    "average_goal_accuracy": 0.7253495630461922,
    "average_noncat_accuracy": 0.7024313725490197,
    "joint_cat_accuracy": 0.575,
    "joint_goal_accuracy": 0.08967857142857143,
    "joint_noncat_accuracy": 0.15182857142857142,
    "requested_slots_f1": 0.9353571428571428,
    "requested_slots_precision": 0.9511904761904761,
    "requested_slots_recall": 0.95
  },
  "Media_2": {
    "active_intent_accuracy": 0.926984126984127,
    "average_cat_accuracy": 0.07878787878787878,
    "average_goal_accuracy": 0.7195131729667812,
    "average_noncat_accuracy": 0.8370217640320734,
    "joint_cat_accuracy": 0.5174603174603175,
    "joint_goal_accuracy": 0.19765936507936507,
    "joint_noncat_accuracy": 0.22360761904761906,
    "requested_slots_f1": 0.9095238095238095,
    "requested_slots_precision": 0.926984126984127,
    "requested_slots_recall": 0.9126984126984127
  },
  "Movies_2": {
    "active_intent_accuracy": 0.9943181818181818,
    "average_goal_accuracy": 0.7612534435261707,
    "average_noncat_accuracy": 0.7612534435261707,
    "joint_goal_accuracy": 0.40039829545454547,
    "joint_noncat_accuracy": 0.40039829545454547,
    "requested_slots_f1": 0.9053030303030302,
    "requested_slots_precision": 0.9441287878787878,
    "requested_slots_recall": 0.9176136363636364
  },
  "Music_1": {
    "active_intent_accuracy": 0.9757085020242915,
    "average_cat_accuracy": 0.6895424836601307,
    "average_goal_accuracy": 0.717654028436019,
    "average_noncat_accuracy": 0.7305882352941174,
    "joint_cat_accuracy": 0.7246963562753036,
    "joint_goal_accuracy": 0.5020242914979757,
    "joint_noncat_accuracy": 0.6915789473684213,
    "requested_slots_f1": 1.0,
    "requested_slots_precision": 1.0,
    "requested_slots_recall": 1.0
  },
  "RentalCars_1": {
    "active_intent_accuracy": 0.9908536585365854,
    "average_cat_accuracy": 0.8358974358974359,
    "average_goal_accuracy": 0.8869950980392157,
    "average_noncat_accuracy": 0.8875230263157895,
    "joint_cat_accuracy": 0.8719512195121951,
    "joint_goal_accuracy": 0.5666128048780488,
    "joint_noncat_accuracy": 0.5947225609756097,
    "requested_slots_f1": 0.9969512195121951,
    "requested_slots_precision": 0.9969512195121951,
    "requested_slots_recall": 1.0
  },
  "Restaurants_2": {
    "active_intent_accuracy": 0.8787878787878788,
    "average_cat_accuracy": 0.39775910364145656,
    "average_goal_accuracy": 0.7412322860415644,
    "average_noncat_accuracy": 0.8004588370754174,
    "joint_cat_accuracy": 0.6172248803827751,
    "joint_goal_accuracy": 0.34627368421052634,
    "joint_noncat_accuracy": 0.42103668261563,
    "requested_slots_f1": 0.9128654970760234,
    "requested_slots_precision": 0.9645135566188198,
    "requested_slots_recall": 0.9242424242424242
  },
  "RideSharing_1": {
    "active_intent_accuracy": 1.0,
    "average_cat_accuracy": 0.9652173913043478,
    "average_goal_accuracy": 0.9161904761904762,
    "average_noncat_accuracy": 0.8277725118483412,
    "joint_cat_accuracy": 0.9416342412451362,