{
  "#ALL_SERVICES": {
    "active_intent_accuracy": 0.925720992622401,
    "average_cat_accuracy": 0.6894313967861557,
    "average_goal_accuracy": 0.7845957356796521,
    "average_noncat_accuracy": 0.8149642926639425,
    "joint_cat_accuracy": 0.6941415634817963,
    "joint_goal_accuracy": 0.44651213011401736,
    "joint_noncat_accuracy": 0.5787187940979208,
    "requested_slots_f1": 0.9312517964932451,
    "requested_slots_precision": 0.9788676503465237,
    "requested_slots_recall": 0.9390509725016767
  },
  "#SEEN_SERVICES": {
    "active_intent_accuracy": 0.9629130141604855,
    "average_cat_accuracy": 0.8432975245212517,
    "average_goal_accuracy": 0.8319977237048665,
    "average_noncat_accuracy": 0.8383022026992616,
    "joint_cat_accuracy": 0.8385379701916252,
    "joint_goal_accuracy": 0.5694466958867161,
    "joint_noncat_accuracy": 0.6725687457855697,
    "requested_slots_f1": 0.9653742414025622,
    "requested_slots_precision": 0.9850809170600134,
    "requested_slots_recall": 0.9738705327039784
  },
  "#UNSEEN_SERVICES": {
    "active_intent_accuracy": 0.8889259506337558,
    "average_cat_accuracy": 0.5164128151260504,
    "average_goal_accuracy": 0.7366848036882284,
    "average_noncat_accuracy": 0.7907284146502711,
    "joint_cat_accuracy": 0.5372155804087929,
    "joint_goal_accuracy": 0.32488974116077385,
    "joint_noncat_accuracy": 0.4858705763842561,
    "requested_slots_f1": 0.8974935671399981,
    "requested_slots_precision": 0.9727207026906826,
    "requested_slots_recall": 0.904603068712475
  },
  "Alarm_1": {
    "active_intent_accuracy": 0.7729257641921398,
    "average_goal_accuracy": 0.6832142857142858,
    "average_noncat_accuracy": 0.6832142857142858,
    "joint_goal_accuracy": 0.444674672489083,
    "joint_noncat_accuracy": 0.444674672489083,
    "requested_slots_f1": 1.0,
    "requested_slots_precision": 1.0,
    "requested_slots_recall": 1.0
  },
  "Banks_2": {
    "active_intent_accuracy": 0.9690402476780186,
    "average_cat_accuracy": 0.9518272425249169,
    "average_goal_accuracy": 0.8238925802879291,
    "average_noncat_accuracy": 0.5236538461538461,
    "joint_cat_accuracy": 0.913312693498452,
    "joint_goal_accuracy": 0.5356037151702786,
    "joint_noncat_accuracy": 0.5479876160990712,
    "requested_slots_f1": 0.9009287925696594,
    "requested_slots_precision": 1.0,
    "requested_slots_recall": 0.9009287925696594
  },
  "Buses_1": {
    "active_intent_accuracy": 0.9814323607427056,
    "average_cat_accuracy": 0.96,
    "average_goal_accuracy": 0.8888101983002833,
    "average_noncat_accuracy": 0.8721357142857145,
    "joint_cat_accuracy": 0.9734748010610079,
    "joint_goal_accuracy": 0.611613527851459,
    "joint_noncat_accuracy": 0.6275286472148541,
    "requested_slots_f1": 0.9805481874447393,
    "requested_slots_precision": 0.9721485411140584,
    "requested_slots_recall": 0.9986737400530504
  },
  "Events_1": {
    "active_intent_accuracy": 0.8771593090211133,
    "average_cat_accuracy": 0.9774774774774775,
    "average_goal_accuracy": 0.8490201809324982,
    "average_noncat_accuracy": 0.7835568669527897,
    "joint_cat_accuracy": 0.980806142034549,
    "joint_goal_accuracy": 0.5480422264875241,
    "joint_noncat_accuracy": 0.5571976967370441,
    "requested_slots_f1": 0.9699296225207933,
    "requested_slots_precision": 0.9945617402431222,
    "requested_slots_recall": 0.972168905950096
  },
  "Flights_3": {
    "active_intent_accuracy": 0.9541734860883797,
    "average_cat_accuracy": 0.645923520923521,
    "average_goal_accuracy": 0.8540784412530443,
    "average_noncat_accuracy": 0.9499344569288389,
    "joint_cat_accuracy": 0.48936170212765956,
    "joint_goal_accuracy": 0.4052379705400982,
    "joint_noncat_accuracy": 0.8621328968903437,
    "requested_slots_f1": 0.8805237315875614,
    "requested_slots_precision": 1.0,
    "requested_slots_recall": 0.8805237315875614
  },
  "Homes_1": {
    "active_intent_accuracy": 0.9829642248722317,
    "average_cat_accuracy": 0.9740384615384615,
    "average_goal_accuracy": 0.8934648187633262,
    "average_noncat_accuracy": 0.8480378486055777,
    "joint_cat_accuracy": 0.9557069846678024,
    "joint_goal_accuracy": 0.6977683134582624,
    "joint_noncat_accuracy": 0.7182112436115844,
    "requested_slots_f1": 0.992617830777967,
    "requested_slots_precision": 0.9931856899488927,
    "requested_slots_recall": 0.9982964224872232
  },
  "Hotels_1": {
    "active_intent_accuracy": 0.96415770609319,
    "average_cat_accuracy": 0.7535211267605634,
    "average_goal_accuracy": 0.8245030663780663,
    "average_noncat_accuracy": 0.8626078431372548,
    "joint_cat_accuracy": 0.5913978494623656,
    "joint_goal_accuracy": 0.3875627240143369,
    "joint_noncat_accuracy": 0.6045878136200717,
    "requested_slots_f1": 0.9174432497013143,
    "requested_slots_precision": 0.9737156511350058,
    "requested_slots_recall": 0.9157706093189965
  },
  "Hotels_4": {
    "active_intent_accuracy": 0.9928571428571429,
    "average_cat_accuracy": 0.679783950617284,
    "average_goal_accuracy": 0.640976101301944,
    "average_noncat_accuracy": 0.6378562091503268,
    "joint_cat_accuracy": 0.44285714285714284,
    "joint_goal_accuracy": 0.10662997142857143,
    "joint_noncat_accuracy": 0.1900611857142857,
    "requested_slots_f1": 0.920595238095238,
    "requested_slots_precision": 0.9113095238095237,
    "requested_slots_recall": 0.9535714285714286
  },
  "Media_2": {
    "active_intent_accuracy": 0.8634920634920635,
    "average_cat_accuracy": 0.14545454545454545,
    "average_goal_accuracy": 0.7129117983963345,
    "average_noncat_accuracy": 0.8194816723940436,
    "joint_cat_accuracy": 0.5523809523809524,
    "joint_goal_accuracy": 0.19563889523809527,
    "joint_noncat_accuracy": 0.22158113015873016,
    "requested_slots_f1": 0.9306878306878306,
    "requested_slots_precision": 0.946031746031746,
    "requested_slots_recall": 0.9396825396825397
  },
  "Movies_2": {
    "active_intent_accuracy": 1.0,
    "average_goal_accuracy": 0.7150826446280992,
    "average_noncat_accuracy": 0.7150826446280992,
    "joint_goal_accuracy": 0.35522272727272725,
    "joint_noncat_accuracy": 0.35522272727272725,
    "requested_slots_f1": 0.890909090909091,
    "requested_slots_precision": 0.9583333333333333,
    "requested_slots_recall": 0.9034090909090909
  },
  "Music_1": {
    "active_intent_accuracy": 0.9595141700404858,
    "average_cat_accuracy": 0.6568627450980392,
    "average_goal_accuracy": 0.7098483412322276,
    "average_noncat_accuracy": 0.7103921568627451,
    "joint_cat_accuracy": 0.6842105263157895,
    "joint_goal_accuracy": 0.4337246963562753,
    "joint_noncat_accuracy": 0.595668016194332,
    "requested_slots_f1": 0.9851551956815114,
    "requested_slots_precision": 0.9939271255060729,
    "requested_slots_recall": 0.9878542510121457
  },
  "RentalCars_1": {
    "active_intent_accuracy": 0.9878048780487805,
    "average_cat_accuracy": 0.7384615384615385,
    "average_goal_accuracy": 0.890002723311547,
    "average_noncat_accuracy": 0.9034709429824561,
    "joint_cat_accuracy": 0.8201219512195121,
    "joint_goal_accuracy": 0.5663689024390244,
    "joint_noncat_accuracy": 0.6617347560975609,
    "requested_slots_f1": 0.9908536585365854,
    "requested_slots_precision": 0.9969512195121951,
    "requested_slots_recall": 0.9939024390243902
  },
  "Restaurants_2": {
    "active_intent_accuracy": 0.7655502392344498,
    "average_cat_accuracy": 0.38795518207282914,
    "average_goal_accuracy": 0.7077028514154803,
    "average_noncat_accuracy": 0.762156879677605,
    "joint_cat_accuracy": 0.6044657097288676,
    "joint_goal_accuracy": 0.3199149920255184,
    "joint_noncat_accuracy": 0.3906805422647528,
    "requested_slots_f1": 0.8771170350117719,
    "requested_slots_precision": 0.9479797979797979,
    "requested_slots_recall": 0.8883572567783095
  },
  "RideSharing_1": {
    "active_intent_accuracy": 0.9961089494163424,
    "average_cat_accuracy": 0.9565217391304348,