{
  "#ALL_SERVICES": {
    "active_intent_accuracy": 0.5209590878604963,
    "average_cat_accuracy": 0.04596209311907704,
    "average_goal_accuracy": 0.16226937948812376,
    "average_noncat_accuracy": 0.2092440163455925,
    "joint_cat_accuracy": 0.012197375716133801,
    "joint_goal_accuracy": 0.005942189590878605,
    "joint_noncat_accuracy": 0.043243443471847755,
    "requested_slots_f1": 0.03607047170533351,
    "requested_slots_precision": 0.02154762530990487,
    "requested_slots_recall": 1.0
  },
  "#SEEN_SERVICES": {
    "active_intent_accuracy": 0.5903573836817262,
    "average_cat_accuracy": 0.03829985987856142,
    "average_goal_accuracy": 0.15090977673120531,
    "average_noncat_accuracy": 0.20338579067990833,
    "joint_cat_accuracy": 0.01100070972320795,
    "joint_goal_accuracy": 0.00410116281523938,
    "joint_noncat_accuracy": 0.05796303983533378,
    "requested_slots_f1": 0.03940848617180377,
    "requested_slots_precision": 0.02361392073125047,
    "requested_slots_recall": 1.0
  },
  "#UNSEEN_SERVICES": {
    "active_intent_accuracy": 0.4523015343562375,
    "average_cat_accuracy": 0.05457808123249299,
    "average_goal_accuracy": 0.17375094762081064,
    "average_noncat_accuracy": 0.21532764775882582,
    "joint_cat_accuracy": 0.01349787890474354,
    "joint_goal_accuracy": 0.007763565647098064,
    "joint_noncat_accuracy": 0.028680960878752507,
    "requested_slots_f1": 0.032768086479332575,
    "requested_slots_precision": 0.01950338507651226,
    "requested_slots_recall": 1.0
  },
  "Alarm_1": {
    "active_intent_accuracy": 0.24017467248908297,
    "average_goal_accuracy": 0.1813961038961039,
    "average_noncat_accuracy": 0.1813961038961039,
    "joint_goal_accuracy": 0.09581834061135372,
    "joint_noncat_accuracy": 0.09581834061135372,
    "requested_slots_f1": 0.0,
    "requested_slots_precision": 0.0,
    "requested_slots_recall": 1.0
  },
  "Banks_2": {
    "active_intent_accuracy": 0.3591331269349845,
    "average_cat_accuracy": 0.026578073089700997,
    "average_goal_accuracy": 0.06343023255813954,
    "average_noncat_accuracy": 0.15815934065934065,
    "joint_cat_accuracy": 0.0,
    "joint_goal_accuracy": 0.0,
    "joint_noncat_accuracy": 0.03863095975232199,
    "requested_slots_f1": 0.028306059265811586,
    "requested_slots_precision": 0.016511867905056758,
    "requested_slots_recall": 1.0
  },
  "Buses_1": {
    "active_intent_accuracy": 0.3819628647214854,
    "average_cat_accuracy": 0.0,
    "average_goal_accuracy": 0.1355882908404155,
    "average_noncat_accuracy": 0.15948571428571431,
    "joint_cat_accuracy": 0.0,
    "joint_goal_accuracy": 0.0,
    "joint_noncat_accuracy": 0.022007477108753313,
    "requested_slots_f1": 0.04253677357125633,
    "requested_slots_precision": 0.025346301208370173,
    "requested_slots_recall": 1.0
  },
  "Events_1": {
    "active_intent_accuracy": 0.6295585412667947,
    "average_cat_accuracy": 0.009009009009009009,
    "average_goal_accuracy": 0.1346527487821851,
    "average_noncat_accuracy": 0.1986123032904149,
    "joint_cat_accuracy": 0.0,
    "joint_goal_accuracy": 0.0,
    "joint_noncat_accuracy": 0.017645604299424186,
    "requested_slots_f1": 0.026871401151631478,
    "requested_slots_precision": 0.015355086372360844,
    "requested_slots_recall": 1.0
  },
  "Flights_3": {
    "active_intent_accuracy": 0.23895253682487724,
    "average_cat_accuracy": 0.09866522366522366,
    "average_goal_accuracy": 0.17025825144872764,
    "average_noncat_accuracy": 0.20188202247191012,
    "joint_cat_accuracy": 0.0,
    "joint_goal_accuracy": 0.0,
    "joint_noncat_accuracy": 0.036366349230769236,
    "requested_slots_f1": 0.0202716283343383,
    "requested_slots_precision": 0.011167805911235196,
    "requested_slots_recall": 1.0
  },
  "Homes_1": {
    "active_intent_accuracy": 0.6337308347529813,
    "average_cat_accuracy": 0.0,
    "average_goal_accuracy": 0.09824569118692253,
    "average_noncat_accuracy": 0.17922310756972112,
    "joint_cat_accuracy": 0.0,
    "joint_goal_accuracy": 0.0,
    "joint_noncat_accuracy": 0.04020086882453151,
    "requested_slots_f1": 0.039182282793867124,
    "requested_slots_precision": 0.022657580919931856,
    "requested_slots_recall": 1.0
  },
  "Hotels_1": {
    "active_intent_accuracy": 0.4444444444444444,
    "average_cat_accuracy": 0.0,
    "average_goal_accuracy": 0.124582702020202,
    "average_noncat_accuracy": 0.18797385620915033,
    "joint_cat_accuracy": 0.0,
    "joint_goal_accuracy": 0.0,
    "joint_noncat_accuracy": 0.014682646164874552,
    "requested_slots_f1": 0.04898446833930705,
    "requested_slots_precision": 0.02867383512544803,
    "requested_slots_recall": 1.0
  },
  "Hotels_4": {
    "active_intent_accuracy": 0.40714285714285714,
    "average_cat_accuracy": 0.0,
    "average_goal_accuracy": 0.16394390939896558,
    "average_noncat_accuracy": 0.23817320261437908,
    "joint_cat_accuracy": 0.0,
    "joint_goal_accuracy": 0.0,
    "joint_noncat_accuracy": 0.015065312821428572,
    "requested_slots_f1": 0.045887445887445893,
    "requested_slots_precision": 0.026785714285714288,
    "requested_slots_recall": 1.0
  },
  "Media_2": {
    "active_intent_accuracy": 0.5238095238095238,
    "average_cat_accuracy": 0.0,
    "average_goal_accuracy": 0.24154295532646047,
    "average_noncat_accuracy": 0.2857846506300114,
    "joint_cat_accuracy": 0.0,
    "joint_goal_accuracy": 0.0,
    "joint_noncat_accuracy": 0.016625699365079367,
    "requested_slots_f1": 0.04625850340136054,
    "requested_slots_precision": 0.02962962962962963,
    "requested_slots_recall": 1.0
  },
  "Movies_2": {
    "active_intent_accuracy": 0.8409090909090909,
    "average_goal_accuracy": 0.3114600550964187,
    "average_noncat_accuracy": 0.3114600550964187,
    "joint_goal_accuracy": 0.007314346590909091,
    "joint_noncat_accuracy": 0.007314346590909091,
    "requested_slots_f1": 0.05762987012987013,
    "requested_slots_precision": 0.0375,
    "requested_slots_recall": 1.0
  },
  "Music_1": {
    "active_intent_accuracy": 0.47368421052631576,
    "average_cat_accuracy": 0.06535947712418301,
    "average_goal_accuracy": 0.1957922590837283,
    "average_noncat_accuracy": 0.266062091503268,
    "joint_cat_accuracy": 0.0,
    "joint_goal_accuracy": 0.0,
    "joint_noncat_accuracy": 0.01214776032388664,
    "requested_slots_f1": 0.0465587044534413,
    "requested_slots_precision": 0.02834008097165992,
    "requested_slots_recall": 1.0
  },
  "RentalCars_1": {
    "active_intent_accuracy": 0.3170731707317073,
    "average_cat_accuracy": 0.07692307692307693,
    "average_goal_accuracy": 0.2019520697167756,
    "average_noncat_accuracy": 0.21613706140350875,
    "joint_cat_accuracy": 0.04573170731707317,
    "joint_goal_accuracy": 8.07594512195122e-06,
    "joint_noncat_accuracy": 0.015676623053658537,
    "requested_slots_f1": 0.025745257452574527,
    "requested_slots_precision": 0.014481707317073171,
    "requested_slots_recall": 1.0
  },
  "Restaurants_2": {
    "active_intent_accuracy": 0.6140350877192983,
    "average_cat_accuracy": 0.04295051353874883,
    "average_goal_accuracy": 0.18448085419734903,
    "average_noncat_accuracy": 0.20570840529648818,
    "joint_cat_accuracy": 0.0,
    "joint_goal_accuracy": 0.0,
    "joint_noncat_accuracy": 0.006522823053429026,
    "requested_slots_f1": 0.03151234730182099,
    "requested_slots_precision": 0.017809675704412546,
    "requested_slots_recall": 1.0
  },
  "RideSharing_1": {
    "active_intent_accuracy": 0.9027237354085603,
    "average_cat_accuracy": 0.23043478260869565,
    "average_goal_accuracy": 0.2546638655462185,
    "average_noncat_accuracy": 0.3003791469194313,
    "joint_cat_accuracy": 0.0622568093385214,
    "joint_goal_accuracy": 0.024591439688715955,
    "joint_noncat_accuracy": 0.2816342412451362,
    "requested_slots_f1": 0.050954233833611265,
    "requested_slots_precision": 0.03346303501945526,
    "requested_slots_recall": 1.0
  },