{
  "#ALL_SERVICES": {
    "active_intent_accuracy": 0.9552313883299799,
    "average_cat_accuracy": 0.6720642768850432,
    "average_goal_accuracy": 0.7656806691743167,
    "average_noncat_accuracy": 0.8059737627294545,
    "joint_cat_accuracy": 0.6799112918129736,
    "joint_goal_accuracy": 0.43759738430583495,
    "joint_noncat_accuracy": 0.5759980382293762,
    "requested_slots_f1": 0.9363298840663026,
    "requested_slots_precision": 0.9734825620389002,
    "requested_slots_recall": 0.9440811535881959
  },
  "#SEEN_SERVICES": {
    "active_intent_accuracy": 0.9881995954146999,
    "average_cat_accuracy": 0.8299081426124865,
    "average_goal_accuracy": 0.8229209401709402,
    "average_noncat_accuracy": 0.8454195314489432,
    "joint_cat_accuracy": 0.8236337828246983,
    "joint_goal_accuracy": 0.5866888401888064,
    "joint_noncat_accuracy": 0.7039445380984489,
    "requested_slots_f1": 0.9681051921780174,
    "requested_slots_precision": 0.9815969880872105,
    "requested_slots_recall": 0.9782535401213756
  },
  "#UNSEEN_SERVICES": {
    "active_intent_accuracy": 0.9226150767178118,
    "average_cat_accuracy": 0.4945728291316526,
    "average_goal_accuracy": 0.7078258228874666,
    "average_noncat_accuracy": 0.7650102472563797,
    "joint_cat_accuracy": 0.5237177015040494,
    "joint_goal_accuracy": 0.2900972981987992,
    "joint_noncat_accuracy": 0.44941721147431624,
    "requested_slots_f1": 0.9048937386829315,
    "requested_slots_precision": 0.9654547476095174,
    "requested_slots_recall": 0.9102735156771181
  },
  "Alarm_1": {
    "active_intent_accuracy": 0.8165938864628821,
    "average_goal_accuracy": 0.6081818181818183,
    "average_noncat_accuracy": 0.6081818181818183,
    "joint_goal_accuracy": 0.4624017467248908,
    "joint_noncat_accuracy": 0.4624017467248908,
    "requested_slots_f1": 1.0,
    "requested_slots_precision": 1.0,
    "requested_slots_recall": 1.0
  },
  "Banks_2": {
    "active_intent_accuracy": 0.978328173374613,
    "average_cat_accuracy": 0.9651162790697675,
    "average_goal_accuracy": 0.8745847176079734,
    "average_noncat_accuracy": 0.6620879120879121,
    "joint_cat_accuracy": 0.9102167182662538,
    "joint_goal_accuracy": 0.5851393188854489,
    "joint_noncat_accuracy": 0.6408668730650154,
    "requested_slots_f1": 0.9009287925696594,
    "requested_slots_precision": 1.0,
    "requested_slots_recall": 0.9009287925696594
  },
  "Buses_1": {
    "active_intent_accuracy": 0.9840848806366048,
    "average_cat_accuracy": 0.964,
    "average_goal_accuracy": 0.9028182247403211,
    "average_noncat_accuracy": 0.8874190476190476,
    "joint_cat_accuracy": 0.9708222811671088,
    "joint_goal_accuracy": 0.6889257294429709,
    "joint_noncat_accuracy": 0.6968832891246685,
    "requested_slots_f1": 0.9787798408488063,
    "requested_slots_precision": 0.9721485411140584,
    "requested_slots_recall": 0.9973474801061007
  },
  "Events_1": {
    "active_intent_accuracy": 0.9923224568138196,
    "average_cat_accuracy": 1.0,
    "average_goal_accuracy": 0.8149526791927627,
    "average_noncat_accuracy": 0.7264449213161659,
    "joint_cat_accuracy": 0.9942418426103646,
    "joint_goal_accuracy": 0.49191938579654504,
    "joint_noncat_accuracy": 0.49575815738963525,
    "requested_slots_f1": 0.9776071657069738,
    "requested_slots_precision": 0.9760076775431862,
    "requested_slots_recall": 0.9942418426103646
  },
  "Flights_3": {
    "active_intent_accuracy": 0.9590834697217676,
    "average_cat_accuracy": 0.6746031746031745,
    "average_goal_accuracy": 0.8484284034601495,
    "average_noncat_accuracy": 0.9316182896379525,
    "joint_cat_accuracy": 0.4877250409165303,
    "joint_goal_accuracy": 0.34142389525368244,
    "joint_noncat_accuracy": 0.6703122749590834,
    "requested_slots_f1": 0.8805237315875614,
    "requested_slots_precision": 1.0,
    "requested_slots_recall": 0.8805237315875614
  },
  "Homes_1": {
    "active_intent_accuracy": 0.9880749574105622,
    "average_cat_accuracy": 0.85,
    "average_goal_accuracy": 0.8438181858564321,
    "average_noncat_accuracy": 0.885023240371846,
    "joint_cat_accuracy": 0.7512776831345827,
    "joint_goal_accuracy": 0.6029301533219762,
    "joint_noncat_accuracy": 0.7715843270868825,
    "requested_slots_f1": 0.9773424190800682,
    "requested_slots_precision": 0.9721749006246452,
    "requested_slots_recall": 0.9923339011925043
  },
  "Hotels_1": {
    "active_intent_accuracy": 0.974910394265233,
    "average_cat_accuracy": 0.7715179968701096,
    "average_goal_accuracy": 0.8288798701298702,
    "average_noncat_accuracy": 0.8593464052287582,
    "joint_cat_accuracy": 0.7240143369175627,
    "joint_goal_accuracy": 0.4910394265232975,
    "joint_noncat_accuracy": 0.6344086021505376,
    "requested_slots_f1": 0.9528076463560335,
    "requested_slots_precision": 0.985663082437276,
    "requested_slots_recall": 0.9498207885304659
  },
  "Hotels_4": {
    "active_intent_accuracy": 0.9857142857142858,
    "average_cat_accuracy": 0.8186728395061729,
    "average_goal_accuracy": 0.7490690208667736,
    "average_noncat_accuracy": 0.7201143790849673,
    "joint_cat_accuracy": 0.6428571428571429,
    "joint_goal_accuracy": 0.09860428571428571,
    "joint_noncat_accuracy": 0.15024857142857143,
    "requested_slots_f1": 0.9144047619047618,
    "requested_slots_precision": 0.9279761904761904,
    "requested_slots_recall": 0.9339285714285714
  },
  "Media_2": {
    "active_intent_accuracy": 0.9492063492063492,
    "average_cat_accuracy": 0.12121212121212122,
    "average_goal_accuracy": 0.42358991981672395,
    "average_noncat_accuracy": 0.49116838487972503,
    "joint_cat_accuracy": 0.5333333333333333,
    "joint_goal_accuracy": 0.07895873015873016,
    "joint_noncat_accuracy": 0.08118095238095238,
    "requested_slots_f1": 0.9169312169312168,
    "requested_slots_precision": 0.9428571428571428,
    "requested_slots_recall": 0.9222222222222223
  },
  "Movies_2": {
    "active_intent_accuracy": 0.9943181818181818,
    "average_goal_accuracy": 0.7050688705234158,
    "average_noncat_accuracy": 0.7050688705234158,
    "joint_goal_accuracy": 0.40683693181818187,
    "joint_noncat_accuracy": 0.40683693181818187,
    "requested_slots_f1": 0.9070075757575757,
    "requested_slots_precision": 0.9053030303030302,
    "requested_slots_recall": 0.9204545454545454
  },
  "Music_1": {
    "active_intent_accuracy": 0.9757085020242915,
    "average_cat_accuracy": 0.6797385620915033,
    "average_goal_accuracy": 0.7011745655608215,
    "average_noncat_accuracy": 0.7140931372549019,
    "joint_cat_accuracy": 0.7408906882591093,
    "joint_goal_accuracy": 0.522914979757085,
    "joint_noncat_accuracy": 0.6812161943319838,
    "requested_slots_f1": 0.9892037786774629,
    "requested_slots_precision": 0.9959514170040485,
    "requested_slots_recall": 0.9898785425101214
  },
  "RentalCars_1": {
    "active_intent_accuracy": 0.9939024390243902,
    "average_cat_accuracy": 0.8153846153846154,
    "average_goal_accuracy": 0.89640522875817,
    "average_noncat_accuracy": 0.9006030701754385,
    "joint_cat_accuracy": 0.8597560975609756,
    "joint_goal_accuracy": 0.6153932926829268,
    "joint_noncat_accuracy": 0.6672225609756097,
    "requested_slots_f1": 1.0,
    "requested_slots_precision": 1.0,
    "requested_slots_recall": 1.0
  },
  "Restaurants_2": {
    "active_intent_accuracy": 0.8213716108452951,
    "average_cat_accuracy": 0.3295985060690943,
    "average_goal_accuracy": 0.68900666830306,
    "average_noncat_accuracy": 0.7554418537708694,
    "joint_cat_accuracy": 0.5725677830940988,
    "joint_goal_accuracy": 0.3128025518341308,
    "joint_noncat_accuracy": 0.3973510366826157,
    "requested_slots_f1": 0.8868231184020658,
    "requested_slots_precision": 0.9222753854332801,
    "requested_slots_recall": 0.9011164274322169
  },
  "RideSharing_1": {
    "active_intent_accuracy": 0.9961089494163424,
    "average_cat_accuracy": 0.967391304347826,
    "average_goal_accuracy": 0.949733893557423,