{
  "#ALL_SERVICES": {
    "active_intent_accuracy": 0.07863849765258216,
    "average_cat_accuracy": 0.0122991347342398,
    "average_goal_accuracy": 0.16392575689822975,
    "average_noncat_accuracy": 0.23293036907310113,
    "joint_cat_accuracy": 0.00036961744594344855,
    "joint_goal_accuracy": 0.01673873658618377,
    "joint_noncat_accuracy": 0.07795149352496646,
    "requested_slots_f1": 0.8688799463447351,
    "requested_slots_precision": 0.9991616364855801,
    "requested_slots_recall": 0.869382964453387
  },
  "#SEEN_SERVICES": {
    "active_intent_accuracy": 0.0815913688469319,
    "average_cat_accuracy": 0.005604857543204111,
    "average_goal_accuracy": 0.1624576923076923,
    "average_noncat_accuracy": 0.2449395212630507,
    "joint_cat_accuracy": 0.0007097232079489,
    "joint_goal_accuracy": 0.0034599123398516523,
    "joint_noncat_accuracy": 0.07228394221207012,
    "requested_slots_f1": 0.861429534726905,
    "requested_slots_precision": 0.9986513823331086,
    "requested_slots_recall": 0.8624409979770735
  },
  "#UNSEEN_SERVICES": {
    "active_intent_accuracy": 0.07571714476317545,
    "average_cat_accuracy": 0.019826680672268907,
    "average_goal_accuracy": 0.1654095837520495,
    "average_noncat_accuracy": 0.220459143197144,
    "joint_cat_accuracy": 0.0,
    "joint_goal_accuracy": 0.029875825550366913,
    "joint_noncat_accuracy": 0.08355855062771848,
    "requested_slots_f1": 0.8762508338892595,
    "requested_slots_precision": 0.9996664442961974,
    "requested_slots_recall": 0.8762508338892595
  },
  "Alarm_1": {
    "active_intent_accuracy": 0.09170305676855896,
    "average_goal_accuracy": 0.18376623376623377,
    "average_noncat_accuracy": 0.18376623376623377,
    "joint_goal_accuracy": 0.2764475982532751,
    "joint_noncat_accuracy": 0.2764475982532751,
    "requested_slots_f1": 1.0,
    "requested_slots_precision": 1.0,
    "requested_slots_recall": 1.0
  },
  "Banks_2": {
    "active_intent_accuracy": 0.06501547987616099,
    "average_cat_accuracy": 0.026578073089700997,
    "average_goal_accuracy": 0.07129568106312292,
    "average_noncat_accuracy": 0.18373626373626373,
    "joint_cat_accuracy": 0.0,
    "joint_goal_accuracy": 0.0,
    "joint_noncat_accuracy": 0.13810743034055728,
    "requested_slots_f1": 0.9009287925696594,
    "requested_slots_precision": 1.0,
    "requested_slots_recall": 0.9009287925696594
  },
  "Buses_1": {
    "active_intent_accuracy": 0.07161803713527852,
    "average_cat_accuracy": 0.0,
    "average_goal_accuracy": 0.16817894239848913,
    "average_noncat_accuracy": 0.20155238095238096,
    "joint_cat_accuracy": 0.0,
    "joint_goal_accuracy": 0.0,
    "joint_noncat_accuracy": 0.07252012904509283,
    "requested_slots_f1": 0.8567639257294429,
    "requested_slots_precision": 1.0,
    "requested_slots_recall": 0.8567639257294429
  },
  "Events_1": {
    "active_intent_accuracy": 0.09788867562380038,
    "average_cat_accuracy": 0.0,
    "average_goal_accuracy": 0.1627623521224774,
    "average_noncat_accuracy": 0.24683476394849788,
    "joint_cat_accuracy": 0.0,
    "joint_goal_accuracy": 0.0,
    "joint_noncat_accuracy": 0.03209376151631478,
    "requested_slots_f1": 0.8829174664107485,
    "requested_slots_precision": 1.0,
    "requested_slots_recall": 0.8829174664107485
  },
  "Flights_3": {
    "active_intent_accuracy": 0.07692307692307693,
    "average_cat_accuracy": 0.031204906204906204,
    "average_goal_accuracy": 0.1558446921978668,
    "average_noncat_accuracy": 0.21332553058676654,
    "joint_cat_accuracy": 0.0,
    "joint_goal_accuracy": 0.0,
    "joint_noncat_accuracy": 0.1268563756464812,
    "requested_slots_f1": 0.8805237315875614,
    "requested_slots_precision": 1.0,
    "requested_slots_recall": 0.8805237315875614
  },
  "Homes_1": {
    "active_intent_accuracy": 0.07155025553662692,
    "average_cat_accuracy": 0.0,
    "average_goal_accuracy": 0.1564336353944563,
    "average_noncat_accuracy": 0.29850265604249665,
    "joint_cat_accuracy": 0.0,
    "joint_goal_accuracy": 0.0,
    "joint_noncat_accuracy": 0.017587335604770014,
    "requested_slots_f1": 0.838160136286201,
    "requested_slots_precision": 0.9965928449744463,
    "requested_slots_recall": 0.8398637137989778
  },
  "Hotels_1": {
    "active_intent_accuracy": 0.05734767025089606,
    "average_cat_accuracy": 0.0,
    "average_goal_accuracy": 0.16042640692640692,
    "average_noncat_accuracy": 0.2482777777777778,
    "joint_cat_accuracy": 0.0,
    "joint_goal_accuracy": 0.0,
    "joint_noncat_accuracy": 0.011563965842293909,
    "requested_slots_f1": 0.8172043010752689,
    "requested_slots_precision": 1.0,
    "requested_slots_recall": 0.8172043010752689
  },
  "Hotels_4": {
    "active_intent_accuracy": 0.05357142857142857,
    "average_cat_accuracy": 0.0,
    "average_goal_accuracy": 0.1645840913144284,
    "average_noncat_accuracy": 0.2441862745098039,
    "joint_cat_accuracy": 0.0,
    "joint_goal_accuracy": 0.0,
    "joint_noncat_accuracy": 0.002978049857142857,
    "requested_slots_f1": 0.825,
    "requested_slots_precision": 0.9964285714285714,
    "requested_slots_recall": 0.825
  },
  "Media_2": {
    "active_intent_accuracy": 0.07301587301587302,
    "average_cat_accuracy": 0.0,
    "average_goal_accuracy": 0.2543092783505154,
    "average_noncat_accuracy": 0.2995933562428408,
    "joint_cat_accuracy": 0.0,
    "joint_goal_accuracy": 0.0,
    "joint_noncat_accuracy": 0.008466969206349205,
    "requested_slots_f1": 0.8857142857142857,
    "requested_slots_precision": 1.0,
    "requested_slots_recall": 0.8857142857142857
  },
  "Movies_2": {
    "active_intent_accuracy": 0.1590909090909091,
    "average_goal_accuracy": 0.2214876033057851,
    "average_noncat_accuracy": 0.2214876033057851,
    "joint_goal_accuracy": 0.14921150568181818,
    "joint_noncat_accuracy": 0.14921150568181818,
    "requested_slots_f1": 0.8636363636363636,
    "requested_slots_precision": 1.0,
    "requested_slots_recall": 0.8636363636363636
  },
  "Music_1": {
    "active_intent_accuracy": 0.06072874493927125,
    "average_cat_accuracy": 0.06535947712418301,
    "average_goal_accuracy": 0.20995813586097944,
    "average_noncat_accuracy": 0.28799019607843135,
    "joint_cat_accuracy": 0.0,
    "joint_goal_accuracy": 0.0,
    "joint_noncat_accuracy": 0.04049387530364373,
    "requested_slots_f1": 0.854251012145749,
    "requested_slots_precision": 0.9959514170040485,
    "requested_slots_recall": 0.8582995951417004
  },
  "RentalCars_1": {
    "active_intent_accuracy": 0.07926829268292683,
    "average_cat_accuracy": 0.010256410256410256,
    "average_goal_accuracy": 0.19858769063180828,
    "average_noncat_accuracy": 0.2255235745614035,
    "joint_cat_accuracy": 0.006097560975609756,
    "joint_goal_accuracy": 0.0,
    "joint_noncat_accuracy": 0.06246656869207318,
    "requested_slots_f1": 0.8841463414634146,
    "requested_slots_precision": 1.0,
    "requested_slots_recall": 0.8841463414634146
  },
  "Restaurants_2": {
    "active_intent_accuracy": 0.07496012759170653,
    "average_cat_accuracy": 0.04295051353874883,
    "average_goal_accuracy": 0.17945686057928326,
    "average_noncat_accuracy": 0.20248704663212436,
    "joint_cat_accuracy": 0.0,
    "joint_goal_accuracy": 0.0,
    "joint_noncat_accuracy": 0.006266029205582137,
    "requested_slots_f1": 0.8484848484848485,
    "requested_slots_precision": 1.0,
    "requested_slots_recall": 0.8484848484848485
  },
  "RideSharing_1": {
    "active_intent_accuracy": 0.09727626459143969,
    "average_cat_accuracy": 0.0,
    "average_goal_accuracy": 0.05620448179271708,
    "average_noncat_accuracy": 0.17890995260663506,
    "joint_cat_accuracy": 0.0,
    "joint_goal_accuracy": 0.0,
    "joint_noncat_accuracy": 0.28696498054474706,
    "requested_slots_f1": 0.8832684824902723,
    "requested_slots_precision": 1.0,
    "requested_slots_recall": 0.8832684824902723
  },
  "Services_4": {
    "active_intent_accuracy": 0.057208237986270026,
    "average_cat_accuracy": 0.0,