{
  "#ALL_SERVICES": {
    "active_intent_accuracy": 0.13883299798792756,
    "average_cat_accuracy": 0.0,
    "average_goal_accuracy": 0.007417308923201024,
    "average_noncat_accuracy": 0.013636732178763702,
    "joint_cat_accuracy": 0.25244871557937537,
    "joint_goal_accuracy": 0.08558517773306505,
    "joint_noncat_accuracy": 0.136757209926224,
    "requested_slots_f1": 0.5100681228352051,
    "requested_slots_precision": 0.568645614975802,
    "requested_slots_recall": 0.9160798122065728
  },
  "#SEEN_SERVICES": {
    "active_intent_accuracy": 0.12171274443695212,
    "average_cat_accuracy": 0.0,
    "average_goal_accuracy": 0.005854334554334554,
    "average_noncat_accuracy": 0.01328113063407181,
    "joint_cat_accuracy": 0.24024130589070264,
    "joint_goal_accuracy": 0.07384693189480782,
    "joint_noncat_accuracy": 0.11554619015509104,
    "requested_slots_f1": 0.4947045106687723,
    "requested_slots_precision": 0.5552261610420747,
    "requested_slots_recall": 0.910485502360081
  },
  "#UNSEEN_SERVICES": {
    "active_intent_accuracy": 0.15577051367578384,
    "average_cat_accuracy": 0.0,
    "average_goal_accuracy": 0.00899706457925636,
    "average_noncat_accuracy": 0.014006016131164882,
    "joint_cat_accuracy": 0.2657153875819514,
    "joint_goal_accuracy": 0.09719813208805869,
    "joint_noncat_accuracy": 0.1577418278852568,
    "requested_slots_f1": 0.5252677471466262,
    "requested_slots_precision": 0.5819218325766808,
    "requested_slots_recall": 0.9216144096064043
  },
  "Alarm_1": {
    "active_intent_accuracy": 0.09170305676855896,
    "average_goal_accuracy": 0.0,
    "average_noncat_accuracy": 0.0,
    "joint_goal_accuracy": 0.32751091703056767,
    "joint_noncat_accuracy": 0.32751091703056767,
    "requested_slots_f1": 0.7379912663755459,
    "requested_slots_precision": 0.7379912663755459,
    "requested_slots_recall": 1.0
  },
  "Banks_2": {
    "active_intent_accuracy": 0.08359133126934984,
    "average_cat_accuracy": 0.0,
    "average_goal_accuracy": 0.0,
    "average_noncat_accuracy": 0.0,
    "joint_cat_accuracy": 0.06811145510835913,
    "joint_goal_accuracy": 0.06811145510835913,
    "joint_noncat_accuracy": 0.43653250773993807,
    "requested_slots_f1": 0.6881910659000442,
    "requested_slots_precision": 0.7316821465428277,
    "requested_slots_recall": 0.9256965944272446
  },
  "Buses_1": {
    "active_intent_accuracy": 0.08753315649867374,
    "average_cat_accuracy": 0.0,
    "average_goal_accuracy": 0.0,
    "average_noncat_accuracy": 0.0,
    "joint_cat_accuracy": 0.33687002652519893,
    "joint_goal_accuracy": 0.0636604774535809,
    "joint_noncat_accuracy": 0.07161803713527852,
    "requested_slots_f1": 0.5207991242474,
    "requested_slots_precision": 0.5721074902109384,
    "requested_slots_recall": 0.9336870026525199
  },
  "Events_1": {
    "active_intent_accuracy": 0.10940499040307101,
    "average_cat_accuracy": 0.0,
    "average_goal_accuracy": 0.0,
    "average_noncat_accuracy": 0.0,
    "joint_cat_accuracy": 0.14779270633397312,
    "joint_goal_accuracy": 0.08061420345489444,
    "joint_noncat_accuracy": 0.10556621880998081,
    "requested_slots_f1": 0.31847138785718443,
    "requested_slots_precision": 0.3357325655790147,
    "requested_slots_recall": 0.9193857965451055
  },
  "Flights_3": {
    "active_intent_accuracy": 0.09983633387888707,
    "average_cat_accuracy": 0.0,
    "average_goal_accuracy": 0.0,
    "average_noncat_accuracy": 0.0,
    "joint_cat_accuracy": 0.24386252045826515,
    "joint_goal_accuracy": 0.07201309328968904,
    "joint_noncat_accuracy": 0.1260229132569558,
    "requested_slots_f1": 0.4275608511989514,
    "requested_slots_precision": 0.4619580095246794,
    "requested_slots_recall": 0.939443535188216
  },
  "Homes_1": {
    "active_intent_accuracy": 0.07155025553662692,
    "average_cat_accuracy": 0.0,
    "average_goal_accuracy": 0.0,
    "average_noncat_accuracy": 0.0,
    "joint_cat_accuracy": 0.1141396933560477,
    "joint_goal_accuracy": 0.0868824531516184,
    "joint_noncat_accuracy": 0.14480408858603067,
    "requested_slots_f1": 0.43524856744618245,
    "requested_slots_precision": 0.5143857656634488,
    "requested_slots_recall": 0.8960817717206133
  },
  "Hotels_1": {
    "active_intent_accuracy": 0.06810035842293907,
    "average_cat_accuracy": 0.0,
    "average_goal_accuracy": 0.0,
    "average_noncat_accuracy": 0.0,
    "joint_cat_accuracy": 0.23655913978494625,
    "joint_goal_accuracy": 0.053763440860215055,
    "joint_noncat_accuracy": 0.08602150537634409,
    "requested_slots_f1": 0.35664116846912547,
    "requested_slots_precision": 0.43547249246173975,
    "requested_slots_recall": 0.8781362007168458
  },
  "Hotels_4": {
    "active_intent_accuracy": 0.05357142857142857,
    "average_cat_accuracy": 0.0,
    "average_goal_accuracy": 0.09101524879614767,
    "average_noncat_accuracy": 0.13846732026143793,
    "joint_cat_accuracy": 0.22857142857142856,
    "joint_goal_accuracy": 0.02642857142857143,
    "joint_noncat_accuracy": 0.07467857142857143,
    "requested_slots_f1": 0.5274747474747475,
    "requested_slots_precision": 0.6608418367346939,
    "requested_slots_recall": 0.8428571428571429
  },
  "Media_2": {
    "active_intent_accuracy": 0.23492063492063492,
    "average_cat_accuracy": 0.0,
    "average_goal_accuracy": 0.0,
    "average_noncat_accuracy": 0.0,
    "joint_cat_accuracy": 0.47619047619047616,
    "joint_goal_accuracy": 0.0761904761904762,
    "joint_noncat_accuracy": 0.0761904761904762,
    "requested_slots_f1": 0.4329402872260015,
    "requested_slots_precision": 0.4601587301587301,
    "requested_slots_recall": 0.946031746031746
  },
  "Movies_2": {
    "active_intent_accuracy": 0.21022727272727273,
    "average_goal_accuracy": 0.0,
    "average_noncat_accuracy": 0.0,
    "joint_goal_accuracy": 0.3125,
    "joint_noncat_accuracy": 0.3125,
    "requested_slots_f1": 0.765422077922078,
    "requested_slots_precision": 0.8625,
    "requested_slots_recall": 0.8977272727272727
  },
  "Music_1": {
    "active_intent_accuracy": 0.06072874493927125,
    "average_cat_accuracy": 0.0,
    "average_goal_accuracy": 0.0355955766192733,
    "average_noncat_accuracy": 0.049019607843137254,
    "joint_cat_accuracy": 0.3805668016194332,
    "joint_goal_accuracy": 0.08,
    "joint_noncat_accuracy": 0.09692307692307693,
    "requested_slots_f1": 0.5468286099865047,
    "requested_slots_precision": 0.6102564102564103,
    "requested_slots_recall": 0.8987854251012146
  },
  "RentalCars_1": {
    "active_intent_accuracy": 0.08536585365853659,
    "average_cat_accuracy": 0.0,
    "average_goal_accuracy": 0.0,
    "average_noncat_accuracy": 0.0,
    "joint_cat_accuracy": 0.4054878048780488,
    "joint_goal_accuracy": 0.06707317073170732,
    "joint_noncat_accuracy": 0.07317073170731707,
    "requested_slots_f1": 0.6490756871854433,
    "requested_slots_precision": 0.741234756097561,
    "requested_slots_recall": 0.9054878048780488
  },
  "Restaurants_2": {
    "active_intent_accuracy": 0.07655502392344497,
    "average_cat_accuracy": 0.0,
    "average_goal_accuracy": 0.0,
    "average_noncat_accuracy": 0.0,
    "joint_cat_accuracy": 0.430622009569378,
    "joint_goal_accuracy": 0.07177033492822966,
    "joint_noncat_accuracy": 0.07655502392344497,
    "requested_slots_f1": 0.45578253927536216,
    "requested_slots_precision": 0.5156756675895432,
    "requested_slots_recall": 0.9170653907496013
  },
  "RideSharing_1": {
    "active_intent_accuracy": 0.12062256809338522,
    "average_cat_accuracy": 0.0,
    "average_goal_accuracy": 0.035595238095238096,
    "average_noncat_accuracy": 0.11739336492890994,
    "joint_cat_accuracy": 0.10505836575875487,
    "joint_goal_accuracy": 0.07108949416342412,
    "joint_noncat_accuracy": 0.232568093385214,
    "requested_slots_f1": 0.6477672781174727,
    "requested_slots_precision": 0.6809338521400778,
    "requested_slots_recall": 0.9455252918287937
  },