{
  "#ALL_SERVICES": {
    "active_intent_accuracy": 0.07863849765258216,
    "average_cat_accuracy": 0.27731767614338687,
    "average_goal_accuracy": 0.23631675083953668,
    "average_noncat_accuracy": 0.22387406758772782,
    "joint_cat_accuracy": 0.07262982812788764,
    "joint_goal_accuracy": 0.0032615909772635817,
    "joint_noncat_accuracy": 0.021910374669366198,
    "requested_slots_f1": 0.03607047170533351,
    "requested_slots_precision": 0.02154762530990487,
    "requested_slots_recall": 1.0
  },
  "#SEEN_SERVICES": {
    "active_intent_accuracy": 0.0815913688469319,
    "average_cat_accuracy": 0.31574030826716487,
    "average_goal_accuracy": 0.2419396040467469,
    "average_noncat_accuracy": 0.22991921313980138,
    "joint_cat_accuracy": 0.0766501064584812,
    "joint_goal_accuracy": 0.0022392242981793663,
    "joint_noncat_accuracy": 0.036281497035468645,
    "requested_slots_f1": 0.03940848617180377,
    "requested_slots_precision": 0.02361392073125047,
    "requested_slots_recall": 1.0
  },
  "#UNSEEN_SERVICES": {
    "active_intent_accuracy": 0.07571714476317545,
    "average_cat_accuracy": 0.2341123949579832,
    "average_goal_accuracy": 0.23063352638352638,
    "average_noncat_accuracy": 0.2175963242099696,
    "joint_cat_accuracy": 0.06826070188970304,
    "joint_goal_accuracy": 0.004273045136757838,
    "joint_noncat_accuracy": 0.007692646537991994,
    "requested_slots_f1": 0.032768086479332575,
    "requested_slots_precision": 0.01950338507651226,
    "requested_slots_recall": 1.0
  },
  "Alarm_1": {
    "active_intent_accuracy": 0.09170305676855896,
    "average_goal_accuracy": 0.17470779220779223,
    "average_noncat_accuracy": 0.17470779220779223,
    "joint_goal_accuracy": 0.04313187772925764,
    "joint_noncat_accuracy": 0.04313187772925764,
    "requested_slots_f1": 0.0,
    "requested_slots_precision": 0.0,
    "requested_slots_recall": 1.0
  },
  "Banks_2": {
    "active_intent_accuracy": 0.06501547987616099,
    "average_cat_accuracy": 0.49169435215946844,
    "average_goal_accuracy": 0.4036212624584718,
    "average_noncat_accuracy": 0.1813186813186813,
    "joint_cat_accuracy": 0.043343653250773995,
    "joint_goal_accuracy": 0.0018452012383900927,
    "joint_noncat_accuracy": 0.014237770897832817,
    "requested_slots_f1": 0.028306059265811586,
    "requested_slots_precision": 0.016511867905056758,
    "requested_slots_recall": 1.0
  },
  "Buses_1": {
    "active_intent_accuracy": 0.07161803713527852,
    "average_cat_accuracy": 0.288,
    "average_goal_accuracy": 0.23021718602455146,
    "average_noncat_accuracy": 0.21679761904761907,
    "joint_cat_accuracy": 0.1909814323607427,
    "joint_goal_accuracy": 0.002918986896551724,
    "joint_noncat_accuracy": 0.011504953156498673,
    "requested_slots_f1": 0.04253677357125633,
    "requested_slots_precision": 0.025346301208370173,
    "requested_slots_recall": 1.0
  },
  "Events_1": {
    "active_intent_accuracy": 0.09788867562380038,
    "average_cat_accuracy": 0.48085585585585583,
    "average_goal_accuracy": 0.3262849686847599,
    "average_noncat_accuracy": 0.24687410586552216,
    "joint_cat_accuracy": 0.019193857965451054,
    "joint_goal_accuracy": 7.125719769673706e-05,
    "joint_noncat_accuracy": 0.003735572898272552,
    "requested_slots_f1": 0.026871401151631478,
    "requested_slots_precision": 0.015355086372360844,
    "requested_slots_recall": 1.0
  },
  "Flights_3": {
    "active_intent_accuracy": 0.07692307692307693,
    "average_cat_accuracy": 0.05284992784992785,
    "average_goal_accuracy": 0.17889306710338457,
    "average_noncat_accuracy": 0.23288389513108612,
    "joint_cat_accuracy": 0.0,
    "joint_goal_accuracy": 0.0,
    "joint_noncat_accuracy": 0.0073950144517184934,
    "requested_slots_f1": 0.0202716283343383,
    "requested_slots_precision": 0.011167805911235196,
    "requested_slots_recall": 1.0
  },
  "Homes_1": {
    "active_intent_accuracy": 0.07155025553662692,
    "average_cat_accuracy": 0.12756410256410255,
    "average_goal_accuracy": 0.21198809523809523,
    "average_noncat_accuracy": 0.2842496679946879,
    "joint_cat_accuracy": 0.0,
    "joint_goal_accuracy": 0.0,
    "joint_noncat_accuracy": 0.008419109028960817,
    "requested_slots_f1": 0.039182282793867124,
    "requested_slots_precision": 0.022657580919931856,
    "requested_slots_recall": 1.0
  },
  "Hotels_1": {
    "active_intent_accuracy": 0.05734767025089606,
    "average_cat_accuracy": 0.4773082942097026,
    "average_goal_accuracy": 0.3062575757575758,
    "average_noncat_accuracy": 0.22911437908496732,
    "joint_cat_accuracy": 0.0,
    "joint_goal_accuracy": 0.0,
    "joint_noncat_accuracy": 0.004254875448028674,
    "requested_slots_f1": 0.04898446833930705,
    "requested_slots_precision": 0.02867383512544803,
    "requested_slots_recall": 1.0
  },
  "Hotels_4": {
    "active_intent_accuracy": 0.05357142857142857,
    "average_cat_accuracy": 0.25925925925925924,
    "average_goal_accuracy": 0.2247318530408418,
    "average_noncat_accuracy": 0.22188888888888889,
    "joint_cat_accuracy": 0.0,
    "joint_goal_accuracy": 0.0,
    "joint_noncat_accuracy": 0.0008108164285714287,
    "requested_slots_f1": 0.045887445887445893,
    "requested_slots_precision": 0.026785714285714288,
    "requested_slots_recall": 1.0
  },
  "Media_2": {
    "active_intent_accuracy": 0.07301587301587302,
    "average_cat_accuracy": 0.5454545454545454,
    "average_goal_accuracy": 0.29923482245131733,
    "average_noncat_accuracy": 0.2472680412371134,
    "joint_cat_accuracy": 0.2857142857142857,
    "joint_goal_accuracy": 8.290780952380953e-05,
    "joint_noncat_accuracy": 0.0035041441904761906,
    "requested_slots_f1": 0.04625850340136054,
    "requested_slots_precision": 0.02962962962962963,
    "requested_slots_recall": 1.0
  },
  "Movies_2": {
    "active_intent_accuracy": 0.1590909090909091,
    "average_goal_accuracy": 0.21041322314049588,
    "average_noncat_accuracy": 0.21041322314049588,
    "joint_goal_accuracy": 0.012594875,
    "joint_noncat_accuracy": 0.012594875,
    "requested_slots_f1": 0.05762987012987013,
    "requested_slots_precision": 0.0375,
    "requested_slots_recall": 1.0
  },
  "Music_1": {
    "active_intent_accuracy": 0.06072874493927125,
    "average_cat_accuracy": 0.21241830065359477,
    "average_goal_accuracy": 0.22125197472353872,
    "average_noncat_accuracy": 0.21903594771241833,
    "joint_cat_accuracy": 0.0,
    "joint_goal_accuracy": 0.0,
    "joint_noncat_accuracy": 0.0,
    "requested_slots_f1": 0.0465587044534413,
    "requested_slots_precision": 0.02834008097165992,
    "requested_slots_recall": 1.0
  },
  "RentalCars_1": {
    "active_intent_accuracy": 0.07926829268292683,
    "average_cat_accuracy": 0.6871794871794872,
    "average_goal_accuracy": 0.2707009803921569,
    "average_noncat_accuracy": 0.22009923245614035,
    "joint_cat_accuracy": 0.40853658536585363,
    "joint_goal_accuracy": 0.00020535429390243905,
    "joint_noncat_accuracy": 0.02162070773536585,
    "requested_slots_f1": 0.025745257452574527,
    "requested_slots_precision": 0.014481707317073171,
    "requested_slots_recall": 1.0
  },
  "Restaurants_2": {
    "active_intent_accuracy": 0.07496012759170653,
    "average_cat_accuracy": 0.15219421101774042,
    "average_goal_accuracy": 0.19692505318278514,
    "average_noncat_accuracy": 0.20906793321819228,
    "joint_cat_accuracy": 0.0,
    "joint_goal_accuracy": 0.0,
    "joint_noncat_accuracy": 7.290591850079745e-05,
    "requested_slots_f1": 0.03151234730182099,
    "requested_slots_precision": 0.017809675704412546,
    "requested_slots_recall": 1.0
  },
  "RideSharing_1": {
    "active_intent_accuracy": 0.09727626459143969,
    "average_cat_accuracy": 0.23478260869565218,
    "average_goal_accuracy": 0.22110644257703083,
    "average_noncat_accuracy": 0.18924170616113745,
    "joint_cat_accuracy": 0.0,
    "joint_goal_accuracy": 0.0,
    "joint_noncat_accuracy": 0.1709338521400778,