{
  "#ALL_SERVICES": {
    "active_intent_accuracy": 0.9562374245472837,
    "average_cat_accuracy": 0.6941491553358055,
    "average_goal_accuracy": 0.8513404529552568,
    "average_noncat_accuracy": 0.9102699292988261,
    "joint_cat_accuracy": 0.7141009055627425,
    "joint_goal_accuracy": 0.5723735077129444,
    "joint_noncat_accuracy": 0.7321199698189134,
    "requested_slots_f1": 0.9451944471059159,
    "requested_slots_precision": 0.9832498962026126,
    "requested_slots_recall": 0.9484406438631791
  },
  "#SEEN_SERVICES": {
    "active_intent_accuracy": 0.9855023600809171,
    "average_cat_accuracy": 0.8793398723338003,
    "average_goal_accuracy": 0.9115488574917148,
    "average_noncat_accuracy": 0.9440313216195569,
    "joint_cat_accuracy": 0.8839602555003548,
    "joint_goal_accuracy": 0.7908149359406608,
    "joint_noncat_accuracy": 0.8863455158462575,
    "requested_slots_f1": 0.9842998426612722,
    "requested_slots_precision": 0.9956169925826028,
    "requested_slots_recall": 0.9870195549561699
  },
  "#UNSEEN_SERVICES": {
    "active_intent_accuracy": 0.9272848565710473,
    "average_cat_accuracy": 0.485906862745098,
    "average_goal_accuracy": 0.7904856049787558,
    "average_noncat_accuracy": 0.8752095068094673,
    "joint_cat_accuracy": 0.5295025067489395,
    "joint_goal_accuracy": 0.3562636757838559,
    "joint_noncat_accuracy": 0.5795405937291528,
    "requested_slots_f1": 0.9065064540381419,
    "requested_slots_precision": 0.9710148035198068,
    "requested_slots_recall": 0.9102735156771181
  },
  "Alarm_1": {
    "active_intent_accuracy": 0.8253275109170306,
    "average_goal_accuracy": 0.7053571428571429,
    "average_noncat_accuracy": 0.7053571428571429,
    "joint_goal_accuracy": 0.49222707423580786,
    "joint_noncat_accuracy": 0.49222707423580786,
    "requested_slots_f1": 1.0,
    "requested_slots_precision": 1.0,
    "requested_slots_recall": 1.0
  },
  "Banks_2": {
    "active_intent_accuracy": 0.9690402476780186,
    "average_cat_accuracy": 0.9435215946843853,
    "average_goal_accuracy": 0.8612956810631229,
    "average_noncat_accuracy": 0.6703296703296703,
    "joint_cat_accuracy": 0.9102167182662538,
    "joint_goal_accuracy": 0.6160990712074303,
    "joint_noncat_accuracy": 0.6470588235294118,
    "requested_slots_f1": 0.9009287925696594,
    "requested_slots_precision": 1.0,
    "requested_slots_recall": 0.9009287925696594
  },
  "Buses_1": {
    "active_intent_accuracy": 0.9920424403183024,
    "average_cat_accuracy": 0.996,
    "average_goal_accuracy": 0.9623135033050046,
    "average_noncat_accuracy": 0.9548666666666668,
    "joint_cat_accuracy": 0.9946949602122016,
    "joint_goal_accuracy": 0.8973583554376656,
    "joint_noncat_accuracy": 0.902663395225464,
    "requested_slots_f1": 0.9920424403183024,
    "requested_slots_precision": 0.9920424403183024,
    "requested_slots_recall": 0.9960212201591512
  },
  "Events_1": {
    "active_intent_accuracy": 0.9923224568138196,
    "average_cat_accuracy": 1.0,
    "average_goal_accuracy": 0.9608441196938065,
    "average_noncat_accuracy": 0.9431276824034335,
    "joint_cat_accuracy": 1.0,
    "joint_goal_accuracy": 0.8219769673704415,
    "joint_noncat_accuracy": 0.8219769673704415,
    "requested_slots_f1": 0.9948816378758796,
    "requested_slots_precision": 0.9980806142034548,
    "requested_slots_recall": 0.9961612284069098
  },
  "Flights_3": {
    "active_intent_accuracy": 0.9214402618657938,
    "average_cat_accuracy": 0.6738816738816739,
    "average_goal_accuracy": 0.8502742504409171,
    "average_noncat_accuracy": 0.9365730337078652,
    "joint_cat_accuracy": 0.48936170212765956,
    "joint_goal_accuracy": 0.39800392798690676,
    "joint_noncat_accuracy": 0.7682855973813421,
    "requested_slots_f1": 0.8816148390616477,
    "requested_slots_precision": 1.0,
    "requested_slots_recall": 0.881342062193126
  },
  "Homes_1": {
    "active_intent_accuracy": 0.9846678023850085,
    "average_cat_accuracy": 0.975,
    "average_goal_accuracy": 0.9755943496801704,
    "average_noncat_accuracy": 0.9783731739707835,
    "joint_cat_accuracy": 0.9659284497444633,
    "joint_goal_accuracy": 0.9361499148211243,
    "joint_noncat_accuracy": 0.9565928449744463,
    "requested_slots_f1": 0.9982964224872232,
    "requested_slots_precision": 0.9982964224872232,
    "requested_slots_recall": 1.0
  },
  "Hotels_1": {
    "active_intent_accuracy": 0.978494623655914,
    "average_cat_accuracy": 0.8528951486697965,
    "average_goal_accuracy": 0.9468768037518037,
    "average_noncat_accuracy": 0.996421568627451,
    "joint_cat_accuracy": 0.7885304659498208,
    "joint_goal_accuracy": 0.7863799283154123,
    "joint_noncat_accuracy": 0.9869175627240144,
    "requested_slots_f1": 0.9970131421744324,
    "requested_slots_precision": 0.9982078853046595,
    "requested_slots_recall": 0.996415770609319
  },
  "Hotels_4": {
    "active_intent_accuracy": 0.9892857142857143,
    "average_cat_accuracy": 0.841820987654321,
    "average_goal_accuracy": 0.8788447476368825,
    "average_noncat_accuracy": 0.9046339869281046,
    "joint_cat_accuracy": 0.725,
    "joint_goal_accuracy": 0.21732142857142858,
    "joint_noncat_accuracy": 0.3261071428571429,
    "requested_slots_f1": 0.929642857142857,
    "requested_slots_precision": 0.9348214285714286,
    "requested_slots_recall": 0.95
  },
  "Media_2": {
    "active_intent_accuracy": 0.9238095238095239,
    "average_cat_accuracy": 0.13333333333333333,
    "average_goal_accuracy": 0.8011420389461628,
    "average_noncat_accuracy": 0.9289032073310426,
    "joint_cat_accuracy": 0.546031746031746,
    "joint_goal_accuracy": 0.30367142857142854,
    "joint_noncat_accuracy": 0.504647619047619,
    "requested_slots_f1": 0.9121693121693121,
    "requested_slots_precision": 0.9333333333333333,
    "requested_slots_recall": 0.9206349206349206
  },
  "Movies_2": {
    "active_intent_accuracy": 0.9715909090909091,
    "average_goal_accuracy": 0.7359779614325068,
    "average_noncat_accuracy": 0.7359779614325068,
    "joint_goal_accuracy": 0.3418840909090909,
    "joint_noncat_accuracy": 0.3418840909090909,
    "requested_slots_f1": 0.9071969696969696,
    "requested_slots_precision": 0.9157196969696969,
    "requested_slots_recall": 0.9119318181818182
  },
  "Music_1": {
    "active_intent_accuracy": 0.97165991902834,
    "average_cat_accuracy": 0.696078431372549,
    "average_goal_accuracy": 0.8646840442338072,
    "average_noncat_accuracy": 0.9594117647058823,
    "joint_cat_accuracy": 0.7408906882591093,
    "joint_goal_accuracy": 0.659919028340081,
    "joint_noncat_accuracy": 0.8641295546558705,
    "requested_slots_f1": 0.9865047233468286,
    "requested_slots_precision": 0.9919028340080972,
    "requested_slots_recall": 0.9939271255060729
  },
  "RentalCars_1": {
    "active_intent_accuracy": 0.9969512195121951,
    "average_cat_accuracy": 0.8974358974358975,
    "average_goal_accuracy": 0.9470860566448802,
    "average_noncat_accuracy": 0.9511260964912281,
    "joint_cat_accuracy": 0.9146341463414634,
    "joint_goal_accuracy": 0.7684884146341463,
    "joint_noncat_accuracy": 0.8354204268292683,
    "requested_slots_f1": 0.9969512195121951,
    "requested_slots_precision": 0.9969512195121951,
    "requested_slots_recall": 1.0
  },
  "Restaurants_2": {
    "active_intent_accuracy": 0.8947368421052632,
    "average_cat_accuracy": 0.35294117647058826,
    "average_goal_accuracy": 0.7823976026836852,
    "average_noncat_accuracy": 0.8563166378814047,
    "joint_cat_accuracy": 0.5917065390749602,
    "joint_goal_accuracy": 0.41866028708133973,
    "joint_noncat_accuracy": 0.5237712918660287,
    "requested_slots_f1": 0.8985747196273512,
    "requested_slots_precision": 0.9476646160856688,
    "requested_slots_recall": 0.9074960127591707
  },
  "RideSharing_1": {
    "active_intent_accuracy": 1.0,
    "average_cat_accuracy": 0.9543478260869566,
    "average_goal_accuracy": 0.915252100840336,
    "average_noncat_accuracy": 0.844739336492891,