{
  "#ALL_SERVICES": {
    "active_intent_accuracy": 0.9327632461435278,
    "average_cat_accuracy": 0.703996703749485,
    "average_goal_accuracy": 0.7896547268327327,
    "average_noncat_accuracy": 0.8153501654018291,
    "joint_cat_accuracy": 0.6978377379412308,
    "joint_goal_accuracy": 0.4564870422535211,
    "joint_noncat_accuracy": 0.5722337418645205,
    "requested_slots_f1": 0.9372800293826451,
    "requested_slots_precision": 0.9819584171696847,
    "requested_slots_recall": 0.9413145539906104
  },
  "#SEEN_SERVICES": {
    "active_intent_accuracy": 0.9834794335805799,
    "average_cat_accuracy": 0.8699205978514712,
    "average_goal_accuracy": 0.8412502267573696,
    "average_noncat_accuracy": 0.8405930099312451,
    "joint_cat_accuracy": 0.8577004968062456,
    "joint_goal_accuracy": 0.6042582939986514,
    "joint_noncat_accuracy": 0.6906541132838839,
    "requested_slots_f1": 0.9734322319622386,
    "requested_slots_precision": 0.98937963587323,
    "requested_slots_recall": 0.9782535401213756
  },
  "#UNSEEN_SERVICES": {
    "active_intent_accuracy": 0.8825883922615076,
    "average_cat_accuracy": 0.5174194677871148,
    "average_goal_accuracy": 0.7375052581936143,
    "average_noncat_accuracy": 0.7891360571201905,
    "joint_cat_accuracy": 0.524103355187042,
    "joint_goal_accuracy": 0.31029306871247503,
    "joint_noncat_accuracy": 0.45507736373582386,
    "requested_slots_f1": 0.9015137075510659,
    "requested_slots_precision": 0.9746164109406271,
    "requested_slots_recall": 0.9047698465643762
  },
  "Alarm_1": {
    "active_intent_accuracy": 0.7641921397379913,
    "average_goal_accuracy": 0.6953571428571428,
    "average_noncat_accuracy": 0.6953571428571428,
    "joint_goal_accuracy": 0.48411615720524026,
    "joint_noncat_accuracy": 0.48411615720524026,
    "requested_slots_f1": 1.0,
    "requested_slots_precision": 1.0,
    "requested_slots_recall": 1.0
  },
  "Banks_2": {
    "active_intent_accuracy": 0.9752321981424149,
    "average_cat_accuracy": 0.9385382059800664,
    "average_goal_accuracy": 0.7982945736434108,
    "average_noncat_accuracy": 0.4463736263736263,
    "joint_cat_accuracy": 0.8606811145510835,
    "joint_goal_accuracy": 0.48606811145510836,
    "joint_noncat_accuracy": 0.5108359133126935,
    "requested_slots_f1": 0.9009287925696594,
    "requested_slots_precision": 1.0,
    "requested_slots_recall": 0.9009287925696594
  },
  "Buses_1": {
    "active_intent_accuracy": 0.9893899204244032,
    "average_cat_accuracy": 1.0,
    "average_goal_accuracy": 0.9213692162417375,
    "average_noncat_accuracy": 0.9048,
    "joint_cat_accuracy": 1.0,
    "joint_goal_accuracy": 0.711631299734748,
    "joint_noncat_accuracy": 0.711631299734748,
    "requested_slots_f1": 0.9664014146772767,
    "requested_slots_precision": 0.9748010610079576,
    "requested_slots_recall": 0.9748010610079576
  },
  "Events_1": {
    "active_intent_accuracy": 0.9769673704414588,
    "average_cat_accuracy": 0.990990990990991,
    "average_goal_accuracy": 0.8736938065414057,
    "average_noncat_accuracy": 0.8141523605150215,
    "joint_cat_accuracy": 0.9904030710172744,
    "joint_goal_accuracy": 0.6232821497120922,
    "joint_noncat_accuracy": 0.6232821497120922,
    "requested_slots_f1": 0.989443378119002,
    "requested_slots_precision": 0.9977607165706972,
    "requested_slots_recall": 0.989443378119002
  },
  "Flights_3": {
    "active_intent_accuracy": 0.9018003273322422,
    "average_cat_accuracy": 0.6031746031746031,
    "average_goal_accuracy": 0.8317308725959519,
    "average_noncat_accuracy": 0.9396707240948814,
    "joint_cat_accuracy": 0.46153846153846156,
    "joint_goal_accuracy": 0.2979672667757774,
    "joint_noncat_accuracy": 0.6523875613747955,
    "requested_slots_f1": 0.8805237315875614,
    "requested_slots_precision": 1.0,
    "requested_slots_recall": 0.8805237315875614
  },
  "Homes_1": {
    "active_intent_accuracy": 0.979557069846678,
    "average_cat_accuracy": 0.9846153846153847,
    "average_goal_accuracy": 0.9228615849324804,
    "average_noncat_accuracy": 0.8824369189907039,
    "joint_cat_accuracy": 0.938671209540034,
    "joint_goal_accuracy": 0.7327086882453152,
    "joint_noncat_accuracy": 0.7633730834752982,
    "requested_slots_f1": 0.993412833617263,
    "requested_slots_precision": 0.9900624645088018,
    "requested_slots_recall": 1.0
  },
  "Hotels_1": {
    "active_intent_accuracy": 0.9713261648745519,
    "average_cat_accuracy": 0.7323943661971831,
    "average_goal_accuracy": 0.8187202380952381,
    "average_noncat_accuracy": 0.8650490196078431,
    "joint_cat_accuracy": 0.5770609318996416,
    "joint_goal_accuracy": 0.3763440860215054,
    "joint_noncat_accuracy": 0.6026881720430107,
    "requested_slots_f1": 0.977658303464755,
    "requested_slots_precision": 0.9826762246117083,
    "requested_slots_recall": 0.982078853046595
  },
  "Hotels_4": {
    "active_intent_accuracy": 0.9892857142857143,
    "average_cat_accuracy": 0.8240740740740741,
    "average_goal_accuracy": 0.7375243445692883,
    "average_noncat_accuracy": 0.6987712418300653,
    "joint_cat_accuracy": 0.45357142857142857,
    "joint_goal_accuracy": 0.07892857142857142,
    "joint_noncat_accuracy": 0.13543285714285713,
    "requested_slots_f1": 0.9361904761904761,
    "requested_slots_precision": 0.9273809523809524,
    "requested_slots_recall": 0.9535714285714286
  },
  "Media_2": {
    "active_intent_accuracy": 0.9206349206349206,
    "average_cat_accuracy": 0.10303030303030303,
    "average_goal_accuracy": 0.6376935853379152,
    "average_noncat_accuracy": 0.7415864833906072,
    "joint_cat_accuracy": 0.5206349206349207,
    "joint_goal_accuracy": 0.20521593650793654,
    "joint_noncat_accuracy": 0.29857154438095235,
    "requested_slots_f1": 0.8873015873015873,
    "requested_slots_precision": 0.9349206349206349,
    "requested_slots_recall": 0.8873015873015873
  },
  "Movies_2": {
    "active_intent_accuracy": 0.9886363636363636,
    "average_goal_accuracy": 0.702038567493113,
    "average_noncat_accuracy": 0.702038567493113,
    "joint_goal_accuracy": 0.41213068181818185,
    "joint_noncat_accuracy": 0.41213068181818185,
    "requested_slots_f1": 0.9070075757575757,
    "requested_slots_precision": 0.9280303030303031,
    "requested_slots_recall": 0.9289772727272727
  },
  "Music_1": {
    "active_intent_accuracy": 0.97165991902834,
    "average_cat_accuracy": 0.6633986928104575,
    "average_goal_accuracy": 0.6684399684044233,
    "average_noncat_accuracy": 0.6669607843137255,
    "joint_cat_accuracy": 0.7165991902834008,
    "joint_goal_accuracy": 0.4777327935222672,
    "joint_noncat_accuracy": 0.6442105263157895,
    "requested_slots_f1": 1.0,
    "requested_slots_precision": 1.0,
    "requested_slots_recall": 1.0
  },
  "RentalCars_1": {
    "active_intent_accuracy": 0.9939024390243902,
    "average_cat_accuracy": 0.9179487179487179,
    "average_goal_accuracy": 0.8663845315904138,
    "average_noncat_accuracy": 0.8527521929824562,
    "joint_cat_accuracy": 0.9237804878048781,
    "joint_goal_accuracy": 0.4849969512195122,
    "joint_noncat_accuracy": 0.5093871951219513,
    "requested_slots_f1": 0.9939024390243902,
    "requested_slots_precision": 1.0,
    "requested_slots_recall": 0.9939024390243902
  },
  "Restaurants_2": {
    "active_intent_accuracy": 0.7432216905901117,
    "average_cat_accuracy": 0.39215686274509803,
    "average_goal_accuracy": 0.7297553796432663,
    "average_noncat_accuracy": 0.788107944732297,
    "joint_cat_accuracy": 0.6140350877192983,
    "joint_goal_accuracy": 0.3588995215311005,
    "joint_noncat_accuracy": 0.42866762360446564,
    "requested_slots_f1": 0.8859193438140806,
    "requested_slots_precision": 0.9639553429027115,
    "requested_slots_recall": 0.8923444976076556
  },
  "RideSharing_1": {
    "active_intent_accuracy": 0.9961089494163424,
    "average_cat_accuracy": 0.9739130434782609,
    "average_goal_accuracy": 0.9011764705882354,