{
  "#ALL_SERVICES": {
    "active_intent_accuracy": 0.9505365526492288,
    "average_cat_accuracy": 0.7083642356819118,
    "average_goal_accuracy": 0.8178857419049373,
    "average_noncat_accuracy": 0.8563883375494583,
    "joint_cat_accuracy": 0.7048604694141564,
    "joint_goal_accuracy": 0.5022656941649899,
    "joint_noncat_accuracy": 0.6257789906103287,
    "requested_slots_f1": 0.9436563827408898,
    "requested_slots_precision": 0.9853705566733736,
    "requested_slots_recall": 0.9466800804828974
  },
  "#SEEN_SERVICES": {
    "active_intent_accuracy": 0.9851652056641942,
    "average_cat_accuracy": 0.8679744667600809,
    "average_goal_accuracy": 0.8620842578056863,
    "average_noncat_accuracy": 0.8719054621848741,
    "joint_cat_accuracy": 0.8672817601135557,
    "joint_goal_accuracy": 0.6545752528658125,
    "joint_noncat_accuracy": 0.7430378287255562,
    "requested_slots_f1": 0.9786468869408856,
    "requested_slots_precision": 0.99409979770735,
    "requested_slots_recall": 0.9812879298718813
  },
  "#UNSEEN_SERVICES": {
    "active_intent_accuracy": 0.9162775183455637,
    "average_cat_accuracy": 0.5288865546218487,
    "average_goal_accuracy": 0.7732126769626769,
    "average_noncat_accuracy": 0.8402741636916569,
    "joint_cat_accuracy": 0.5283455456999614,
    "joint_goal_accuracy": 0.3515818545697131,
    "joint_noncat_accuracy": 0.509771747831888,
    "requested_slots_f1": 0.9090393595730487,
    "requested_slots_precision": 0.9767344896597732,
    "requested_slots_recall": 0.9124416277518346
  },
  "Alarm_1": {
    "active_intent_accuracy": 0.759825327510917,
    "average_goal_accuracy": 0.734025974025974,
    "average_noncat_accuracy": 0.734025974025974,
    "joint_goal_accuracy": 0.5101310043668122,
    "joint_noncat_accuracy": 0.5101310043668122,
    "requested_slots_f1": 1.0,
    "requested_slots_precision": 1.0,
    "requested_slots_recall": 1.0
  },
  "Banks_2": {
    "active_intent_accuracy": 0.978328173374613,
    "average_cat_accuracy": 0.9136212624584718,
    "average_goal_accuracy": 0.8707087486157254,
    "average_noncat_accuracy": 0.7307692307692307,
    "joint_cat_accuracy": 0.8390092879256966,
    "joint_goal_accuracy": 0.653250773993808,
    "joint_noncat_accuracy": 0.7120743034055728,
    "requested_slots_f1": 0.9009287925696594,
    "requested_slots_precision": 1.0,
    "requested_slots_recall": 0.9009287925696594
  },
  "Buses_1": {
    "active_intent_accuracy": 0.986737400530504,
    "average_cat_accuracy": 1.0,
    "average_goal_accuracy": 0.9288290840415486,
    "average_noncat_accuracy": 0.9128952380952381,
    "joint_cat_accuracy": 1.0,
    "joint_goal_accuracy": 0.7381564986737401,
    "joint_noncat_accuracy": 0.7381564986737401,
    "requested_slots_f1": 0.9805481874447393,
    "requested_slots_precision": 0.9748010610079576,
    "requested_slots_recall": 0.9920424403183024
  },
  "Events_1": {
    "active_intent_accuracy": 0.9788867562380038,
    "average_cat_accuracy": 1.0,
    "average_goal_accuracy": 0.9052700069589422,
    "average_noncat_accuracy": 0.8588340486409156,
    "joint_cat_accuracy": 1.0,
    "joint_goal_accuracy": 0.7182341650671785,
    "joint_noncat_accuracy": 0.7182341650671785,
    "requested_slots_f1": 0.9948816378758796,
    "requested_slots_precision": 0.9990403071017274,
    "requested_slots_recall": 0.9952015355086372
  },
  "Flights_3": {
    "active_intent_accuracy": 0.9083469721767594,
    "average_cat_accuracy": 0.6572871572871573,
    "average_goal_accuracy": 0.8444146300495508,
    "average_noncat_accuracy": 0.9334769038701622,
    "joint_cat_accuracy": 0.49427168576104746,
    "joint_goal_accuracy": 0.398691325695581,
    "joint_noncat_accuracy": 0.8089171849427169,
    "requested_slots_f1": 0.8816148390616477,
    "requested_slots_precision": 1.0,
    "requested_slots_recall": 0.881342062193126
  },
  "Homes_1": {
    "active_intent_accuracy": 0.9880749574105622,
    "average_cat_accuracy": 0.9759615384615384,
    "average_goal_accuracy": 0.9298893923240937,
    "average_noncat_accuracy": 0.9011254980079682,
    "joint_cat_accuracy": 0.9318568994889267,
    "joint_goal_accuracy": 0.7533730834752982,
    "joint_noncat_accuracy": 0.7857410562180579,
    "requested_slots_f1": 0.9982964224872232,
    "requested_slots_precision": 0.9982964224872232,
    "requested_slots_recall": 1.0
  },
  "Hotels_1": {
    "active_intent_accuracy": 0.9713261648745519,
    "average_cat_accuracy": 0.7879499217527387,
    "average_goal_accuracy": 0.8399323593073594,
    "average_noncat_accuracy": 0.8719117647058823,
    "joint_cat_accuracy": 0.7275985663082437,
    "joint_goal_accuracy": 0.4982078853046595,
    "joint_noncat_accuracy": 0.6241935483870968,
    "requested_slots_f1": 0.992831541218638,
    "requested_slots_precision": 0.992831541218638,
    "requested_slots_recall": 0.992831541218638
  },
  "Hotels_4": {
    "active_intent_accuracy": 0.9857142857142858,
    "average_cat_accuracy": 0.8302469135802469,
    "average_goal_accuracy": 0.7692085785625111,
    "average_noncat_accuracy": 0.7553594771241828,
    "joint_cat_accuracy": 0.425,
    "joint_goal_accuracy": 0.08210714285714286,
    "joint_noncat_accuracy": 0.15594285714285716,
    "requested_slots_f1": 0.9302380952380952,
    "requested_slots_precision": 0.9565476190476192,
    "requested_slots_recall": 0.9446428571428571
  },
  "Media_2": {
    "active_intent_accuracy": 0.9365079365079365,
    "average_cat_accuracy": 0.10303030303030303,
    "average_goal_accuracy": 0.7644954180985108,
    "average_noncat_accuracy": 0.887880870561283,
    "joint_cat_accuracy": 0.5301587301587302,
    "joint_goal_accuracy": 0.1992746031746032,
    "joint_noncat_accuracy": 0.22906793650793653,
    "requested_slots_f1": 0.9158730158730158,
    "requested_slots_precision": 0.9380952380952381,
    "requested_slots_recall": 0.9222222222222223
  },
  "Movies_2": {
    "active_intent_accuracy": 0.9943181818181818,
    "average_goal_accuracy": 0.7375757575757578,
    "average_noncat_accuracy": 0.7375757575757578,
    "joint_goal_accuracy": 0.3966619318181818,
    "joint_noncat_accuracy": 0.3966619318181818,
    "requested_slots_f1": 0.8873106060606062,
    "requested_slots_precision": 0.9356060606060606,
    "requested_slots_recall": 0.8920454545454546
  },
  "Music_1": {
    "active_intent_accuracy": 0.9757085020242915,
    "average_cat_accuracy": 0.6830065359477124,
    "average_goal_accuracy": 0.7155560821484993,
    "average_noncat_accuracy": 0.7327696078431372,
    "joint_cat_accuracy": 0.7327935222672065,
    "joint_goal_accuracy": 0.465748987854251,
    "joint_noncat_accuracy": 0.6803238866396761,
    "requested_slots_f1": 0.9959514170040485,
    "requested_slots_precision": 0.9959514170040485,
    "requested_slots_recall": 1.0
  },
  "RentalCars_1": {
    "active_intent_accuracy": 0.9908536585365854,
    "average_cat_accuracy": 0.8256410256410256,
    "average_goal_accuracy": 0.8877685185185186,
    "average_noncat_accuracy": 0.8899703947368423,
    "joint_cat_accuracy": 0.8658536585365854,
    "joint_goal_accuracy": 0.5551493902439024,
    "joint_noncat_accuracy": 0.6130762195121952,
    "requested_slots_f1": 1.0,
    "requested_slots_precision": 1.0,
    "requested_slots_recall": 1.0
  },
  "Restaurants_2": {
    "active_intent_accuracy": 0.886762360446571,
    "average_cat_accuracy": 0.4005602240896359,
    "average_goal_accuracy": 0.7453630952380953,
    "average_noncat_accuracy": 0.8055129533678757,
    "joint_cat_accuracy": 0.6188197767145136,
    "joint_goal_accuracy": 0.3636810207336523,
    "joint_noncat_accuracy": 0.4435636363636363,
    "requested_slots_f1": 0.9125465178096757,
    "requested_slots_precision": 0.9573365231259968,
    "requested_slots_recall": 0.9234449760765551
  },
  "RideSharing_1": {
    "active_intent_accuracy": 1.0,
    "average_cat_accuracy": 0.9717391304347827,
    "average_goal_accuracy": 0.9147899159663866,
    "average_noncat_accuracy": 0.8088151658767773,
    "joint_cat_accuracy": 0.953307392996109,