{
  "#ALL_SERVICES": {
    "active_intent_accuracy": 0.869550637156271,
    "average_cat_accuracy": 0.6386691388545529,
    "average_goal_accuracy": 0.7299109828059377,
    "average_noncat_accuracy": 0.7675212427839398,
    "joint_cat_accuracy": 0.6612456107928294,
    "joint_goal_accuracy": 0.40835617270288405,
    "joint_noncat_accuracy": 0.5129775008383635,
    "requested_slots_f1": 0.9239268947015424,
    "requested_slots_precision": 0.9787335121842163,
    "requested_slots_recall": 0.9304996646545942
  },
  "#SEEN_SERVICES": {
    "active_intent_accuracy": 0.8917734322319623,
    "average_cat_accuracy": 0.8254709637241165,
    "average_goal_accuracy": 0.7823006628292342,
    "average_noncat_accuracy": 0.7997877514642221,
    "joint_cat_accuracy": 0.8321504613200852,
    "joint_goal_accuracy": 0.5470577545515847,
    "joint_noncat_accuracy": 0.6477509103169252,
    "requested_slots_f1": 0.9512811867835469,
    "requested_slots_precision": 0.9770734996628456,
    "requested_slots_recall": 0.963081591368847
  },
  "#UNSEEN_SERVICES": {
    "active_intent_accuracy": 0.8475650433622415,
    "average_cat_accuracy": 0.42861519607843135,
    "average_goal_accuracy": 0.6769588071437387,
    "average_noncat_accuracy": 0.7340132222662964,
    "joint_cat_accuracy": 0.4755109911299653,
    "joint_goal_accuracy": 0.27113506137424953,
    "joint_noncat_accuracy": 0.37964263342228155,
    "requested_slots_f1": 0.8968645763842562,
    "requested_slots_precision": 0.9803758060929508,
    "requested_slots_recall": 0.8982655103402268
  },
  "Alarm_1": {
    "active_intent_accuracy": 0.7379912663755459,
    "average_goal_accuracy": 0.7121103896103895,
    "average_noncat_accuracy": 0.7121103896103895,
    "joint_goal_accuracy": 0.5129694323144105,
    "joint_noncat_accuracy": 0.5129694323144105,
    "requested_slots_f1": 1.0,
    "requested_slots_precision": 1.0,
    "requested_slots_recall": 1.0
  },
  "Banks_2": {
    "active_intent_accuracy": 0.9690402476780186,
    "average_cat_accuracy": 0.9102990033222591,
    "average_goal_accuracy": 0.7764562569213731,
    "average_noncat_accuracy": 0.4436263736263737,
    "joint_cat_accuracy": 0.8452012383900929,
    "joint_goal_accuracy": 0.5247058823529412,
    "joint_noncat_accuracy": 0.5742414860681115,
    "requested_slots_f1": 0.9009287925696594,
    "requested_slots_precision": 1.0,
    "requested_slots_recall": 0.9009287925696594
  },
  "Buses_1": {
    "active_intent_accuracy": 0.9496021220159151,
    "average_cat_accuracy": 0.98,
    "average_goal_accuracy": 0.9225911237016053,
    "average_noncat_accuracy": 0.9093190476190476,
    "joint_cat_accuracy": 0.986737400530504,
    "joint_goal_accuracy": 0.7478071618037136,
    "joint_noncat_accuracy": 0.7504596816976128,
    "requested_slots_f1": 0.9773651635720602,
    "requested_slots_precision": 0.967285587975243,
    "requested_slots_recall": 1.0
  },
  "Events_1": {
    "active_intent_accuracy": 0.5623800383877159,
    "average_cat_accuracy": 0.9605855855855856,
    "average_goal_accuracy": 0.8506322199025748,
    "average_noncat_accuracy": 0.7960783261802574,
    "joint_cat_accuracy": 0.963531669865643,
    "joint_goal_accuracy": 0.5222264875239923,
    "joint_noncat_accuracy": 0.5375815738963531,
    "requested_slots_f1": 0.9750479846449136,
    "requested_slots_precision": 0.9980806142034548,
    "requested_slots_recall": 0.972168905950096
  },
  "Flights_3": {
    "active_intent_accuracy": 0.9656301145662848,
    "average_cat_accuracy": 0.634018759018759,
    "average_goal_accuracy": 0.7602805702527925,
    "average_noncat_accuracy": 0.8227075530586766,
    "joint_cat_accuracy": 0.5040916530278232,
    "joint_goal_accuracy": 0.264665139116203,
    "joint_noncat_accuracy": 0.5315852700490998,
    "requested_slots_f1": 0.8805237315875614,
    "requested_slots_precision": 1.0,
    "requested_slots_recall": 0.8805237315875614
  },
  "Homes_1": {
    "active_intent_accuracy": 0.9710391822827938,
    "average_cat_accuracy": 0.9663461538461539,
    "average_goal_accuracy": 0.946902274342573,
    "average_noncat_accuracy": 0.9426128818061089,
    "joint_cat_accuracy": 0.9403747870528109,
    "joint_goal_accuracy": 0.8312776831345827,
    "joint_noncat_accuracy": 0.8755706984667803,
    "requested_slots_f1": 0.9587166382737081,
    "requested_slots_precision": 0.9554230550823395,
    "requested_slots_recall": 0.9872231686541738
  },
  "Hotels_1": {
    "active_intent_accuracy": 0.9605734767025089,
    "average_cat_accuracy": 0.49687010954616584,
    "average_goal_accuracy": 0.7391484487734488,
    "average_noncat_accuracy": 0.8746209150326797,
    "joint_cat_accuracy": 0.4767025089605735,
    "joint_goal_accuracy": 0.3763440860215054,
    "joint_noncat_accuracy": 0.6275121863799282,
    "requested_slots_f1": 0.9244922341696535,
    "requested_slots_precision": 0.9354838709677419,
    "requested_slots_recall": 0.946236559139785
  },
  "Hotels_4": {
    "active_intent_accuracy": 0.8642857142857143,
    "average_cat_accuracy": 0.5401234567901234,
    "average_goal_accuracy": 0.5957042981986802,
    "average_noncat_accuracy": 0.6518300653594772,
    "joint_cat_accuracy": 0.3821428571428571,
    "joint_goal_accuracy": 0.07299969285714285,
    "joint_noncat_accuracy": 0.14068494999999998,
    "requested_slots_f1": 0.8946428571428572,
    "requested_slots_precision": 0.9166666666666665,
    "requested_slots_recall": 0.9142857142857143
  },
  "Media_2": {
    "active_intent_accuracy": 0.8412698412698413,
    "average_cat_accuracy": 0.006060606060606061,
    "average_goal_accuracy": 0.6815320733104238,
    "average_noncat_accuracy": 0.8007760595647194,
    "joint_cat_accuracy": 0.4793650793650794,
    "joint_goal_accuracy": 0.203271746031746,
    "joint_noncat_accuracy": 0.20708412698412698,
    "requested_slots_f1": 0.8888888888888888,
    "requested_slots_precision": 0.9968253968253968,
    "requested_slots_recall": 0.8888888888888888
  },
  "Movies_2": {
    "active_intent_accuracy": 0.9602272727272727,
    "average_goal_accuracy": 0.8269146005509642,
    "average_noncat_accuracy": 0.8269146005509642,
    "joint_goal_accuracy": 0.39552272727272725,
    "joint_noncat_accuracy": 0.39552272727272725,
    "requested_slots_f1": 0.8704545454545454,
    "requested_slots_precision": 0.9659090909090909,
    "requested_slots_recall": 0.8721590909090909
  },
  "Music_1": {
    "active_intent_accuracy": 0.8987854251012146,
    "average_cat_accuracy": 0.6176470588235294,
    "average_goal_accuracy": 0.6624565560821484,
    "average_noncat_accuracy": 0.6931372549019607,
    "joint_cat_accuracy": 0.6680161943319838,
    "joint_goal_accuracy": 0.4097975708502024,
    "joint_noncat_accuracy": 0.6005668016194333,
    "requested_slots_f1": 0.9406207827260459,
    "requested_slots_precision": 0.9898785425101214,
    "requested_slots_recall": 0.9412955465587044
  },
  "RentalCars_1": {
    "active_intent_accuracy": 0.9878048780487805,
    "average_cat_accuracy": 0.882051282051282,
    "average_goal_accuracy": 0.5481160130718954,
    "average_noncat_accuracy": 0.5050992324561403,
    "joint_cat_accuracy": 0.899390243902439,
    "joint_goal_accuracy": 0.1578658536585366,
    "joint_noncat_accuracy": 0.16091463414634147,
    "requested_slots_f1": 0.9786585365853658,
    "requested_slots_precision": 0.9969512195121951,
    "requested_slots_recall": 0.9817073170731707
  },
  "Restaurants_2": {
    "active_intent_accuracy": 0.6858054226475279,
    "average_cat_accuracy": 0.36834733893557425,
    "average_goal_accuracy": 0.6895179389625266,
    "average_noncat_accuracy": 0.7517081174438687,
    "joint_cat_accuracy": 0.5741626794258373,
    "joint_goal_accuracy": 0.28248803827751195,
    "joint_noncat_accuracy": 0.36250223285486444,
    "requested_slots_f1": 0.8832004253056884,
    "requested_slots_precision": 0.9609250398724083,
    "requested_slots_recall": 0.8843700159489634
  },
  "RideSharing_1": {
    "active_intent_accuracy": 0.9922178988326849,
    "average_cat_accuracy": 0.9608695652173913,