{
  "#ALL_SERVICES": {
    "active_intent_accuracy": 0.5268276324614353,
    "average_cat_accuracy": 0.3407292954264524,
    "average_goal_accuracy": 0.2675037285951022,
    "average_noncat_accuracy": 0.21522893559058187,
    "joint_cat_accuracy": 0.0685640362225097,
    "joint_goal_accuracy": 0.005794986166683435,
    "joint_noncat_accuracy": 0.03339083723774312,
    "requested_slots_f1": 0.034126434400797295,
    "requested_slots_precision": 0.021058878835686738,
    "requested_slots_recall": 0.9817236753856472
  },
  "#SEEN_SERVICES": {
    "active_intent_accuracy": 0.612272420768712,
    "average_cat_accuracy": 0.39817842129845865,
    "average_goal_accuracy": 0.29020378510378514,
    "average_noncat_accuracy": 0.22022364400305575,
    "joint_cat_accuracy": 0.07842441447835344,
    "joint_goal_accuracy": 0.00736614293934592,
    "joint_noncat_accuracy": 0.05017295813712071,
    "requested_slots_f1": 0.03809903290685489,
    "requested_slots_precision": 0.023731389611362636,
    "requested_slots_recall": 0.9819622387053271
  },
  "#UNSEEN_SERVICES": {
    "active_intent_accuracy": 0.44229486324216144,
    "average_cat_accuracy": 0.2761292016806723,
    "average_goal_accuracy": 0.2445599469332346,
    "average_noncat_accuracy": 0.21004204680682267,
    "joint_cat_accuracy": 0.057848052448900886,
    "joint_goal_accuracy": 0.004240599579719812,
    "joint_noncat_accuracy": 0.016787845047098064,
    "requested_slots_f1": 0.030196238547239313,
    "requested_slots_precision": 0.01841489385881726,
    "requested_slots_recall": 0.9814876584389594
  },
  "Alarm_1": {
    "active_intent_accuracy": 0.611353711790393,
    "average_goal_accuracy": 0.2553246753246753,
    "average_noncat_accuracy": 0.2553246753246753,
    "joint_goal_accuracy": 0.03942532751091703,
    "joint_noncat_accuracy": 0.03942532751091703,
    "requested_slots_f1": 0.0,
    "requested_slots_precision": 0.0,
    "requested_slots_recall": 1.0
  },
  "Banks_2": {
    "active_intent_accuracy": 0.5696594427244582,
    "average_cat_accuracy": 0.5880398671096345,
    "average_goal_accuracy": 0.4469767441860465,
    "average_noncat_accuracy": 0.1654945054945055,
    "joint_cat_accuracy": 0.16718266253869968,
    "joint_goal_accuracy": 0.004380495356037153,
    "joint_noncat_accuracy": 0.03022198142414861,
    "requested_slots_f1": 0.025652366209641748,
    "requested_slots_precision": 0.014963880288957688,
    "requested_slots_recall": 0.9907120743034056
  },
  "Buses_1": {
    "active_intent_accuracy": 0.5464190981432361,
    "average_cat_accuracy": 0.036,
    "average_goal_accuracy": 0.19721813031161473,
    "average_noncat_accuracy": 0.2281595238095238,
    "joint_cat_accuracy": 0.023872679045092837,
    "joint_goal_accuracy": 2.8174535809018564e-05,
    "joint_noncat_accuracy": 0.025646606498673744,
    "requested_slots_f1": 0.05496093944369807,
    "requested_slots_precision": 0.0372563260494295,
    "requested_slots_recall": 0.9840848806366048
  },
  "Events_1": {
    "active_intent_accuracy": 0.5585412667946257,
    "average_cat_accuracy": 0.42342342342342343,
    "average_goal_accuracy": 0.2794812108559499,
    "average_noncat_accuracy": 0.20714771101573676,
    "joint_cat_accuracy": 0.02111324376199616,
    "joint_goal_accuracy": 0.0,
    "joint_noncat_accuracy": 0.032534908138195776,
    "requested_slots_f1": 0.028376858799123675,
    "requested_slots_precision": 0.016352862322152148,
    "requested_slots_recall": 1.0
  },
  "Flights_3": {
    "active_intent_accuracy": 0.22422258592471359,
    "average_cat_accuracy": 0.2985209235209236,
    "average_goal_accuracy": 0.23795137314184936,
    "average_noncat_accuracy": 0.20131398252184768,
    "joint_cat_accuracy": 0.0,
    "joint_goal_accuracy": 0.0,
    "joint_noncat_accuracy": 0.03002645374795418,
    "requested_slots_f1": 0.020312677573398212,
    "requested_slots_precision": 0.011245530567760278,
    "requested_slots_recall": 0.9967266775777414
  },
  "Homes_1": {
    "active_intent_accuracy": 0.5996592844974447,
    "average_cat_accuracy": 0.3948717948717949,
    "average_goal_accuracy": 0.3207981965174129,
    "average_noncat_accuracy": 0.22266932270916337,
    "joint_cat_accuracy": 0.0,
    "joint_goal_accuracy": 0.0,
    "joint_noncat_accuracy": 0.023208027257240207,
    "requested_slots_f1": 0.042861321907318506,
    "requested_slots_precision": 0.025217003326032286,
    "requested_slots_recall": 1.0
  },
  "Hotels_1": {
    "active_intent_accuracy": 0.4336917562724014,
    "average_cat_accuracy": 0.2824726134585289,
    "average_goal_accuracy": 0.2220328282828283,
    "average_noncat_accuracy": 0.19787254901960782,
    "joint_cat_accuracy": 0.0,
    "joint_goal_accuracy": 0.0,
    "joint_noncat_accuracy": 0.00034654845878136204,
    "requested_slots_f1": 0.04624017957351291,
    "requested_slots_precision": 0.02719036240541617,
    "requested_slots_recall": 0.985663082437276
  },
  "Hotels_4": {
    "active_intent_accuracy": 0.5357142857142857,
    "average_cat_accuracy": 0.2152777777777778,
    "average_goal_accuracy": 0.1990708935259497,
    "average_noncat_accuracy": 0.19818627450980392,
    "joint_cat_accuracy": 0.0,
    "joint_goal_accuracy": 0.0,
    "joint_noncat_accuracy": 0.018419010785714285,
    "requested_slots_f1": 0.04460703978561121,
    "requested_slots_precision": 0.026948696145124715,
    "requested_slots_recall": 0.9732142857142857
  },
  "Media_2": {
    "active_intent_accuracy": 0.5238095238095238,
    "average_cat_accuracy": 0.17575757575757575,
    "average_goal_accuracy": 0.21907159221076744,
    "average_noncat_accuracy": 0.22341638029782354,
    "joint_cat_accuracy": 0.09206349206349207,
    "joint_goal_accuracy": 3.4571428571428574e-06,
    "joint_noncat_accuracy": 0.006665891269841269,
    "requested_slots_f1": 0.032683295540438397,
    "requested_slots_precision": 0.023492063492063495,
    "requested_slots_recall": 0.9444444444444444
  },
  "Movies_2": {
    "active_intent_accuracy": 0.7613636363636364,
    "average_goal_accuracy": 0.17954545454545456,
    "average_noncat_accuracy": 0.17954545454545456,
    "joint_goal_accuracy": 0.006607261363636364,
    "joint_noncat_accuracy": 0.006607261363636364,
    "requested_slots_f1": 0.05854978354978357,
    "requested_slots_precision": 0.038352272727272735,
    "requested_slots_recall": 1.0
  },
  "Music_1": {
    "active_intent_accuracy": 0.5060728744939271,
    "average_cat_accuracy": 0.18627450980392157,
    "average_goal_accuracy": 0.22301421800947865,
    "average_noncat_accuracy": 0.24983660130718954,
    "joint_cat_accuracy": 0.0,
    "joint_goal_accuracy": 0.0,
    "joint_noncat_accuracy": 0.031226506882591095,
    "requested_slots_f1": 0.045691150954308854,
    "requested_slots_precision": 0.02780026990553306,
    "requested_slots_recall": 0.9979757085020243
  },
  "RentalCars_1": {
    "active_intent_accuracy": 0.5945121951219512,
    "average_cat_accuracy": 0.6871794871794872,
    "average_goal_accuracy": 0.2782369281045752,
    "average_noncat_accuracy": 0.22761403508771932,
    "joint_cat_accuracy": 0.40853658536585363,
    "joint_goal_accuracy": 0.0002684699942073171,
    "joint_noncat_accuracy": 0.012504542148475609,
    "requested_slots_f1": 0.006775067750677507,
    "requested_slots_precision": 0.0038109756097560975,
    "requested_slots_recall": 0.9146341463414634
  },
  "Restaurants_2": {
    "active_intent_accuracy": 0.30303030303030304,
    "average_cat_accuracy": 0.19140989729225022,
    "average_goal_accuracy": 0.2184777655048274,
    "average_noncat_accuracy": 0.2176658031088083,
    "joint_cat_accuracy": 0.0,
    "joint_goal_accuracy": 0.0,
    "joint_noncat_accuracy": 0.003341059651036684,
    "requested_slots_f1": 0.027675762125522894,
    "requested_slots_precision": 0.016098211552757008,
    "requested_slots_recall": 0.9593301435406698
  },
  "RideSharing_1": {
    "active_intent_accuracy": 0.8988326848249028,
    "average_cat_accuracy": 0.6413043478260869,
    "average_goal_accuracy": 0.4977450980392157,