{
  "#ALL_SERVICES": {
    "active_intent_accuracy": 0.9386317907444668,
    "average_cat_accuracy": 0.6859909353110836,
    "average_goal_accuracy": 0.8277163418119964,
    "average_noncat_accuracy": 0.8812350651877798,
    "joint_cat_accuracy": 0.693032711143966,
    "joint_goal_accuracy": 0.5414859154929578,
    "joint_noncat_accuracy": 0.6907323775989269,
    "requested_slots_f1": 0.9430232186771422,
    "requested_slots_precision": 0.9795606975184441,
    "requested_slots_recall": 0.9464285714285714
  },
  "#SEEN_SERVICES": {
    "active_intent_accuracy": 0.9838165879973028,
    "average_cat_accuracy": 0.8849447298770045,
    "average_goal_accuracy": 0.9034800802372231,
    "average_noncat_accuracy": 0.9293185637891521,
    "joint_cat_accuracy": 0.8779276082327893,
    "joint_goal_accuracy": 0.7798038098449089,
    "joint_noncat_accuracy": 0.8777051921780176,
    "requested_slots_f1": 0.9795347269049225,
    "requested_slots_precision": 0.9926387952348842,
    "requested_slots_recall": 0.9833108563722185
  },
  "#UNSEEN_SERVICES": {
    "active_intent_accuracy": 0.8939292861907938,
    "average_cat_accuracy": 0.46227240896358546,
    "average_goal_accuracy": 0.7511391459953104,
    "average_noncat_accuracy": 0.831301467671559,
    "joint_cat_accuracy": 0.49209409949865024,
    "joint_goal_accuracy": 0.3057117745163442,
    "joint_noncat_accuracy": 0.5057552701801201,
    "requested_slots_f1": 0.9069014263477237,
    "requested_slots_precision": 0.9666221925728263,
    "requested_slots_recall": 0.9099399599733156
  },
  "Alarm_1": {
    "active_intent_accuracy": 0.7554585152838428,
    "average_goal_accuracy": 0.6252597402597403,
    "average_noncat_accuracy": 0.6252597402597403,
    "joint_goal_accuracy": 0.4575982532751091,
    "joint_noncat_accuracy": 0.4575982532751091,
    "requested_slots_f1": 1.0,
    "requested_slots_precision": 1.0,
    "requested_slots_recall": 1.0
  },
  "Banks_2": {
    "active_intent_accuracy": 0.9566563467492261,
    "average_cat_accuracy": 0.925249169435216,
    "average_goal_accuracy": 0.8471068660022149,
    "average_noncat_accuracy": 0.6452747252747253,
    "joint_cat_accuracy": 0.8699690402476781,
    "joint_goal_accuracy": 0.5916718266253871,
    "joint_noncat_accuracy": 0.6219195046439628,
    "requested_slots_f1": 0.9009287925696594,
    "requested_slots_precision": 1.0,
    "requested_slots_recall": 0.9009287925696594
  },
  "Buses_1": {
    "active_intent_accuracy": 0.9920424403183024,
    "average_cat_accuracy": 1.0,
    "average_goal_accuracy": 0.9755576015108594,
    "average_noncat_accuracy": 0.970807142857143,
    "joint_cat_accuracy": 1.0,
    "joint_goal_accuracy": 0.9336604774535809,
    "joint_noncat_accuracy": 0.9336604774535809,
    "requested_slots_f1": 0.9893899204244032,
    "requested_slots_precision": 0.986737400530504,
    "requested_slots_recall": 0.9960212201591512
  },
  "Events_1": {
    "active_intent_accuracy": 0.9904030710172744,
    "average_cat_accuracy": 1.0,
    "average_goal_accuracy": 0.9563980514961726,
    "average_noncat_accuracy": 0.9374213161659513,
    "joint_cat_accuracy": 1.0,
    "joint_goal_accuracy": 0.8178886756238004,
    "joint_noncat_accuracy": 0.8178886756238004,
    "requested_slots_f1": 0.9929622520793346,
    "requested_slots_precision": 0.9971209213051824,
    "requested_slots_recall": 0.9952015355086372
  },
  "Flights_3": {
    "active_intent_accuracy": 0.9541734860883797,
    "average_cat_accuracy": 0.6663059163059164,
    "average_goal_accuracy": 0.7811880826404636,
    "average_noncat_accuracy": 0.8435315230961298,
    "joint_cat_accuracy": 0.4959083469721768,
    "joint_goal_accuracy": 0.2734212765957447,
    "joint_noncat_accuracy": 0.5567482815057283,
    "requested_slots_f1": 0.8827059465357336,
    "requested_slots_precision": 0.9983633387888707,
    "requested_slots_recall": 0.8821603927986906
  },
  "Homes_1": {
    "active_intent_accuracy": 0.9863713798977853,
    "average_cat_accuracy": 0.9971153846153846,
    "average_goal_accuracy": 0.9872993958777542,
    "average_noncat_accuracy": 0.9803486055776892,
    "joint_cat_accuracy": 0.959114139693356,
    "joint_goal_accuracy": 0.9352810902896082,
    "joint_noncat_accuracy": 0.9557240204429301,
    "requested_slots_f1": 0.9982964224872232,
    "requested_slots_precision": 0.9982964224872232,
    "requested_slots_recall": 1.0
  },
  "Hotels_1": {
    "active_intent_accuracy": 0.9713261648745519,
    "average_cat_accuracy": 0.827073552425665,
    "average_goal_accuracy": 0.938778318903319,
    "average_noncat_accuracy": 0.9914803921568627,
    "joint_cat_accuracy": 0.7311827956989247,
    "joint_goal_accuracy": 0.7132616487455197,
    "joint_noncat_accuracy": 0.9693548387096774,
    "requested_slots_f1": 0.9850657108721624,
    "requested_slots_precision": 0.9874551971326165,
    "requested_slots_recall": 0.9838709677419355
  },
  "Hotels_4": {
    "active_intent_accuracy": 0.9821428571428571,
    "average_cat_accuracy": 0.6913580246913581,
    "average_goal_accuracy": 0.8204531835205993,
    "average_noncat_accuracy": 0.8792254901960784,
    "joint_cat_accuracy": 0.41785714285714287,
    "joint_goal_accuracy": 0.118095,
    "joint_noncat_accuracy": 0.25377357142857143,
    "requested_slots_f1": 0.9247108843537415,
    "requested_slots_precision": 0.915297619047619,
    "requested_slots_recall": 0.95
  },
  "Media_2": {
    "active_intent_accuracy": 0.9523809523809523,
    "average_cat_accuracy": 0.0,
    "average_goal_accuracy": 0.7517336769759451,
    "average_noncat_accuracy": 0.8957588774341352,
    "joint_cat_accuracy": 0.47619047619047616,
    "joint_goal_accuracy": 0.262831746031746,
    "joint_noncat_accuracy": 0.44187301587301586,
    "requested_slots_f1": 0.8925925925925926,
    "requested_slots_precision": 0.9111111111111111,
    "requested_slots_recall": 0.8936507936507937
  },
  "Movies_2": {
    "active_intent_accuracy": 0.9431818181818182,
    "average_goal_accuracy": 0.5944214876033057,
    "average_noncat_accuracy": 0.5944214876033057,
    "joint_goal_accuracy": 0.33759602272727274,
    "joint_noncat_accuracy": 0.33759602272727274,
    "requested_slots_f1": 0.9109848484848484,
    "requested_slots_precision": 0.918560606060606,
    "requested_slots_recall": 0.9176136363636364
  },
  "Music_1": {
    "active_intent_accuracy": 0.9473684210526315,
    "average_cat_accuracy": 0.6503267973856209,
    "average_goal_accuracy": 0.7840007898894156,
    "average_noncat_accuracy": 0.855686274509804,
    "joint_cat_accuracy": 0.680161943319838,
    "joint_goal_accuracy": 0.5506072874493927,
    "joint_noncat_accuracy": 0.8061538461538462,
    "requested_slots_f1": 0.9878542510121457,
    "requested_slots_precision": 0.9858299595141701,
    "requested_slots_recall": 1.0
  },
  "RentalCars_1": {
    "active_intent_accuracy": 0.9908536585365854,
    "average_cat_accuracy": 0.9179487179487179,
    "average_goal_accuracy": 0.9552342047930283,
    "average_noncat_accuracy": 0.9581502192982456,
    "joint_cat_accuracy": 0.9237804878048781,
    "joint_goal_accuracy": 0.8106170731707316,
    "joint_noncat_accuracy": 0.8606033536585366,
    "requested_slots_f1": 0.9969512195121951,
    "requested_slots_precision": 1.0,
    "requested_slots_recall": 0.9969512195121951
  },
  "Restaurants_2": {
    "active_intent_accuracy": 0.7687400318979266,
    "average_cat_accuracy": 0.40476190476190477,
    "average_goal_accuracy": 0.7914287350679104,
    "average_noncat_accuracy": 0.8602420840529649,
    "joint_cat_accuracy": 0.6236044657097288,
    "joint_goal_accuracy": 0.38961403508771925,
    "joint_noncat_accuracy": 0.5032931419457735,
    "requested_slots_f1": 0.9087795245689982,
    "requested_slots_precision": 0.9505316321105794,
    "requested_slots_recall": 0.9154704944178629
  },
  "RideSharing_1": {
    "active_intent_accuracy": 1.0,
    "average_cat_accuracy": 0.9891304347826086,
    "average_goal_accuracy": 0.9402100840336135,
    "average_noncat_accuracy": 0.8474407582938389,