{
  "#ALL_SERVICES": {
    "active_intent_accuracy": 0.9267270288397049,
    "average_cat_accuracy": 0.7048825710754018,
    "average_goal_accuracy": 0.8298517768366782,
    "average_noncat_accuracy": 0.8791064733735487,
    "joint_cat_accuracy": 0.7059693217519867,
    "joint_goal_accuracy": 0.5120121395036888,
    "joint_noncat_accuracy": 0.6582968544600939,
    "requested_slots_f1": 0.934907859857558,
    "requested_slots_precision": 0.9665520903196959,
    "requested_slots_recall": 0.948775989268947
  },
  "#SEEN_SERVICES": {
    "active_intent_accuracy": 0.9625758597437627,
    "average_cat_accuracy": 0.8841662774404484,
    "average_goal_accuracy": 0.8871962061747775,
    "average_noncat_accuracy": 0.9070466004583653,
    "joint_cat_accuracy": 0.8605393896380412,
    "joint_goal_accuracy": 0.6675253202966959,
    "joint_noncat_accuracy": 0.7670080242751179,
    "requested_slots_f1": 0.9609912339851651,
    "requested_slots_precision": 0.9698808721060913,
    "requested_slots_recall": 0.9824679703304113
  },
  "#UNSEEN_SERVICES": {
    "active_intent_accuracy": 0.8912608405603736,
    "average_cat_accuracy": 0.5032825630252101,
    "average_goal_accuracy": 0.7718916538848046,
    "average_noncat_accuracy": 0.850091299748777,
    "joint_cat_accuracy": 0.5379868877747782,
    "joint_goal_accuracy": 0.35815887258172113,
    "joint_noncat_accuracy": 0.5507460440293529,
    "requested_slots_f1": 0.9091028939928206,
    "requested_slots_precision": 0.9632588392261509,
    "requested_slots_recall": 0.9154436290860574
  },
  "Alarm_1": {
    "active_intent_accuracy": 0.7205240174672489,
    "average_goal_accuracy": 0.7981493506493506,
    "average_noncat_accuracy": 0.7981493506493506,
    "joint_goal_accuracy": 0.6102183406113537,
    "joint_noncat_accuracy": 0.6102183406113537,
    "requested_slots_f1": 1.0,
    "requested_slots_precision": 1.0,
    "requested_slots_recall": 1.0
  },
  "Banks_2": {
    "active_intent_accuracy": 0.978328173374613,
    "average_cat_accuracy": 0.9136212624584718,
    "average_goal_accuracy": 0.9061655592469544,
    "average_noncat_accuracy": 0.8463461538461536,
    "joint_cat_accuracy": 0.8421052631578947,
    "joint_goal_accuracy": 0.7043962848297214,
    "joint_noncat_accuracy": 0.829938080495356,
    "requested_slots_f1": 0.9009287925696594,
    "requested_slots_precision": 1.0,
    "requested_slots_recall": 0.9009287925696594
  },
  "Buses_1": {
    "active_intent_accuracy": 0.9575596816976127,
    "average_cat_accuracy": 1.0,
    "average_goal_accuracy": 0.8952105760151085,
    "average_noncat_accuracy": 0.8702738095238094,
    "joint_cat_accuracy": 0.9973474801061007,
    "joint_goal_accuracy": 0.6087506631299735,
    "joint_noncat_accuracy": 0.6114031830238726,
    "requested_slots_f1": 0.980548187444739,
    "requested_slots_precision": 0.9708222811671088,
    "requested_slots_recall": 1.0
  },
  "Events_1": {
    "active_intent_accuracy": 0.9558541266794626,
    "average_cat_accuracy": 0.9932432432432432,
    "average_goal_accuracy": 0.9482007654836465,
    "average_noncat_accuracy": 0.9285783261802575,
    "joint_cat_accuracy": 0.9884836852207294,
    "joint_goal_accuracy": 0.8167946257197697,
    "joint_noncat_accuracy": 0.8283109404990403,
    "requested_slots_f1": 0.963531669865643,
    "requested_slots_precision": 0.9664107485604606,
    "requested_slots_recall": 0.9932821497120922
  },
  "Flights_3": {
    "active_intent_accuracy": 0.9754500818330606,
    "average_cat_accuracy": 0.6935425685425685,
    "average_goal_accuracy": 0.8498573948097758,
    "average_noncat_accuracy": 0.9321878901373283,
    "joint_cat_accuracy": 0.5188216039279869,
    "joint_goal_accuracy": 0.41707103109656307,
    "joint_noncat_accuracy": 0.8001198036006547,
    "requested_slots_f1": 0.8805237315875614,
    "requested_slots_precision": 1.0,
    "requested_slots_recall": 0.8805237315875614
  },
  "Homes_1": {
    "active_intent_accuracy": 0.9676320272572402,
    "average_cat_accuracy": 0.9711538461538461,
    "average_goal_accuracy": 0.9578566098081026,
    "average_noncat_accuracy": 0.9569223107569721,
    "joint_cat_accuracy": 0.8841567291311755,
    "joint_goal_accuracy": 0.7166439522998296,
    "joint_noncat_accuracy": 0.8052299829642248,
    "requested_slots_f1": 0.9909142532651901,
    "requested_slots_precision": 0.9903463940942645,
    "requested_slots_recall": 0.9991482112436116
  },
  "Hotels_1": {
    "active_intent_accuracy": 0.9390681003584229,
    "average_cat_accuracy": 0.9014084507042254,
    "average_goal_accuracy": 0.9511123737373737,
    "average_noncat_accuracy": 0.9728954248366013,
    "joint_cat_accuracy": 0.8853046594982079,
    "joint_goal_accuracy": 0.7281362007168459,
    "joint_noncat_accuracy": 0.7938781362007169,
    "requested_slots_f1": 0.942652329749104,
    "requested_slots_precision": 0.9605734767025089,
    "requested_slots_recall": 0.9498207885304659
  },
  "Hotels_4": {
    "active_intent_accuracy": 0.9857142857142858,
    "average_cat_accuracy": 0.8441358024691359,
    "average_goal_accuracy": 0.8231498127340824,
    "average_noncat_accuracy": 0.8079509803921568,
    "joint_cat_accuracy": 0.7178571428571429,
    "joint_goal_accuracy": 0.26031785714285716,
    "joint_noncat_accuracy": 0.33031678571428574,
    "requested_slots_f1": 0.9119047619047619,
    "requested_slots_precision": 0.9273809523809522,
    "requested_slots_recall": 0.9339285714285714
  },
  "Media_2": {
    "active_intent_accuracy": 0.926984126984127,
    "average_cat_accuracy": 0.13333333333333333,
    "average_goal_accuracy": 0.7124587628865979,
    "average_noncat_accuracy": 0.8210166093928981,
    "joint_cat_accuracy": 0.526984126984127,
    "joint_goal_accuracy": 0.19518158730158727,
    "joint_noncat_accuracy": 0.20056603174603171,
    "requested_slots_f1": 0.9253968253968254,
    "requested_slots_precision": 0.9206349206349206,
    "requested_slots_recall": 0.9412698412698413
  },
  "Movies_2": {
    "active_intent_accuracy": 0.9772727272727273,
    "average_goal_accuracy": 0.687809917355372,
    "average_noncat_accuracy": 0.687809917355372,
    "joint_goal_accuracy": 0.35988579545454547,
    "joint_noncat_accuracy": 0.35988579545454547,
    "requested_slots_f1": 0.8977272727272727,
    "requested_slots_precision": 0.8910984848484849,
    "requested_slots_recall": 0.9232954545454546
  },
  "Music_1": {
    "active_intent_accuracy": 0.9635627530364372,
    "average_cat_accuracy": 0.738562091503268,
    "average_goal_accuracy": 0.8288309636650869,
    "average_noncat_accuracy": 0.8980882352941179,
    "joint_cat_accuracy": 0.582995951417004,
    "joint_goal_accuracy": 0.4754655870445344,
    "joint_noncat_accuracy": 0.760323886639676,
    "requested_slots_f1": 0.9635627530364372,
    "requested_slots_precision": 0.9777327935222672,
    "requested_slots_recall": 0.9838056680161943
  },
  "RentalCars_1": {
    "active_intent_accuracy": 0.9786585365853658,
    "average_cat_accuracy": 0.841025641025641,
    "average_goal_accuracy": 0.890408496732026,
    "average_noncat_accuracy": 0.8930142543859649,
    "joint_cat_accuracy": 0.875,
    "joint_goal_accuracy": 0.58485,
    "joint_noncat_accuracy": 0.633092987804878,
    "requested_slots_f1": 0.9512195121951219,
    "requested_slots_precision": 0.9542682926829268,
    "requested_slots_recall": 0.9969512195121951
  },
  "Restaurants_2": {
    "active_intent_accuracy": 0.7830940988835726,
    "average_cat_accuracy": 0.4103641456582633,
    "average_goal_accuracy": 0.7566449844542629,
    "average_noncat_accuracy": 0.8250161197466895,
    "joint_cat_accuracy": 0.6299840510366826,
    "joint_goal_accuracy": 0.34762169059011166,
    "joint_noncat_accuracy": 0.4818140350877193,
    "requested_slots_f1": 0.8883420672894355,
    "requested_slots_precision": 0.9271929824561403,
    "requested_slots_recall": 0.89792663476874
  },
  "RideSharing_1": {
    "active_intent_accuracy": 0.9961089494163424,
    "average_cat_accuracy": 0.9869565217391304,