{
  "#ALL_SERVICES": {
    "active_intent_accuracy": 0.9339369550637157,
    "average_cat_accuracy": 0.6551709929954677,
    "average_goal_accuracy": 0.775669722317209,
    "average_noncat_accuracy": 0.8280640851008627,
    "joint_cat_accuracy": 0.6682683422657549,
    "joint_goal_accuracy": 0.45939136854460094,
    "joint_noncat_accuracy": 0.5933931790744468,
    "requested_slots_f1": 0.941405576315033,
    "requested_slots_precision": 0.9747680527610104,
    "requested_slots_recall": 0.948943661971831
  },
  "#SEEN_SERVICES": {
    "active_intent_accuracy": 0.9693189480782198,
    "average_cat_accuracy": 0.8475011676786548,
    "average_goal_accuracy": 0.8277719256933542,
    "average_noncat_accuracy": 0.8511119811560988,
    "joint_cat_accuracy": 0.8310858765081618,
    "joint_goal_accuracy": 0.6534928172623061,
    "joint_noncat_accuracy": 0.7657977724207687,
    "requested_slots_f1": 0.9718363677230838,
    "requested_slots_precision": 0.9854461676781299,
    "requested_slots_recall": 0.9794335805799056
  },
  "#UNSEEN_SERVICES": {
    "active_intent_accuracy": 0.8989326217478318,
    "average_cat_accuracy": 0.43890056022408963,
    "average_goal_accuracy": 0.7230081098711235,
    "average_noncat_accuracy": 0.8041293798757108,
    "joint_cat_accuracy": 0.4913227921326649,
    "joint_goal_accuracy": 0.2673617164776518,
    "joint_noncat_accuracy": 0.42282879486324215,
    "requested_slots_f1": 0.9112995965564343,
    "requested_slots_precision": 0.9642039137202579,
    "requested_slots_recall": 0.9187791861240827
  },
  "Alarm_1": {
    "active_intent_accuracy": 0.6986899563318777,
    "average_goal_accuracy": 0.46909090909090917,
    "average_noncat_accuracy": 0.46909090909090917,
    "joint_goal_accuracy": 0.39379694323144104,
    "joint_noncat_accuracy": 0.39379694323144104,
    "requested_slots_f1": 1.0,
    "requested_slots_precision": 1.0,
    "requested_slots_recall": 1.0
  },
  "Banks_2": {
    "active_intent_accuracy": 0.9752321981424149,
    "average_cat_accuracy": 0.8604651162790697,
    "average_goal_accuracy": 0.795404208194906,
    "average_noncat_accuracy": 0.604065934065934,
    "joint_cat_accuracy": 0.7925696594427245,
    "joint_goal_accuracy": 0.5555417956656347,
    "joint_noncat_accuracy": 0.6435913312693499,
    "requested_slots_f1": 0.9009287925696594,
    "requested_slots_precision": 1.0,
    "requested_slots_recall": 0.9009287925696594
  },
  "Buses_1": {
    "active_intent_accuracy": 0.986737400530504,
    "average_cat_accuracy": 1.0,
    "average_goal_accuracy": 0.9625184135977337,
    "average_noncat_accuracy": 0.9541333333333335,
    "joint_cat_accuracy": 1.0,
    "joint_goal_accuracy": 0.8865824933687001,
    "joint_noncat_accuracy": 0.8865824933687001,
    "requested_slots_f1": 0.980548187444739,
    "requested_slots_precision": 0.9708222811671088,
    "requested_slots_recall": 1.0
  },
  "Events_1": {
    "active_intent_accuracy": 0.9021113243761996,
    "average_cat_accuracy": 0.9842342342342343,
    "average_goal_accuracy": 0.9087073764787751,
    "average_noncat_accuracy": 0.8708476394849785,
    "joint_cat_accuracy": 0.9846449136276392,
    "joint_goal_accuracy": 0.6677494049904031,
    "joint_noncat_accuracy": 0.6796879846449136,
    "requested_slots_f1": 0.984005118362124,
    "requested_slots_precision": 0.9923224568138196,
    "requested_slots_recall": 0.989443378119002
  },
  "Flights_3": {
    "active_intent_accuracy": 0.983633387888707,
    "average_cat_accuracy": 0.658008658008658,
    "average_goal_accuracy": 0.840543629797598,
    "average_noncat_accuracy": 0.9259035580524345,
    "joint_cat_accuracy": 0.4795417348608838,
    "joint_goal_accuracy": 0.2752543371522095,
    "joint_noncat_accuracy": 0.5479559738134206,
    "requested_slots_f1": 0.8805237315875614,
    "requested_slots_precision": 1.0,
    "requested_slots_recall": 0.8805237315875614
  },
  "Homes_1": {
    "active_intent_accuracy": 0.9829642248722317,
    "average_cat_accuracy": 0.8948717948717948,
    "average_goal_accuracy": 0.9053878375977256,
    "average_noncat_accuracy": 0.9472609561752987,
    "joint_cat_accuracy": 0.8245315161839863,
    "joint_goal_accuracy": 0.7337478705281091,
    "joint_noncat_accuracy": 0.8795059625212946,
    "requested_slots_f1": 0.9925042589437818,
    "requested_slots_precision": 0.9889267461669506,
    "requested_slots_recall": 1.0
  },
  "Hotels_1": {
    "active_intent_accuracy": 0.967741935483871,
    "average_cat_accuracy": 0.8200312989045384,
    "average_goal_accuracy": 0.9171987734487734,
    "average_noncat_accuracy": 0.9620882352941176,
    "joint_cat_accuracy": 0.6953405017921147,
    "joint_goal_accuracy": 0.6307856630824372,
    "joint_noncat_accuracy": 0.8785491039426523,
    "requested_slots_f1": 0.9557945041816011,
    "requested_slots_precision": 0.9767025089605734,
    "requested_slots_recall": 0.9516129032258065
  },
  "Hotels_4": {
    "active_intent_accuracy": 0.9678571428571429,
    "average_cat_accuracy": 0.51929012345679,
    "average_goal_accuracy": 0.6768291421437489,
    "average_noncat_accuracy": 0.7760588235294118,
    "joint_cat_accuracy": 0.46785714285714286,
    "joint_goal_accuracy": 0.11257035,
    "joint_noncat_accuracy": 0.21165815000000002,
    "requested_slots_f1": 0.8970068027210885,
    "requested_slots_precision": 0.913392857142857,
    "requested_slots_recall": 0.9214285714285714
  },
  "Media_2": {
    "active_intent_accuracy": 0.9619047619047619,
    "average_cat_accuracy": 0.048484848484848485,
    "average_goal_accuracy": 0.7293361970217641,
    "average_noncat_accuracy": 0.8607016036655212,
    "joint_cat_accuracy": 0.5015873015873016,
    "joint_goal_accuracy": 0.2553092063492064,
    "joint_noncat_accuracy": 0.3563555555555556,
    "requested_slots_f1": 0.9301587301587302,
    "requested_slots_precision": 0.9476190476190476,
    "requested_slots_recall": 0.9396825396825397
  },
  "Movies_2": {
    "active_intent_accuracy": 1.0,
    "average_goal_accuracy": 0.7542975206611571,
    "average_noncat_accuracy": 0.7542975206611571,
    "joint_goal_accuracy": 0.32696875,
    "joint_noncat_accuracy": 0.32696875,
    "requested_slots_f1": 0.9070075757575757,
    "requested_slots_precision": 0.9384469696969696,
    "requested_slots_recall": 0.9232954545454546
  },
  "Music_1": {
    "active_intent_accuracy": 0.97165991902834,
    "average_cat_accuracy": 0.6633986928104575,
    "average_goal_accuracy": 0.763521327014218,
    "average_noncat_accuracy": 0.8220833333333333,
    "joint_cat_accuracy": 0.6356275303643725,
    "joint_goal_accuracy": 0.512914979757085,
    "joint_noncat_accuracy": 0.7539676113360323,
    "requested_slots_f1": 0.97165991902834,
    "requested_slots_precision": 0.9919028340080972,
    "requested_slots_recall": 0.9736842105263158
  },
  "RentalCars_1": {
    "active_intent_accuracy": 0.9847560975609756,
    "average_cat_accuracy": 0.8256410256410256,
    "average_goal_accuracy": 0.9216623093681917,
    "average_noncat_accuracy": 0.9307796052631578,
    "joint_cat_accuracy": 0.8658536585365854,
    "joint_goal_accuracy": 0.6799434634146342,
    "joint_noncat_accuracy": 0.7738474176829268,
    "requested_slots_f1": 0.9939024390243902,
    "requested_slots_precision": 0.9969512195121951,
    "requested_slots_recall": 0.9969512195121951
  },
  "Restaurants_2": {
    "active_intent_accuracy": 0.8325358851674641,
    "average_cat_accuracy": 0.3599439775910364,
    "average_goal_accuracy": 0.7342502045491736,
    "average_noncat_accuracy": 0.7990906735751295,
    "joint_cat_accuracy": 0.6028708133971292,
    "joint_goal_accuracy": 0.22210833811802236,
    "joint_noncat_accuracy": 0.27344646411483253,
    "requested_slots_f1": 0.8962481962481964,
    "requested_slots_precision": 0.9174906964380648,
    "requested_slots_recall": 0.9170653907496013
  },
  "RideSharing_1": {
    "active_intent_accuracy": 0.9961089494163424,
    "average_cat_accuracy": 0.9782608695652174,
    "average_goal_accuracy": 0.9601260504201681,