{
  "#ALL_SERVICES": {
    "active_intent_accuracy": 0.9175050301810865,
    "average_cat_accuracy": 0.557725587144623,
    "average_goal_accuracy": 0.561851198148197,
    "average_noncat_accuracy": 0.5643595381721476,
    "joint_cat_accuracy": 0.5172796155978562,
    "joint_goal_accuracy": 0.20663978816901407,
    "joint_noncat_accuracy": 0.3438205056405097,
    "requested_slots_f1": 0.8735747820254862,
    "requested_slots_precision": 0.9964788732394366,
    "requested_slots_recall": 0.8731556002682763
  },
  "#SEEN_SERVICES": {
    "active_intent_accuracy": 0.949763991908294,
    "average_cat_accuracy": 0.7424879339872333,
    "average_goal_accuracy": 0.6032231903017616,
    "average_noncat_accuracy": 0.563837089381207,
    "joint_cat_accuracy": 0.5982966643009227,
    "joint_goal_accuracy": 0.20675498875252865,
    "joint_noncat_accuracy": 0.3723482119487525,
    "requested_slots_f1": 0.8686221622836592,
    "requested_slots_precision": 1.0,
    "requested_slots_recall": 0.8683412002697235
  },
  "#UNSEEN_SERVICES": {
    "active_intent_accuracy": 0.8855903935957304,
    "average_cat_accuracy": 0.34996498599439774,
    "average_goal_accuracy": 0.520035004671991,
    "average_noncat_accuracy": 0.5649020891180748,
    "joint_cat_accuracy": 0.4292325491708446,
    "joint_goal_accuracy": 0.2065258172114743,
    "joint_noncat_accuracy": 0.3155972978652435,
    "requested_slots_f1": 0.8784745385812763,
    "requested_slots_precision": 0.9929953302201467,
    "requested_slots_recall": 0.8779186124082722
  },
  "Alarm_1": {
    "active_intent_accuracy": 0.9126637554585153,
    "average_goal_accuracy": 0.6486688311688311,
    "average_noncat_accuracy": 0.6486688311688311,
    "joint_goal_accuracy": 0.4101703056768559,
    "joint_noncat_accuracy": 0.4101703056768559,
    "requested_slots_f1": 1.0,
    "requested_slots_precision": 1.0,
    "requested_slots_recall": 1.0
  },
  "Banks_2": {
    "active_intent_accuracy": 0.9566563467492261,
    "average_cat_accuracy": 0.7691029900332226,
    "average_goal_accuracy": 0.7067746400885936,
    "average_noncat_accuracy": 0.46486263736263733,
    "joint_cat_accuracy": 0.6253869969040248,
    "joint_goal_accuracy": 0.4692260061919505,
    "joint_noncat_accuracy": 0.5102167182662539,
    "requested_slots_f1": 0.9009287925696594,
    "requested_slots_precision": 1.0,
    "requested_slots_recall": 0.9009287925696594
  },
  "Buses_1": {
    "active_intent_accuracy": 0.9946949602122016,
    "average_cat_accuracy": 1.0,
    "average_goal_accuracy": 0.6105868744098206,
    "average_noncat_accuracy": 0.5218904761904761,
    "joint_cat_accuracy": 1.0,
    "joint_goal_accuracy": 0.168489124668435,
    "joint_noncat_accuracy": 0.168489124668435,
    "requested_slots_f1": 0.8567639257294429,
    "requested_slots_precision": 1.0,
    "requested_slots_recall": 0.8567639257294429
  },
  "Events_1": {
    "active_intent_accuracy": 0.9616122840690979,
    "average_cat_accuracy": 0.8761261261261262,
    "average_goal_accuracy": 0.6658197633959639,
    "average_noncat_accuracy": 0.5589520743919886,
    "joint_cat_accuracy": 0.8598848368522073,
    "joint_goal_accuracy": 0.32439155470249514,
    "joint_noncat_accuracy": 0.33611900191938576,
    "requested_slots_f1": 0.8829174664107485,
    "requested_slots_precision": 1.0,
    "requested_slots_recall": 0.8829174664107485
  },
  "Flights_3": {
    "active_intent_accuracy": 0.6530278232405892,
    "average_cat_accuracy": 0.43001443001443,
    "average_goal_accuracy": 0.4885119047619048,
    "average_noncat_accuracy": 0.5434051186017477,
    "joint_cat_accuracy": 0.37315875613747956,
    "joint_goal_accuracy": 0.09962847790507365,
    "joint_noncat_accuracy": 0.20990114566284776,
    "requested_slots_f1": 0.8805237315875614,
    "requested_slots_precision": 1.0,
    "requested_slots_recall": 0.8805237315875614
  },
  "Homes_1": {
    "active_intent_accuracy": 0.9557069846678024,
    "average_cat_accuracy": 0.8532051282051282,
    "average_goal_accuracy": 0.8542503997867803,
    "average_noncat_accuracy": 0.8911254980079681,
    "joint_cat_accuracy": 0.19931856899488926,
    "joint_goal_accuracy": 0.17035775127768313,
    "joint_noncat_accuracy": 0.77809199318569,
    "requested_slots_f1": 0.8421351504826803,
    "requested_slots_precision": 1.0,
    "requested_slots_recall": 0.8415672913117547
  },
  "Hotels_1": {
    "active_intent_accuracy": 0.9283154121863799,
    "average_cat_accuracy": 0.5469483568075117,
    "average_goal_accuracy": 0.37638104256854255,
    "average_noncat_accuracy": 0.3229673202614379,
    "joint_cat_accuracy": 0.44086021505376344,
    "joint_goal_accuracy": 0.08960573476702509,
    "joint_noncat_accuracy": 0.1410752688172043,
    "requested_slots_f1": 0.8172043010752689,
    "requested_slots_precision": 1.0,
    "requested_slots_recall": 0.8172043010752689
  },
  "Hotels_4": {
    "active_intent_accuracy": 0.9678571428571429,
    "average_cat_accuracy": 0.39660493827160487,
    "average_goal_accuracy": 0.204914303549135,
    "average_noncat_accuracy": 0.1511111111111111,
    "joint_cat_accuracy": 0.40714285714285714,
    "joint_goal_accuracy": 0.05714285714285714,
    "joint_noncat_accuracy": 0.12142857142857143,
    "requested_slots_f1": 0.844047619047619,
    "requested_slots_precision": 0.9785714285714285,
    "requested_slots_recall": 0.8392857142857143
  },
  "Media_2": {
    "active_intent_accuracy": 0.9396825396825397,
    "average_cat_accuracy": 0.09696969696969697,
    "average_goal_accuracy": 0.6290108820160366,
    "average_noncat_accuracy": 0.7281930126002292,
    "joint_cat_accuracy": 0.5015873015873016,
    "joint_goal_accuracy": 0.2746984126984127,
    "joint_noncat_accuracy": 0.42502222222222225,
    "requested_slots_f1": 0.8857142857142857,
    "requested_slots_precision": 0.9555555555555556,
    "requested_slots_recall": 0.8857142857142857
  },
  "Movies_2": {
    "active_intent_accuracy": 1.0,
    "average_goal_accuracy": 0.3709504132231405,
    "average_noncat_accuracy": 0.3709504132231405,
    "joint_goal_accuracy": 0.35602272727272727,
    "joint_noncat_accuracy": 0.35602272727272727,
    "requested_slots_f1": 0.8636363636363636,
    "requested_slots_precision": 1.0,
    "requested_slots_recall": 0.8636363636363636
  },
  "Music_1": {
    "active_intent_accuracy": 0.9352226720647774,
    "average_cat_accuracy": 0.41830065359477125,
    "average_goal_accuracy": 0.429980252764613,
    "average_noncat_accuracy": 0.4594934640522875,
    "joint_cat_accuracy": 0.43724696356275305,
    "joint_goal_accuracy": 0.2325506072874494,
    "joint_noncat_accuracy": 0.3095141700404858,
    "requested_slots_f1": 0.8744939271255061,
    "requested_slots_precision": 1.0,
    "requested_slots_recall": 0.8724696356275303
  },
  "RentalCars_1": {
    "active_intent_accuracy": 0.8170731707317073,
    "average_cat_accuracy": 0.7692307692307693,
    "average_goal_accuracy": 0.6915550108932462,
    "average_noncat_accuracy": 0.6714435307017543,
    "joint_cat_accuracy": 0.8323170731707317,
    "joint_goal_accuracy": 0.09539877024390245,
    "joint_noncat_accuracy": 0.11484846536585366,
    "requested_slots_f1": 0.9237804878048781,
    "requested_slots_precision": 1.0,
    "requested_slots_recall": 0.9237804878048781
  },
  "Restaurants_2": {
    "active_intent_accuracy": 0.9266347687400319,
    "average_cat_accuracy": 0.37675070028011204,
    "average_goal_accuracy": 0.5214278555064638,
    "average_noncat_accuracy": 0.5543390903857224,
    "joint_cat_accuracy": 0.6012759170653907,
    "joint_goal_accuracy": 0.1812,
    "joint_noncat_accuracy": 0.21163732057416265,
    "requested_slots_f1": 0.8506113769271663,
    "requested_slots_precision": 0.9984051036682615,
    "requested_slots_recall": 0.8500797448165869
  },
  "RideSharing_1": {
    "active_intent_accuracy": 0.9922178988326849,
    "average_cat_accuracy": 0.7673913043478261,
    "average_goal_accuracy": 0.6699719887955181,
    "average_noncat_accuracy": 0.4353554502369668,