{
  "#ALL_SERVICES": {
    "active_intent_accuracy": 0.9681421864520456,
    "average_cat_accuracy": 0.6968685620107129,
    "average_goal_accuracy": 0.840272496514717,
    "average_noncat_accuracy": 0.8908377764805087,
    "joint_cat_accuracy": 0.7172426538532619,
    "joint_goal_accuracy": 0.5552216633132125,
    "joint_noncat_accuracy": 0.7155773809523809,
    "requested_slots_f1": 0.9477539842227972,
    "requested_slots_precision": 0.9829644533869886,
    "requested_slots_recall": 0.9497820254862508
  },
  "#SEEN_SERVICES": {
    "active_intent_accuracy": 0.9892110586648685,
    "average_cat_accuracy": 0.8792620270901448,
    "average_goal_accuracy": 0.9030108320251177,
    "average_noncat_accuracy": 0.929951171377642,
    "joint_cat_accuracy": 0.8857345635202271,
    "joint_goal_accuracy": 0.7619980445043829,
    "joint_noncat_accuracy": 0.860819251517195,
    "requested_slots_f1": 0.9817374690941784,
    "requested_slots_precision": 0.9942683749157114,
    "requested_slots_recall": 0.9841537424140256
  },
  "#UNSEEN_SERVICES": {
    "active_intent_accuracy": 0.9472981987991995,
    "average_cat_accuracy": 0.4917717086834734,
    "average_goal_accuracy": 0.7768605542920611,
    "average_noncat_accuracy": 0.8502194235091896,
    "joint_cat_accuracy": 0.5341303509448515,
    "joint_goal_accuracy": 0.35065236824549695,
    "joint_noncat_accuracy": 0.571885790527018,
    "requested_slots_f1": 0.9141332316782617,
    "requested_slots_precision": 0.9717811874583056,
    "requested_slots_recall": 0.9157771847898599
  },
  "Alarm_1": {
    "active_intent_accuracy": 0.8558951965065502,
    "average_goal_accuracy": 0.7478571428571429,
    "average_noncat_accuracy": 0.7478571428571429,
    "joint_goal_accuracy": 0.5352978165938865,
    "joint_noncat_accuracy": 0.5352978165938865,
    "requested_slots_f1": 0.9956331877729258,
    "requested_slots_precision": 0.9956331877729258,
    "requested_slots_recall": 1.0
  },
  "Banks_2": {
    "active_intent_accuracy": 0.9969040247678018,
    "average_cat_accuracy": 0.9186046511627907,
    "average_goal_accuracy": 0.8055315614617939,
    "average_noncat_accuracy": 0.5185164835164835,
    "joint_cat_accuracy": 0.8513931888544891,
    "joint_goal_accuracy": 0.516656346749226,
    "joint_noncat_accuracy": 0.5321362229102167,
    "requested_slots_f1": 0.9009287925696594,
    "requested_slots_precision": 1.0,
    "requested_slots_recall": 0.9009287925696594
  },
  "Buses_1": {
    "active_intent_accuracy": 0.986737400530504,
    "average_cat_accuracy": 0.996,
    "average_goal_accuracy": 0.9611402266288953,
    "average_noncat_accuracy": 0.9519619047619048,
    "joint_cat_accuracy": 0.9973474801061007,
    "joint_goal_accuracy": 0.8918302387267906,
    "joint_noncat_accuracy": 0.8944827586206897,
    "requested_slots_f1": 0.9911582670203359,
    "requested_slots_precision": 0.993368700265252,
    "requested_slots_recall": 0.9907161803713528
  },
  "Events_1": {
    "active_intent_accuracy": 0.9942418426103646,
    "average_cat_accuracy": 0.9887387387387387,
    "average_goal_accuracy": 0.9472606123869173,
    "average_noncat_accuracy": 0.9285568669527896,
    "joint_cat_accuracy": 0.9846449136276392,
    "joint_goal_accuracy": 0.8069673704414588,
    "joint_noncat_accuracy": 0.8223224568138197,
    "requested_slots_f1": 0.9923224568138196,
    "requested_slots_precision": 1.0,
    "requested_slots_recall": 0.991362763915547
  },
  "Flights_3": {
    "active_intent_accuracy": 0.9607201309328969,
    "average_cat_accuracy": 0.6569264069264069,
    "average_goal_accuracy": 0.8513696565045771,
    "average_noncat_accuracy": 0.9389466292134832,
    "joint_cat_accuracy": 0.48117839607201307,
    "joint_goal_accuracy": 0.39955875613747954,
    "joint_noncat_accuracy": 0.8441132569558102,
    "requested_slots_f1": 0.8816148390616477,
    "requested_slots_precision": 1.0,
    "requested_slots_recall": 0.881342062193126
  },
  "Homes_1": {
    "active_intent_accuracy": 0.9931856899488927,
    "average_cat_accuracy": 0.9884615384615385,
    "average_goal_accuracy": 0.9638574093816631,
    "average_noncat_accuracy": 0.9487881806108897,
    "joint_cat_accuracy": 0.9608177172061328,
    "joint_goal_accuracy": 0.8702453151618398,
    "joint_noncat_accuracy": 0.9060204429301534,
    "requested_slots_f1": 0.9948892674616695,
    "requested_slots_precision": 0.9965928449744463,
    "requested_slots_recall": 0.9982964224872232
  },
  "Hotels_1": {
    "active_intent_accuracy": 0.967741935483871,
    "average_cat_accuracy": 0.960093896713615,
    "average_goal_accuracy": 0.9748800505050506,
    "average_noncat_accuracy": 0.9784477124183006,
    "joint_cat_accuracy": 0.942652329749104,
    "joint_goal_accuracy": 0.8672043010752688,
    "joint_noncat_accuracy": 0.9224014336917563,
    "requested_slots_f1": 0.9946236559139785,
    "requested_slots_precision": 0.9946236559139785,
    "requested_slots_recall": 0.9946236559139785
  },
  "Hotels_4": {
    "active_intent_accuracy": 1.0,
    "average_cat_accuracy": 0.8626543209876544,
    "average_goal_accuracy": 0.803962100945247,
    "average_noncat_accuracy": 0.7799444444444447,
    "joint_cat_accuracy": 0.7964285714285714,
    "joint_goal_accuracy": 0.29477000000000003,
    "joint_noncat_accuracy": 0.3530885714285714,
    "requested_slots_f1": 0.9440476190476191,
    "requested_slots_precision": 0.9419642857142857,
    "requested_slots_recall": 0.9517857142857142
  },
  "Media_2": {
    "active_intent_accuracy": 0.9523809523809523,
    "average_cat_accuracy": 0.18181818181818182,
    "average_goal_accuracy": 0.81343470790378,
    "average_noncat_accuracy": 0.9341523482245133,
    "joint_cat_accuracy": 0.5714285714285714,
    "joint_goal_accuracy": 0.301551746031746,
    "joint_noncat_accuracy": 0.4859111111111111,
    "requested_slots_f1": 0.9301587301587302,
    "requested_slots_precision": 0.9301587301587302,
    "requested_slots_recall": 0.9380952380952381
  },
  "Movies_2": {
    "active_intent_accuracy": 0.9829545454545454,
    "average_goal_accuracy": 0.7441184573002755,
    "average_noncat_accuracy": 0.7441184573002755,
    "joint_goal_accuracy": 0.3340306818181818,
    "joint_noncat_accuracy": 0.3340306818181818,
    "requested_slots_f1": 0.9157196969696969,
    "requested_slots_precision": 0.9327651515151515,
    "requested_slots_recall": 0.9176136363636364
  },
  "Music_1": {
    "active_intent_accuracy": 0.9838056680161943,
    "average_cat_accuracy": 0.7418300653594772,
    "average_goal_accuracy": 0.8501477093206952,
    "average_noncat_accuracy": 0.927549019607843,
    "joint_cat_accuracy": 0.7773279352226721,
    "joint_goal_accuracy": 0.5931983805668016,
    "joint_noncat_accuracy": 0.791578947368421,
    "requested_slots_f1": 0.9959514170040485,
    "requested_slots_precision": 0.9959514170040485,
    "requested_slots_recall": 1.0
  },
  "RentalCars_1": {
    "active_intent_accuracy": 0.9969512195121951,
    "average_cat_accuracy": 0.7692307692307693,
    "average_goal_accuracy": 0.936630174291939,
    "average_noncat_accuracy": 0.9553525219298246,
    "joint_cat_accuracy": 0.8384146341463414,
    "joint_goal_accuracy": 0.7089658536585366,
    "joint_noncat_accuracy": 0.840592987804878,
    "requested_slots_f1": 1.0,
    "requested_slots_precision": 1.0,
    "requested_slots_recall": 1.0
  },
  "Restaurants_2": {
    "active_intent_accuracy": 0.9330143540669856,
    "average_cat_accuracy": 0.39215686274509803,
    "average_goal_accuracy": 0.7703534609720176,
    "average_noncat_accuracy": 0.8427587795048934,
    "joint_cat_accuracy": 0.6044657097288676,
    "joint_goal_accuracy": 0.39608995215311,
    "joint_noncat_accuracy": 0.5300452950558213,
    "requested_slots_f1": 0.9107997265892003,
    "requested_slots_precision": 0.9465443912812335,
    "requested_slots_recall": 0.9146730462519936
  },
  "RideSharing_1": {
    "active_intent_accuracy": 1.0,
    "average_cat_accuracy": 0.9239130434782609,
    "average_goal_accuracy": 0.8916806722689075,