{
  "#ALL_SERVICES": {
    "active_intent_accuracy": 0.9517102615694165,
    "average_cat_accuracy": 0.6975896168108776,
    "average_goal_accuracy": 0.8275278866472017,
    "average_noncat_accuracy": 0.8756137056496076,
    "joint_cat_accuracy": 0.6935871373128811,
    "joint_goal_accuracy": 0.5284852709590878,
    "joint_noncat_accuracy": 0.6955230638832998,
    "requested_slots_f1": 0.9455766344096322,
    "requested_slots_precision": 0.9792812430136374,
    "requested_slots_recall": 0.9513749161636486
  },
  "#SEEN_SERVICES": {
    "active_intent_accuracy": 0.9868509777478085,
    "average_cat_accuracy": 0.874591312470808,
    "average_goal_accuracy": 0.8667797662654806,
    "average_noncat_accuracy": 0.8898155080213903,
    "joint_cat_accuracy": 0.8530872959545777,
    "joint_goal_accuracy": 0.7092621901550911,
    "joint_noncat_accuracy": 0.8096063900876601,
    "requested_slots_f1": 0.9814789840413576,
    "requested_slots_precision": 0.9924702180265229,
    "requested_slots_recall": 0.9860080917060013
  },
  "#UNSEEN_SERVICES": {
    "active_intent_accuracy": 0.9169446297531688,
    "average_cat_accuracy": 0.49855567226890757,
    "average_goal_accuracy": 0.7878545688545691,
    "average_noncat_accuracy": 0.8608654634404338,
    "joint_cat_accuracy": 0.5202468183571153,
    "joint_goal_accuracy": 0.3496379252835224,
    "joint_noncat_accuracy": 0.5826574382921949,
    "requested_slots_f1": 0.9100574986498935,
    "requested_slots_precision": 0.9662330442517233,
    "requested_slots_recall": 0.91711140760507
  },
  "Alarm_1": {
    "active_intent_accuracy": 0.6855895196506551,
    "average_goal_accuracy": 0.745064935064935,
    "average_noncat_accuracy": 0.745064935064935,
    "joint_goal_accuracy": 0.5661048034934498,
    "joint_noncat_accuracy": 0.5661048034934498,
    "requested_slots_f1": 1.0,
    "requested_slots_precision": 1.0,
    "requested_slots_recall": 1.0
  },
  "Banks_2": {
    "active_intent_accuracy": 0.9845201238390093,
    "average_cat_accuracy": 0.9584717607973422,
    "average_goal_accuracy": 0.8500968992248062,
    "average_noncat_accuracy": 0.5848626373626373,
    "joint_cat_accuracy": 0.9009287925696594,
    "joint_goal_accuracy": 0.5690712074303406,
    "joint_noncat_accuracy": 0.6124148606811145,
    "requested_slots_f1": 0.9009287925696594,
    "requested_slots_precision": 1.0,
    "requested_slots_recall": 0.9009287925696594
  },
  "Buses_1": {
    "active_intent_accuracy": 0.9946949602122016,
    "average_cat_accuracy": 0.98,
    "average_goal_accuracy": 0.9440717658168084,
    "average_noncat_accuracy": 0.9346642857142857,
    "joint_cat_accuracy": 0.986737400530504,
    "joint_goal_accuracy": 0.8458111405835544,
    "joint_noncat_accuracy": 0.8484636604774537,
    "requested_slots_f1": 0.980548187444739,
    "requested_slots_precision": 0.9708222811671088,
    "requested_slots_recall": 1.0
  },
  "Events_1": {
    "active_intent_accuracy": 0.9904030710172744,
    "average_cat_accuracy": 0.9898648648648649,
    "average_goal_accuracy": 0.926982254697286,
    "average_noncat_accuracy": 0.8982725321888412,
    "joint_cat_accuracy": 0.9846449136276392,
    "joint_goal_accuracy": 0.7183589251439539,
    "joint_noncat_accuracy": 0.7317946257197696,
    "requested_slots_f1": 0.9929622520793344,
    "requested_slots_precision": 0.9971209213051824,
    "requested_slots_recall": 0.9952015355086372
  },
  "Flights_3": {
    "active_intent_accuracy": 0.9738134206219312,
    "average_cat_accuracy": 0.6967893217893217,
    "average_goal_accuracy": 0.8571593180482069,
    "average_noncat_accuracy": 0.9347331460674158,
    "joint_cat_accuracy": 0.4713584288052373,
    "joint_goal_accuracy": 0.34301211129296233,
    "joint_noncat_accuracy": 0.7240314238952537,
    "requested_slots_f1": 0.8816148390616475,
    "requested_slots_precision": 1.0,
    "requested_slots_recall": 0.881342062193126
  },
  "Homes_1": {
    "active_intent_accuracy": 0.9778534923339012,
    "average_cat_accuracy": 0.9403846153846154,
    "average_goal_accuracy": 0.9379462953091685,
    "average_noncat_accuracy": 0.9537616201859229,
    "joint_cat_accuracy": 0.8824531516183987,
    "joint_goal_accuracy": 0.8077683134582623,
    "joint_noncat_accuracy": 0.9028109028960819,
    "requested_slots_f1": 0.9974446337308348,
    "requested_slots_precision": 0.9971607041453721,
    "requested_slots_recall": 1.0
  },
  "Hotels_1": {
    "active_intent_accuracy": 0.978494623655914,
    "average_cat_accuracy": 0.8403755868544601,
    "average_goal_accuracy": 0.9280828823953823,
    "average_noncat_accuracy": 0.977467320261438,
    "joint_cat_accuracy": 0.7347670250896058,
    "joint_goal_accuracy": 0.6925089605734767,
    "joint_noncat_accuracy": 0.9311469534050177,
    "requested_slots_f1": 0.9850657108721627,
    "requested_slots_precision": 0.9850657108721624,
    "requested_slots_recall": 0.9910394265232975
  },
  "Hotels_4": {
    "active_intent_accuracy": 0.9857142857142858,
    "average_cat_accuracy": 0.7492283950617284,
    "average_goal_accuracy": 0.809642678794364,
    "average_noncat_accuracy": 0.8408496732026145,
    "joint_cat_accuracy": 0.6392857142857142,
    "joint_goal_accuracy": 0.2233571428571429,
    "joint_noncat_accuracy": 0.3277614285714286,
    "requested_slots_f1": 0.9095238095238094,
    "requested_slots_precision": 0.9073809523809524,
    "requested_slots_recall": 0.9535714285714286
  },
  "Media_2": {
    "active_intent_accuracy": 0.9587301587301588,
    "average_cat_accuracy": 0.07878787878787878,
    "average_goal_accuracy": 0.7838556701030929,
    "average_noncat_accuracy": 0.9191151202749142,
    "joint_cat_accuracy": 0.5174603174603175,
    "joint_goal_accuracy": 0.3028888888888889,
    "joint_noncat_accuracy": 0.5420317460317461,
    "requested_slots_f1": 0.8989417989417988,
    "requested_slots_precision": 0.9253968253968254,
    "requested_slots_recall": 0.9031746031746032
  },
  "Movies_2": {
    "active_intent_accuracy": 0.9829545454545454,
    "average_goal_accuracy": 0.7944490358126721,
    "average_noncat_accuracy": 0.7944490358126721,
    "joint_goal_accuracy": 0.3527386363636364,
    "joint_noncat_accuracy": 0.3527386363636364,
    "requested_slots_f1": 0.9070075757575757,
    "requested_slots_precision": 0.9498106060606062,
    "requested_slots_recall": 0.9261363636363636
  },
  "Music_1": {
    "active_intent_accuracy": 0.97165991902834,
    "average_cat_accuracy": 0.7156862745098039,
    "average_goal_accuracy": 0.8489976303317536,
    "average_noncat_accuracy": 0.9148039215686273,
    "joint_cat_accuracy": 0.6356275303643725,
    "joint_goal_accuracy": 0.56582995951417,
    "joint_noncat_accuracy": 0.7995076923076924,
    "requested_slots_f1": 0.9946018893387314,
    "requested_slots_precision": 0.9939271255060729,
    "requested_slots_recall": 1.0
  },
  "RentalCars_1": {
    "active_intent_accuracy": 0.9969512195121951,
    "average_cat_accuracy": 0.9487179487179487,
    "average_goal_accuracy": 0.9495108932461872,
    "average_noncat_accuracy": 0.9472763157894736,
    "joint_cat_accuracy": 0.9359756097560976,
    "joint_goal_accuracy": 0.7772922439024389,
    "joint_noncat_accuracy": 0.8217815640243903,
    "requested_slots_f1": 0.9969512195121951,
    "requested_slots_precision": 1.0,
    "requested_slots_recall": 0.9969512195121951
  },
  "Restaurants_2": {
    "active_intent_accuracy": 0.861244019138756,
    "average_cat_accuracy": 0.3865546218487395,
    "average_goal_accuracy": 0.785119293078056,
    "average_noncat_accuracy": 0.8553327576280944,
    "joint_cat_accuracy": 0.5869218500797448,
    "joint_goal_accuracy": 0.39919314194577354,
    "joint_noncat_accuracy": 0.5643438596491228,
    "requested_slots_f1": 0.899339257233994,
    "requested_slots_precision": 0.9314726209463051,
    "requested_slots_recall": 0.9114832535885168
  },
  "RideSharing_1": {
    "active_intent_accuracy": 1.0,
    "average_cat_accuracy": 0.9804347826086957,
    "average_goal_accuracy": 0.9679271708683473,