{
  "#ALL_SERVICES": {
    "active_intent_accuracy": 0.9443326626425218,
    "average_cat_accuracy": 0.7053152039555006,
    "average_goal_accuracy": 0.8105481078640258,
    "average_noncat_accuracy": 0.8446498670299021,
    "joint_cat_accuracy": 0.7146553317316577,
    "joint_goal_accuracy": 0.48327092555331996,
    "joint_noncat_accuracy": 0.5999674647887323,
    "requested_slots_f1": 0.9415972022611862,
    "requested_slots_precision": 0.9797619047619046,
    "requested_slots_recall": 0.9458417169684775
  },
  "#SEEN_SERVICES": {
    "active_intent_accuracy": 0.9811193526635199,
    "average_cat_accuracy": 0.8647049665265452,
    "average_goal_accuracy": 0.860338566195709,
    "average_noncat_accuracy": 0.8695741660300484,
    "joint_cat_accuracy": 0.86124911284599,
    "joint_goal_accuracy": 0.6427289615643965,
    "joint_noncat_accuracy": 0.7337201955495617,
    "requested_slots_f1": 0.9754551584625758,
    "requested_slots_precision": 0.988649134636997,
    "requested_slots_recall": 0.9814565070802428
  },
  "#UNSEEN_SERVICES": {
    "active_intent_accuracy": 0.9079386257505003,
    "average_cat_accuracy": 0.5260854341736695,
    "average_goal_accuracy": 0.760223061123746,
    "average_noncat_accuracy": 0.8187665608885362,
    "joint_cat_accuracy": 0.5553413035094485,
    "joint_goal_accuracy": 0.32551490993995996,
    "joint_noncat_accuracy": 0.4676423815877252,
    "requested_slots_f1": 0.9081006385209188,
    "requested_slots_precision": 0.9709695352457194,
    "requested_slots_recall": 0.9106070713809206
  },
  "Alarm_1": {
    "active_intent_accuracy": 0.7336244541484717,
    "average_goal_accuracy": 0.6814935064935065,
    "average_noncat_accuracy": 0.6814935064935065,
    "joint_goal_accuracy": 0.5234934497816593,
    "joint_noncat_accuracy": 0.5234934497816593,
    "requested_slots_f1": 1.0,
    "requested_slots_precision": 1.0,
    "requested_slots_recall": 1.0
  },
  "Banks_2": {
    "active_intent_accuracy": 0.9752321981424149,
    "average_cat_accuracy": 0.9352159468438538,
    "average_goal_accuracy": 0.824750830564784,
    "average_noncat_accuracy": 0.5467032967032966,
    "joint_cat_accuracy": 0.8792569659442725,
    "joint_goal_accuracy": 0.5139318885448917,
    "joint_noncat_accuracy": 0.5356037151702786,
    "requested_slots_f1": 0.9009287925696594,
    "requested_slots_precision": 1.0,
    "requested_slots_recall": 0.9009287925696594
  },
  "Buses_1": {
    "active_intent_accuracy": 0.9893899204244032,
    "average_cat_accuracy": 0.968,
    "average_goal_accuracy": 0.9163526912181303,
    "average_noncat_accuracy": 0.9052619047619048,
    "joint_cat_accuracy": 0.9787798408488063,
    "joint_goal_accuracy": 0.6969893899204244,
    "joint_noncat_accuracy": 0.718209549071618,
    "requested_slots_f1": 0.9757736516357206,
    "requested_slots_precision": 0.9628647214854111,
    "requested_slots_recall": 1.0
  },
  "Events_1": {
    "active_intent_accuracy": 0.982725527831094,
    "average_cat_accuracy": 1.0,
    "average_goal_accuracy": 0.8969415448851774,
    "average_noncat_accuracy": 0.8457832618025751,
    "joint_cat_accuracy": 1.0,
    "joint_goal_accuracy": 0.6793666026871401,
    "joint_noncat_accuracy": 0.6793666026871401,
    "requested_slots_f1": 0.9878438899552142,
    "requested_slots_precision": 0.9971209213051824,
    "requested_slots_recall": 0.9884836852207294
  },
  "Flights_3": {
    "active_intent_accuracy": 0.9361702127659575,
    "average_cat_accuracy": 0.6695526695526697,
    "average_goal_accuracy": 0.8569330225917526,
    "average_noncat_accuracy": 0.945897315855181,
    "joint_cat_accuracy": 0.5057283142389526,
    "joint_goal_accuracy": 0.326678232405892,
    "joint_noncat_accuracy": 0.6436713584288052,
    "requested_slots_f1": 0.8876159301691215,
    "requested_slots_precision": 1.0,
    "requested_slots_recall": 0.886252045826514
  },
  "Homes_1": {
    "active_intent_accuracy": 0.9744463373083475,
    "average_cat_accuracy": 0.9788461538461538,
    "average_goal_accuracy": 0.9224589108031273,
    "average_noncat_accuracy": 0.8847675962815404,
    "joint_cat_accuracy": 0.9522998296422487,
    "joint_goal_accuracy": 0.7346678023850085,
    "joint_noncat_accuracy": 0.7568143100511073,
    "requested_slots_f1": 0.9970471323111868,
    "requested_slots_precision": 0.9963089153889834,
    "requested_slots_recall": 1.0
  },
  "Hotels_1": {
    "active_intent_accuracy": 0.9498207885304659,
    "average_cat_accuracy": 0.780907668231612,
    "average_goal_accuracy": 0.8404310966810966,
    "average_noncat_accuracy": 0.8754901960784314,
    "joint_cat_accuracy": 0.6702508960573477,
    "joint_goal_accuracy": 0.45161290322580644,
    "joint_noncat_accuracy": 0.6344086021505376,
    "requested_slots_f1": 0.9799283154121863,
    "requested_slots_precision": 0.974910394265233,
    "requested_slots_recall": 0.992831541218638
  },
  "Hotels_4": {
    "active_intent_accuracy": 0.9821428571428571,
    "average_cat_accuracy": 0.8256172839506173,
    "average_goal_accuracy": 0.7574777956126271,
    "average_noncat_accuracy": 0.7394640522875817,
    "joint_cat_accuracy": 0.6535714285714286,
    "joint_goal_accuracy": 0.11192857142857143,
    "joint_noncat_accuracy": 0.16403571428571428,
    "requested_slots_f1": 0.9207823129251701,
    "requested_slots_precision": 0.9266666666666667,
    "requested_slots_recall": 0.95
  },
  "Media_2": {
    "active_intent_accuracy": 0.9142857142857143,
    "average_cat_accuracy": 0.10303030303030303,
    "average_goal_accuracy": 0.7412800687285225,
    "average_noncat_accuracy": 0.8584650630011454,
    "joint_cat_accuracy": 0.5301587301587302,
    "joint_goal_accuracy": 0.2022847619047619,
    "joint_noncat_accuracy": 0.21117066666666667,
    "requested_slots_f1": 0.8888888888888888,
    "requested_slots_precision": 0.9174603174603174,
    "requested_slots_recall": 0.8888888888888888
  },
  "Movies_2": {
    "active_intent_accuracy": 0.9886363636363636,
    "average_goal_accuracy": 0.7219559228650138,
    "average_noncat_accuracy": 0.7219559228650138,
    "joint_goal_accuracy": 0.42650909090909084,
    "joint_noncat_accuracy": 0.42650909090909084,
    "requested_slots_f1": 0.8988636363636363,
    "requested_slots_precision": 0.9100378787878789,
    "requested_slots_recall": 0.9090909090909091
  },
  "Music_1": {
    "active_intent_accuracy": 0.9757085020242915,
    "average_cat_accuracy": 0.6895424836601307,
    "average_goal_accuracy": 0.7321840442338073,
    "average_noncat_accuracy": 0.75,
    "joint_cat_accuracy": 0.7165991902834008,
    "joint_goal_accuracy": 0.46700404858299593,
    "joint_noncat_accuracy": 0.6842105263157895,
    "requested_slots_f1": 0.9959514170040485,
    "requested_slots_precision": 0.9959514170040485,
    "requested_slots_recall": 1.0
  },
  "RentalCars_1": {
    "active_intent_accuracy": 0.9847560975609756,
    "average_cat_accuracy": 0.841025641025641,
    "average_goal_accuracy": 0.8998774509803922,
    "average_noncat_accuracy": 0.9012012061403509,
    "joint_cat_accuracy": 0.8810975609756098,
    "joint_goal_accuracy": 0.6313801829268293,
    "joint_noncat_accuracy": 0.6466240853658537,
    "requested_slots_f1": 1.0,
    "requested_slots_precision": 1.0,
    "requested_slots_recall": 1.0
  },
  "Restaurants_2": {
    "active_intent_accuracy": 0.8532695374800638,
    "average_cat_accuracy": 0.39355742296918766,
    "average_goal_accuracy": 0.7354033096056292,
    "average_noncat_accuracy": 0.7940164075993091,
    "joint_cat_accuracy": 0.6188197767145136,
    "joint_goal_accuracy": 0.3609059011164274,
    "joint_noncat_accuracy": 0.4361604465709728,
    "requested_slots_f1": 0.8864433811802233,
    "requested_slots_precision": 0.9606592238171187,
    "requested_slots_recall": 0.8891547049441786
  },
  "RideSharing_1": {
    "active_intent_accuracy": 1.0,
    "average_cat_accuracy": 0.9586956521739131,
    "average_goal_accuracy": 0.9109873949579832,
    "average_noncat_accuracy": 0.824691943127962,
    "joint_cat_accuracy": 0.9299610894941635,