{
  "#ALL_SERVICES": {
    "active_intent_accuracy": 0.801140174379611,
    "average_cat_accuracy": 0.5825298722702925,
    "average_goal_accuracy": 0.6462638468755206,
    "average_noncat_accuracy": 0.6738888240254264,
    "joint_cat_accuracy": 0.5928663832932914,
    "joint_goal_accuracy": 0.3018627849094567,
    "joint_noncat_accuracy": 0.4375659747149564,
    "requested_slots_f1": 0.9206237424547284,
    "requested_slots_precision": 0.9540995975855131,
    "requested_slots_recall": 0.9325955734406438
  },
  "#SEEN_SERVICES": {
    "active_intent_accuracy": 0.8739042481456507,
    "average_cat_accuracy": 0.7436556126420675,
    "average_goal_accuracy": 0.6682544566544566,
    "average_noncat_accuracy": 0.6668058314234784,
    "joint_cat_accuracy": 0.6937544357700497,
    "joint_goal_accuracy": 0.33514337464598787,
    "joint_noncat_accuracy": 0.47317591813890764,
    "requested_slots_f1": 0.941031692515172,
    "requested_slots_precision": 0.9635311305911439,
    "requested_slots_recall": 0.9590357383681726
  },
  "#UNSEEN_SERVICES": {
    "active_intent_accuracy": 0.7291527685123416,
    "average_cat_accuracy": 0.4013480392156863,
    "average_goal_accuracy": 0.6240371291056223,
    "average_noncat_accuracy": 0.6812443474811583,
    "joint_cat_accuracy": 0.4832240647898187,
    "joint_goal_accuracy": 0.2689374249499666,
    "joint_noncat_accuracy": 0.40233612408272185,
    "requested_slots_f1": 0.9004336224149433,
    "requested_slots_precision": 0.9447687347120302,
    "requested_slots_recall": 0.9064376250833889
  },
  "Alarm_1": {
    "active_intent_accuracy": 0.6419213973799127,
    "average_goal_accuracy": 0.5922077922077922,
    "average_noncat_accuracy": 0.5922077922077922,
    "joint_goal_accuracy": 0.4030759825327512,
    "joint_noncat_accuracy": 0.4030759825327512,
    "requested_slots_f1": 1.0,
    "requested_slots_precision": 1.0,
    "requested_slots_recall": 1.0
  },
  "Banks_2": {
    "active_intent_accuracy": 0.7213622291021672,
    "average_cat_accuracy": 0.8438538205980066,
    "average_goal_accuracy": 0.7025387596899224,
    "average_noncat_accuracy": 0.34763736263736267,
    "joint_cat_accuracy": 0.7925696594427245,
    "joint_goal_accuracy": 0.48399380804953557,
    "joint_noncat_accuracy": 0.5335294117647058,
    "requested_slots_f1": 0.9009287925696594,
    "requested_slots_precision": 1.0,
    "requested_slots_recall": 0.9009287925696594
  },
  "Buses_1": {
    "active_intent_accuracy": 0.9787798408488063,
    "average_cat_accuracy": 0.996,
    "average_goal_accuracy": 0.6075783758262512,
    "average_noncat_accuracy": 0.5240595238095238,
    "joint_cat_accuracy": 0.9973474801061007,
    "joint_goal_accuracy": 0.10606750450928382,
    "joint_noncat_accuracy": 0.10606750450928382,
    "requested_slots_f1": 0.9579133510167993,
    "requested_slots_precision": 0.9376657824933687,
    "requested_slots_recall": 1.0
  },
  "Events_1": {
    "active_intent_accuracy": 0.8426103646833013,
    "average_cat_accuracy": 0.9065315315315315,
    "average_goal_accuracy": 0.7885567153792623,
    "average_noncat_accuracy": 0.7274964234620886,
    "joint_cat_accuracy": 0.8944337811900192,
    "joint_goal_accuracy": 0.4531285988483685,
    "joint_noncat_accuracy": 0.4761612284069098,
    "requested_slots_f1": 0.9628918746001279,
    "requested_slots_precision": 0.9961612284069098,
    "requested_slots_recall": 0.9596928982725528
  },
  "Flights_3": {
    "active_intent_accuracy": 0.32569558101472995,
    "average_cat_accuracy": 0.658008658008658,
    "average_goal_accuracy": 0.7834552994037121,
    "average_noncat_accuracy": 0.8386516853932584,
    "joint_cat_accuracy": 0.5253682487725041,
    "joint_goal_accuracy": 0.3404255319148936,
    "joint_noncat_accuracy": 0.5976759410801964,
    "requested_slots_f1": 0.8805237315875614,
    "requested_slots_precision": 1.0,
    "requested_slots_recall": 0.8805237315875614
  },
  "Homes_1": {
    "active_intent_accuracy": 0.8926746166950597,
    "average_cat_accuracy": 0.8525641025641025,
    "average_goal_accuracy": 0.8339443852167733,
    "average_noncat_accuracy": 0.8644721115537849,
    "joint_cat_accuracy": 0.5894378194207837,
    "joint_goal_accuracy": 0.4425553662691652,
    "joint_noncat_accuracy": 0.7279557069846679,
    "requested_slots_f1": 0.9335036910846111,
    "requested_slots_precision": 0.9162407722884723,
    "requested_slots_recall": 0.9804088586030665
  },
  "Hotels_1": {
    "active_intent_accuracy": 0.8566308243727598,
    "average_cat_accuracy": 0.49061032863849763,
    "average_goal_accuracy": 0.6448262987012986,
    "average_noncat_accuracy": 0.7450261437908497,
    "joint_cat_accuracy": 0.4050179211469534,
    "joint_goal_accuracy": 0.25448028673835127,
    "joint_noncat_accuracy": 0.4418279569892474,
    "requested_slots_f1": 0.8697729988052568,
    "requested_slots_precision": 0.9516129032258065,
    "requested_slots_recall": 0.8709677419354839
  },
  "Hotels_4": {
    "active_intent_accuracy": 0.9,
    "average_cat_accuracy": 0.25540123456790126,
    "average_goal_accuracy": 0.48329703941501695,
    "average_noncat_accuracy": 0.6303202614379084,
    "joint_cat_accuracy": 0.35714285714285715,
    "joint_goal_accuracy": 0.1587142857142857,
    "joint_noncat_accuracy": 0.338,
    "requested_slots_f1": 0.8869047619047619,
    "requested_slots_precision": 0.8806547619047619,
    "requested_slots_recall": 0.9142857142857143
  },
  "Media_2": {
    "active_intent_accuracy": 0.9079365079365079,
    "average_cat_accuracy": 0.15151515151515152,
    "average_goal_accuracy": 0.6435022909507445,
    "average_noncat_accuracy": 0.7392038946162657,
    "joint_cat_accuracy": 0.5555555555555556,
    "joint_goal_accuracy": 0.21997460317460318,
    "joint_noncat_accuracy": 0.2645777777777778,
    "requested_slots_f1": 0.8920634920634921,
    "requested_slots_precision": 0.9015873015873016,
    "requested_slots_recall": 0.8920634920634921
  },
  "Movies_2": {
    "active_intent_accuracy": 0.9659090909090909,
    "average_goal_accuracy": 0.7076997245179064,
    "average_noncat_accuracy": 0.7076997245179064,
    "joint_goal_accuracy": 0.4282272727272728,
    "joint_noncat_accuracy": 0.4282272727272728,
    "requested_slots_f1": 0.9147727272727273,
    "requested_slots_precision": 0.9024621212121211,
    "requested_slots_recall": 0.9431818181818182
  },
  "Music_1": {
    "active_intent_accuracy": 0.6720647773279352,
    "average_cat_accuracy": 0.6633986928104575,
    "average_goal_accuracy": 0.524129541864139,
    "average_noncat_accuracy": 0.4774346405228759,
    "joint_cat_accuracy": 0.6356275303643725,
    "joint_goal_accuracy": 0.31983805668016196,
    "joint_noncat_accuracy": 0.3780161943319838,
    "requested_slots_f1": 0.9500674763832659,
    "requested_slots_precision": 0.9433198380566802,
    "requested_slots_recall": 0.979757085020243
  },
  "RentalCars_1": {
    "active_intent_accuracy": 0.7560975609756098,
    "average_cat_accuracy": 0.49743589743589745,
    "average_goal_accuracy": 0.45466067538126365,
    "average_noncat_accuracy": 0.4371716008771929,
    "joint_cat_accuracy": 0.676829268292683,
    "joint_goal_accuracy": 0.10365853658536585,
    "joint_noncat_accuracy": 0.11333696341463416,
    "requested_slots_f1": 0.9939024390243902,
    "requested_slots_precision": 1.0,
    "requested_slots_recall": 0.9939024390243902
  },
  "Restaurants_2": {
    "active_intent_accuracy": 0.8931419457735247,
    "average_cat_accuracy": 0.35294117647058826,
    "average_goal_accuracy": 0.5361391548028146,
    "average_noncat_accuracy": 0.5683900402993667,
    "joint_cat_accuracy": 0.5853269537480064,
    "joint_goal_accuracy": 0.20341307814992024,
    "joint_noncat_accuracy": 0.22781499202551836,
    "requested_slots_f1": 0.8769271664008504,
    "requested_slots_precision": 0.8947368421052632,
    "requested_slots_recall": 0.8907496012759171
  },
  "RideSharing_1": {
    "active_intent_accuracy": 0.9961089494163424,
    "average_cat_accuracy": 0.8369565217391305,