{
  "#ALL_SERVICES": {
    "active_intent_accuracy": 0.9429912810194501,
    "average_cat_accuracy": 0.6978574371652245,
    "average_goal_accuracy": 0.8103794662037158,
    "average_noncat_accuracy": 0.8521400077836155,
    "joint_cat_accuracy": 0.6932175198669377,
    "joint_goal_accuracy": 0.4815169684775319,
    "joint_noncat_accuracy": 0.6148613286384976,
    "requested_slots_f1": 0.9445969467599246,
    "requested_slots_precision": 0.9780712050078249,
    "requested_slots_recall": 0.9515425888665325
  },
  "#SEEN_SERVICES": {
    "active_intent_accuracy": 0.9703304113283884,
    "average_cat_accuracy": 0.8692978359022264,
    "average_goal_accuracy": 0.8574490755276468,
    "average_noncat_accuracy": 0.8699495798319327,
    "joint_cat_accuracy": 0.8640880056777857,
    "joint_goal_accuracy": 0.6295004383007418,
    "joint_noncat_accuracy": 0.722571915037087,
    "requested_slots_f1": 0.976534052596089,
    "requested_slots_precision": 0.9870195549561699,
    "requested_slots_recall": 0.9836480107889414
  },
  "#UNSEEN_SERVICES": {
    "active_intent_accuracy": 0.9159439626417611,
    "average_cat_accuracy": 0.5050770308123249,
    "average_goal_accuracy": 0.7628044815853036,
    "average_noncat_accuracy": 0.8336451804839349,
    "joint_cat_accuracy": 0.5075202468183572,
    "joint_goal_accuracy": 0.33511304202801867,
    "joint_noncat_accuracy": 0.5083004216144096,
    "requested_slots_f1": 0.9130007306458274,
    "requested_slots_precision": 0.9692183678007562,
    "requested_slots_recall": 0.9197798532354903
  },
  "Alarm_1": {
    "active_intent_accuracy": 0.8602620087336245,
    "average_goal_accuracy": 0.7143831168831168,
    "average_noncat_accuracy": 0.7143831168831168,
    "joint_goal_accuracy": 0.5321397379912665,
    "joint_noncat_accuracy": 0.5321397379912665,
    "requested_slots_f1": 1.0,
    "requested_slots_precision": 1.0,
    "requested_slots_recall": 1.0
  },
  "Banks_2": {
    "active_intent_accuracy": 0.9814241486068112,
    "average_cat_accuracy": 0.845514950166113,
    "average_goal_accuracy": 0.813953488372093,
    "average_noncat_accuracy": 0.6758241758241759,
    "joint_cat_accuracy": 0.7151702786377709,
    "joint_goal_accuracy": 0.541795665634675,
    "joint_noncat_accuracy": 0.6563467492260062,
    "requested_slots_f1": 0.9009287925696594,
    "requested_slots_precision": 1.0,
    "requested_slots_recall": 0.9009287925696594
  },
  "Buses_1": {
    "active_intent_accuracy": 0.9920424403183024,
    "average_cat_accuracy": 0.976,
    "average_goal_accuracy": 0.9127596789423984,
    "average_noncat_accuracy": 0.9001976190476191,
    "joint_cat_accuracy": 0.9840848806366048,
    "joint_goal_accuracy": 0.6882042440318302,
    "joint_noncat_accuracy": 0.7041193633952254,
    "requested_slots_f1": 0.980548187444739,
    "requested_slots_precision": 0.9708222811671088,
    "requested_slots_recall": 1.0
  },
  "Events_1": {
    "active_intent_accuracy": 0.927063339731286,
    "average_cat_accuracy": 1.0,
    "average_goal_accuracy": 0.8686687543493388,
    "average_noncat_accuracy": 0.8050447067238914,
    "joint_cat_accuracy": 0.9980806142034548,
    "joint_goal_accuracy": 0.5955278310940498,
    "joint_noncat_accuracy": 0.5955278310940498,
    "requested_slots_f1": 0.993921944977607,
    "requested_slots_precision": 0.9977607165706974,
    "requested_slots_recall": 0.9952015355086372
  },
  "Flights_3": {
    "active_intent_accuracy": 0.9083469721767594,
    "average_cat_accuracy": 0.6085858585858587,
    "average_goal_accuracy": 0.8391109851347945,
    "average_noncat_accuracy": 0.9424250936329588,
    "joint_cat_accuracy": 0.4386252045826514,
    "joint_goal_accuracy": 0.3743214402618658,
    "joint_noncat_accuracy": 0.806888379705401,
    "requested_slots_f1": 0.8805237315875614,
    "requested_slots_precision": 1.0,
    "requested_slots_recall": 0.8805237315875614
  },
  "Homes_1": {
    "active_intent_accuracy": 0.9846678023850085,
    "average_cat_accuracy": 0.9817307692307692,
    "average_goal_accuracy": 0.9298010838663823,
    "average_noncat_accuracy": 0.8970185922974768,
    "joint_cat_accuracy": 0.9267461669505963,
    "joint_goal_accuracy": 0.7356047700170358,
    "joint_noncat_accuracy": 0.7816013628620102,
    "requested_slots_f1": 0.9916524701873936,
    "requested_slots_precision": 0.9894946053378763,
    "requested_slots_recall": 1.0
  },
  "Hotels_1": {
    "active_intent_accuracy": 0.9139784946236559,
    "average_cat_accuracy": 0.7707355242566511,
    "average_goal_accuracy": 0.8365142496392496,
    "average_noncat_accuracy": 0.8744607843137255,
    "joint_cat_accuracy": 0.6989247311827957,
    "joint_goal_accuracy": 0.45878136200716846,
    "joint_noncat_accuracy": 0.6335125448028673,
    "requested_slots_f1": 0.985663082437276,
    "requested_slots_precision": 0.985663082437276,
    "requested_slots_recall": 0.9910394265232975
  },
  "Hotels_4": {
    "active_intent_accuracy": 0.9714285714285714,
    "average_cat_accuracy": 0.8171296296296297,
    "average_goal_accuracy": 0.782553950419119,
    "average_noncat_accuracy": 0.7654803921568627,
    "joint_cat_accuracy": 0.4857142857142857,
    "joint_goal_accuracy": 0.09719214285714285,
    "joint_noncat_accuracy": 0.19214237142857143,
    "requested_slots_f1": 0.9080102040816326,
    "requested_slots_precision": 0.9141666666666666,
    "requested_slots_recall": 0.9428571428571428
  },
  "Media_2": {
    "active_intent_accuracy": 0.9301587301587302,
    "average_cat_accuracy": 0.1696969696969697,
    "average_goal_accuracy": 0.7263888888888889,
    "average_noncat_accuracy": 0.8307474226804124,
    "joint_cat_accuracy": 0.5650793650793651,
    "joint_goal_accuracy": 0.19588793650793648,
    "joint_noncat_accuracy": 0.19872825396825397,
    "requested_slots_f1": 0.928042328042328,
    "requested_slots_precision": 0.9365079365079365,
    "requested_slots_recall": 0.9365079365079365
  },
  "Movies_2": {
    "active_intent_accuracy": 0.9772727272727273,
    "average_goal_accuracy": 0.7636501377410467,
    "average_noncat_accuracy": 0.7636501377410467,
    "joint_goal_accuracy": 0.3789505681818182,
    "joint_noncat_accuracy": 0.3789505681818182,
    "requested_slots_f1": 0.9041666666666667,
    "requested_slots_precision": 0.930871212121212,
    "requested_slots_recall": 0.9176136363636364
  },
  "Music_1": {
    "active_intent_accuracy": 0.9757085020242915,
    "average_cat_accuracy": 0.6633986928104575,
    "average_goal_accuracy": 0.7243996840442338,
    "average_noncat_accuracy": 0.7437254901960785,
    "joint_cat_accuracy": 0.7246963562753036,
    "joint_goal_accuracy": 0.47368421052631576,
    "joint_noncat_accuracy": 0.6819433198380567,
    "requested_slots_f1": 0.9932523616734144,
    "requested_slots_precision": 0.9939271255060729,
    "requested_slots_recall": 0.9959514170040485
  },
  "RentalCars_1": {
    "active_intent_accuracy": 0.9908536585365854,
    "average_cat_accuracy": 0.8769230769230769,
    "average_goal_accuracy": 0.897128540305011,
    "average_noncat_accuracy": 0.8944314692982457,
    "joint_cat_accuracy": 0.8932926829268293,
    "joint_goal_accuracy": 0.6003018292682927,
    "joint_noncat_accuracy": 0.6216432926829268,
    "requested_slots_f1": 0.9969512195121951,
    "requested_slots_precision": 1.0,
    "requested_slots_recall": 0.9969512195121951
  },
  "Restaurants_2": {
    "active_intent_accuracy": 0.8883572567783095,
    "average_cat_accuracy": 0.39355742296918766,
    "average_goal_accuracy": 0.7482065946653575,
    "average_noncat_accuracy": 0.8103791018998273,
    "joint_cat_accuracy": 0.6188197767145136,
    "joint_goal_accuracy": 0.3646645933014354,
    "joint_noncat_accuracy": 0.44776905901116426,
    "requested_slots_f1": 0.9045188729399256,
    "requested_slots_precision": 0.9424508240297713,
    "requested_slots_recall": 0.9186602870813397
  },
  "RideSharing_1": {
    "active_intent_accuracy": 1.0,
    "average_cat_accuracy": 0.9826086956521739,
    "average_goal_accuracy": 0.9746638655462185,