{
  "#ALL_SERVICES": {
    "active_intent_accuracy": 0.9683098591549296,
    "average_cat_accuracy": 0.6915533580552122,
    "average_goal_accuracy": 0.836578438593261,
    "average_noncat_accuracy": 0.8888716027761561,
    "joint_cat_accuracy": 0.7052300868600998,
    "joint_goal_accuracy": 0.548486569416499,
    "joint_noncat_accuracy": 0.6975946452045607,
    "requested_slots_f1": 0.9435765385966594,
    "requested_slots_precision": 0.9815001117818019,
    "requested_slots_recall": 0.9475184439973172
  },
  "#SEEN_SERVICES": {
    "active_intent_accuracy": 0.9919082939986514,
    "average_cat_accuracy": 0.8815973843998132,
    "average_goal_accuracy": 0.9020444967730682,
    "average_noncat_accuracy": 0.9262920168067228,
    "joint_cat_accuracy": 0.8825408090844571,
    "joint_goal_accuracy": 0.7566938975050573,
    "joint_noncat_accuracy": 0.849776736345246,
    "requested_slots_f1": 0.9792088109687571,
    "requested_slots_precision": 0.9894358282760172,
    "requested_slots_recall": 0.984322319622387
  },
  "#UNSEEN_SERVICES": {
    "active_intent_accuracy": 0.9449633088725817,
    "average_cat_accuracy": 0.4778536414565826,
    "average_goal_accuracy": 0.7704094867861991,
    "average_noncat_accuracy": 0.8500113711490149,
    "joint_cat_accuracy": 0.5125337446972619,
    "joint_goal_accuracy": 0.34250160106737826,
    "joint_noncat_accuracy": 0.5470369126084057,
    "requested_slots_f1": 0.9083245973506149,
    "requested_slots_precision": 0.9736490993995998,
    "requested_slots_recall": 0.9111074049366245
  },
  "Alarm_1": {
    "active_intent_accuracy": 0.7991266375545851,
    "average_goal_accuracy": 0.7740909090909092,
    "average_noncat_accuracy": 0.7740909090909092,
    "joint_goal_accuracy": 0.5648471615720524,
    "joint_noncat_accuracy": 0.5648471615720524,
    "requested_slots_f1": 1.0,
    "requested_slots_precision": 1.0,
    "requested_slots_recall": 1.0
  },
  "Banks_2": {
    "active_intent_accuracy": 0.9876160990712074,
    "average_cat_accuracy": 0.9069767441860465,
    "average_goal_accuracy": 0.8590282392026578,
    "average_noncat_accuracy": 0.7195054945054944,
    "joint_cat_accuracy": 0.826625386996904,
    "joint_goal_accuracy": 0.5869040247678018,
    "joint_noncat_accuracy": 0.6993808049535604,
    "requested_slots_f1": 0.9009287925696594,
    "requested_slots_precision": 1.0,
    "requested_slots_recall": 0.9009287925696594
  },
  "Buses_1": {
    "active_intent_accuracy": 0.9920424403183024,
    "average_cat_accuracy": 0.972,
    "average_goal_accuracy": 0.9535335221907462,
    "average_noncat_accuracy": 0.9481238095238095,
    "joint_cat_accuracy": 0.9814323607427056,
    "joint_goal_accuracy": 0.8766591511936339,
    "joint_noncat_accuracy": 0.8793116710875332,
    "requested_slots_f1": 0.9832007073386383,
    "requested_slots_precision": 0.9748010610079576,
    "requested_slots_recall": 1.0
  },
  "Events_1": {
    "active_intent_accuracy": 0.9942418426103646,
    "average_cat_accuracy": 0.9898648648648649,
    "average_goal_accuracy": 0.9318942240779402,
    "average_noncat_accuracy": 0.9053576537911301,
    "joint_cat_accuracy": 0.9846449136276392,
    "joint_goal_accuracy": 0.7436660268714012,
    "joint_noncat_accuracy": 0.759021113243762,
    "requested_slots_f1": 0.9865642994241842,
    "requested_slots_precision": 0.9942418426103646,
    "requested_slots_recall": 0.9884836852207294
  },
  "Flights_3": {
    "active_intent_accuracy": 0.9263502454991817,
    "average_cat_accuracy": 0.7132034632034632,
    "average_goal_accuracy": 0.8319496934576298,
    "average_noncat_accuracy": 0.8913451935081149,
    "joint_cat_accuracy": 0.5188216039279869,
    "joint_goal_accuracy": 0.3675783960720131,
    "joint_noncat_accuracy": 0.6817274959083469,
    "requested_slots_f1": 0.8805237315875614,
    "requested_slots_precision": 1.0,
    "requested_slots_recall": 0.8805237315875614
  },
  "Homes_1": {
    "active_intent_accuracy": 0.9914821124361158,
    "average_cat_accuracy": 0.9817307692307692,
    "average_goal_accuracy": 0.9628768212508885,
    "average_noncat_accuracy": 0.9551294820717131,
    "joint_cat_accuracy": 0.9250425894378195,
    "joint_goal_accuracy": 0.8489097103918227,
    "joint_noncat_accuracy": 0.9071209540034072,
    "requested_slots_f1": 0.9982964224872232,
    "requested_slots_precision": 0.9982964224872232,
    "requested_slots_recall": 1.0
  },
  "Hotels_1": {
    "active_intent_accuracy": 0.985663082437276,
    "average_cat_accuracy": 0.9061032863849765,
    "average_goal_accuracy": 0.9620012626262627,
    "average_noncat_accuracy": 0.9784477124183006,
    "joint_cat_accuracy": 0.8888888888888888,
    "joint_goal_accuracy": 0.8277777777777777,
    "joint_noncat_accuracy": 0.9367383512544804,
    "requested_slots_f1": 0.989247311827957,
    "requested_slots_precision": 0.992831541218638,
    "requested_slots_recall": 0.9874551971326165
  },
  "Hotels_4": {
    "active_intent_accuracy": 0.9928571428571429,
    "average_cat_accuracy": 0.7353395061728395,
    "average_goal_accuracy": 0.7915417335473516,
    "average_noncat_accuracy": 0.8157679738562091,
    "joint_cat_accuracy": 0.6,
    "joint_goal_accuracy": 0.27064285714285713,
    "joint_noncat_accuracy": 0.3944560714285714,
    "requested_slots_f1": 0.9357142857142857,
    "requested_slots_precision": 0.9377976190476192,
    "requested_slots_recall": 0.9482142857142857
  },
  "Media_2": {
    "active_intent_accuracy": 0.9555555555555556,
    "average_cat_accuracy": 0.13333333333333333,
    "average_goal_accuracy": 0.7735904925544101,
    "average_noncat_accuracy": 0.8908046964490264,
    "joint_cat_accuracy": 0.546031746031746,
    "joint_goal_accuracy": 0.23830984126984125,
    "joint_noncat_accuracy": 0.31537206349206354,
    "requested_slots_f1": 0.9301587301587302,
    "requested_slots_precision": 0.9333333333333333,
    "requested_slots_recall": 0.9380952380952381
  },
  "Movies_2": {
    "active_intent_accuracy": 0.9886363636363636,
    "average_goal_accuracy": 0.7327823691460056,
    "average_noncat_accuracy": 0.7327823691460056,
    "joint_goal_accuracy": 0.3654670454545455,
    "joint_noncat_accuracy": 0.3654670454545455,
    "requested_slots_f1": 0.9174242424242425,
    "requested_slots_precision": 0.9270833333333333,
    "requested_slots_recall": 0.9232954545454546
  },
  "Music_1": {
    "active_intent_accuracy": 0.9838056680161943,
    "average_cat_accuracy": 0.7026143790849673,
    "average_goal_accuracy": 0.7701777251184834,
    "average_noncat_accuracy": 0.8252941176470588,
    "joint_cat_accuracy": 0.7408906882591093,
    "joint_goal_accuracy": 0.545668016194332,
    "joint_noncat_accuracy": 0.743076923076923,
    "requested_slots_f1": 0.9919028340080972,
    "requested_slots_precision": 0.9919028340080972,
    "requested_slots_recall": 1.0
  },
  "RentalCars_1": {
    "active_intent_accuracy": 0.9939024390243902,
    "average_cat_accuracy": 0.8666666666666667,
    "average_goal_accuracy": 0.9394139433551196,
    "average_noncat_accuracy": 0.9452576754385965,
    "joint_cat_accuracy": 0.8963414634146342,
    "joint_goal_accuracy": 0.7344231707317074,
    "joint_noncat_accuracy": 0.8074527439024389,
    "requested_slots_f1": 1.0,
    "requested_slots_precision": 1.0,
    "requested_slots_recall": 1.0
  },
  "Restaurants_2": {
    "active_intent_accuracy": 0.9441786283891547,
    "average_cat_accuracy": 0.3543417366946779,
    "average_goal_accuracy": 0.758970913107511,
    "average_noncat_accuracy": 0.8324516407599309,
    "joint_cat_accuracy": 0.5917065390749602,
    "joint_goal_accuracy": 0.37502328548644337,
    "joint_noncat_accuracy": 0.5106694800637958,
    "requested_slots_f1": 0.8947748158274472,
    "requested_slots_precision": 0.9557416267942583,
    "requested_slots_recall": 0.9019138755980861
  },
  "RideSharing_1": {
    "active_intent_accuracy": 1.0,
    "average_cat_accuracy": 0.9782608695652174,
    "average_goal_accuracy": 0.9558823529411765,
    "average_noncat_accuracy": 0.9066350710900475,