{
  "#ALL_SERVICES": {
    "active_intent_accuracy": 0.9118041582830315,
    "average_cat_accuracy": 0.6732591676967449,
    "average_goal_accuracy": 0.759677593795758,
    "average_noncat_accuracy": 0.7923286631640397,
    "joint_cat_accuracy": 0.682313805211606,
    "joint_goal_accuracy": 0.432504452045607,
    "joint_noncat_accuracy": 0.5709731991951711,
    "requested_slots_f1": 0.9427932675417583,
    "requested_slots_precision": 0.979937961099933,
    "requested_slots_recall": 0.948608316566063
  },
  "#SEEN_SERVICES": {
    "active_intent_accuracy": 0.9635873229939312,
    "average_cat_accuracy": 0.857309668379262,
    "average_goal_accuracy": 0.822240502354788,
    "average_noncat_accuracy": 0.832055576776165,
    "joint_cat_accuracy": 0.8513129879347054,
    "joint_goal_accuracy": 0.5697859743762643,
    "joint_noncat_accuracy": 0.6596443695212407,
    "requested_slots_f1": 0.9759946055293324,
    "requested_slots_precision": 0.9875252865812543,
    "requested_slots_recall": 0.9828051247471342
  },
  "#UNSEEN_SERVICES": {
    "active_intent_accuracy": 0.8605737158105403,
    "average_cat_accuracy": 0.46629901960784315,
    "average_goal_accuracy": 0.6964429620422771,
    "average_noncat_accuracy": 0.7510731852439507,
    "joint_cat_accuracy": 0.49865021210952565,
    "joint_goal_accuracy": 0.2966882428285524,
    "joint_noncat_accuracy": 0.48324848565710476,
    "requested_slots_f1": 0.9099463134152928,
    "requested_slots_precision": 0.9724316210807206,
    "requested_slots_recall": 0.9147765176784523
  },
  "Alarm_1": {
    "active_intent_accuracy": 0.7729257641921398,
    "average_goal_accuracy": 0.6983766233766233,
    "average_noncat_accuracy": 0.6983766233766233,
    "joint_goal_accuracy": 0.5591266375545851,
    "joint_noncat_accuracy": 0.5591266375545851,
    "requested_slots_f1": 1.0,
    "requested_slots_precision": 1.0,
    "requested_slots_recall": 1.0
  },
  "Banks_2": {
    "active_intent_accuracy": 0.9628482972136223,
    "average_cat_accuracy": 0.8853820598006644,
    "average_goal_accuracy": 0.7164451827242525,
    "average_noncat_accuracy": 0.30934065934065935,
    "joint_cat_accuracy": 0.826625386996904,
    "joint_goal_accuracy": 0.4551083591331269,
    "joint_noncat_accuracy": 0.5126934984520125,
    "requested_slots_f1": 0.9009287925696594,
    "requested_slots_precision": 1.0,
    "requested_slots_recall": 0.9009287925696594
  },
  "Buses_1": {
    "active_intent_accuracy": 0.9893899204244032,
    "average_cat_accuracy": 1.0,
    "average_goal_accuracy": 0.8669518413597735,
    "average_noncat_accuracy": 0.8361880952380953,
    "joint_cat_accuracy": 1.0,
    "joint_goal_accuracy": 0.581525198938992,
    "joint_noncat_accuracy": 0.581525198938992,
    "requested_slots_f1": 0.9778956675508399,
    "requested_slots_precision": 0.9681697612732095,
    "requested_slots_recall": 1.0
  },
  "Events_1": {
    "active_intent_accuracy": 0.9097888675623801,
    "average_cat_accuracy": 0.9808558558558559,
    "average_goal_accuracy": 0.8562999304105776,
    "average_noncat_accuracy": 0.7939610157367668,
    "joint_cat_accuracy": 0.9788867562380038,
    "joint_goal_accuracy": 0.5409213051823416,
    "joint_noncat_accuracy": 0.5505182341650672,
    "requested_slots_f1": 0.9872040946896992,
    "requested_slots_precision": 0.9932821497120922,
    "requested_slots_recall": 0.9904030710172744
  },
  "Flights_3": {
    "active_intent_accuracy": 0.7937806873977087,
    "average_cat_accuracy": 0.6471861471861472,
    "average_goal_accuracy": 0.863684471319392,
    "average_noncat_accuracy": 0.9678480024968789,
    "joint_cat_accuracy": 0.4762684124386252,
    "joint_goal_accuracy": 0.3581839607201309,
    "joint_noncat_accuracy": 0.8128366612111293,
    "requested_slots_f1": 0.8805237315875614,
    "requested_slots_precision": 1.0,
    "requested_slots_recall": 0.8805237315875614
  },
  "Homes_1": {
    "active_intent_accuracy": 0.9642248722316865,
    "average_cat_accuracy": 0.9455128205128205,
    "average_goal_accuracy": 0.9054992892679459,
    "average_noncat_accuracy": 0.8898738379814076,
    "joint_cat_accuracy": 0.9216354344122658,
    "joint_goal_accuracy": 0.7333901192504259,
    "joint_noncat_accuracy": 0.7759795570698467,
    "requested_slots_f1": 0.9884156729131176,
    "requested_slots_precision": 0.9840999432140829,
    "requested_slots_recall": 1.0
  },
  "Hotels_1": {
    "active_intent_accuracy": 0.931899641577061,
    "average_cat_accuracy": 0.865414710485133,
    "average_goal_accuracy": 0.861474567099567,
    "average_noncat_accuracy": 0.8669052287581699,
    "joint_cat_accuracy": 0.7311827956989247,
    "joint_goal_accuracy": 0.48440860215053766,
    "joint_noncat_accuracy": 0.6095698924731182,
    "requested_slots_f1": 0.9866188769414576,
    "requested_slots_precision": 0.994026284348865,
    "requested_slots_recall": 0.9838709677419355
  },
  "Hotels_4": {
    "active_intent_accuracy": 0.9607142857142857,
    "average_cat_accuracy": 0.7816358024691359,
    "average_goal_accuracy": 0.6966148564294631,
    "average_noncat_accuracy": 0.6626862745098039,
    "joint_cat_accuracy": 0.5321428571428571,
    "joint_goal_accuracy": 0.20685928571428572,
    "joint_noncat_accuracy": 0.32957714285714285,
    "requested_slots_f1": 0.9108333333333333,
    "requested_slots_precision": 0.9095238095238094,
    "requested_slots_recall": 0.9339285714285714
  },
  "Media_2": {
    "active_intent_accuracy": 0.9492063492063492,
    "average_cat_accuracy": 0.1696969696969697,
    "average_goal_accuracy": 0.4757394043528063,
    "average_noncat_accuracy": 0.546749713631157,
    "joint_cat_accuracy": 0.5650793650793651,
    "joint_goal_accuracy": 0.08622333968253969,
    "joint_noncat_accuracy": 0.08864812698412698,
    "requested_slots_f1": 0.9243386243386242,
    "requested_slots_precision": 0.9428571428571428,
    "requested_slots_recall": 0.9333333333333333
  },
  "Movies_2": {
    "active_intent_accuracy": 0.9772727272727273,
    "average_goal_accuracy": 0.7881542699724517,
    "average_noncat_accuracy": 0.7881542699724517,
    "joint_goal_accuracy": 0.4139204545454546,
    "joint_noncat_accuracy": 0.4139204545454546,
    "requested_slots_f1": 0.9005681818181818,
    "requested_slots_precision": 0.9611742424242423,
    "requested_slots_recall": 0.90625
  },
  "Music_1": {
    "active_intent_accuracy": 0.9757085020242915,
    "average_cat_accuracy": 0.6633986928104575,
    "average_goal_accuracy": 0.6619194312796208,
    "average_noncat_accuracy": 0.6720588235294117,
    "joint_cat_accuracy": 0.708502024291498,
    "joint_goal_accuracy": 0.43724696356275305,
    "joint_noncat_accuracy": 0.588259109311741,
    "requested_slots_f1": 0.9865047233468287,
    "requested_slots_precision": 0.9959514170040485,
    "requested_slots_recall": 0.9878542510121457
  },
  "RentalCars_1": {
    "active_intent_accuracy": 0.9817073170731707,
    "average_cat_accuracy": 0.8358974358974359,
    "average_goal_accuracy": 0.827673202614379,
    "average_noncat_accuracy": 0.8179517543859648,
    "joint_cat_accuracy": 0.8780487804878049,
    "joint_goal_accuracy": 0.439844512195122,
    "joint_noncat_accuracy": 0.45008841463414634,
    "requested_slots_f1": 0.9939024390243902,
    "requested_slots_precision": 1.0,
    "requested_slots_recall": 0.9939024390243902
  },
  "Restaurants_2": {
    "active_intent_accuracy": 0.7655502392344498,
    "average_cat_accuracy": 0.35154061624649857,
    "average_goal_accuracy": 0.6885896539027982,
    "average_noncat_accuracy": 0.7485141047783535,
    "joint_cat_accuracy": 0.5964912280701754,
    "joint_goal_accuracy": 0.32639553429027107,
    "joint_noncat_accuracy": 0.39805773524720894,
    "requested_slots_f1": 0.8899293688767372,
    "requested_slots_precision": 0.9481924508240297,
    "requested_slots_recall": 0.9019138755980861
  },
  "RideSharing_1": {
    "active_intent_accuracy": 0.9961089494163424,
    "average_cat_accuracy": 0.9043478260869565,
    "average_goal_accuracy": 0.8998879551820728,