{
  "#ALL_SERVICES": {
    "active_intent_accuracy": 0.9010731052984574,
    "average_cat_accuracy": 0.6627523691800576,
    "average_goal_accuracy": 0.7714350027619225,
    "average_noncat_accuracy": 0.8181621910877602,
    "joint_cat_accuracy": 0.6383293291443356,
    "joint_goal_accuracy": 0.4206893876592891,
    "joint_noncat_accuracy": 0.5960011113346747,
    "requested_slots_f1": 0.931686148637859,
    "requested_slots_precision": 0.9629359490274982,
    "requested_slots_recall": 0.9405600268276325
  },
  "#SEEN_SERVICES": {
    "active_intent_accuracy": 0.9676331759946055,
    "average_cat_accuracy": 0.8418184648917952,
    "average_goal_accuracy": 0.8540231292517007,
    "average_noncat_accuracy": 0.8935709192768014,
    "joint_cat_accuracy": 0.7679205110007097,
    "joint_goal_accuracy": 0.5805760620364128,
    "joint_noncat_accuracy": 0.7679087929871881,
    "requested_slots_f1": 0.957810743987413,
    "requested_slots_precision": 0.9746010339402112,
    "requested_slots_recall": 0.9720161834120027
  },
  "#UNSEEN_SERVICES": {
    "active_intent_accuracy": 0.8352234823215477,
    "average_cat_accuracy": 0.4613970588235293,
    "average_goal_accuracy": 0.6879601470354895,
    "average_noncat_accuracy": 0.7398519767288113,
    "joint_cat_accuracy": 0.49749325106054765,
    "joint_goal_accuracy": 0.2625093088725817,
    "joint_noncat_accuracy": 0.42592833488992665,
    "requested_slots_f1": 0.9058404015375329,
    "requested_slots_precision": 0.9513953746942407,
    "requested_slots_recall": 0.9094396264176118
  },
  "Alarm_1": {
    "active_intent_accuracy": 0.7117903930131004,
    "average_goal_accuracy": 0.8012012987012986,
    "average_noncat_accuracy": 0.8012012987012986,
    "joint_goal_accuracy": 0.5219737991266375,
    "joint_noncat_accuracy": 0.5219737991266375,
    "requested_slots_f1": 1.0,
    "requested_slots_precision": 1.0,
    "requested_slots_recall": 1.0
  },
  "Banks_2": {
    "active_intent_accuracy": 0.9411764705882353,
    "average_cat_accuracy": 0.9102990033222591,
    "average_goal_accuracy": 0.7949003322259137,
    "average_noncat_accuracy": 0.5037637362637363,
    "joint_cat_accuracy": 0.8452012383900929,
    "joint_goal_accuracy": 0.5046439628482973,
    "joint_noncat_accuracy": 0.5479876160990712,
    "requested_slots_f1": 0.9009287925696594,
    "requested_slots_precision": 1.0,
    "requested_slots_recall": 0.9009287925696594
  },
  "Buses_1": {
    "active_intent_accuracy": 0.9655172413793104,
    "average_cat_accuracy": 1.0,
    "average_goal_accuracy": 0.9045934844192635,
    "average_noncat_accuracy": 0.8839023809523808,
    "joint_cat_accuracy": 1.0,
    "joint_goal_accuracy": 0.7155172413793104,
    "joint_noncat_accuracy": 0.7155172413793104,
    "requested_slots_f1": 0.9725906277630416,
    "requested_slots_precision": 0.9575596816976127,
    "requested_slots_recall": 1.0
  },
  "Events_1": {
    "active_intent_accuracy": 0.982725527831094,
    "average_cat_accuracy": 1.0,
    "average_goal_accuracy": 0.9101858037578289,
    "average_noncat_accuracy": 0.8661516452074391,
    "joint_cat_accuracy": 1.0,
    "joint_goal_accuracy": 0.662936660268714,
    "joint_noncat_accuracy": 0.662936660268714,
    "requested_slots_f1": 0.9795265515035189,
    "requested_slots_precision": 0.9990403071017274,
    "requested_slots_recall": 0.9779270633397313
  },
  "Flights_3": {
    "active_intent_accuracy": 0.7021276595744681,
    "average_cat_accuracy": 0.6327561327561327,
    "average_goal_accuracy": 0.7176358234651885,
    "average_noncat_accuracy": 0.7536672908863921,
    "joint_cat_accuracy": 0.46808510638297873,
    "joint_goal_accuracy": 0.21702767266775777,
    "joint_noncat_accuracy": 0.4143430572831424,
    "requested_slots_f1": 0.8903436988543372,
    "requested_slots_precision": 0.9934533551554828,
    "requested_slots_recall": 0.8878887070376432
  },
  "Homes_1": {
    "active_intent_accuracy": 0.9778534923339012,
    "average_cat_accuracy": 0.9413461538461538,
    "average_goal_accuracy": 0.9491880330490405,
    "average_noncat_accuracy": 0.9707071713147409,
    "joint_cat_accuracy": 0.6405451448040886,
    "joint_goal_accuracy": 0.6130664395229983,
    "joint_noncat_accuracy": 0.9320783645655877,
    "requested_slots_f1": 0.9712663259511642,
    "requested_slots_precision": 0.9576944917660422,
    "requested_slots_recall": 0.9982964224872232
  },
  "Hotels_1": {
    "active_intent_accuracy": 0.946236559139785,
    "average_cat_accuracy": 0.6870109546165883,
    "average_goal_accuracy": 0.8739969336219335,
    "average_noncat_accuracy": 0.9676209150326798,
    "joint_cat_accuracy": 0.5770609318996416,
    "joint_goal_accuracy": 0.5177777777777778,
    "joint_noncat_accuracy": 0.8951971326164874,
    "requested_slots_f1": 0.9550776583034649,
    "requested_slots_precision": 0.9450418160095581,
    "requested_slots_recall": 0.9874551971326165
  },
  "Hotels_4": {
    "active_intent_accuracy": 0.975,
    "average_cat_accuracy": 0.7507716049382716,
    "average_goal_accuracy": 0.7448772070626003,
    "average_noncat_accuracy": 0.7505686274509805,
    "joint_cat_accuracy": 0.575,
    "joint_goal_accuracy": 0.09615642857142857,
    "joint_noncat_accuracy": 0.13873335714285717,
    "requested_slots_f1": 0.9057482993197279,
    "requested_slots_precision": 0.8986309523809524,
    "requested_slots_recall": 0.95
  },
  "Media_2": {
    "active_intent_accuracy": 0.8476190476190476,
    "average_cat_accuracy": 0.024242424242424242,
    "average_goal_accuracy": 0.4267617411225659,
    "average_noncat_accuracy": 0.5110538373424971,
    "joint_cat_accuracy": 0.4888888888888889,
    "joint_goal_accuracy": 0.09482539682539683,
    "joint_noncat_accuracy": 0.10796825396825396,
    "requested_slots_f1": 0.8857142857142857,
    "requested_slots_precision": 0.9142857142857143,
    "requested_slots_recall": 0.8857142857142857
  },
  "Movies_2": {
    "active_intent_accuracy": 0.9943181818181818,
    "average_goal_accuracy": 0.608595041322314,
    "average_noncat_accuracy": 0.608595041322314,
    "joint_goal_accuracy": 0.31218181818181817,
    "joint_noncat_accuracy": 0.31218181818181817,
    "requested_slots_f1": 0.8946969696969697,
    "requested_slots_precision": 0.9071969696969696,
    "requested_slots_recall": 0.90625
  },
  "Music_1": {
    "active_intent_accuracy": 0.9230769230769231,
    "average_cat_accuracy": 0.6437908496732027,
    "average_goal_accuracy": 0.7923657187993681,
    "average_noncat_accuracy": 0.8830637254901962,
    "joint_cat_accuracy": 0.562753036437247,
    "joint_goal_accuracy": 0.46064777327935225,
    "joint_noncat_accuracy": 0.7954251012145749,
    "requested_slots_f1": 0.9554655870445344,
    "requested_slots_precision": 0.9635627530364372,
    "requested_slots_recall": 0.979757085020243
  },
  "RentalCars_1": {
    "active_intent_accuracy": 0.926829268292683,
    "average_cat_accuracy": 0.8615384615384616,
    "average_goal_accuracy": 0.8172173202614379,
    "average_noncat_accuracy": 0.8080191885964912,
    "joint_cat_accuracy": 0.8841463414634146,
    "joint_goal_accuracy": 0.40023292682926837,
    "joint_noncat_accuracy": 0.41818682926829265,
    "requested_slots_f1": 0.9786585365853658,
    "requested_slots_precision": 1.0,
    "requested_slots_recall": 0.9786585365853658
  },
  "Restaurants_2": {
    "active_intent_accuracy": 0.7671451355661882,
    "average_cat_accuracy": 0.3865546218487395,
    "average_goal_accuracy": 0.7292029741449845,
    "average_noncat_accuracy": 0.7902406447898676,
    "joint_cat_accuracy": 0.5980861244019139,
    "joint_goal_accuracy": 0.3526781499202552,
    "joint_noncat_accuracy": 0.46705311004784694,
    "requested_slots_f1": 0.8824561403508772,
    "requested_slots_precision": 0.9218500797448166,
    "requested_slots_recall": 0.8843700159489634
  },
  "RideSharing_1": {
    "active_intent_accuracy": 1.0,
    "average_cat_accuracy": 0.8956521739130435,
    "average_goal_accuracy": 0.9068207282913164,
    "average_noncat_accuracy": 0.9281990521327015,