{
  "#ALL_SERVICES": {
    "active_intent_accuracy": 0.9381287726358148,
    "average_cat_accuracy": 0.7024309847548413,
    "average_goal_accuracy": 0.8090459706622476,
    "average_noncat_accuracy": 0.8480591554777193,
    "joint_cat_accuracy": 0.7102199223803364,
    "joint_goal_accuracy": 0.4989604968142186,
    "joint_noncat_accuracy": 0.6482388502682763,
    "requested_slots_f1": 0.9326410846028552,
    "requested_slots_precision": 0.9790660630449363,
    "requested_slots_recall": 0.9362005365526492
  },
  "#SEEN_SERVICES": {
    "active_intent_accuracy": 0.9693189480782198,
    "average_cat_accuracy": 0.8879806943795734,
    "average_goal_accuracy": 0.872902145473574,
    "average_noncat_accuracy": 0.8830624522536288,
    "joint_cat_accuracy": 0.8757984386089425,
    "joint_goal_accuracy": 0.6857848459204315,
    "joint_noncat_accuracy": 0.7690046706001348,
    "requested_slots_f1": 0.9667678129916834,
    "requested_slots_precision": 0.9881434030119127,
    "requested_slots_recall": 0.9703304113283884
  },
  "#UNSEEN_SERVICES": {
    "active_intent_accuracy": 0.9072715143428952,
    "average_cat_accuracy": 0.4937850140056022,
    "average_goal_accuracy": 0.7445041871617215,
    "average_noncat_accuracy": 0.8117090440301468,
    "joint_cat_accuracy": 0.5302738141149248,
    "joint_goal_accuracy": 0.3141302701801201,
    "joint_noncat_accuracy": 0.5287620580386925,
    "requested_slots_f1": 0.8988786174910258,
    "requested_slots_precision": 0.9700856126306426,
    "requested_slots_recall": 0.9024349566377585
  },
  "Alarm_1": {
    "active_intent_accuracy": 0.7991266375545851,
    "average_goal_accuracy": 0.5671103896103896,
    "average_noncat_accuracy": 0.5671103896103896,
    "joint_goal_accuracy": 0.39840393013100434,
    "joint_noncat_accuracy": 0.39840393013100434,
    "requested_slots_f1": 1.0,
    "requested_slots_precision": 1.0,
    "requested_slots_recall": 1.0
  },
  "Banks_2": {
    "active_intent_accuracy": 0.9814241486068112,
    "average_cat_accuracy": 0.9318936877076412,
    "average_goal_accuracy": 0.8264091915836101,
    "average_noncat_accuracy": 0.5531043956043956,
    "joint_cat_accuracy": 0.8699690402476781,
    "joint_goal_accuracy": 0.5572755417956656,
    "joint_noncat_accuracy": 0.5985448916408668,
    "requested_slots_f1": 0.9009287925696594,
    "requested_slots_precision": 1.0,
    "requested_slots_recall": 0.9009287925696594
  },
  "Buses_1": {
    "active_intent_accuracy": 0.9840848806366048,
    "average_cat_accuracy": 0.996,
    "average_goal_accuracy": 0.9736317280453258,
    "average_noncat_accuracy": 0.9690690476190477,
    "joint_cat_accuracy": 0.9946949602122016,
    "joint_goal_accuracy": 0.9056798408488063,
    "joint_noncat_accuracy": 0.910772679045093,
    "requested_slots_f1": 0.9770114942528735,
    "requested_slots_precision": 0.9721485411140584,
    "requested_slots_recall": 0.9920424403183024
  },
  "Events_1": {
    "active_intent_accuracy": 0.9001919385796545,
    "average_cat_accuracy": 1.0,
    "average_goal_accuracy": 0.8833552540013918,
    "average_noncat_accuracy": 0.8252432045779684,
    "joint_cat_accuracy": 0.9980806142034548,
    "joint_goal_accuracy": 0.6154902111324375,
    "joint_noncat_accuracy": 0.6154902111324375,
    "requested_slots_f1": 0.9793985924504158,
    "requested_slots_precision": 0.9939219449776072,
    "requested_slots_recall": 0.982725527831094
  },
  "Flights_3": {
    "active_intent_accuracy": 0.9803600654664485,
    "average_cat_accuracy": 0.6922799422799424,
    "average_goal_accuracy": 0.8741676324850928,
    "average_noncat_accuracy": 0.9605087390761547,
    "joint_cat_accuracy": 0.5171849427168577,
    "joint_goal_accuracy": 0.35251391162029466,
    "joint_noncat_accuracy": 0.7184386252045827,
    "requested_slots_f1": 0.8805237315875614,
    "requested_slots_precision": 1.0,
    "requested_slots_recall": 0.8805237315875614
  },
  "Homes_1": {
    "active_intent_accuracy": 0.9948892674616695,
    "average_cat_accuracy": 0.9544871794871794,
    "average_goal_accuracy": 0.9302522654584221,
    "average_noncat_accuracy": 0.927390438247012,
    "joint_cat_accuracy": 0.8722316865417377,
    "joint_goal_accuracy": 0.7550936967632027,
    "joint_noncat_accuracy": 0.8506473594548551,
    "requested_slots_f1": 0.9962521294718909,
    "requested_slots_precision": 0.9994321408290745,
    "requested_slots_recall": 0.9948892674616695
  },
  "Hotels_1": {
    "active_intent_accuracy": 0.96415770609319,
    "average_cat_accuracy": 0.928794992175274,
    "average_goal_accuracy": 0.9469866522366523,
    "average_noncat_accuracy": 0.9521960784313726,
    "joint_cat_accuracy": 0.8817204301075269,
    "joint_goal_accuracy": 0.7609677419354839,
    "joint_noncat_accuracy": 0.8272043010752689,
    "requested_slots_f1": 0.9353643966547194,
    "requested_slots_precision": 0.9665471923536441,
    "requested_slots_recall": 0.9408602150537635
  },
  "Hotels_4": {
    "active_intent_accuracy": 0.9892857142857143,
    "average_cat_accuracy": 0.8348765432098766,
    "average_goal_accuracy": 0.7831585518102372,
    "average_noncat_accuracy": 0.7612679738562091,
    "joint_cat_accuracy": 0.675,
    "joint_goal_accuracy": 0.2778714285714286,
    "joint_noncat_accuracy": 0.37815535714285714,
    "requested_slots_f1": 0.9067857142857142,
    "requested_slots_precision": 0.9452380952380951,
    "requested_slots_recall": 0.9232142857142858
  },
  "Media_2": {
    "active_intent_accuracy": 0.9301587301587302,
    "average_cat_accuracy": 0.1696969696969697,
    "average_goal_accuracy": 0.7624954180985108,
    "average_noncat_accuracy": 0.882147766323024,
    "joint_cat_accuracy": 0.5650793650793651,
    "joint_goal_accuracy": 0.2916031746031746,
    "joint_noncat_accuracy": 0.518,
    "requested_slots_f1": 0.9089947089947089,
    "requested_slots_precision": 0.9650793650793651,
    "requested_slots_recall": 0.9079365079365079
  },
  "Movies_2": {
    "active_intent_accuracy": 0.9829545454545454,
    "average_goal_accuracy": 0.5515840220385675,
    "average_noncat_accuracy": 0.5515840220385675,
    "joint_goal_accuracy": 0.34267073863636366,
    "joint_noncat_accuracy": 0.34267073863636366,
    "requested_slots_f1": 0.8801136363636364,
    "requested_slots_precision": 0.9138257575757575,
    "requested_slots_recall": 0.8806818181818182
  },
  "Music_1": {
    "active_intent_accuracy": 0.9676113360323887,
    "average_cat_accuracy": 0.7287581699346405,
    "average_goal_accuracy": 0.7925371248025277,
    "average_noncat_accuracy": 0.8085947712418303,
    "joint_cat_accuracy": 0.7206477732793523,
    "joint_goal_accuracy": 0.5439271255060728,
    "joint_noncat_accuracy": 0.6665991902834008,
    "requested_slots_f1": 0.9662618083670717,
    "requested_slots_precision": 1.0,
    "requested_slots_recall": 0.9635627530364372
  },
  "RentalCars_1": {
    "active_intent_accuracy": 0.9939024390243902,
    "average_cat_accuracy": 0.8974358974358975,
    "average_goal_accuracy": 0.8829912854030502,
    "average_noncat_accuracy": 0.8743311403508772,
    "joint_cat_accuracy": 0.9115853658536586,
    "joint_goal_accuracy": 0.5940181493902439,
    "joint_noncat_accuracy": 0.620908393292683,
    "requested_slots_f1": 0.9878048780487805,
    "requested_slots_precision": 1.0,
    "requested_slots_recall": 0.9878048780487805
  },
  "Restaurants_2": {
    "active_intent_accuracy": 0.7304625199362041,
    "average_cat_accuracy": 0.3543417366946779,
    "average_goal_accuracy": 0.7123481017836688,
    "average_noncat_accuracy": 0.7727838226827863,
    "joint_cat_accuracy": 0.594896331738437,
    "joint_goal_accuracy": 0.3037527910685805,
    "joint_noncat_accuracy": 0.3819371610845295,
    "requested_slots_f1": 0.8788486367433734,
    "requested_slots_precision": 0.9247474747474747,
    "requested_slots_recall": 0.8923444976076556
  },
  "RideSharing_1": {
    "active_intent_accuracy": 0.9922178988326849,
    "average_cat_accuracy": 0.9891304347826086,
    "average_goal_accuracy": 0.9384453781512606,