{
  "#ALL_SERVICES": {
    "active_intent_accuracy": 0.44047619047619047,
    "average_cat_accuracy": 0.3199423156159868,
    "average_goal_accuracy": 0.2829531481530193,
    "average_noncat_accuracy": 0.2527443730946358,
    "joint_cat_accuracy": 0.054518573276658655,
    "joint_goal_accuracy": 0.004645863582494969,
    "joint_noncat_accuracy": 0.0180133194639336,
    "requested_slots_f1": 0.03607047170533351,
    "requested_slots_precision": 0.02154762530990487,
    "requested_slots_recall": 1.0
  },
  "#SEEN_SERVICES": {
    "active_intent_accuracy": 0.41537424140256235,
    "average_cat_accuracy": 0.3506928226685349,
    "average_goal_accuracy": 0.30417114948543517,
    "average_noncat_accuracy": 0.25909281894576014,
    "joint_cat_accuracy": 0.05535841022001419,
    "joint_goal_accuracy": 0.007359980285232638,
    "joint_noncat_accuracy": 0.03250602768071477,
    "requested_slots_f1": 0.03940848617180377,
    "requested_slots_precision": 0.02361392073125047,
    "requested_slots_recall": 1.0
  },
  "#UNSEEN_SERVICES": {
    "active_intent_accuracy": 0.46531020680453633,
    "average_cat_accuracy": 0.28536414565826335,
    "average_goal_accuracy": 0.2615073341443204,
    "average_noncat_accuracy": 0.24615165939442024,
    "joint_cat_accuracy": 0.05360586193598149,
    "joint_goal_accuracy": 0.0019607167711807876,
    "joint_noncat_accuracy": 0.0036753032628085397,
    "requested_slots_f1": 0.032768086479332575,
    "requested_slots_precision": 0.01950338507651226,
    "requested_slots_recall": 1.0
  },
  "Alarm_1": {
    "active_intent_accuracy": 0.2794759825327511,
    "average_goal_accuracy": 0.1966883116883117,
    "average_noncat_accuracy": 0.1966883116883117,
    "joint_goal_accuracy": 0.019103493449781662,
    "joint_noncat_accuracy": 0.019103493449781662,
    "requested_slots_f1": 0.0,
    "requested_slots_precision": 0.0,
    "requested_slots_recall": 1.0
  },
  "Banks_2": {
    "active_intent_accuracy": 0.5572755417956656,
    "average_cat_accuracy": 0.48172757475083056,
    "average_goal_accuracy": 0.38248062015503875,
    "average_noncat_accuracy": 0.18373626373626373,
    "joint_cat_accuracy": 0.11455108359133127,
    "joint_goal_accuracy": 0.0033058823529411767,
    "joint_noncat_accuracy": 0.014268421052631581,
    "requested_slots_f1": 0.028306059265811586,
    "requested_slots_precision": 0.016511867905056758,
    "requested_slots_recall": 1.0
  },
  "Buses_1": {
    "active_intent_accuracy": 0.3713527851458886,
    "average_cat_accuracy": 0.196,
    "average_goal_accuracy": 0.22913125590179412,
    "average_noncat_accuracy": 0.23576666666666665,
    "joint_cat_accuracy": 0.129973474801061,
    "joint_goal_accuracy": 0.00016657482758620693,
    "joint_noncat_accuracy": 0.0010737377984084881,
    "requested_slots_f1": 0.04253677357125633,
    "requested_slots_precision": 0.025346301208370173,
    "requested_slots_recall": 1.0
  },
  "Events_1": {
    "active_intent_accuracy": 0.272552783109405,
    "average_cat_accuracy": 0.4864864864864865,
    "average_goal_accuracy": 0.3491343075852471,
    "average_noncat_accuracy": 0.27300786838340485,
    "joint_cat_accuracy": 0.03838771593090211,
    "joint_goal_accuracy": 4.1002687140115164e-05,
    "joint_noncat_accuracy": 0.0010641952975047983,
    "requested_slots_f1": 0.026871401151631478,
    "requested_slots_precision": 0.015355086372360844,
    "requested_slots_recall": 1.0
  },
  "Flights_3": {
    "active_intent_accuracy": 0.4500818330605565,
    "average_cat_accuracy": 0.1717171717171717,
    "average_goal_accuracy": 0.23079383975812548,
    "average_noncat_accuracy": 0.25778089887640454,
    "joint_cat_accuracy": 0.0,
    "joint_goal_accuracy": 0.0,
    "joint_noncat_accuracy": 0.000998075433715221,
    "requested_slots_f1": 0.0202716283343383,
    "requested_slots_precision": 0.011167805911235196,
    "requested_slots_recall": 1.0
  },
  "Homes_1": {
    "active_intent_accuracy": 0.29471890971039183,
    "average_cat_accuracy": 0.33237179487179486,
    "average_goal_accuracy": 0.32376217128642504,
    "average_noncat_accuracy": 0.2986354581673307,
    "joint_cat_accuracy": 0.0,
    "joint_goal_accuracy": 0.0,
    "joint_noncat_accuracy": 0.006117870528109029,
    "requested_slots_f1": 0.039182282793867124,
    "requested_slots_precision": 0.022657580919931856,
    "requested_slots_recall": 1.0
  },
  "Hotels_1": {
    "active_intent_accuracy": 0.4982078853046595,
    "average_cat_accuracy": 0.22535211267605634,
    "average_goal_accuracy": 0.23083856421356422,
    "average_noncat_accuracy": 0.25102287581699345,
    "joint_cat_accuracy": 0.0,
    "joint_goal_accuracy": 0.0,
    "joint_noncat_accuracy": 0.0008112776702508959,
    "requested_slots_f1": 0.04898446833930705,
    "requested_slots_precision": 0.02867383512544803,
    "requested_slots_recall": 1.0
  },
  "Hotels_4": {
    "active_intent_accuracy": 0.5464285714285714,
    "average_cat_accuracy": 0.21913580246913578,
    "average_goal_accuracy": 0.23671803103263778,
    "average_noncat_accuracy": 0.2443235294117647,
    "joint_cat_accuracy": 0.0,
    "joint_goal_accuracy": 0.0,
    "joint_noncat_accuracy": 0.0010033341428571428,
    "requested_slots_f1": 0.045887445887445893,
    "requested_slots_precision": 0.026785714285714288,
    "requested_slots_recall": 1.0
  },
  "Media_2": {
    "active_intent_accuracy": 0.5206349206349207,
    "average_cat_accuracy": 0.17575757575757575,
    "average_goal_accuracy": 0.2848075601374571,
    "average_noncat_accuracy": 0.30168384879725085,
    "joint_cat_accuracy": 0.09206349206349207,
    "joint_goal_accuracy": 0.00016533333333333333,
    "joint_noncat_accuracy": 0.000752683492063492,
    "requested_slots_f1": 0.04625850340136054,
    "requested_slots_precision": 0.02962962962962963,
    "requested_slots_recall": 1.0
  },
  "Movies_2": {
    "active_intent_accuracy": 0.2215909090909091,
    "average_goal_accuracy": 0.3400137741046832,
    "average_noncat_accuracy": 0.3400137741046832,
    "joint_goal_accuracy": 0.0016325284090909088,
    "joint_noncat_accuracy": 0.0016325284090909088,
    "requested_slots_f1": 0.05762987012987013,
    "requested_slots_precision": 0.0375,
    "requested_slots_recall": 1.0
  },
  "Music_1": {
    "active_intent_accuracy": 0.4291497975708502,
    "average_cat_accuracy": 0.14052287581699346,
    "average_goal_accuracy": 0.24620221169036333,
    "average_noncat_accuracy": 0.2975,
    "joint_cat_accuracy": 0.0,
    "joint_goal_accuracy": 0.0,
    "joint_noncat_accuracy": 8.045344129554656e-06,
    "requested_slots_f1": 0.0465587044534413,
    "requested_slots_precision": 0.02834008097165992,
    "requested_slots_recall": 1.0
  },
  "RentalCars_1": {
    "active_intent_accuracy": 0.3170731707317073,
    "average_cat_accuracy": 0.10256410256410256,
    "average_goal_accuracy": 0.21801034858387802,
    "average_noncat_accuracy": 0.2355235745614035,
    "joint_cat_accuracy": 0.06097560975609756,
    "joint_goal_accuracy": 3.3964682926829266e-05,
    "joint_noncat_accuracy": 0.00030399247256097565,
    "requested_slots_f1": 0.025745257452574527,
    "requested_slots_precision": 0.014481707317073171,
    "requested_slots_recall": 1.0
  },
  "Restaurants_2": {
    "active_intent_accuracy": 0.46730462519936206,
    "average_cat_accuracy": 0.4752567693744164,
    "average_goal_accuracy": 0.2553061078383243,
    "average_noncat_accuracy": 0.218811168681635,
    "joint_cat_accuracy": 0.0,
    "joint_goal_accuracy": 0.0,
    "joint_noncat_accuracy": 8.995265055821371e-05,
    "requested_slots_f1": 0.03151234730182099,
    "requested_slots_precision": 0.017809675704412546,
    "requested_slots_recall": 1.0
  },
  "RideSharing_1": {
    "active_intent_accuracy": 0.9027237354085603,
    "average_cat_accuracy": 0.6413043478260869,
    "average_goal_accuracy": 0.4872128851540617,
    "average_noncat_accuracy": 0.19862559241706162,
    "joint_cat_accuracy": 0.2607003891050584,
    "joint_goal_accuracy": 0.055992217898832686,