{
  "#ALL_SERVICES": {
    "active_intent_accuracy": 0.9632796780684104,
    "average_cat_accuracy": 0.7204985578903996,
    "average_goal_accuracy": 0.8555902315630728,
    "average_noncat_accuracy": 0.9049405202049685,
    "joint_cat_accuracy": 0.7242653853261874,
    "joint_goal_accuracy": 0.5604551307847082,
    "joint_noncat_accuracy": 0.7067746646545943,
    "requested_slots_f1": 0.949329309188464,
    "requested_slots_precision": 0.9837078023697742,
    "requested_slots_recall": 0.9512072434607646
  },
  "#SEEN_SERVICES": {
    "active_intent_accuracy": 0.9902225219150371,
    "average_cat_accuracy": 0.895687373501479,
    "average_goal_accuracy": 0.914681684981685,
    "average_noncat_accuracy": 0.9375345047109752,
    "joint_cat_accuracy": 0.9017033356990773,
    "joint_goal_accuracy": 0.7807380984490896,
    "joint_noncat_accuracy": 0.8663597100472016,
    "requested_slots_f1": 0.980782198246797,
    "requested_slots_precision": 0.9948864913463699,
    "requested_slots_recall": 0.9826365475387727
  },
  "#UNSEEN_SERVICES": {
    "active_intent_accuracy": 0.9366244162775184,
    "average_cat_accuracy": 0.5235031512605042,
    "average_goal_accuracy": 0.7958643271451491,
    "average_noncat_accuracy": 0.871092423641412,
    "joint_cat_accuracy": 0.5314307751639028,
    "joint_goal_accuracy": 0.34252341561040694,
    "joint_noncat_accuracy": 0.5488929953302201,
    "requested_slots_f1": 0.9182121414276184,
    "requested_slots_precision": 0.9726484322881921,
    "requested_slots_recall": 0.9201134089392928
  },
  "Alarm_1": {
    "active_intent_accuracy": 0.8296943231441049,
    "average_goal_accuracy": 0.7835064935064935,
    "average_noncat_accuracy": 0.7835064935064935,
    "joint_goal_accuracy": 0.5502183406113538,
    "joint_noncat_accuracy": 0.5502183406113538,
    "requested_slots_f1": 1.0,
    "requested_slots_precision": 1.0,
    "requested_slots_recall": 1.0
  },
  "Banks_2": {
    "active_intent_accuracy": 0.9969040247678018,
    "average_cat_accuracy": 0.9186046511627907,
    "average_goal_accuracy": 0.8601827242524918,
    "average_noncat_accuracy": 0.6941208791208792,
    "joint_cat_accuracy": 0.848297213622291,
    "joint_goal_accuracy": 0.6222910216718266,
    "joint_noncat_accuracy": 0.6965944272445821,
    "requested_slots_f1": 0.9009287925696594,
    "requested_slots_precision": 1.0,
    "requested_slots_recall": 0.9009287925696594
  },
  "Buses_1": {
    "active_intent_accuracy": 0.986737400530504,
    "average_cat_accuracy": 0.996,
    "average_goal_accuracy": 0.9600953729933899,
    "average_noncat_accuracy": 0.9502095238095237,
    "joint_cat_accuracy": 0.9973474801061007,
    "joint_goal_accuracy": 0.8682228116710875,
    "joint_noncat_accuracy": 0.8708753315649868,
    "requested_slots_f1": 0.9902740937223695,
    "requested_slots_precision": 0.9973474801061007,
    "requested_slots_recall": 0.9907161803713528
  },
  "Events_1": {
    "active_intent_accuracy": 0.9980806142034548,
    "average_cat_accuracy": 1.0,
    "average_goal_accuracy": 0.9575083507306891,
    "average_noncat_accuracy": 0.9385175250357654,
    "joint_cat_accuracy": 1.0,
    "joint_goal_accuracy": 0.7955662188099808,
    "joint_noncat_accuracy": 0.7955662188099808,
    "requested_slots_f1": 0.9865642994241842,
    "requested_slots_precision": 1.0,
    "requested_slots_recall": 0.9856046065259118
  },
  "Flights_3": {
    "active_intent_accuracy": 0.9639934533551555,
    "average_cat_accuracy": 0.7357503607503607,
    "average_goal_accuracy": 0.8528017972621147,
    "average_noncat_accuracy": 0.9142009987515606,
    "joint_cat_accuracy": 0.49754500818330605,
    "joint_goal_accuracy": 0.37982062193126026,
    "joint_noncat_accuracy": 0.7542605564648118,
    "requested_slots_f1": 0.8805237315875614,
    "requested_slots_precision": 1.0,
    "requested_slots_recall": 0.8805237315875614
  },
  "Homes_1": {
    "active_intent_accuracy": 0.9965928449744463,
    "average_cat_accuracy": 0.9884615384615385,
    "average_goal_accuracy": 0.9733762437810944,
    "average_noncat_accuracy": 0.9665305444887118,
    "joint_cat_accuracy": 0.9608177172061328,
    "joint_goal_accuracy": 0.8891482112436115,
    "joint_noncat_accuracy": 0.9249233390119249,
    "requested_slots_f1": 0.9943214082907438,
    "requested_slots_precision": 0.995741056218058,
    "requested_slots_recall": 0.9982964224872232
  },
  "Hotels_1": {
    "active_intent_accuracy": 0.967741935483871,
    "average_cat_accuracy": 0.960093896713615,
    "average_goal_accuracy": 0.9748800505050506,
    "average_noncat_accuracy": 0.9784477124183006,
    "joint_cat_accuracy": 0.942652329749104,
    "joint_goal_accuracy": 0.8672043010752688,
    "joint_noncat_accuracy": 0.9224014336917563,
    "requested_slots_f1": 0.9952210274790919,
    "requested_slots_precision": 0.996415770609319,
    "requested_slots_recall": 0.9946236559139785
  },
  "Hotels_4": {
    "active_intent_accuracy": 1.0,
    "average_cat_accuracy": 0.9135802469135803,
    "average_goal_accuracy": 0.882830479757446,
    "average_noncat_accuracy": 0.8758039215686274,
    "joint_cat_accuracy": 0.7571428571428571,
    "joint_goal_accuracy": 0.16207857142857143,
    "joint_noncat_accuracy": 0.2345071428571429,
    "requested_slots_f1": 0.9327380952380953,
    "requested_slots_precision": 0.9452380952380951,
    "requested_slots_recall": 0.9392857142857143
  },
  "Media_2": {
    "active_intent_accuracy": 0.9587301587301588,
    "average_cat_accuracy": 0.18787878787878787,
    "average_goal_accuracy": 0.8226935853379153,
    "average_noncat_accuracy": 0.9418957617411227,
    "joint_cat_accuracy": 0.5746031746031746,
    "joint_goal_accuracy": 0.3117079365079365,
    "joint_noncat_accuracy": 0.47400000000000003,
    "requested_slots_f1": 0.9301587301587302,
    "requested_slots_precision": 0.9301587301587302,
    "requested_slots_recall": 0.9380952380952381
  },
  "Movies_2": {
    "active_intent_accuracy": 0.9829545454545454,
    "average_goal_accuracy": 0.71866391184573,
    "average_noncat_accuracy": 0.71866391184573,
    "joint_goal_accuracy": 0.31921818181818185,
    "joint_noncat_accuracy": 0.31921818181818185,
    "requested_slots_f1": 0.9128787878787878,
    "requested_slots_precision": 0.9242424242424242,
    "requested_slots_recall": 0.9147727272727273
  },
  "Music_1": {
    "active_intent_accuracy": 0.9838056680161943,
    "average_cat_accuracy": 0.7745098039215687,
    "average_goal_accuracy": 0.8684810426540285,
    "average_noncat_accuracy": 0.9304166666666666,
    "joint_cat_accuracy": 0.7935222672064778,
    "joint_goal_accuracy": 0.6736842105263158,
    "joint_noncat_accuracy": 0.8621457489878542,
    "requested_slots_f1": 0.9959514170040485,
    "requested_slots_precision": 0.9959514170040485,
    "requested_slots_recall": 1.0
  },
  "RentalCars_1": {
    "active_intent_accuracy": 0.9969512195121951,
    "average_cat_accuracy": 0.841025641025641,
    "average_goal_accuracy": 0.9378485838779957,
    "average_noncat_accuracy": 0.9468103070175439,
    "joint_cat_accuracy": 0.8810975609756098,
    "joint_goal_accuracy": 0.7328987804878049,
    "joint_noncat_accuracy": 0.8333673780487806,
    "requested_slots_f1": 1.0,
    "requested_slots_precision": 1.0,
    "requested_slots_recall": 1.0
  },
  "Restaurants_2": {
    "active_intent_accuracy": 0.9138755980861244,
    "average_cat_accuracy": 0.4117647058823529,
    "average_goal_accuracy": 0.778410693830797,
    "average_noncat_accuracy": 0.8471643638457109,
    "joint_cat_accuracy": 0.5885167464114832,
    "joint_goal_accuracy": 0.3717103668261563,
    "joint_noncat_accuracy": 0.5064370015948964,
    "requested_slots_f1": 0.9207336523125996,
    "requested_slots_precision": 0.9500265816055289,
    "requested_slots_recall": 0.9274322169059012
  },
  "RideSharing_1": {
    "active_intent_accuracy": 1.0,
    "average_cat_accuracy": 0.9695652173913043,
    "average_goal_accuracy": 0.920392156862745,
    "average_noncat_accuracy": 0.8372511848341232,