{
  "#ALL_SERVICES": {
    "active_intent_accuracy": 0.8774312541918176,
    "average_cat_accuracy": 0.5848990523279769,
    "average_goal_accuracy": 0.5574607193273184,
    "average_noncat_accuracy": 0.5533309982486866,
    "joint_cat_accuracy": 0.457771206800961,
    "joint_goal_accuracy": 0.1737822072837022,
    "joint_noncat_accuracy": 0.3265200257478203,
    "requested_slots_f1": 0.8813212608987256,
    "requested_slots_precision": 0.9880952380952381,
    "requested_slots_recall": 0.8821260898725688
  },
  "#SEEN_SERVICES": {
    "active_intent_accuracy": 0.925826028320971,
    "average_cat_accuracy": 0.7115055270122996,
    "average_goal_accuracy": 0.613494488051631,
    "average_noncat_accuracy": 0.6135460275019099,
    "joint_cat_accuracy": 0.5209368346344926,
    "joint_goal_accuracy": 0.20815131599460554,
    "joint_noncat_accuracy": 0.4141210332434255,
    "requested_slots_f1": 0.8793549112160035,
    "requested_slots_precision": 0.9834794335805799,
    "requested_slots_recall": 0.8784558327714093
  },
  "#UNSEEN_SERVICES": {
    "active_intent_accuracy": 0.8295530353569046,
    "average_cat_accuracy": 0.4425332633053222,
    "average_goal_accuracy": 0.5008253292431376,
    "average_noncat_accuracy": 0.4907990876636255,
    "joint_cat_accuracy": 0.3891245661396066,
    "joint_goal_accuracy": 0.13977994696464308,
    "joint_noncat_accuracy": 0.23985405235490326,
    "requested_slots_f1": 0.883266622192573,
    "requested_slots_precision": 0.9926617745163442,
    "requested_slots_recall": 0.8857571714476318
  },
  "Alarm_1": {
    "active_intent_accuracy": 0.48034934497816595,
    "average_goal_accuracy": 0.605844155844156,
    "average_noncat_accuracy": 0.605844155844156,
    "joint_goal_accuracy": 0.3951165938864628,
    "joint_noncat_accuracy": 0.3951165938864628,
    "requested_slots_f1": 1.0,
    "requested_slots_precision": 1.0,
    "requested_slots_recall": 1.0
  },
  "Banks_2": {
    "active_intent_accuracy": 0.9256965944272446,
    "average_cat_accuracy": 0.8687707641196013,
    "average_goal_accuracy": 0.7812070874861572,
    "average_noncat_accuracy": 0.5271428571428572,
    "joint_cat_accuracy": 0.39628482972136225,
    "joint_goal_accuracy": 0.21731640866873062,
    "joint_noncat_accuracy": 0.5912024767801857,
    "requested_slots_f1": 0.9009287925696594,
    "requested_slots_precision": 1.0,
    "requested_slots_recall": 0.9009287925696594
  },
  "Buses_1": {
    "active_intent_accuracy": 0.9628647214854111,
    "average_cat_accuracy": 0.996,
    "average_goal_accuracy": 0.5066798866855524,
    "average_noncat_accuracy": 0.40534761904761907,
    "joint_cat_accuracy": 0.9973474801061007,
    "joint_goal_accuracy": 0.07663392042440319,
    "joint_noncat_accuracy": 0.07667667904509284,
    "requested_slots_f1": 0.863837312113174,
    "requested_slots_precision": 1.0,
    "requested_slots_recall": 0.8620689655172413
  },
  "Events_1": {
    "active_intent_accuracy": 0.9884836852207294,
    "average_cat_accuracy": 0.9234234234234234,
    "average_goal_accuracy": 0.6161127348643006,
    "average_noncat_accuracy": 0.4570618741058655,
    "joint_cat_accuracy": 0.6372360844529751,
    "joint_goal_accuracy": 0.19839788867562377,
    "joint_noncat_accuracy": 0.27928330134357005,
    "requested_slots_f1": 0.8829174664107485,
    "requested_slots_precision": 1.0,
    "requested_slots_recall": 0.8829174664107485
  },
  "Flights_3": {
    "active_intent_accuracy": 0.7414075286415712,
    "average_cat_accuracy": 0.5521284271284271,
    "average_goal_accuracy": 0.5150272108843537,
    "average_noncat_accuracy": 0.49667602996254684,
    "joint_cat_accuracy": 0.28805237315875615,
    "joint_goal_accuracy": 0.09564451718494271,
    "joint_noncat_accuracy": 0.1728102651391162,
    "requested_slots_f1": 0.8805237315875614,
    "requested_slots_precision": 1.0,
    "requested_slots_recall": 0.8805237315875614
  },
  "Homes_1": {
    "active_intent_accuracy": 0.9727427597955707,
    "average_cat_accuracy": 0.889102564102564,
    "average_goal_accuracy": 0.8041393923240938,
    "average_noncat_accuracy": 0.7751261620185923,
    "joint_cat_accuracy": 0.19931856899488926,
    "joint_goal_accuracy": 0.15579216354344122,
    "joint_noncat_accuracy": 0.5662350936967632,
    "requested_slots_f1": 0.8747870528109029,
    "requested_slots_precision": 0.9540034071550255,
    "requested_slots_recall": 0.8756388415672913
  },
  "Hotels_1": {
    "active_intent_accuracy": 0.96415770609319,
    "average_cat_accuracy": 0.4953051643192488,
    "average_goal_accuracy": 0.6193979978354978,
    "average_noncat_accuracy": 0.6992254901960785,
    "joint_cat_accuracy": 0.4336917562724014,
    "joint_goal_accuracy": 0.25448028673835127,
    "joint_noncat_accuracy": 0.4336917562724014,
    "requested_slots_f1": 0.8172043010752689,
    "requested_slots_precision": 1.0,
    "requested_slots_recall": 0.8172043010752689
  },
  "Hotels_4": {
    "active_intent_accuracy": 0.9678571428571429,
    "average_cat_accuracy": 0.3410493827160494,
    "average_goal_accuracy": 0.4521690743713216,
    "average_noncat_accuracy": 0.5198006535947713,
    "joint_cat_accuracy": 0.3107142857142857,
    "joint_goal_accuracy": 0.14721428571428571,
    "joint_noncat_accuracy": 0.3337142857142857,
    "requested_slots_f1": 0.8870238095238095,
    "requested_slots_precision": 0.9285714285714286,
    "requested_slots_recall": 0.9160714285714285
  },
  "Media_2": {
    "active_intent_accuracy": 0.6730158730158731,
    "average_cat_accuracy": 0.18181818181818182,
    "average_goal_accuracy": 0.4344146620847652,
    "average_noncat_accuracy": 0.46508304696449015,
    "joint_cat_accuracy": 0.546031746031746,
    "joint_goal_accuracy": 0.09631519047619047,
    "joint_noncat_accuracy": 0.09738731428571427,
    "requested_slots_f1": 0.8857142857142857,
    "requested_slots_precision": 1.0,
    "requested_slots_recall": 0.8857142857142857
  },
  "Movies_2": {
    "active_intent_accuracy": 0.9943181818181818,
    "average_goal_accuracy": 0.5859228650137742,
    "average_noncat_accuracy": 0.5859228650137742,
    "joint_goal_accuracy": 0.31665965909090904,
    "joint_noncat_accuracy": 0.31665965909090904,
    "requested_slots_f1": 0.8636363636363636,
    "requested_slots_precision": 1.0,
    "requested_slots_recall": 0.8636363636363636
  },
  "Music_1": {
    "active_intent_accuracy": 0.5708502024291497,
    "average_cat_accuracy": 0.2222222222222222,
    "average_goal_accuracy": 0.38480568720379144,
    "average_noncat_accuracy": 0.4274346405228758,
    "joint_cat_accuracy": 0.41295546558704455,
    "joint_goal_accuracy": 0.15384615384615385,
    "joint_noncat_accuracy": 0.18668906882591094,
    "requested_slots_f1": 0.9082321187584345,
    "requested_slots_precision": 0.9433198380566802,
    "requested_slots_recall": 0.9068825910931174
  },
  "RentalCars_1": {
    "active_intent_accuracy": 0.801829268292683,
    "average_cat_accuracy": 0.49230769230769234,
    "average_goal_accuracy": 0.47717374727668854,
    "average_noncat_accuracy": 0.4678404605263157,
    "joint_cat_accuracy": 0.6737804878048781,
    "joint_goal_accuracy": 0.08283693670731708,
    "joint_noncat_accuracy": 0.0897776725609756,
    "requested_slots_f1": 0.8841463414634146,
    "requested_slots_precision": 1.0,
    "requested_slots_recall": 0.8841463414634146
  },
  "Restaurants_2": {
    "active_intent_accuracy": 0.8692185007974481,
    "average_cat_accuracy": 0.42390289449112983,
    "average_goal_accuracy": 0.43424652266404845,
    "average_noncat_accuracy": 0.43244444444444446,
    "joint_cat_accuracy": 0.5917065390749602,
    "joint_goal_accuracy": 0.0744052567783094,
    "joint_noncat_accuracy": 0.07891829818181818,
    "requested_slots_f1": 0.8484848484848485,
    "requested_slots_precision": 1.0,
    "requested_slots_recall": 0.8484848484848485
  },
  "RideSharing_1": {
    "active_intent_accuracy": 0.9922178988326849,
    "average_cat_accuracy": 0.6739130434782609,
    "average_goal_accuracy": 0.7717366946778712,