{
  "#ALL_SERVICES": {
    "active_intent_accuracy": 0.9027498323272971,
    "average_cat_accuracy": 0.5862999587968685,
    "average_goal_accuracy": 0.7008022967795109,
    "average_noncat_accuracy": 0.7486522994097424,
    "joint_cat_accuracy": 0.5385326187396046,
    "joint_goal_accuracy": 0.3075998672032193,
    "joint_noncat_accuracy": 0.49803739235412475,
    "requested_slots_f1": 0.9049519338251732,
    "requested_slots_precision": 0.9718449586407333,
    "requested_slots_recall": 0.9099597585513078
  },
  "#SEEN_SERVICES": {
    "active_intent_accuracy": 0.9575185434929198,
    "average_cat_accuracy": 0.7317452903627588,
    "average_goal_accuracy": 0.7306827141112855,
    "average_noncat_accuracy": 0.7617491723962313,
    "joint_cat_accuracy": 0.6288147622427254,
    "joint_goal_accuracy": 0.3378713782872556,
    "joint_noncat_accuracy": 0.5302598476062037,
    "requested_slots_f1": 0.9224432456731848,
    "requested_slots_precision": 0.9763429984266128,
    "requested_slots_recall": 0.931726230613621
  },
  "#UNSEEN_SERVICES": {
    "active_intent_accuracy": 0.8485657104736491,
    "average_cat_accuracy": 0.4227503501400561,
    "average_goal_accuracy": 0.6706010604538002,
    "average_noncat_accuracy": 0.7350515007272247,
    "joint_cat_accuracy": 0.4404165059776321,
    "joint_goal_accuracy": 0.27765146764509674,
    "joint_noncat_accuracy": 0.4661588725817212,
    "requested_slots_f1": 0.887647320435846,
    "requested_slots_precision": 0.9673949299533022,
    "requested_slots_recall": 0.888425617078052
  },
  "Alarm_1": {
    "active_intent_accuracy": 0.7205240174672489,
    "average_goal_accuracy": 0.6117207792207792,
    "average_noncat_accuracy": 0.6117207792207792,
    "joint_goal_accuracy": 0.42765065502183414,
    "joint_noncat_accuracy": 0.42765065502183414,
    "requested_slots_f1": 1.0,
    "requested_slots_precision": 1.0,
    "requested_slots_recall": 1.0
  },
  "Banks_2": {
    "active_intent_accuracy": 0.9721362229102167,
    "average_cat_accuracy": 0.7508305647840532,
    "average_goal_accuracy": 0.6113621262458471,
    "average_noncat_accuracy": 0.15131868131868131,
    "joint_cat_accuracy": 0.5603715170278638,
    "joint_goal_accuracy": 0.43034055727554177,
    "joint_noncat_accuracy": 0.43343653250773995,
    "requested_slots_f1": 0.9009287925696594,
    "requested_slots_precision": 1.0,
    "requested_slots_recall": 0.9009287925696594
  },
  "Buses_1": {
    "active_intent_accuracy": 0.9920424403183024,
    "average_cat_accuracy": 1.0,
    "average_goal_accuracy": 0.7425084985835694,
    "average_noncat_accuracy": 0.680897619047619,
    "joint_cat_accuracy": 1.0,
    "joint_goal_accuracy": 0.2723085092838196,
    "joint_noncat_accuracy": 0.2723085092838196,
    "requested_slots_f1": 0.9741821396993811,
    "requested_slots_precision": 0.9686118479221927,
    "requested_slots_recall": 0.9893899204244032
  },
  "Events_1": {
    "active_intent_accuracy": 0.982725527831094,
    "average_cat_accuracy": 0.9977477477477478,
    "average_goal_accuracy": 0.7913778705636741,
    "average_noncat_accuracy": 0.6918758941344779,
    "joint_cat_accuracy": 0.9961612284069098,
    "joint_goal_accuracy": 0.4575431861804223,
    "joint_noncat_accuracy": 0.4575431861804223,
    "requested_slots_f1": 0.9680102367242482,
    "requested_slots_precision": 0.9904030710172744,
    "requested_slots_recall": 0.9644913627639156
  },
  "Flights_3": {
    "active_intent_accuracy": 0.6170212765957447,
    "average_cat_accuracy": 0.6217532467532467,
    "average_goal_accuracy": 0.7587169942050893,
    "average_noncat_accuracy": 0.8300858302122348,
    "joint_cat_accuracy": 0.4713584288052373,
    "joint_goal_accuracy": 0.30129361702127655,
    "joint_noncat_accuracy": 0.620472504091653,
    "requested_slots_f1": 0.8805237315875614,
    "requested_slots_precision": 1.0,
    "requested_slots_recall": 0.8805237315875614
  },
  "Homes_1": {
    "active_intent_accuracy": 0.9761499148211243,
    "average_cat_accuracy": 0.8474358974358973,
    "average_goal_accuracy": 0.8154094260838664,
    "average_noncat_accuracy": 0.8502755644090306,
    "joint_cat_accuracy": 0.3083475298126065,
    "joint_goal_accuracy": 0.22221465076660987,
    "joint_noncat_accuracy": 0.6168143100511073,
    "requested_slots_f1": 0.8946621237932993,
    "requested_slots_precision": 0.9568427030096537,
    "requested_slots_recall": 0.9148211243611585
  },
  "Hotels_1": {
    "active_intent_accuracy": 0.982078853046595,
    "average_cat_accuracy": 0.3380281690140845,
    "average_goal_accuracy": 0.6737040043290043,
    "average_noncat_accuracy": 0.8366895424836602,
    "joint_cat_accuracy": 0.3763440860215054,
    "joint_goal_accuracy": 0.3118279569892473,
    "joint_noncat_accuracy": 0.5570043010752689,
    "requested_slots_f1": 0.8298685782556751,
    "requested_slots_precision": 0.982078853046595,
    "requested_slots_recall": 0.8297491039426523
  },
  "Hotels_4": {
    "active_intent_accuracy": 0.9892857142857143,
    "average_cat_accuracy": 0.44212962962962965,
    "average_goal_accuracy": 0.6428182628856786,
    "average_noncat_accuracy": 0.758578431372549,
    "joint_cat_accuracy": 0.3821428571428571,
    "joint_goal_accuracy": 0.19885714285714287,
    "joint_noncat_accuracy": 0.3948928571428571,
    "requested_slots_f1": 0.8916666666666667,
    "requested_slots_precision": 0.8973214285714286,
    "requested_slots_recall": 0.9
  },
  "Media_2": {
    "active_intent_accuracy": 0.9206349206349206,
    "average_cat_accuracy": 0.1696969696969697,
    "average_goal_accuracy": 0.6554461626575028,
    "average_noncat_accuracy": 0.756045246277205,
    "joint_cat_accuracy": 0.5650793650793651,
    "joint_goal_accuracy": 0.23310666666666668,
    "joint_noncat_accuracy": 0.2829326984126984,
    "requested_slots_f1": 0.8793650793650793,
    "requested_slots_precision": 0.8857142857142857,
    "requested_slots_recall": 0.8857142857142857
  },
  "Movies_2": {
    "active_intent_accuracy": 0.9886363636363636,
    "average_goal_accuracy": 0.4857162534435262,
    "average_noncat_accuracy": 0.4857162534435262,
    "joint_goal_accuracy": 0.3303301136363636,
    "joint_noncat_accuracy": 0.3303301136363636,
    "requested_slots_f1": 0.8787878787878788,
    "requested_slots_precision": 0.90625,
    "requested_slots_recall": 0.8806818181818182
  },
  "Music_1": {
    "active_intent_accuracy": 0.9473684210526315,
    "average_cat_accuracy": 0.6633986928104575,
    "average_goal_accuracy": 0.7726011058451817,
    "average_noncat_accuracy": 0.8405882352941176,
    "joint_cat_accuracy": 0.631578947368421,
    "joint_goal_accuracy": 0.461417004048583,
    "joint_noncat_accuracy": 0.6521862348178138,
    "requested_slots_f1": 0.9622132253711201,
    "requested_slots_precision": 0.9433198380566802,
    "requested_slots_recall": 1.0
  },
  "RentalCars_1": {
    "active_intent_accuracy": 0.7591463414634146,
    "average_cat_accuracy": 0.5282051282051282,
    "average_goal_accuracy": 0.6898273420479303,
    "average_noncat_accuracy": 0.6976211622807017,
    "joint_cat_accuracy": 0.6951219512195121,
    "joint_goal_accuracy": 0.23564695121951218,
    "joint_noncat_accuracy": 0.2583298780487805,
    "requested_slots_f1": 0.9329268292682927,
    "requested_slots_precision": 1.0,
    "requested_slots_recall": 0.9329268292682927
  },
  "Restaurants_2": {
    "active_intent_accuracy": 0.8580542264752791,
    "average_cat_accuracy": 0.4710550887021475,
    "average_goal_accuracy": 0.7215477417771232,
    "average_noncat_accuracy": 0.7619096142774899,
    "joint_cat_accuracy": 0.5645933014354066,
    "joint_goal_accuracy": 0.30323763955342903,
    "joint_noncat_accuracy": 0.4060191387559809,
    "requested_slots_f1": 0.8508771929824561,
    "requested_slots_precision": 0.9784688995215312,
    "requested_slots_recall": 0.8508771929824561
  },
  "RideSharing_1": {
    "active_intent_accuracy": 1.0,
    "average_cat_accuracy": 0.6804347826086956,
    "average_goal_accuracy": 0.6831022408963587,