{
  "#ALL_SERVICES": {
    "active_intent_accuracy": 0.9336016096579477,
    "average_cat_accuracy": 0.6840131850020601,
    "average_goal_accuracy": 0.8298948957045531,
    "average_noncat_accuracy": 0.8868993319063371,
    "joint_cat_accuracy": 0.6965440768804287,
    "joint_goal_accuracy": 0.5503280684104628,
    "joint_noncat_accuracy": 0.6965971495640509,
    "requested_slots_f1": 0.9459223595541504,
    "requested_slots_precision": 0.9829448915716521,
    "requested_slots_recall": 0.9486921529175051
  },
  "#SEEN_SERVICES": {
    "active_intent_accuracy": 0.9844908968307485,
    "average_cat_accuracy": 0.8805075509886345,
    "average_goal_accuracy": 0.903613073434502,
    "average_noncat_accuracy": 0.9332606951871657,
    "joint_cat_accuracy": 0.8846699787083038,
    "joint_goal_accuracy": 0.782774173971679,
    "joint_noncat_accuracy": 0.8768495954146999,
    "requested_slots_f1": 0.9817262306136211,
    "requested_slots_precision": 0.9960103394021128,
    "requested_slots_recall": 0.983142279163857
  },
  "#UNSEEN_SERVICES": {
    "active_intent_accuracy": 0.8832555036691128,
    "average_cat_accuracy": 0.4630602240896359,
    "average_goal_accuracy": 0.7553852232859082,
    "average_noncat_accuracy": 0.8387541319582178,
    "joint_cat_accuracy": 0.49209409949865024,
    "joint_goal_accuracy": 0.3203630420280187,
    "joint_noncat_accuracy": 0.5182686791194129,
    "requested_slots_f1": 0.9105006512278027,
    "requested_slots_precision": 0.9700189014898822,
    "requested_slots_recall": 0.914609739826551
  },
  "Alarm_1": {
    "active_intent_accuracy": 0.7641921397379913,
    "average_goal_accuracy": 0.6366558441558442,
    "average_noncat_accuracy": 0.6366558441558442,
    "joint_goal_accuracy": 0.46201572052401746,
    "joint_noncat_accuracy": 0.46201572052401746,
    "requested_slots_f1": 1.0,
    "requested_slots_precision": 1.0,
    "requested_slots_recall": 1.0
  },
  "Banks_2": {
    "active_intent_accuracy": 0.9504643962848297,
    "average_cat_accuracy": 0.9269102990033222,
    "average_goal_accuracy": 0.8685825027685493,
    "average_noncat_accuracy": 0.7072527472527472,
    "joint_cat_accuracy": 0.8668730650154799,
    "joint_goal_accuracy": 0.6222910216718266,
    "joint_noncat_accuracy": 0.6824767801857585,
    "requested_slots_f1": 0.9009287925696594,
    "requested_slots_precision": 1.0,
    "requested_slots_recall": 0.9009287925696594
  },
  "Buses_1": {
    "active_intent_accuracy": 0.9920424403183024,
    "average_cat_accuracy": 1.0,
    "average_goal_accuracy": 0.9698692162417375,
    "average_noncat_accuracy": 0.9634428571428573,
    "joint_cat_accuracy": 1.0,
    "joint_goal_accuracy": 0.9123607427055704,
    "joint_noncat_accuracy": 0.9123607427055704,
    "requested_slots_f1": 0.9964633068081343,
    "requested_slots_precision": 0.9973474801061007,
    "requested_slots_recall": 0.9973474801061007
  },
  "Events_1": {
    "active_intent_accuracy": 0.9884836852207294,
    "average_cat_accuracy": 1.0,
    "average_goal_accuracy": 0.9563427279053583,
    "average_noncat_accuracy": 0.9373354792560801,
    "joint_cat_accuracy": 1.0,
    "joint_goal_accuracy": 0.8216314779270634,
    "joint_noncat_accuracy": 0.8216314779270634,
    "requested_slots_f1": 0.9936020473448498,
    "requested_slots_precision": 0.9971209213051824,
    "requested_slots_recall": 0.9952015355086372
  },
  "Flights_3": {
    "active_intent_accuracy": 0.9279869067103109,
    "average_cat_accuracy": 0.6663059163059164,
    "average_goal_accuracy": 0.7879238263206518,
    "average_noncat_accuracy": 0.8533504993757802,
    "joint_cat_accuracy": 0.502454991816694,
    "joint_goal_accuracy": 0.3022756137479542,
    "joint_noncat_accuracy": 0.5846206219312603,
    "requested_slots_f1": 0.8827059465357339,
    "requested_slots_precision": 1.0,
    "requested_slots_recall": 0.8821603927986906
  },
  "Homes_1": {
    "active_intent_accuracy": 0.9880749574105622,
    "average_cat_accuracy": 0.9971153846153846,
    "average_goal_accuracy": 0.9891304193319118,
    "average_noncat_accuracy": 0.9842297476759628,
    "joint_cat_accuracy": 0.9829642248722317,
    "joint_goal_accuracy": 0.944190800681431,
    "joint_noncat_accuracy": 0.9578194207836457,
    "requested_slots_f1": 0.9982964224872232,
    "requested_slots_precision": 0.9982964224872232,
    "requested_slots_recall": 1.0
  },
  "Hotels_1": {
    "active_intent_accuracy": 0.967741935483871,
    "average_cat_accuracy": 0.7660406885758998,
    "average_goal_accuracy": 0.9172018398268399,
    "average_noncat_accuracy": 0.9849183006535949,
    "joint_cat_accuracy": 0.7060931899641577,
    "joint_goal_accuracy": 0.6773763440860215,
    "joint_noncat_accuracy": 0.9541290322580646,
    "requested_slots_f1": 0.9934289127837513,
    "requested_slots_precision": 0.992831541218638,
    "requested_slots_recall": 0.9946236559139785
  },
  "Hotels_4": {
    "active_intent_accuracy": 0.9857142857142858,
    "average_cat_accuracy": 0.66820987654321,
    "average_goal_accuracy": 0.8164822543249509,
    "average_noncat_accuracy": 0.8862908496732026,
    "joint_cat_accuracy": 0.425,
    "joint_goal_accuracy": 0.112595,
    "joint_noncat_accuracy": 0.26590214285714286,
    "requested_slots_f1": 0.919404761904762,
    "requested_slots_precision": 0.9372023809523808,
    "requested_slots_recall": 0.9321428571428572
  },
  "Media_2": {
    "active_intent_accuracy": 0.9396825396825397,
    "average_cat_accuracy": 0.0,
    "average_goal_accuracy": 0.7383247422680412,
    "average_noncat_accuracy": 0.8802376861397481,
    "joint_cat_accuracy": 0.47619047619047616,
    "joint_goal_accuracy": 0.24496793650793652,
    "joint_noncat_accuracy": 0.37222063492063495,
    "requested_slots_f1": 0.9089947089947089,
    "requested_slots_precision": 0.9158730158730158,
    "requested_slots_recall": 0.9142857142857143
  },
  "Movies_2": {
    "active_intent_accuracy": 0.9545454545454546,
    "average_goal_accuracy": 0.6193801652892561,
    "average_noncat_accuracy": 0.6193801652892561,
    "joint_goal_accuracy": 0.35816420454545456,
    "joint_noncat_accuracy": 0.35816420454545456,
    "requested_slots_f1": 0.9053030303030302,
    "requested_slots_precision": 0.9128787878787878,
    "requested_slots_recall": 0.9119318181818182
  },
  "Music_1": {
    "active_intent_accuracy": 0.9473684210526315,
    "average_cat_accuracy": 0.6633986928104575,
    "average_goal_accuracy": 0.8152962085308059,
    "average_noncat_accuracy": 0.9087009803921569,
    "joint_cat_accuracy": 0.7165991902834008,
    "joint_goal_accuracy": 0.6328340080971661,
    "joint_noncat_accuracy": 0.8370445344129555,
    "requested_slots_f1": 0.9892037786774628,
    "requested_slots_precision": 0.9919028340080972,
    "requested_slots_recall": 0.9959514170040485
  },
  "RentalCars_1": {
    "active_intent_accuracy": 0.9908536585365854,
    "average_cat_accuracy": 0.9179487179487179,
    "average_goal_accuracy": 0.9519302832244009,
    "average_noncat_accuracy": 0.9541633771929824,
    "joint_cat_accuracy": 0.9237804878048781,
    "joint_goal_accuracy": 0.8050329268292682,
    "joint_noncat_accuracy": 0.8541600609756097,
    "requested_slots_f1": 0.9969512195121951,
    "requested_slots_precision": 1.0,
    "requested_slots_recall": 0.9969512195121951
  },
  "Restaurants_2": {
    "active_intent_accuracy": 0.748006379585327,
    "average_cat_accuracy": 0.4215686274509804,
    "average_goal_accuracy": 0.794985824742268,
    "average_noncat_accuracy": 0.8608261370178468,
    "joint_cat_accuracy": 0.6156299840510366,
    "joint_goal_accuracy": 0.4198213716108453,
    "joint_noncat_accuracy": 0.5557687400318979,
    "requested_slots_f1": 0.9217133743449532,
    "requested_slots_precision": 0.9514088250930356,
    "requested_slots_recall": 0.9370015948963317
  },
  "RideSharing_1": {
    "active_intent_accuracy": 1.0,
    "average_cat_accuracy": 0.9956521739130435,
    "average_goal_accuracy": 0.9463865546218486,
    "average_noncat_accuracy": 0.8535545023696683,