{
  "#ALL_SERVICES": {
    "active_intent_accuracy": 0.8648558014755198,
    "average_cat_accuracy": 0.6393283889575607,
    "average_goal_accuracy": 0.7302623541222787,
    "average_noncat_accuracy": 0.7596812285139781,
    "joint_cat_accuracy": 0.6148586213269266,
    "joint_goal_accuracy": 0.3603351623071764,
    "joint_noncat_accuracy": 0.5072117820254862,
    "requested_slots_f1": 0.923267382070199,
    "requested_slots_precision": 0.9611278783813995,
    "requested_slots_recall": 0.9355298457411133
  },
  "#SEEN_SERVICES": {
    "active_intent_accuracy": 0.8816587997302765,
    "average_cat_accuracy": 0.7662307333021953,
    "average_goal_accuracy": 0.7536253096110238,
    "average_noncat_accuracy": 0.7629035523300229,
    "joint_cat_accuracy": 0.7295954577714692,
    "joint_goal_accuracy": 0.4135460552933244,
    "joint_noncat_accuracy": 0.54181995954147,
    "requested_slots_f1": 0.9523937963587323,
    "requested_slots_precision": 0.9624072825354012,
    "requested_slots_recall": 0.9745448415374242
  },
  "#UNSEEN_SERVICES": {
    "active_intent_accuracy": 0.8482321547698466,
    "average_cat_accuracy": 0.49662990196078427,
    "average_goal_accuracy": 0.7066485560903368,
    "average_noncat_accuracy": 0.7563349200052889,
    "joint_cat_accuracy": 0.49016583108368683,
    "joint_goal_accuracy": 0.30769223082054703,
    "joint_noncat_accuracy": 0.4729730046697799,
    "requested_slots_f1": 0.8944518567934178,
    "requested_slots_precision": 0.959862130309095,
    "requested_slots_recall": 0.8969312875250167
  },
  "Alarm_1": {
    "active_intent_accuracy": 0.7336244541484717,
    "average_goal_accuracy": 0.6913636363636363,
    "average_noncat_accuracy": 0.6913636363636363,
    "joint_goal_accuracy": 0.46174672489082974,
    "joint_noncat_accuracy": 0.46174672489082974,
    "requested_slots_f1": 1.0,
    "requested_slots_precision": 1.0,
    "requested_slots_recall": 1.0
  },
  "Banks_2": {
    "active_intent_accuracy": 0.9411764705882353,
    "average_cat_accuracy": 0.8289036544850499,
    "average_goal_accuracy": 0.6982558139534885,
    "average_noncat_accuracy": 0.35288461538461535,
    "joint_cat_accuracy": 0.7213622291021672,
    "joint_goal_accuracy": 0.46362229102167185,
    "joint_noncat_accuracy": 0.5308049535603715,
    "requested_slots_f1": 0.9009287925696594,
    "requested_slots_precision": 1.0,
    "requested_slots_recall": 0.9009287925696594
  },
  "Buses_1": {
    "active_intent_accuracy": 0.8594164456233422,
    "average_cat_accuracy": 1.0,
    "average_goal_accuracy": 0.8263229461756374,
    "average_noncat_accuracy": 0.7869714285714285,
    "joint_cat_accuracy": 0.9973474801061007,
    "joint_goal_accuracy": 0.41627586206896544,
    "joint_noncat_accuracy": 0.41892838196286464,
    "requested_slots_f1": 0.980548187444739,
    "requested_slots_precision": 0.9708222811671088,
    "requested_slots_recall": 1.0
  },
  "Events_1": {
    "active_intent_accuracy": 0.7312859884836852,
    "average_cat_accuracy": 0.9211711711711712,
    "average_goal_accuracy": 0.7699032707028532,
    "average_noncat_accuracy": 0.6958834048640916,
    "joint_cat_accuracy": 0.8119001919385797,
    "joint_goal_accuracy": 0.3357101727447217,
    "joint_noncat_accuracy": 0.3756909788867563,
    "requested_slots_f1": 0.9769673704414589,
    "requested_slots_precision": 0.9846449136276392,
    "requested_slots_recall": 0.9788867562380038
  },
  "Flights_3": {
    "active_intent_accuracy": 0.9574468085106383,
    "average_cat_accuracy": 0.6206709956709957,
    "average_goal_accuracy": 0.8427261694801377,
    "average_noncat_accuracy": 0.9513514357053683,
    "joint_cat_accuracy": 0.4500818330605565,
    "joint_goal_accuracy": 0.37621931260229136,
    "joint_noncat_accuracy": 0.8472183306055646,
    "requested_slots_f1": 0.8805237315875614,
    "requested_slots_precision": 1.0,
    "requested_slots_recall": 0.8805237315875614
  },
  "Homes_1": {
    "active_intent_accuracy": 0.807495741056218,
    "average_cat_accuracy": 0.9176282051282051,
    "average_goal_accuracy": 0.890109052949538,
    "average_noncat_accuracy": 0.8806673306772909,
    "joint_cat_accuracy": 0.82793867120954,
    "joint_goal_accuracy": 0.6470528109028961,
    "joint_noncat_accuracy": 0.7487734241908006,
    "requested_slots_f1": 0.9453719477569564,
    "requested_slots_precision": 0.9261783077796708,
    "requested_slots_recall": 1.0
  },
  "Hotels_1": {
    "active_intent_accuracy": 0.9354838709677419,
    "average_cat_accuracy": 0.6353677621283256,
    "average_goal_accuracy": 0.788982233044733,
    "average_noncat_accuracy": 0.873408496732026,
    "joint_cat_accuracy": 0.46953405017921146,
    "joint_goal_accuracy": 0.3172043010752688,
    "joint_noncat_accuracy": 0.5906093189964158,
    "requested_slots_f1": 0.9170848267622461,
    "requested_slots_precision": 0.9097968936678613,
    "requested_slots_recall": 0.942652329749104
  },
  "Hotels_4": {
    "active_intent_accuracy": 0.9607142857142857,
    "average_cat_accuracy": 0.8310185185185185,
    "average_goal_accuracy": 0.6526726413411806,
    "average_noncat_accuracy": 0.5858071895424837,
    "joint_cat_accuracy": 0.4035714285714286,
    "joint_goal_accuracy": 0.10939744285714285,
    "joint_noncat_accuracy": 0.2214648714285714,
    "requested_slots_f1": 0.8905952380952381,
    "requested_slots_precision": 0.8824404761904763,
    "requested_slots_recall": 0.9142857142857143
  },
  "Media_2": {
    "active_intent_accuracy": 0.8793650793650793,
    "average_cat_accuracy": 0.1393939393939394,
    "average_goal_accuracy": 0.669004581901489,
    "average_noncat_accuracy": 0.762290950744559,
    "joint_cat_accuracy": 0.5492063492063493,
    "joint_goal_accuracy": 0.26347055238095235,
    "joint_noncat_accuracy": 0.35851080634920635,
    "requested_slots_f1": 0.8857142857142857,
    "requested_slots_precision": 0.9142857142857143,
    "requested_slots_recall": 0.8857142857142857
  },
  "Movies_2": {
    "active_intent_accuracy": 0.9772727272727273,
    "average_goal_accuracy": 0.7567079889807162,
    "average_noncat_accuracy": 0.7567079889807162,
    "joint_goal_accuracy": 0.4384090909090909,
    "joint_noncat_accuracy": 0.4384090909090909,
    "requested_slots_f1": 0.8759469696969696,
    "requested_slots_precision": 0.875,
    "requested_slots_recall": 0.8778409090909091
  },
  "Music_1": {
    "active_intent_accuracy": 0.9433198380566802,
    "average_cat_accuracy": 0.6699346405228758,
    "average_goal_accuracy": 0.5970552922590837,
    "average_noncat_accuracy": 0.5812091503267974,
    "joint_cat_accuracy": 0.7125506072874493,
    "joint_goal_accuracy": 0.3117408906882591,
    "joint_noncat_accuracy": 0.3995951417004049,
    "requested_slots_f1": 0.9473684210526315,
    "requested_slots_precision": 0.951417004048583,
    "requested_slots_recall": 0.9838056680161943
  },
  "RentalCars_1": {
    "active_intent_accuracy": 0.9817073170731707,
    "average_cat_accuracy": 0.4717948717948718,
    "average_goal_accuracy": 0.6217309368191721,
    "average_noncat_accuracy": 0.6324967105263157,
    "joint_cat_accuracy": 0.6737804878048781,
    "joint_goal_accuracy": 0.1804591463414634,
    "joint_noncat_accuracy": 0.20985060975609754,
    "requested_slots_f1": 0.9939024390243902,
    "requested_slots_precision": 0.9939024390243902,
    "requested_slots_recall": 1.0
  },
  "Restaurants_2": {
    "active_intent_accuracy": 0.6985645933014354,
    "average_cat_accuracy": 0.3300653594771242,
    "average_goal_accuracy": 0.6453979095074456,
    "average_noncat_accuracy": 0.698014392630973,
    "joint_cat_accuracy": 0.5661881977671451,
    "joint_goal_accuracy": 0.26959170653907494,
    "joint_noncat_accuracy": 0.31406124401913876,
    "requested_slots_f1": 0.8756512493354598,
    "requested_slots_precision": 0.9419191919191918,
    "requested_slots_recall": 0.8811802232854864
  },
  "RideSharing_1": {
    "active_intent_accuracy": 1.0,
    "average_cat_accuracy": 0.758695652173913,
    "average_goal_accuracy": 0.7124649859943978,