{
  "#ALL_SERVICES": {
    "active_intent_accuracy": 0.9305835010060363,
    "average_cat_accuracy": 0.6740420271940667,
    "average_goal_accuracy": 0.7813242606377848,
    "average_noncat_accuracy": 0.8146635532204708,
    "joint_cat_accuracy": 0.6974681204952874,
    "joint_goal_accuracy": 0.433314704896043,
    "joint_noncat_accuracy": 0.5602045606975186,
    "requested_slots_f1": 0.9396442144933089,
    "requested_slots_precision": 0.9808685446009389,
    "requested_slots_recall": 0.943158953722334
  },
  "#SEEN_SERVICES": {
    "active_intent_accuracy": 0.9669588671611599,
    "average_cat_accuracy": 0.8666510976179356,
    "average_goal_accuracy": 0.8274244723530437,
    "average_noncat_accuracy": 0.8229526355996943,
    "joint_cat_accuracy": 0.8669268985095813,
    "joint_goal_accuracy": 0.5673487188132165,
    "joint_noncat_accuracy": 0.6431990222521916,
    "requested_slots_f1": 0.9712969206563273,
    "requested_slots_precision": 0.9899415599011013,
    "requested_slots_recall": 0.9755563047875927
  },
  "#UNSEEN_SERVICES": {
    "active_intent_accuracy": 0.8945963975983989,
    "average_cat_accuracy": 0.4574579831932773,
    "average_goal_accuracy": 0.7347290818215476,
    "average_noncat_accuracy": 0.806055533518445,
    "joint_cat_accuracy": 0.5133050520632472,
    "joint_goal_accuracy": 0.3007113408939293,
    "joint_noncat_accuracy": 0.478095963975984,
    "requested_slots_f1": 0.9083293624320977,
    "requested_slots_precision": 0.9718923726929065,
    "requested_slots_recall": 0.9111074049366245
  },
  "Alarm_1": {
    "active_intent_accuracy": 0.8253275109170306,
    "average_goal_accuracy": 0.7022402597402596,
    "average_noncat_accuracy": 0.7022402597402596,
    "joint_goal_accuracy": 0.5152218340611353,
    "joint_noncat_accuracy": 0.5152218340611353,
    "requested_slots_f1": 1.0,
    "requested_slots_precision": 1.0,
    "requested_slots_recall": 1.0
  },
  "Banks_2": {
    "active_intent_accuracy": 0.9876160990712074,
    "average_cat_accuracy": 0.920265780730897,
    "average_goal_accuracy": 0.8190060908084164,
    "average_noncat_accuracy": 0.5705494505494506,
    "joint_cat_accuracy": 0.8854489164086687,
    "joint_goal_accuracy": 0.5531888544891641,
    "joint_noncat_accuracy": 0.5872445820433436,
    "requested_slots_f1": 0.9009287925696594,
    "requested_slots_precision": 1.0,
    "requested_slots_recall": 0.9009287925696594
  },
  "Buses_1": {
    "active_intent_accuracy": 0.986737400530504,
    "average_cat_accuracy": 0.968,
    "average_goal_accuracy": 0.9067724268177526,
    "average_noncat_accuracy": 0.891847619047619,
    "joint_cat_accuracy": 0.9787798408488063,
    "joint_goal_accuracy": 0.6526525198938993,
    "joint_noncat_accuracy": 0.6551034482758621,
    "requested_slots_f1": 0.9796640141467727,
    "requested_slots_precision": 0.9708222811671088,
    "requested_slots_recall": 0.9973474801061007
  },
  "Events_1": {
    "active_intent_accuracy": 0.8848368522072937,
    "average_cat_accuracy": 1.0,
    "average_goal_accuracy": 0.8539070981210856,
    "average_noncat_accuracy": 0.7829685264663806,
    "joint_cat_accuracy": 0.9980806142034548,
    "joint_goal_accuracy": 0.48850287907869483,
    "joint_noncat_accuracy": 0.48850287907869483,
    "requested_slots_f1": 0.9840051183621242,
    "requested_slots_precision": 0.9952015355086372,
    "requested_slots_recall": 0.9836852207293666
  },
  "Flights_3": {
    "active_intent_accuracy": 0.8199672667757774,
    "average_cat_accuracy": 0.670995670995671,
    "average_goal_accuracy": 0.8485843831359704,
    "average_noncat_accuracy": 0.9263108614232209,
    "joint_cat_accuracy": 0.4877250409165303,
    "joint_goal_accuracy": 0.24525106382978717,
    "joint_noncat_accuracy": 0.5006363338788871,
    "requested_slots_f1": 0.8805237315875614,
    "requested_slots_precision": 1.0,
    "requested_slots_recall": 0.8805237315875614
  },
  "Homes_1": {
    "active_intent_accuracy": 0.9863713798977853,
    "average_cat_accuracy": 0.9673076923076923,
    "average_goal_accuracy": 0.8784352789623312,
    "average_noncat_accuracy": 0.826128818061089,
    "joint_cat_accuracy": 0.9063032367972743,
    "joint_goal_accuracy": 0.6398807495741057,
    "joint_noncat_accuracy": 0.685366269165247,
    "requested_slots_f1": 0.9948892674616695,
    "requested_slots_precision": 0.9948892674616695,
    "requested_slots_recall": 0.9991482112436116
  },
  "Hotels_1": {
    "active_intent_accuracy": 0.9713261648745519,
    "average_cat_accuracy": 0.8802816901408451,
    "average_goal_accuracy": 0.8663320707070707,
    "average_noncat_accuracy": 0.8617679738562092,
    "joint_cat_accuracy": 0.8458781362007168,
    "joint_goal_accuracy": 0.5185304659498209,
    "joint_noncat_accuracy": 0.5866308243727599,
    "requested_slots_f1": 0.9555555555555556,
    "requested_slots_precision": 0.9832735961768219,
    "requested_slots_recall": 0.9605734767025089
  },
  "Hotels_4": {
    "active_intent_accuracy": 0.8964285714285715,
    "average_cat_accuracy": 0.6612654320987654,
    "average_goal_accuracy": 0.6747668985197075,
    "average_noncat_accuracy": 0.6849281045751634,
    "joint_cat_accuracy": 0.6142857142857143,
    "joint_goal_accuracy": 0.12085714285714287,
    "joint_noncat_accuracy": 0.14360357142857144,
    "requested_slots_f1": 0.899421768707483,
    "requested_slots_precision": 0.9359523809523808,
    "requested_slots_recall": 0.9214285714285714
  },
  "Media_2": {
    "active_intent_accuracy": 0.9079365079365079,
    "average_cat_accuracy": 0.07878787878787878,
    "average_goal_accuracy": 0.723684421534937,
    "average_noncat_accuracy": 0.8471735395189004,
    "joint_cat_accuracy": 0.5174603174603175,
    "joint_goal_accuracy": 0.30774730158730157,
    "joint_noncat_accuracy": 0.5483873015873016,
    "requested_slots_f1": 0.9317460317460318,
    "requested_slots_precision": 0.9507936507936507,
    "requested_slots_recall": 0.9396825396825397
  },
  "Movies_2": {
    "active_intent_accuracy": 0.9602272727272727,
    "average_goal_accuracy": 0.6632231404958678,
    "average_noncat_accuracy": 0.6632231404958678,
    "joint_goal_accuracy": 0.33325,
    "joint_noncat_accuracy": 0.33325,
    "requested_slots_f1": 0.9147727272727273,
    "requested_slots_precision": 0.9640151515151515,
    "requested_slots_recall": 0.9176136363636364
  },
  "Music_1": {
    "active_intent_accuracy": 0.9676113360323887,
    "average_cat_accuracy": 0.6895424836601307,
    "average_goal_accuracy": 0.689647709320695,
    "average_noncat_accuracy": 0.6751307189542485,
    "joint_cat_accuracy": 0.7449392712550608,
    "joint_goal_accuracy": 0.44631578947368417,
    "joint_noncat_accuracy": 0.5515789473684211,
    "requested_slots_f1": 0.9811066126855601,
    "requested_slots_precision": 1.0,
    "requested_slots_recall": 0.9777327935222672
  },
  "RentalCars_1": {
    "active_intent_accuracy": 1.0,
    "average_cat_accuracy": 0.7794871794871795,
    "average_goal_accuracy": 0.879007625272331,
    "average_noncat_accuracy": 0.8838185307017544,
    "joint_cat_accuracy": 0.8384146341463414,
    "joint_goal_accuracy": 0.5738192073170731,
    "joint_noncat_accuracy": 0.6087216463414635,
    "requested_slots_f1": 0.9908536585365854,
    "requested_slots_precision": 0.9908536585365854,
    "requested_slots_recall": 1.0
  },
  "Restaurants_2": {
    "active_intent_accuracy": 0.9170653907496013,
    "average_cat_accuracy": 0.3590102707749766,
    "average_goal_accuracy": 0.7377608411062019,
    "average_noncat_accuracy": 0.8045368451352907,
    "joint_cat_accuracy": 0.6028708133971292,
    "joint_goal_accuracy": 0.3693556618819777,
    "joint_noncat_accuracy": 0.4545390749601276,
    "requested_slots_f1": 0.8822434875066454,
    "requested_slots_precision": 0.9290271132376395,
    "requested_slots_recall": 0.8859649122807017
  },
  "RideSharing_1": {
    "active_intent_accuracy": 0.9922178988326849,
    "average_cat_accuracy": 0.9630434782608696,
    "average_goal_accuracy": 0.9110924369747898,