{
  "#ALL_SERVICES": {
    "active_intent_accuracy": 0.966130114017438,
    "average_cat_accuracy": 0.703852492789452,
    "average_goal_accuracy": 0.8150899531788409,
    "average_noncat_accuracy": 0.856077057793345,
    "joint_cat_accuracy": 0.7270375161707633,
    "joint_goal_accuracy": 0.48542142857142856,
    "joint_noncat_accuracy": 0.5962236257545271,
    "requested_slots_f1": 0.9384265912937946,
    "requested_slots_precision": 0.975469483568075,
    "requested_slots_recall": 0.9445841716968477
  },
  "#SEEN_SERVICES": {
    "active_intent_accuracy": 0.9902225219150371,
    "average_cat_accuracy": 0.8854118013389383,
    "average_goal_accuracy": 0.8624188993546137,
    "average_noncat_accuracy": 0.870329640947288,
    "joint_cat_accuracy": 0.8938963804116394,
    "joint_goal_accuracy": 0.6477306136210386,
    "joint_noncat_accuracy": 0.7143995279838167,
    "requested_slots_f1": 0.9679703304113284,
    "requested_slots_precision": 0.98583951449764,
    "requested_slots_recall": 0.9758934592043156
  },
  "#UNSEEN_SERVICES": {
    "active_intent_accuracy": 0.9422948632421615,
    "average_cat_accuracy": 0.49969362745098045,
    "average_goal_accuracy": 0.7672528472699706,
    "average_noncat_accuracy": 0.8412760809202697,
    "joint_cat_accuracy": 0.5456999614346317,
    "joint_goal_accuracy": 0.3248446964643095,
    "joint_noncat_accuracy": 0.4793091074049366,
    "requested_slots_f1": 0.9091981956224785,
    "requested_slots_precision": 0.9652101400933957,
    "requested_slots_recall": 0.9136090727151435
  },
  "Alarm_1": {
    "active_intent_accuracy": 0.8034934497816594,
    "average_goal_accuracy": 0.7426623376623377,
    "average_noncat_accuracy": 0.7426623376623377,
    "joint_goal_accuracy": 0.48931004366812225,
    "joint_noncat_accuracy": 0.48931004366812225,
    "requested_slots_f1": 1.0,
    "requested_slots_precision": 1.0,
    "requested_slots_recall": 1.0
  },
  "Banks_2": {
    "active_intent_accuracy": 0.9876160990712074,
    "average_cat_accuracy": 0.9518272425249169,
    "average_goal_accuracy": 0.8965974529346621,
    "average_noncat_accuracy": 0.7557142857142857,
    "joint_cat_accuracy": 0.9164086687306502,
    "joint_goal_accuracy": 0.6751702786377708,
    "joint_noncat_accuracy": 0.7432817337461299,
    "requested_slots_f1": 0.9009287925696594,
    "requested_slots_precision": 1.0,
    "requested_slots_recall": 0.9009287925696594
  },
  "Buses_1": {
    "active_intent_accuracy": 0.9920424403183024,
    "average_cat_accuracy": 1.0,
    "average_goal_accuracy": 0.9182412653446648,
    "average_noncat_accuracy": 0.8993190476190476,
    "joint_cat_accuracy": 1.0,
    "joint_goal_accuracy": 0.6950477453580902,
    "joint_noncat_accuracy": 0.6950477453580902,
    "requested_slots_f1": 0.9778956675508399,
    "requested_slots_precision": 0.9681697612732095,
    "requested_slots_recall": 1.0
  },
  "Events_1": {
    "active_intent_accuracy": 0.9884836852207294,
    "average_cat_accuracy": 1.0,
    "average_goal_accuracy": 0.9171099512874042,
    "average_noncat_accuracy": 0.8744456366237482,
    "joint_cat_accuracy": 1.0,
    "joint_goal_accuracy": 0.6943570057581574,
    "joint_noncat_accuracy": 0.6943570057581574,
    "requested_slots_f1": 0.9910428662827896,
    "requested_slots_precision": 0.9952015355086372,
    "requested_slots_recall": 0.9923224568138196
  },
  "Flights_3": {
    "active_intent_accuracy": 0.9459901800327333,
    "average_cat_accuracy": 0.6939033189033189,
    "average_goal_accuracy": 0.862066914420089,
    "average_noncat_accuracy": 0.9423049313358302,
    "joint_cat_accuracy": 0.5220949263502455,
    "joint_goal_accuracy": 0.3202926350245499,
    "joint_noncat_accuracy": 0.592114402618658,
    "requested_slots_f1": 0.8816148390616477,
    "requested_slots_precision": 1.0,
    "requested_slots_recall": 0.881342062193126
  },
  "Homes_1": {
    "active_intent_accuracy": 0.9812606473594548,
    "average_cat_accuracy": 0.9836538461538461,
    "average_goal_accuracy": 0.9349702380952382,
    "average_noncat_accuracy": 0.9034262948207171,
    "joint_cat_accuracy": 0.9642248722316865,
    "joint_goal_accuracy": 0.7730494037478705,
    "joint_noncat_accuracy": 0.7866780238500851,
    "requested_slots_f1": 0.9869392390687108,
    "requested_slots_precision": 0.9818285065303803,
    "requested_slots_recall": 1.0
  },
  "Hotels_1": {
    "active_intent_accuracy": 0.985663082437276,
    "average_cat_accuracy": 0.8669796557120502,
    "average_goal_accuracy": 0.8739673520923521,
    "average_noncat_accuracy": 0.8726960784313725,
    "joint_cat_accuracy": 0.8422939068100358,
    "joint_goal_accuracy": 0.5453405017921147,
    "joint_noncat_accuracy": 0.6241935483870968,
    "requested_slots_f1": 0.9424133811230585,
    "requested_slots_precision": 0.9725209080047791,
    "requested_slots_recall": 0.946236559139785
  },
  "Hotels_4": {
    "active_intent_accuracy": 0.9857142857142858,
    "average_cat_accuracy": 0.7816358024691359,
    "average_goal_accuracy": 0.7517919564829677,
    "average_noncat_accuracy": 0.7578235294117647,
    "joint_cat_accuracy": 0.6785714285714286,
    "joint_goal_accuracy": 0.1451142857142857,
    "joint_noncat_accuracy": 0.17954285714285717,
    "requested_slots_f1": 0.8947108843537415,
    "requested_slots_precision": 0.9179166666666666,
    "requested_slots_recall": 0.9196428571428571
  },
  "Media_2": {
    "active_intent_accuracy": 0.9714285714285714,
    "average_cat_accuracy": 0.10909090909090909,
    "average_goal_accuracy": 0.7371786941580756,
    "average_noncat_accuracy": 0.8528837342497136,
    "joint_cat_accuracy": 0.5333333333333333,
    "joint_goal_accuracy": 0.2037933333333333,
    "joint_noncat_accuracy": 0.23427652063492066,
    "requested_slots_f1": 0.9285714285714286,
    "requested_slots_precision": 0.9365079365079365,
    "requested_slots_recall": 0.9380952380952381
  },
  "Movies_2": {
    "active_intent_accuracy": 1.0,
    "average_goal_accuracy": 0.7491460055096419,
    "average_noncat_accuracy": 0.7491460055096419,
    "joint_goal_accuracy": 0.36206079545454545,
    "joint_noncat_accuracy": 0.36206079545454545,
    "requested_slots_f1": 0.9066287878787879,
    "requested_slots_precision": 0.9081439393939393,
    "requested_slots_recall": 0.9147727272727273
  },
  "Music_1": {
    "active_intent_accuracy": 0.9838056680161943,
    "average_cat_accuracy": 0.7222222222222222,
    "average_goal_accuracy": 0.7379462875197473,
    "average_noncat_accuracy": 0.7249509803921571,
    "joint_cat_accuracy": 0.7692307692307693,
    "joint_goal_accuracy": 0.44129554655870445,
    "joint_noncat_accuracy": 0.5532793522267206,
    "requested_slots_f1": 0.9878542510121457,
    "requested_slots_precision": 0.9959514170040485,
    "requested_slots_recall": 0.9898785425101214
  },
  "RentalCars_1": {
    "active_intent_accuracy": 1.0,
    "average_cat_accuracy": 0.8615384615384616,
    "average_goal_accuracy": 0.8795446623093682,
    "average_noncat_accuracy": 0.8760433114035088,
    "joint_cat_accuracy": 0.8932926829268293,
    "joint_goal_accuracy": 0.574940243902439,
    "joint_noncat_accuracy": 0.602379268292683,
    "requested_slots_f1": 0.9939024390243902,
    "requested_slots_precision": 1.0,
    "requested_slots_recall": 0.9939024390243902
  },
  "Restaurants_2": {
    "active_intent_accuracy": 0.9122807017543859,
    "average_cat_accuracy": 0.37675070028011204,
    "average_goal_accuracy": 0.7260805514645721,
    "average_noncat_accuracy": 0.7863765112262522,
    "joint_cat_accuracy": 0.6140350877192983,
    "joint_goal_accuracy": 0.3596555023923445,
    "joint_noncat_accuracy": 0.4272615629984052,
    "requested_slots_f1": 0.8886610465557834,
    "requested_slots_precision": 0.9279904306220096,
    "requested_slots_recall": 0.8971291866028708
  },
  "RideSharing_1": {
    "active_intent_accuracy": 1.0,
    "average_cat_accuracy": 0.9869565217391304,
    "average_goal_accuracy": 0.967156862745098,
    "average_noncat_accuracy": 0.9333175355450237,