{
  "#ALL_SERVICES": {
    "active_intent_accuracy": 0.9510395707578806,
    "average_cat_accuracy": 0.7016069221260816,
    "average_goal_accuracy": 0.8099051279690666,
    "average_noncat_accuracy": 0.8453561977038334,
    "joint_cat_accuracy": 0.7083718351506191,
    "joint_goal_accuracy": 0.49383905097250164,
    "joint_noncat_accuracy": 0.6147001676727029,
    "requested_slots_f1": 0.9416275430359937,
    "requested_slots_precision": 0.9846439749608763,
    "requested_slots_recall": 0.9441649899396378
  },
  "#SEEN_SERVICES": {
    "active_intent_accuracy": 0.9875252865812543,
    "average_cat_accuracy": 0.8684415382220146,
    "average_goal_accuracy": 0.8610538548752834,
    "average_noncat_accuracy": 0.8678051948051949,
    "joint_cat_accuracy": 0.8669268985095813,
    "joint_goal_accuracy": 0.6509281523937964,
    "joint_noncat_accuracy": 0.7378061024949428,
    "requested_slots_f1": 0.9781861092380311,
    "requested_slots_precision": 0.9946617217352215,
    "requested_slots_recall": 0.9804450438300741
  },
  "#UNSEEN_SERVICES": {
    "active_intent_accuracy": 0.9149432955303536,
    "average_cat_accuracy": 0.5140056022408964,
    "average_goal_accuracy": 0.7582072292449005,
    "average_noncat_accuracy": 0.8220434351447838,
    "joint_cat_accuracy": 0.5360586193598149,
    "joint_goal_accuracy": 0.3384266844563042,
    "joint_noncat_accuracy": 0.49290823882588386,
    "requested_slots_f1": 0.9054591950189015,
    "requested_slots_precision": 0.9747331554369579,
    "requested_slots_recall": 0.9082721814543029
  },
  "Alarm_1": {
    "active_intent_accuracy": 0.7510917030567685,
    "average_goal_accuracy": 0.6905519480519481,
    "average_noncat_accuracy": 0.6905519480519481,
    "joint_goal_accuracy": 0.49043668122270745,
    "joint_noncat_accuracy": 0.49043668122270745,
    "requested_slots_f1": 1.0,
    "requested_slots_precision": 1.0,
    "requested_slots_recall": 1.0
  },
  "Banks_2": {
    "active_intent_accuracy": 0.9752321981424149,
    "average_cat_accuracy": 0.9219269102990033,
    "average_goal_accuracy": 0.8372093023255814,
    "average_noncat_accuracy": 0.6043956043956044,
    "joint_cat_accuracy": 0.8544891640866873,
    "joint_goal_accuracy": 0.5851393188854489,
    "joint_noncat_accuracy": 0.628482972136223,
    "requested_slots_f1": 0.9009287925696594,
    "requested_slots_precision": 1.0,
    "requested_slots_recall": 0.9009287925696594
  },
  "Buses_1": {
    "active_intent_accuracy": 0.9920424403183024,
    "average_cat_accuracy": 1.0,
    "average_goal_accuracy": 0.9308644948064213,
    "average_noncat_accuracy": 0.9156023809523809,
    "joint_cat_accuracy": 1.0,
    "joint_goal_accuracy": 0.7349734748010611,
    "joint_noncat_accuracy": 0.7349734748010611,
    "requested_slots_f1": 0.9743589743589743,
    "requested_slots_precision": 0.9774535809018567,
    "requested_slots_recall": 0.9840848806366048
  },
  "Events_1": {
    "active_intent_accuracy": 0.9904030710172744,
    "average_cat_accuracy": 1.0,
    "average_goal_accuracy": 0.8991113430758525,
    "average_noncat_accuracy": 0.8495350500715307,
    "joint_cat_accuracy": 1.0,
    "joint_goal_accuracy": 0.7008061420345489,
    "joint_noncat_accuracy": 0.7008061420345489,
    "requested_slots_f1": 0.9948816378758796,
    "requested_slots_precision": 0.9990403071017274,
    "requested_slots_recall": 0.9952015355086372
  },
  "Flights_3": {
    "active_intent_accuracy": 0.8903436988543372,
    "average_cat_accuracy": 0.61002886002886,
    "average_goal_accuracy": 0.8207338960275469,
    "average_noncat_accuracy": 0.9210549313358302,
    "joint_cat_accuracy": 0.45990180032733224,
    "joint_goal_accuracy": 0.36405957446808507,
    "joint_noncat_accuracy": 0.746339116202946,
    "requested_slots_f1": 0.8816148390616477,
    "requested_slots_precision": 1.0,
    "requested_slots_recall": 0.881342062193126
  },
  "Homes_1": {
    "active_intent_accuracy": 0.9880749574105622,
    "average_cat_accuracy": 0.9692307692307692,
    "average_goal_accuracy": 0.9205952380952381,
    "average_noncat_accuracy": 0.8899468791500664,
    "joint_cat_accuracy": 0.9267461669505963,
    "joint_goal_accuracy": 0.729335604770017,
    "joint_noncat_accuracy": 0.7651107325383305,
    "requested_slots_f1": 0.9982964224872232,
    "requested_slots_precision": 0.9982964224872232,
    "requested_slots_recall": 1.0
  },
  "Hotels_1": {
    "active_intent_accuracy": 0.967741935483871,
    "average_cat_accuracy": 0.7949921752738655,
    "average_goal_accuracy": 0.8436255411255411,
    "average_noncat_accuracy": 0.8747058823529412,
    "joint_cat_accuracy": 0.7347670250896058,
    "joint_goal_accuracy": 0.5053763440860215,
    "joint_noncat_accuracy": 0.6344086021505376,
    "requested_slots_f1": 0.9927120669056154,
    "requested_slots_precision": 0.9934289127837516,
    "requested_slots_recall": 0.992831541218638
  },
  "Hotels_4": {
    "active_intent_accuracy": 0.9857142857142858,
    "average_cat_accuracy": 0.8070987654320988,
    "average_goal_accuracy": 0.761977617264134,
    "average_noncat_accuracy": 0.7530620915032679,
    "joint_cat_accuracy": 0.5678571428571428,
    "joint_goal_accuracy": 0.09710714285714285,
    "joint_noncat_accuracy": 0.15792857142857142,
    "requested_slots_f1": 0.9271428571428573,
    "requested_slots_precision": 0.9508928571428571,
    "requested_slots_recall": 0.9446428571428571
  },
  "Media_2": {
    "active_intent_accuracy": 0.9333333333333333,
    "average_cat_accuracy": 0.07878787878787878,
    "average_goal_accuracy": 0.7425973654066438,
    "average_noncat_accuracy": 0.8667611683848798,
    "joint_cat_accuracy": 0.5174603174603175,
    "joint_goal_accuracy": 0.20762761904761903,
    "joint_noncat_accuracy": 0.24327301587301586,
    "requested_slots_f1": 0.9047619047619048,
    "requested_slots_precision": 0.9206349206349206,
    "requested_slots_recall": 0.9111111111111111
  },
  "Movies_2": {
    "active_intent_accuracy": 0.9943181818181818,
    "average_goal_accuracy": 0.7322865013774105,
    "average_noncat_accuracy": 0.7322865013774105,
    "joint_goal_accuracy": 0.38529829545454547,
    "joint_noncat_accuracy": 0.38529829545454547,
    "requested_slots_f1": 0.8873106060606062,
    "requested_slots_precision": 0.9299242424242423,
    "requested_slots_recall": 0.8920454545454546
  },
  "Music_1": {
    "active_intent_accuracy": 0.979757085020243,
    "average_cat_accuracy": 0.6895424836601307,
    "average_goal_accuracy": 0.7295023696682466,
    "average_noncat_accuracy": 0.7506127450980392,
    "joint_cat_accuracy": 0.7246963562753036,
    "joint_goal_accuracy": 0.5080971659919028,
    "joint_noncat_accuracy": 0.7186234817813765,
    "requested_slots_f1": 1.0,
    "requested_slots_precision": 1.0,
    "requested_slots_recall": 1.0
  },
  "RentalCars_1": {
    "active_intent_accuracy": 0.9878048780487805,
    "average_cat_accuracy": 0.8358974358974359,
    "average_goal_accuracy": 0.8877004357298476,
    "average_noncat_accuracy": 0.8887549342105264,
    "joint_cat_accuracy": 0.8719512195121951,
    "joint_goal_accuracy": 0.5632286585365853,
    "joint_noncat_accuracy": 0.6082896341463415,
    "requested_slots_f1": 1.0,
    "requested_slots_precision": 1.0,
    "requested_slots_recall": 1.0
  },
  "Restaurants_2": {
    "active_intent_accuracy": 0.8803827751196173,
    "average_cat_accuracy": 0.4005602240896359,
    "average_goal_accuracy": 0.7437255154639175,
    "average_noncat_accuracy": 0.8025716753022452,
    "joint_cat_accuracy": 0.6188197767145136,
    "joint_goal_accuracy": 0.3675081339712919,
    "joint_noncat_accuracy": 0.44866379585326954,
    "requested_slots_f1": 0.9023923444976076,
    "requested_slots_precision": 0.9606592238171184,
    "requested_slots_recall": 0.9090909090909091
  },
  "RideSharing_1": {
    "active_intent_accuracy": 1.0,
    "average_cat_accuracy": 0.9717391304347827,
    "average_goal_accuracy": 0.904719887955182,
    "average_noncat_accuracy": 0.7761137440758293,
    "joint_cat_accuracy": 0.953307392996109,