{
  "#ALL_SERVICES": {
    "active_intent_accuracy": 0.9421529175050302,
    "average_cat_accuracy": 0.6887721466831478,
    "average_goal_accuracy": 0.805707777660871,
    "average_noncat_accuracy": 0.8444988324576765,
    "joint_cat_accuracy": 0.6954352245425984,
    "joint_goal_accuracy": 0.4864934439973172,
    "joint_noncat_accuracy": 0.6190962273641851,
    "requested_slots_f1": 0.9425050301810864,
    "requested_slots_precision": 0.9851050748938074,
    "requested_slots_recall": 0.9438296445338699
  },
  "#SEEN_SERVICES": {
    "active_intent_accuracy": 0.9905596763317599,
    "average_cat_accuracy": 0.8766152888058539,
    "average_goal_accuracy": 0.8662360195360196,
    "average_noncat_accuracy": 0.8745315762668703,
    "joint_cat_accuracy": 0.8715400993612491,
    "joint_goal_accuracy": 0.6642286244099798,
    "joint_noncat_accuracy": 0.7428058327714091,
    "requested_slots_f1": 0.9817374690941784,
    "requested_slots_precision": 0.9954484153742414,
    "requested_slots_recall": 0.984322319622387
  },
  "#UNSEEN_SERVICES": {
    "active_intent_accuracy": 0.8942628418945964,
    "average_cat_accuracy": 0.47754726890756305,
    "average_goal_accuracy": 0.7445296583276035,
    "average_noncat_accuracy": 0.8133105249239718,
    "joint_cat_accuracy": 0.5040493636714231,
    "joint_goal_accuracy": 0.3106553702468312,
    "joint_noncat_accuracy": 0.49670707138092063,
    "requested_slots_f1": 0.903691349788748,
    "requested_slots_precision": 0.9748721369802091,
    "requested_slots_recall": 0.9037691794529686
  },
  "Alarm_1": {
    "active_intent_accuracy": 0.868995633187773,
    "average_goal_accuracy": 0.7252272727272727,
    "average_noncat_accuracy": 0.7252272727272727,
    "joint_goal_accuracy": 0.4979475982532751,
    "joint_noncat_accuracy": 0.4979475982532751,
    "requested_slots_f1": 1.0,
    "requested_slots_precision": 1.0,
    "requested_slots_recall": 1.0
  },
  "Banks_2": {
    "active_intent_accuracy": 0.9969040247678018,
    "average_cat_accuracy": 0.9401993355481728,
    "average_goal_accuracy": 0.8275193798449612,
    "average_noncat_accuracy": 0.5576923076923077,
    "joint_cat_accuracy": 0.9009287925696594,
    "joint_goal_accuracy": 0.5170278637770898,
    "joint_noncat_accuracy": 0.5356037151702786,
    "requested_slots_f1": 0.9009287925696594,
    "requested_slots_precision": 1.0,
    "requested_slots_recall": 0.9009287925696594
  },
  "Buses_1": {
    "active_intent_accuracy": 0.9920424403183024,
    "average_cat_accuracy": 1.0,
    "average_goal_accuracy": 0.9220354107648727,
    "average_noncat_accuracy": 0.9042214285714285,
    "joint_cat_accuracy": 0.9973474801061007,
    "joint_goal_accuracy": 0.708448275862069,
    "joint_noncat_accuracy": 0.7111007957559683,
    "requested_slots_f1": 0.9778956675508399,
    "requested_slots_precision": 0.9708222811671088,
    "requested_slots_recall": 0.9973474801061007
  },
  "Events_1": {
    "active_intent_accuracy": 0.9923224568138196,
    "average_cat_accuracy": 1.0,
    "average_goal_accuracy": 0.9020782881002088,
    "average_noncat_accuracy": 0.8548855507868384,
    "joint_cat_accuracy": 0.9923224568138196,
    "joint_goal_accuracy": 0.7063147792706335,
    "joint_noncat_accuracy": 0.7101535508637237,
    "requested_slots_f1": 0.9936020473448496,
    "requested_slots_precision": 1.0,
    "requested_slots_recall": 0.9932821497120922
  },
  "Flights_3": {
    "active_intent_accuracy": 0.9034369885433715,
    "average_cat_accuracy": 0.6383477633477632,
    "average_goal_accuracy": 0.8438230872595952,
    "average_noncat_accuracy": 0.9440043695380774,
    "joint_cat_accuracy": 0.46481178396072015,
    "joint_goal_accuracy": 0.39950900163666125,
    "joint_noncat_accuracy": 0.8590559738134206,
    "requested_slots_f1": 0.8805237315875614,
    "requested_slots_precision": 1.0,
    "requested_slots_recall": 0.8805237315875614
  },
  "Homes_1": {
    "active_intent_accuracy": 0.9914821124361158,
    "average_cat_accuracy": 0.9817307692307692,
    "average_goal_accuracy": 0.9251428127221037,
    "average_noncat_accuracy": 0.8889309428950863,
    "joint_cat_accuracy": 0.9437819420783645,
    "joint_goal_accuracy": 0.7502555366269165,
    "joint_noncat_accuracy": 0.7734241908006815,
    "requested_slots_f1": 0.9965928449744463,
    "requested_slots_precision": 0.9982964224872232,
    "requested_slots_recall": 0.9982964224872232
  },
  "Hotels_1": {
    "active_intent_accuracy": 0.978494623655914,
    "average_cat_accuracy": 0.7801251956181533,
    "average_goal_accuracy": 0.8388337842712844,
    "average_noncat_accuracy": 0.8753496732026143,
    "joint_cat_accuracy": 0.6953405017921147,
    "joint_goal_accuracy": 0.49473118279569894,
    "joint_noncat_accuracy": 0.6314695340501792,
    "requested_slots_f1": 0.9970131421744324,
    "requested_slots_precision": 0.9982078853046595,
    "requested_slots_recall": 0.996415770609319
  },
  "Hotels_4": {
    "active_intent_accuracy": 0.9821428571428571,
    "average_cat_accuracy": 0.7816358024691359,
    "average_goal_accuracy": 0.7171787051899412,
    "average_noncat_accuracy": 0.6968627450980391,
    "joint_cat_accuracy": 0.5892857142857143,
    "joint_goal_accuracy": 0.10641071428571426,
    "joint_noncat_accuracy": 0.1818092857142857,
    "requested_slots_f1": 0.9248809523809525,
    "requested_slots_precision": 0.944047619047619,
    "requested_slots_recall": 0.9375
  },
  "Media_2": {
    "active_intent_accuracy": 0.9492063492063492,
    "average_cat_accuracy": 0.15151515151515152,
    "average_goal_accuracy": 0.7335710194730812,
    "average_noncat_accuracy": 0.8429352806414663,
    "joint_cat_accuracy": 0.5555555555555556,
    "joint_goal_accuracy": 0.19352380952380954,
    "joint_noncat_accuracy": 0.22826444444444444,
    "requested_slots_f1": 0.8941798941798942,
    "requested_slots_precision": 0.9301587301587302,
    "requested_slots_recall": 0.8984126984126984
  },
  "Movies_2": {
    "active_intent_accuracy": 0.9943181818181818,
    "average_goal_accuracy": 0.7463223140495868,
    "average_noncat_accuracy": 0.7463223140495868,
    "joint_goal_accuracy": 0.3861920454545454,
    "joint_noncat_accuracy": 0.3861920454545454,
    "requested_slots_f1": 0.9022727272727272,
    "requested_slots_precision": 0.9507575757575757,
    "requested_slots_recall": 0.90625
  },
  "Music_1": {
    "active_intent_accuracy": 0.97165991902834,
    "average_cat_accuracy": 0.8006535947712419,
    "average_goal_accuracy": 0.765039494470774,
    "average_noncat_accuracy": 0.7460539215686274,
    "joint_cat_accuracy": 0.8218623481781376,
    "joint_goal_accuracy": 0.5633198380566801,
    "joint_noncat_accuracy": 0.7189473684210526,
    "requested_slots_f1": 0.9946018893387314,
    "requested_slots_precision": 0.9959514170040485,
    "requested_slots_recall": 0.9979757085020243
  },
  "RentalCars_1": {
    "active_intent_accuracy": 0.9969512195121951,
    "average_cat_accuracy": 0.7846153846153846,
    "average_goal_accuracy": 0.8848529411764705,
    "average_noncat_accuracy": 0.8904177631578948,
    "joint_cat_accuracy": 0.8475609756097561,
    "joint_goal_accuracy": 0.6132591463414634,
    "joint_noncat_accuracy": 0.6285030487804878,
    "requested_slots_f1": 0.9969512195121951,
    "requested_slots_precision": 1.0,
    "requested_slots_recall": 0.9969512195121951
  },
  "Restaurants_2": {
    "active_intent_accuracy": 0.9170653907496013,
    "average_cat_accuracy": 0.3851540616246499,
    "average_goal_accuracy": 0.7276057314678448,
    "average_noncat_accuracy": 0.7877202072538859,
    "joint_cat_accuracy": 0.5709728867623605,
    "joint_goal_accuracy": 0.3404944178628389,
    "joint_noncat_accuracy": 0.43083349282296657,
    "requested_slots_f1": 0.8859649122807017,
    "requested_slots_precision": 0.9537480063795853,
    "requested_slots_recall": 0.8827751196172249
  },
  "RideSharing_1": {
    "active_intent_accuracy": 1.0,
    "average_cat_accuracy": 0.9782608695652174,
    "average_goal_accuracy": 0.9547058823529412,