{
  "#ALL_SERVICES": {
    "active_intent_accuracy": 0.9520456069751845,
    "average_cat_accuracy": 0.6728059332509271,
    "average_goal_accuracy": 0.8068671844174973,
    "average_noncat_accuracy": 0.8542098333009015,
    "joint_cat_accuracy": 0.6906301977453336,
    "joint_goal_accuracy": 0.5019638497652582,
    "joint_noncat_accuracy": 0.6616467639168344,
    "requested_slots_f1": 0.925631567180863,
    "requested_slots_precision": 0.9706572769953051,
    "requested_slots_recall": 0.931924882629108
  },
  "#SEEN_SERVICES": {
    "active_intent_accuracy": 0.983142279163857,
    "average_cat_accuracy": 0.8505371321812237,
    "average_goal_accuracy": 0.8833043345543347,
    "average_noncat_accuracy": 0.9151223580341228,
    "joint_cat_accuracy": 0.8392476933995742,
    "joint_goal_accuracy": 0.6902004045853001,
    "joint_noncat_accuracy": 0.8176110586648685,
    "requested_slots_f1": 0.954978646886941,
    "requested_slots_precision": 0.9790402337603955,
    "requested_slots_recall": 0.9645987862440998
  },
  "#UNSEEN_SERVICES": {
    "active_intent_accuracy": 0.9212808539026017,
    "average_cat_accuracy": 0.4729516806722689,
    "average_goal_accuracy": 0.7296093466264699,
    "average_noncat_accuracy": 0.7909535898452995,
    "joint_cat_accuracy": 0.5291168530659468,
    "joint_goal_accuracy": 0.315736490993996,
    "joint_noncat_accuracy": 0.5073471981320881,
    "requested_slots_f1": 0.8965977318212142,
    "requested_slots_precision": 0.962363798087614,
    "requested_slots_recall": 0.899599733155437
  },
  "Alarm_1": {
    "active_intent_accuracy": 0.7161572052401747,
    "average_goal_accuracy": 0.7173701298701299,
    "average_noncat_accuracy": 0.7173701298701299,
    "joint_goal_accuracy": 0.48957030567685594,
    "joint_noncat_accuracy": 0.48957030567685594,
    "requested_slots_f1": 1.0,
    "requested_slots_precision": 1.0,
    "requested_slots_recall": 1.0
  },
  "Banks_2": {
    "active_intent_accuracy": 0.9690402476780186,
    "average_cat_accuracy": 0.925249169435216,
    "average_goal_accuracy": 0.8209136212624585,
    "average_noncat_accuracy": 0.5628846153846153,
    "joint_cat_accuracy": 0.8730650154798761,
    "joint_goal_accuracy": 0.5164396284829721,
    "joint_noncat_accuracy": 0.5752631578947368,
    "requested_slots_f1": 0.9009287925696594,
    "requested_slots_precision": 1.0,
    "requested_slots_recall": 0.9009287925696594
  },
  "Buses_1": {
    "active_intent_accuracy": 0.9602122015915119,
    "average_cat_accuracy": 0.968,
    "average_goal_accuracy": 0.9281761095372993,
    "average_noncat_accuracy": 0.9174761904761904,
    "joint_cat_accuracy": 0.9787798408488063,
    "joint_goal_accuracy": 0.7503183023872679,
    "joint_noncat_accuracy": 0.7715384615384615,
    "requested_slots_f1": 0.977188328912467,
    "requested_slots_precision": 0.9694960212201591,
    "requested_slots_recall": 0.9973474801061007
  },
  "Events_1": {
    "active_intent_accuracy": 0.9961612284069098,
    "average_cat_accuracy": 0.9887387387387387,
    "average_goal_accuracy": 0.9207185107863606,
    "average_noncat_accuracy": 0.8884620886981401,
    "joint_cat_accuracy": 0.9846449136276392,
    "joint_goal_accuracy": 0.7051021113243762,
    "joint_noncat_accuracy": 0.7108602687140115,
    "requested_slots_f1": 0.9776071657069738,
    "requested_slots_precision": 0.9971209213051824,
    "requested_slots_recall": 0.9769673704414588
  },
  "Flights_3": {
    "active_intent_accuracy": 0.9099836333878887,
    "average_cat_accuracy": 0.6287878787878788,
    "average_goal_accuracy": 0.7630192323843119,
    "average_noncat_accuracy": 0.8280539950062422,
    "joint_cat_accuracy": 0.4844517184942717,
    "joint_goal_accuracy": 0.2835270049099836,
    "joint_noncat_accuracy": 0.5396396072013093,
    "requested_slots_f1": 0.8816148390616475,
    "requested_slots_precision": 0.9983633387888707,
    "requested_slots_recall": 0.881342062193126
  },
  "Homes_1": {
    "active_intent_accuracy": 0.9948892674616695,
    "average_cat_accuracy": 0.9769230769230769,
    "average_goal_accuracy": 0.9555272743425729,
    "average_noncat_accuracy": 0.9473804780876494,
    "joint_cat_accuracy": 0.9250425894378195,
    "joint_goal_accuracy": 0.8321124361158433,
    "joint_noncat_accuracy": 0.8920783645655876,
    "requested_slots_f1": 0.9659852356615559,
    "requested_slots_precision": 0.9554230550823396,
    "requested_slots_recall": 0.989778534923339
  },
  "Hotels_1": {
    "active_intent_accuracy": 0.982078853046595,
    "average_cat_accuracy": 0.784037558685446,
    "average_goal_accuracy": 0.9094244227994228,
    "average_noncat_accuracy": 0.9708137254901961,
    "joint_cat_accuracy": 0.7060931899641577,
    "joint_goal_accuracy": 0.6506093189964157,
    "joint_noncat_accuracy": 0.9127956989247312,
    "requested_slots_f1": 0.8925925925925926,
    "requested_slots_precision": 0.9551971326164874,
    "requested_slots_recall": 0.9086021505376344
  },
  "Hotels_4": {
    "active_intent_accuracy": 0.9821428571428571,
    "average_cat_accuracy": 0.7885802469135803,
    "average_goal_accuracy": 0.6933554485464598,
    "average_noncat_accuracy": 0.6527908496732027,
    "joint_cat_accuracy": 0.7392857142857143,
    "joint_goal_accuracy": 0.29285714285714287,
    "joint_noncat_accuracy": 0.3535714285714286,
    "requested_slots_f1": 0.891904761904762,
    "requested_slots_precision": 0.8916666666666665,
    "requested_slots_recall": 0.9339285714285714
  },
  "Media_2": {
    "active_intent_accuracy": 0.926984126984127,
    "average_cat_accuracy": 0.012121212121212121,
    "average_goal_accuracy": 0.7438837342497137,
    "average_noncat_accuracy": 0.8794873997709048,
    "joint_cat_accuracy": 0.48253968253968255,
    "joint_goal_accuracy": 0.2844266666666667,
    "joint_noncat_accuracy": 0.5009765079365078,
    "requested_slots_f1": 0.8857142857142857,
    "requested_slots_precision": 0.9079365079365079,
    "requested_slots_recall": 0.8857142857142857
  },
  "Movies_2": {
    "active_intent_accuracy": 0.9886363636363636,
    "average_goal_accuracy": 0.6912947658402203,
    "average_noncat_accuracy": 0.6912947658402203,
    "joint_goal_accuracy": 0.3648125,
    "joint_noncat_accuracy": 0.3648125,
    "requested_slots_f1": 0.8846590909090909,
    "requested_slots_precision": 0.9545454545454546,
    "requested_slots_recall": 0.8920454545454546
  },
  "Music_1": {
    "active_intent_accuracy": 0.9635627530364372,
    "average_cat_accuracy": 0.7450980392156863,
    "average_goal_accuracy": 0.8343823064770932,
    "average_noncat_accuracy": 0.8864950980392157,
    "joint_cat_accuracy": 0.6963562753036437,
    "joint_goal_accuracy": 0.5788259109311741,
    "joint_noncat_accuracy": 0.8272064777327935,
    "requested_slots_f1": 0.9946018893387314,
    "requested_slots_precision": 0.9939271255060729,
    "requested_slots_recall": 0.9959514170040485
  },
  "RentalCars_1": {
    "active_intent_accuracy": 0.9634146341463414,
    "average_cat_accuracy": 0.717948717948718,
    "average_goal_accuracy": 0.9043088235294116,
    "average_noncat_accuracy": 0.9232494517543859,
    "joint_cat_accuracy": 0.8079268292682927,
    "joint_goal_accuracy": 0.596807012195122,
    "joint_noncat_accuracy": 0.7277216463414634,
    "requested_slots_f1": 0.9847560975609756,
    "requested_slots_precision": 0.9939024390243902,
    "requested_slots_recall": 0.9908536585365854
  },
  "Restaurants_2": {
    "active_intent_accuracy": 0.8883572567783095,
    "average_cat_accuracy": 0.4430438842203548,
    "average_goal_accuracy": 0.7353061896579938,
    "average_noncat_accuracy": 0.7822348877374784,
    "joint_cat_accuracy": 0.6379585326953748,
    "joint_goal_accuracy": 0.3566507177033493,
    "joint_noncat_accuracy": 0.420622009569378,
    "requested_slots_f1": 0.8717171717171717,
    "requested_slots_precision": 0.9338118022328549,
    "requested_slots_recall": 0.8708133971291866
  },
  "RideSharing_1": {
    "active_intent_accuracy": 0.9961089494163424,
    "average_cat_accuracy": 0.9173913043478261,