{
  "#ALL_SERVICES": {
    "active_intent_accuracy": 0.07880617035546612,
    "average_cat_accuracy": 0.0319118252987227,
    "average_goal_accuracy": 0.007850435331562195,
    "average_noncat_accuracy": 0.0,
    "joint_cat_accuracy": 0.013675845499907595,
    "joint_goal_accuracy": 0.022635814889336015,
    "joint_noncat_accuracy": 0.13832997987927564,
    "requested_slots_f1": 0.03601385494851554,
    "requested_slots_precision": 0.021514090769328073,
    "requested_slots_recall": 0.999832327297116
  },
  "#SEEN_SERVICES": {
    "active_intent_accuracy": 0.0815913688469319,
    "average_cat_accuracy": 0.04335980071617625,
    "average_goal_accuracy": 0.009682539682539683,
    "average_noncat_accuracy": 0.0,
    "joint_cat_accuracy": 0.0262597586941093,
    "joint_goal_accuracy": 0.0016857720836142953,
    "joint_noncat_accuracy": 0.11732973701955496,
    "requested_slots_f1": 0.03929464182329995,
    "requested_slots_precision": 0.023546489847905895,
    "requested_slots_recall": 0.9996628455832771
  },
  "#UNSEEN_SERVICES": {
    "active_intent_accuracy": 0.07605070046697798,
    "average_cat_accuracy": 0.019038865546218486,
    "average_goal_accuracy": 0.005998660108249148,
    "average_noncat_accuracy": 0.0,
    "joint_cat_accuracy": 0.0,
    "joint_goal_accuracy": 0.04336224149432955,
    "joint_noncat_accuracy": 0.1591060707138092,
    "requested_slots_f1": 0.032768086479332575,
    "requested_slots_precision": 0.01950338507651226,
    "requested_slots_recall": 1.0
  },
  "Alarm_1": {
    "active_intent_accuracy": 0.09606986899563319,
    "average_goal_accuracy": 0.0,
    "average_noncat_accuracy": 0.0,
    "joint_goal_accuracy": 0.32751091703056767,
    "joint_noncat_accuracy": 0.32751091703056767,
    "requested_slots_f1": 0.0,
    "requested_slots_precision": 0.0,
    "requested_slots_recall": 1.0
  },
  "Banks_2": {
    "active_intent_accuracy": 0.06501547987616099,
    "average_cat_accuracy": 0.026578073089700997,
    "average_goal_accuracy": 0.01467331118493909,
    "average_noncat_accuracy": 0.0,
    "joint_cat_accuracy": 0.0,
    "joint_goal_accuracy": 0.0,
    "joint_noncat_accuracy": 0.43653250773993807,
    "requested_slots_f1": 0.028306059265811586,
    "requested_slots_precision": 0.016511867905056758,
    "requested_slots_recall": 1.0
  },
  "Buses_1": {
    "active_intent_accuracy": 0.07161803713527852,
    "average_cat_accuracy": 0.288,
    "average_goal_accuracy": 0.04910292728989613,
    "average_noncat_accuracy": 0.0,
    "joint_cat_accuracy": 0.1909814323607427,
    "joint_goal_accuracy": 0.002652519893899204,
    "joint_noncat_accuracy": 0.07161803713527852,
    "requested_slots_f1": 0.04253677357125633,
    "requested_slots_precision": 0.025346301208370173,
    "requested_slots_recall": 1.0
  },
  "Events_1": {
    "active_intent_accuracy": 0.09788867562380038,
    "average_cat_accuracy": 0.00563063063063063,
    "average_goal_accuracy": 0.0012874043145441893,
    "average_noncat_accuracy": 0.0,
    "joint_cat_accuracy": 0.0,
    "joint_goal_accuracy": 0.0,
    "joint_noncat_accuracy": 0.10556621880998081,
    "requested_slots_f1": 0.026871401151631478,
    "requested_slots_precision": 0.015355086372360844,
    "requested_slots_recall": 1.0
  },
  "Flights_3": {
    "active_intent_accuracy": 0.07692307692307693,
    "average_cat_accuracy": 0.031204906204906204,
    "average_goal_accuracy": 0.013162425464012766,
    "average_noncat_accuracy": 0.0,
    "joint_cat_accuracy": 0.0,
    "joint_goal_accuracy": 0.0,
    "joint_noncat_accuracy": 0.1260229132569558,
    "requested_slots_f1": 0.0202716283343383,
    "requested_slots_precision": 0.011167805911235196,
    "requested_slots_recall": 1.0
  },
  "Homes_1": {
    "active_intent_accuracy": 0.07155025553662692,
    "average_cat_accuracy": 0.0016025641025641025,
    "average_goal_accuracy": 0.0009328358208955224,
    "average_noncat_accuracy": 0.0,
    "joint_cat_accuracy": 0.0,
    "joint_goal_accuracy": 0.0,
    "joint_noncat_accuracy": 0.14480408858603067,
    "requested_slots_f1": 0.03933715347684684,
    "requested_slots_precision": 0.02277115275411698,
    "requested_slots_recall": 1.0
  },
  "Hotels_1": {
    "active_intent_accuracy": 0.05734767025089606,
    "average_cat_accuracy": 0.0,
    "average_goal_accuracy": 0.0,
    "average_noncat_accuracy": 0.0,
    "joint_cat_accuracy": 0.0,
    "joint_goal_accuracy": 0.0,
    "joint_noncat_accuracy": 0.08602150537634409,
    "requested_slots_f1": 0.04898446833930705,
    "requested_slots_precision": 0.02867383512544803,
    "requested_slots_recall": 1.0
  },
  "Hotels_4": {
    "active_intent_accuracy": 0.05357142857142857,
    "average_cat_accuracy": 0.011574074074074073,
    "average_goal_accuracy": 0.004307116104868914,
    "average_noncat_accuracy": 0.0,
    "joint_cat_accuracy": 0.0,
    "joint_goal_accuracy": 0.0,
    "joint_noncat_accuracy": 0.08928571428571429,
    "requested_slots_f1": 0.045887445887445893,
    "requested_slots_precision": 0.026785714285714288,
    "requested_slots_recall": 1.0
  },
  "Media_2": {
    "active_intent_accuracy": 0.07301587301587302,
    "average_cat_accuracy": 0.0,
    "average_goal_accuracy": 0.0,
    "average_noncat_accuracy": 0.0,
    "joint_cat_accuracy": 0.0,
    "joint_goal_accuracy": 0.0,
    "joint_noncat_accuracy": 0.0761904761904762,
    "requested_slots_f1": 0.04625850340136054,
    "requested_slots_precision": 0.02962962962962963,
    "requested_slots_recall": 1.0
  },
  "Movies_2": {
    "active_intent_accuracy": 0.1590909090909091,
    "average_goal_accuracy": 0.0,
    "average_noncat_accuracy": 0.0,
    "joint_goal_accuracy": 0.3125,
    "joint_noncat_accuracy": 0.3125,
    "requested_slots_f1": 0.05762987012987013,
    "requested_slots_precision": 0.0375,
    "requested_slots_recall": 1.0
  },
  "Music_1": {
    "active_intent_accuracy": 0.06072874493927125,
    "average_cat_accuracy": 0.06535947712418301,
    "average_goal_accuracy": 0.016587677725118485,
    "average_noncat_accuracy": 0.0,
    "joint_cat_accuracy": 0.0,
    "joint_goal_accuracy": 0.0,
    "joint_noncat_accuracy": 0.17408906882591094,
    "requested_slots_f1": 0.0448235974551764,
    "requested_slots_precision": 0.027260458839406206,
    "requested_slots_recall": 0.9959514170040485
  },
  "RentalCars_1": {
    "active_intent_accuracy": 0.07926829268292683,
    "average_cat_accuracy": 0.010256410256410256,
    "average_goal_accuracy": 0.0013071895424836603,
    "average_noncat_accuracy": 0.0,
    "joint_cat_accuracy": 0.006097560975609756,
    "joint_goal_accuracy": 0.0,
    "joint_noncat_accuracy": 0.07317073170731707,
    "requested_slots_f1": 0.025745257452574527,
    "requested_slots_precision": 0.014481707317073171,
    "requested_slots_recall": 1.0
  },
  "Restaurants_2": {
    "active_intent_accuracy": 0.07496012759170653,
    "average_cat_accuracy": 0.031746031746031744,
    "average_goal_accuracy": 0.0054512354770086735,
    "average_noncat_accuracy": 0.0,
    "joint_cat_accuracy": 0.0,
    "joint_goal_accuracy": 0.0,
    "joint_noncat_accuracy": 0.07655502392344497,
    "requested_slots_f1": 0.03151234730182099,
    "requested_slots_precision": 0.017809675704412546,
    "requested_slots_recall": 1.0
  },
  "RideSharing_1": {
    "active_intent_accuracy": 0.09727626459143969,
    "average_cat_accuracy": 0.017391304347826087,
    "average_goal_accuracy": 0.012605042016806723,
    "average_noncat_accuracy": 0.0,
    "joint_cat_accuracy": 0.0,
    "joint_goal_accuracy": 0.0,
    "joint_noncat_accuracy": 0.17898832684824903,
    "requested_slots_f1": 0.050954233833611265,
    "requested_slots_precision": 0.03346303501945526,
    "requested_slots_recall": 1.0
  },
  "Services_4": {
    "active_intent_accuracy": 0.057208237986270026,
    "average_cat_accuracy": 0.0,
    "average_goal_accuracy": 0.0,
    "average_noncat_accuracy": 0.0,
    "joint_cat_accuracy": 0.0,
    "joint_goal_accuracy": 0.0,
    "joint_noncat_accuracy": 0.07322654462242563,
    "requested_slots_f1": 0.04436816679379608,