{
  "#ALL_SERVICES": {
    "active_intent_accuracy": 0.9341046277665996,
    "average_cat_accuracy": 0.6868355995055624,
    "average_goal_accuracy": 0.7854047312167364,
    "average_noncat_accuracy": 0.821212881883635,
    "joint_cat_accuracy": 0.6906301977453336,
    "joint_goal_accuracy": 0.48047582427900737,
    "joint_noncat_accuracy": 0.6351266626425218,
    "requested_slots_f1": 0.9411277186931111,
    "requested_slots_precision": 0.9774368432819137,
    "requested_slots_recall": 0.9446680080482898
  },
  "#SEEN_SERVICES": {
    "active_intent_accuracy": 0.980782198246797,
    "average_cat_accuracy": 0.8740463957652187,
    "average_goal_accuracy": 0.8539969562183848,
    "average_noncat_accuracy": 0.87130850522027,
    "joint_cat_accuracy": 0.8633782824698367,
    "joint_goal_accuracy": 0.6711141267700608,
    "joint_noncat_accuracy": 0.779745279838166,
    "requested_slots_f1": 0.9766576758822206,
    "requested_slots_precision": 0.9913463699707799,
    "requested_slots_recall": 0.9801078894133514
  },
  "#UNSEEN_SERVICES": {
    "active_intent_accuracy": 0.8879252835223482,
    "average_cat_accuracy": 0.4763217787114846,
    "average_goal_accuracy": 0.7160760476719381,
    "average_noncat_accuracy": 0.7691897395213539,
    "joint_cat_accuracy": 0.5028924026224451,
    "joint_goal_accuracy": 0.29187235356904606,
    "joint_noncat_accuracy": 0.49205167311541026,
    "requested_slots_f1": 0.9059770005400426,
    "requested_slots_precision": 0.963675783855904,
    "requested_slots_recall": 0.909606404269513
  },
  "Alarm_1": {
    "active_intent_accuracy": 0.7903930131004366,
    "average_goal_accuracy": 0.7182467532467532,
    "average_noncat_accuracy": 0.7182467532467532,
    "joint_goal_accuracy": 0.33955109170305675,
    "joint_noncat_accuracy": 0.33955109170305675,
    "requested_slots_f1": 1.0,
    "requested_slots_precision": 1.0,
    "requested_slots_recall": 1.0
  },
  "Banks_2": {
    "active_intent_accuracy": 0.9845201238390093,
    "average_cat_accuracy": 0.8870431893687708,
    "average_goal_accuracy": 0.6566998892580288,
    "average_noncat_accuracy": 0.11263736263736264,
    "joint_cat_accuracy": 0.8297213622291022,
    "joint_goal_accuracy": 0.4148606811145511,
    "joint_noncat_accuracy": 0.44272445820433437,
    "requested_slots_f1": 0.9009287925696594,
    "requested_slots_precision": 1.0,
    "requested_slots_recall": 0.9009287925696594
  },
  "Buses_1": {
    "active_intent_accuracy": 0.9840848806366048,
    "average_cat_accuracy": 1.0,
    "average_goal_accuracy": 0.8654608120868743,
    "average_noncat_accuracy": 0.8382857142857142,
    "joint_cat_accuracy": 0.9973474801061007,
    "joint_goal_accuracy": 0.6247745358090185,
    "joint_noncat_accuracy": 0.6274270557029178,
    "requested_slots_f1": 0.980548187444739,
    "requested_slots_precision": 0.9708222811671088,
    "requested_slots_recall": 1.0
  },
  "Events_1": {
    "active_intent_accuracy": 0.9884836852207294,
    "average_cat_accuracy": 1.0,
    "average_goal_accuracy": 0.925392832289492,
    "average_noncat_accuracy": 0.8888966380543633,
    "joint_cat_accuracy": 1.0,
    "joint_goal_accuracy": 0.7078886756238004,
    "joint_noncat_accuracy": 0.7078886756238004,
    "requested_slots_f1": 0.9884836852207294,
    "requested_slots_precision": 0.9990403071017274,
    "requested_slots_recall": 0.9884836852207294
  },
  "Flights_3": {
    "active_intent_accuracy": 0.9263502454991817,
    "average_cat_accuracy": 0.6765873015873016,
    "average_goal_accuracy": 0.8460851809859746,
    "average_noncat_accuracy": 0.9292618601747815,
    "joint_cat_accuracy": 0.47299509001636664,
    "joint_goal_accuracy": 0.386678232405892,
    "joint_noncat_accuracy": 0.8169819967266776,
    "requested_slots_f1": 0.8805237315875614,
    "requested_slots_precision": 1.0,
    "requested_slots_recall": 0.8805237315875614
  },
  "Homes_1": {
    "active_intent_accuracy": 0.9778534923339012,
    "average_cat_accuracy": 0.9778846153846154,
    "average_goal_accuracy": 0.9657291222459132,
    "average_noncat_accuracy": 0.961746347941567,
    "joint_cat_accuracy": 0.9352640545144804,
    "joint_goal_accuracy": 0.8651107325383306,
    "joint_noncat_accuracy": 0.909403747870528,
    "requested_slots_f1": 0.9977285633162974,
    "requested_slots_precision": 0.9974446337308348,
    "requested_slots_recall": 1.0
  },
  "Hotels_1": {
    "active_intent_accuracy": 0.967741935483871,
    "average_cat_accuracy": 0.7926447574334897,
    "average_goal_accuracy": 0.9237274531024531,
    "average_noncat_accuracy": 0.9935196078431373,
    "joint_cat_accuracy": 0.6559139784946236,
    "joint_goal_accuracy": 0.6331182795698924,
    "joint_noncat_accuracy": 0.9626881720430108,
    "requested_slots_f1": 0.9540023894862604,
    "requested_slots_precision": 0.9605734767025089,
    "requested_slots_recall": 0.9587813620071685
  },
  "Hotels_4": {
    "active_intent_accuracy": 0.9857142857142858,
    "average_cat_accuracy": 0.8395061728395062,
    "average_goal_accuracy": 0.8301461565899768,
    "average_noncat_accuracy": 0.8281437908496733,
    "joint_cat_accuracy": 0.6392857142857142,
    "joint_goal_accuracy": 0.16275,
    "joint_noncat_accuracy": 0.2336857142857143,
    "requested_slots_f1": 0.8937585034013605,
    "requested_slots_precision": 0.9170238095238095,
    "requested_slots_recall": 0.9267857142857143
  },
  "Media_2": {
    "active_intent_accuracy": 0.9111111111111111,
    "average_cat_accuracy": 0.0,
    "average_goal_accuracy": 0.38909679266895764,
    "average_noncat_accuracy": 0.4768356242840779,
    "joint_cat_accuracy": 0.47619047619047616,
    "joint_goal_accuracy": 0.07895238095238095,
    "joint_noncat_accuracy": 0.09311111111111112,
    "requested_slots_f1": 0.8941798941798941,
    "requested_slots_precision": 0.9126984126984127,
    "requested_slots_recall": 0.8952380952380953
  },
  "Movies_2": {
    "active_intent_accuracy": 0.9602272727272727,
    "average_goal_accuracy": 0.7161157024793389,
    "average_noncat_accuracy": 0.7161157024793389,
    "joint_goal_accuracy": 0.40401647727272727,
    "joint_noncat_accuracy": 0.40401647727272727,
    "requested_slots_f1": 0.9053030303030302,
    "requested_slots_precision": 0.9100378787878788,
    "requested_slots_recall": 0.9176136363636364
  },
  "Music_1": {
    "active_intent_accuracy": 0.9554655870445344,
    "average_cat_accuracy": 0.6633986928104575,
    "average_goal_accuracy": 0.7943459715639809,
    "average_noncat_accuracy": 0.8777941176470588,
    "joint_cat_accuracy": 0.7165991902834008,
    "joint_goal_accuracy": 0.5991902834008097,
    "joint_noncat_accuracy": 0.8236437246963563,
    "requested_slots_f1": 0.9919028340080972,
    "requested_slots_precision": 0.9959514170040485,
    "requested_slots_recall": 0.9939271255060729
  },
  "RentalCars_1": {
    "active_intent_accuracy": 0.9939024390243902,
    "average_cat_accuracy": 0.8871794871794871,
    "average_goal_accuracy": 0.9477799564270153,
    "average_noncat_accuracy": 0.9534396929824559,
    "joint_cat_accuracy": 0.899390243902439,
    "joint_goal_accuracy": 0.7684893292682926,
    "joint_noncat_accuracy": 0.8378795731707316,
    "requested_slots_f1": 0.9908536585365854,
    "requested_slots_precision": 1.0,
    "requested_slots_recall": 0.9908536585365854
  },
  "Restaurants_2": {
    "active_intent_accuracy": 0.9090909090909091,
    "average_cat_accuracy": 0.39215686274509803,
    "average_goal_accuracy": 0.7743240263459334,
    "average_noncat_accuracy": 0.8404041450777203,
    "joint_cat_accuracy": 0.6028708133971292,
    "joint_goal_accuracy": 0.39519747368421054,
    "joint_noncat_accuracy": 0.5015930079744817,
    "requested_slots_f1": 0.8908027644869752,
    "requested_slots_precision": 0.9372674109516215,
    "requested_slots_recall": 0.8947368421052632
  },
  "RideSharing_1": {
    "active_intent_accuracy": 1.0,
    "average_cat_accuracy": 0.9804347826086957,
    "average_goal_accuracy": 0.9112605042016807,
    "average_noncat_accuracy": 0.7755450236966824,