{
  "#ALL_SERVICES": {
    "active_intent_accuracy": 0.8269617706237424,
    "average_cat_accuracy": 0.6048207663782448,
    "average_goal_accuracy": 0.5990882214974003,
    "average_noncat_accuracy": 0.6048226308620355,
    "joint_cat_accuracy": 0.5172796155978562,
    "joint_goal_accuracy": 0.1990940224061033,
    "joint_noncat_accuracy": 0.3519458156321261,
    "requested_slots_f1": 0.8694947462553095,
    "requested_slots_precision": 1.0,
    "requested_slots_recall": 0.869466800804829
  },
  "#SEEN_SERVICES": {
    "active_intent_accuracy": 0.8870532703978422,
    "average_cat_accuracy": 0.7839794488556749,
    "average_goal_accuracy": 0.6734061834990407,
    "average_noncat_accuracy": 0.6547503183091419,
    "joint_cat_accuracy": 0.6295244854506742,
    "joint_goal_accuracy": 0.24248760945043832,
    "joint_noncat_accuracy": 0.45381568793998656,
    "requested_slots_f1": 0.862665767588222,
    "requested_slots_precision": 1.0,
    "requested_slots_recall": 0.8626095751854349
  },
  "#UNSEEN_SERVICES": {
    "active_intent_accuracy": 0.7675116744496331,
    "average_cat_accuracy": 0.40336134453781514,
    "average_goal_accuracy": 0.5239723250647909,
    "average_noncat_accuracy": 0.5529738860240645,
    "joint_cat_accuracy": 0.39529502506748937,
    "joint_goal_accuracy": 0.15616360907271515,
    "joint_noncat_accuracy": 0.25116328018679124,
    "requested_slots_f1": 0.8762508338892595,
    "requested_slots_precision": 1.0,
    "requested_slots_recall": 0.8762508338892595
  },
  "Alarm_1": {
    "active_intent_accuracy": 0.7292576419213974,
    "average_goal_accuracy": 0.6389285714285714,
    "average_noncat_accuracy": 0.6389285714285714,
    "joint_goal_accuracy": 0.3506144104803494,
    "joint_noncat_accuracy": 0.3506144104803494,
    "requested_slots_f1": 1.0,
    "requested_slots_precision": 1.0,
    "requested_slots_recall": 1.0
  },
  "Banks_2": {
    "active_intent_accuracy": 0.913312693498452,
    "average_cat_accuracy": 0.707641196013289,
    "average_goal_accuracy": 0.6517524916943522,
    "average_noncat_accuracy": 0.42788461538461536,
    "joint_cat_accuracy": 0.34055727554179566,
    "joint_goal_accuracy": 0.2662798761609907,
    "joint_noncat_accuracy": 0.46518482972136227,
    "requested_slots_f1": 0.9009287925696594,
    "requested_slots_precision": 1.0,
    "requested_slots_recall": 0.9009287925696594
  },
  "Buses_1": {
    "active_intent_accuracy": 0.9946949602122016,
    "average_cat_accuracy": 1.0,
    "average_goal_accuracy": 0.6525878186968839,
    "average_noncat_accuracy": 0.577292857142857,
    "joint_cat_accuracy": 0.9973474801061007,
    "joint_goal_accuracy": 0.2049336870026525,
    "joint_noncat_accuracy": 0.2075862068965517,
    "requested_slots_f1": 0.8567639257294429,
    "requested_slots_precision": 1.0,
    "requested_slots_recall": 0.8567639257294429
  },
  "Events_1": {
    "active_intent_accuracy": 0.9596928982725528,
    "average_cat_accuracy": 0.9504504504504504,
    "average_goal_accuracy": 0.8005553235908142,
    "average_noncat_accuracy": 0.7243437052932762,
    "joint_cat_accuracy": 0.9078694817658349,
    "joint_goal_accuracy": 0.4177715930902111,
    "joint_noncat_accuracy": 0.44673512476007676,
    "requested_slots_f1": 0.8829174664107485,
    "requested_slots_precision": 1.0,
    "requested_slots_recall": 0.8829174664107485
  },
  "Flights_3": {
    "active_intent_accuracy": 0.5875613747954174,
    "average_cat_accuracy": 0.579004329004329,
    "average_goal_accuracy": 0.6258338582346519,
    "average_noncat_accuracy": 0.6482350187265918,
    "joint_cat_accuracy": 0.3878887070376432,
    "joint_goal_accuracy": 0.11013469721767594,
    "joint_noncat_accuracy": 0.16314631751227496,
    "requested_slots_f1": 0.8805237315875614,
    "requested_slots_precision": 1.0,
    "requested_slots_recall": 0.8805237315875614
  },
  "Homes_1": {
    "active_intent_accuracy": 0.9045996592844975,
    "average_cat_accuracy": 0.8923076923076924,
    "average_goal_accuracy": 0.8927985963041933,
    "average_noncat_accuracy": 0.9107735723771581,
    "joint_cat_accuracy": 0.21124361158432708,
    "joint_goal_accuracy": 0.18526405451448041,
    "joint_noncat_accuracy": 0.8270051107325384,
    "requested_slots_f1": 0.8398637137989778,
    "requested_slots_precision": 1.0,
    "requested_slots_recall": 0.8398637137989778
  },
  "Hotels_1": {
    "active_intent_accuracy": 0.8028673835125448,
    "average_cat_accuracy": 0.5766823161189358,
    "average_goal_accuracy": 0.424875,
    "average_noncat_accuracy": 0.3568464052287582,
    "joint_cat_accuracy": 0.48028673835125446,
    "joint_goal_accuracy": 0.07885304659498207,
    "joint_noncat_accuracy": 0.13419354838709677,
    "requested_slots_f1": 0.8172043010752689,
    "requested_slots_precision": 1.0,
    "requested_slots_recall": 0.8172043010752689
  },
  "Hotels_4": {
    "active_intent_accuracy": 0.8178571428571428,
    "average_cat_accuracy": 0.5771604938271605,
    "average_goal_accuracy": 0.35666764758337793,
    "average_noncat_accuracy": 0.2758954248366013,
    "joint_cat_accuracy": 0.3821428571428571,
    "joint_goal_accuracy": 0.05357142857142857,
    "joint_noncat_accuracy": 0.14642857142857144,
    "requested_slots_f1": 0.825,
    "requested_slots_precision": 1.0,
    "requested_slots_recall": 0.825
  },
  "Media_2": {
    "active_intent_accuracy": 0.8825396825396825,
    "average_cat_accuracy": 0.03636363636363636,
    "average_goal_accuracy": 0.44916781214203894,
    "average_noncat_accuracy": 0.5353865979381444,
    "joint_cat_accuracy": 0.4888888888888889,
    "joint_goal_accuracy": 0.12361904761904761,
    "joint_noncat_accuracy": 0.15079776507936507,
    "requested_slots_f1": 0.8857142857142857,
    "requested_slots_precision": 1.0,
    "requested_slots_recall": 0.8857142857142857
  },
  "Movies_2": {
    "active_intent_accuracy": 0.9943181818181818,
    "average_goal_accuracy": 0.4539531680440771,
    "average_noncat_accuracy": 0.4539531680440771,
    "joint_goal_accuracy": 0.32990454545454545,
    "joint_noncat_accuracy": 0.32990454545454545,
    "requested_slots_f1": 0.8636363636363636,
    "requested_slots_precision": 1.0,
    "requested_slots_recall": 0.8636363636363636
  },
  "Music_1": {
    "active_intent_accuracy": 0.5668016194331984,
    "average_cat_accuracy": 0.4477124183006536,
    "average_goal_accuracy": 0.6107124802527646,
    "average_noncat_accuracy": 0.7222303921568629,
    "joint_cat_accuracy": 0.5263157894736842,
    "joint_goal_accuracy": 0.3557894736842105,
    "joint_noncat_accuracy": 0.5359514170040486,
    "requested_slots_f1": 0.8609986504723348,
    "requested_slots_precision": 1.0,
    "requested_slots_recall": 0.8603238866396761
  },
  "RentalCars_1": {
    "active_intent_accuracy": 0.725609756097561,
    "average_cat_accuracy": 0.882051282051282,
    "average_goal_accuracy": 0.646760348583878,
    "average_noncat_accuracy": 0.6074358552631579,
    "joint_cat_accuracy": 0.9176829268292683,
    "joint_goal_accuracy": 0.11048795618902439,
    "joint_noncat_accuracy": 0.11108881228658538,
    "requested_slots_f1": 0.8841463414634146,
    "requested_slots_precision": 1.0,
    "requested_slots_recall": 0.8841463414634146
  },
  "Restaurants_2": {
    "active_intent_accuracy": 0.8181818181818182,
    "average_cat_accuracy": 0.39729225023342674,
    "average_goal_accuracy": 0.4162297087219768,
    "average_noncat_accuracy": 0.4217351755900979,
    "joint_cat_accuracy": 0.5885167464114832,
    "joint_goal_accuracy": 0.13658692185007976,
    "joint_noncat_accuracy": 0.15916730462519935,
    "requested_slots_f1": 0.8484848484848485,
    "requested_slots_precision": 1.0,
    "requested_slots_recall": 0.8484848484848485
  },
  "RideSharing_1": {
    "active_intent_accuracy": 0.9922178988326849,
    "average_cat_accuracy": 0.7630434782608696,
    "average_goal_accuracy": 0.6245518207282914,
    "average_noncat_accuracy": 0.3616587677725119,
    "joint_cat_accuracy": 0.5914396887159533,
    "joint_goal_accuracy": 0.283579766536965,