{
  "#ALL_SERVICES": {
    "active_intent_accuracy": 0.897551978537894,
    "average_cat_accuracy": 0.6904202719406675,
    "average_goal_accuracy": 0.8043573445213105,
    "average_noncat_accuracy": 0.8433751702665889,
    "joint_cat_accuracy": 0.689706154130475,
    "joint_goal_accuracy": 0.48005115325285036,
    "joint_noncat_accuracy": 0.5970103011401744,
    "requested_slots_f1": 0.9341716968477531,
    "requested_slots_precision": 0.972850994858037,
    "requested_slots_recall": 0.9421529175050302
  },
  "#SEEN_SERVICES": {
    "active_intent_accuracy": 0.9433580579905597,
    "average_cat_accuracy": 0.883232134516581,
    "average_goal_accuracy": 0.8742140066282923,
    "average_noncat_accuracy": 0.8913419913419915,
    "joint_cat_accuracy": 0.8711852377572746,
    "joint_goal_accuracy": 0.6955418071476736,
    "joint_noncat_accuracy": 0.7923367161159812,
    "requested_slots_f1": 0.9637783771634075,
    "requested_slots_precision": 0.9771858844684198,
    "requested_slots_recall": 0.9779163857046528
  },
  "#UNSEEN_SERVICES": {
    "active_intent_accuracy": 0.8522348232154769,
    "average_cat_accuracy": 0.47360819327731096,
    "average_goal_accuracy": 0.7337506479081821,
    "average_noncat_accuracy": 0.7935627396535766,
    "joint_cat_accuracy": 0.4924797531816429,
    "joint_goal_accuracy": 0.26686059973315546,
    "joint_noncat_accuracy": 0.40376875783855903,
    "requested_slots_f1": 0.9048810317989769,
    "requested_slots_precision": 0.9685623749166111,
    "requested_slots_recall": 0.9067711807871914
  },
  "Alarm_1": {
    "active_intent_accuracy": 0.74235807860262,
    "average_goal_accuracy": 0.6702922077922079,
    "average_noncat_accuracy": 0.6702922077922079,
    "joint_goal_accuracy": 0.5517117903930131,
    "joint_noncat_accuracy": 0.5517117903930131,
    "requested_slots_f1": 1.0,
    "requested_slots_precision": 1.0,
    "requested_slots_recall": 1.0
  },
  "Banks_2": {
    "active_intent_accuracy": 0.9845201238390093,
    "average_cat_accuracy": 0.9451827242524917,
    "average_goal_accuracy": 0.7973421926910299,
    "average_noncat_accuracy": 0.4478021978021978,
    "joint_cat_accuracy": 0.913312693498452,
    "joint_goal_accuracy": 0.5077399380804953,
    "joint_noncat_accuracy": 0.544891640866873,
    "requested_slots_f1": 0.9009287925696594,
    "requested_slots_precision": 1.0,
    "requested_slots_recall": 0.9009287925696594
  },
  "Buses_1": {
    "active_intent_accuracy": 0.986737400530504,
    "average_cat_accuracy": 1.0,
    "average_goal_accuracy": 0.9593408876298395,
    "average_noncat_accuracy": 0.9506595238095239,
    "joint_cat_accuracy": 1.0,
    "joint_goal_accuracy": 0.88026525198939,
    "joint_noncat_accuracy": 0.88026525198939,
    "requested_slots_f1": 0.980548187444739,
    "requested_slots_precision": 0.9708222811671088,
    "requested_slots_recall": 1.0
  },
  "Events_1": {
    "active_intent_accuracy": 0.7773512476007678,
    "average_cat_accuracy": 0.9707207207207207,
    "average_goal_accuracy": 0.8553562978427279,
    "average_noncat_accuracy": 0.79625,
    "joint_cat_accuracy": 0.9692898272552783,
    "joint_goal_accuracy": 0.5315163147792705,
    "joint_noncat_accuracy": 0.5436276391554703,
    "requested_slots_f1": 0.9584133077415227,
    "requested_slots_precision": 0.9692898272552783,
    "requested_slots_recall": 0.9856046065259118
  },
  "Flights_3": {
    "active_intent_accuracy": 0.9770867430441899,
    "average_cat_accuracy": 0.6534992784992786,
    "average_goal_accuracy": 0.7921041404216007,
    "average_noncat_accuracy": 0.8590948813982522,
    "joint_cat_accuracy": 0.4959083469721768,
    "joint_goal_accuracy": 0.2708026186579378,
    "joint_noncat_accuracy": 0.541475286415712,
    "requested_slots_f1": 0.8805237315875614,
    "requested_slots_precision": 1.0,
    "requested_slots_recall": 0.8805237315875614
  },
  "Homes_1": {
    "active_intent_accuracy": 0.9761499148211243,
    "average_cat_accuracy": 0.9759615384615384,
    "average_goal_accuracy": 0.969203447050462,
    "average_noncat_accuracy": 0.9691633466135458,
    "joint_cat_accuracy": 0.9352640545144804,
    "joint_goal_accuracy": 0.900732538330494,
    "joint_noncat_accuracy": 0.9450255536626917,
    "requested_slots_f1": 0.9963657013060762,
    "requested_slots_precision": 0.9951731970471325,
    "requested_slots_recall": 1.0
  },
  "Hotels_1": {
    "active_intent_accuracy": 0.96415770609319,
    "average_cat_accuracy": 0.8356807511737089,
    "average_goal_accuracy": 0.9335790043290044,
    "average_noncat_accuracy": 0.9869640522875817,
    "joint_cat_accuracy": 0.6917562724014337,
    "joint_goal_accuracy": 0.6612903225806451,
    "joint_noncat_accuracy": 0.9421505376344087,
    "requested_slots_f1": 0.9247311827956989,
    "requested_slots_precision": 0.953405017921147,
    "requested_slots_recall": 0.921146953405018
  },
  "Hotels_4": {
    "active_intent_accuracy": 0.95,
    "average_cat_accuracy": 0.8371913580246914,
    "average_goal_accuracy": 0.8446589085072231,
    "average_noncat_accuracy": 0.8385686274509804,
    "joint_cat_accuracy": 0.4,
    "joint_goal_accuracy": 0.08239285714285714,
    "joint_noncat_accuracy": 0.17743428571428574,
    "requested_slots_f1": 0.9153571428571429,
    "requested_slots_precision": 0.9065476190476189,
    "requested_slots_recall": 0.9392857142857143
  },
  "Media_2": {
    "active_intent_accuracy": 0.9238095238095239,
    "average_cat_accuracy": 0.0,
    "average_goal_accuracy": 0.7001855670103093,
    "average_noncat_accuracy": 0.8280383734249714,
    "joint_cat_accuracy": 0.473015873015873,
    "joint_goal_accuracy": 0.20106285714285715,
    "joint_noncat_accuracy": 0.2040055746031746,
    "requested_slots_f1": 0.9195767195767195,
    "requested_slots_precision": 0.9444444444444444,
    "requested_slots_recall": 0.9238095238095239
  },
  "Movies_2": {
    "active_intent_accuracy": 0.9488636363636364,
    "average_goal_accuracy": 0.7419283746556474,
    "average_noncat_accuracy": 0.7419283746556474,
    "joint_goal_accuracy": 0.3270708977272727,
    "joint_noncat_accuracy": 0.3270708977272727,
    "requested_slots_f1": 0.8740530303030302,
    "requested_slots_precision": 0.9176136363636364,
    "requested_slots_recall": 0.8778409090909091
  },
  "Music_1": {
    "active_intent_accuracy": 0.951417004048583,
    "average_cat_accuracy": 0.6699346405228758,
    "average_goal_accuracy": 0.7098736176935229,
    "average_noncat_accuracy": 0.7276470588235294,
    "joint_cat_accuracy": 0.728744939271255,
    "joint_goal_accuracy": 0.4749797570850202,
    "joint_noncat_accuracy": 0.6207287449392712,
    "requested_slots_f1": 0.9865047233468286,
    "requested_slots_precision": 1.0,
    "requested_slots_recall": 0.9838056680161943
  },
  "RentalCars_1": {
    "active_intent_accuracy": 1.0,
    "average_cat_accuracy": 0.9692307692307692,
    "average_goal_accuracy": 0.9324836601307189,
    "average_noncat_accuracy": 0.9246518640350876,
    "joint_cat_accuracy": 0.9451219512195121,
    "joint_goal_accuracy": 0.7003378048780488,
    "joint_noncat_accuracy": 0.7331234756097561,
    "requested_slots_f1": 0.9908536585365854,
    "requested_slots_precision": 0.9969512195121951,
    "requested_slots_recall": 0.9939024390243902
  },
  "Restaurants_2": {
    "active_intent_accuracy": 0.6874003189792663,
    "average_cat_accuracy": 0.37675070028011204,
    "average_goal_accuracy": 0.7210825151366389,
    "average_noncat_accuracy": 0.7831822107081176,
    "joint_cat_accuracy": 0.6124401913875598,
    "joint_goal_accuracy": 0.2699783094098884,
    "joint_noncat_accuracy": 0.3165660318979266,
    "requested_slots_f1": 0.8830940988835726,
    "requested_slots_precision": 0.9456406166932484,
    "requested_slots_recall": 0.8835725677830941
  },
  "RideSharing_1": {
    "active_intent_accuracy": 0.9961089494163424,
    "average_cat_accuracy": 0.9956521739130435,
    "average_goal_accuracy": 0.9657212885154062,
    "average_noncat_accuracy": 0.9116587677725119,