{
  "#ALL_SERVICES": {
    "active_intent_accuracy": 0.9330985915492958,
    "average_cat_accuracy": 0.7097239390193655,
    "average_goal_accuracy": 0.8374426857283147,
    "average_noncat_accuracy": 0.8888921969254718,
    "joint_cat_accuracy": 0.707078174089817,
    "joint_goal_accuracy": 0.5312286659959758,
    "joint_noncat_accuracy": 0.6766068014755198,
    "requested_slots_f1": 0.9350092619207306,
    "requested_slots_precision": 0.9659344958640734,
    "requested_slots_recall": 0.9438296445338699
  },
  "#SEEN_SERVICES": {
    "active_intent_accuracy": 0.9720161834120027,
    "average_cat_accuracy": 0.8932741709481551,
    "average_goal_accuracy": 0.9003551194836908,
    "average_noncat_accuracy": 0.9276673032849504,
    "joint_cat_accuracy": 0.8949609652235628,
    "joint_goal_accuracy": 0.7496578219824679,
    "joint_noncat_accuracy": 0.8344973364801078,
    "requested_slots_f1": 0.9632501685772084,
    "requested_slots_precision": 0.976062036412677,
    "requested_slots_recall": 0.9765677680377612
  },
  "#UNSEEN_SERVICES": {
    "active_intent_accuracy": 0.8945963975983989,
    "average_cat_accuracy": 0.5033263305322129,
    "average_goal_accuracy": 0.7738547760088856,
    "average_noncat_accuracy": 0.8486251487504959,
    "joint_cat_accuracy": 0.5028924026224451,
    "joint_goal_accuracy": 0.3151309753168779,
    "joint_noncat_accuracy": 0.5204015557038025,
    "requested_slots_f1": 0.9070697925601193,
    "requested_slots_precision": 0.955915054480765,
    "requested_slots_recall": 0.9114409606404269
  },
  "Alarm_1": {
    "active_intent_accuracy": 0.74235807860262,
    "average_goal_accuracy": 0.7724025974025974,
    "average_noncat_accuracy": 0.7724025974025974,
    "joint_goal_accuracy": 0.6093013100436682,
    "joint_noncat_accuracy": 0.6093013100436682,
    "requested_slots_f1": 1.0,
    "requested_slots_precision": 1.0,
    "requested_slots_recall": 1.0
  },
  "Banks_2": {
    "active_intent_accuracy": 0.9814241486068112,
    "average_cat_accuracy": 0.9584717607973422,
    "average_goal_accuracy": 0.8900664451827242,
    "average_noncat_accuracy": 0.716043956043956,
    "joint_cat_accuracy": 0.8854489164086687,
    "joint_goal_accuracy": 0.6335603715170278,
    "joint_noncat_accuracy": 0.6923839009287927,
    "requested_slots_f1": 0.9009287925696594,
    "requested_slots_precision": 1.0,
    "requested_slots_recall": 0.9009287925696594
  },
  "Buses_1": {
    "active_intent_accuracy": 0.9602122015915119,
    "average_cat_accuracy": 1.0,
    "average_goal_accuracy": 0.945198300283286,
    "average_noncat_accuracy": 0.9332738095238097,
    "joint_cat_accuracy": 0.9973474801061007,
    "joint_goal_accuracy": 0.7959164456233423,
    "joint_noncat_accuracy": 0.7985689655172415,
    "requested_slots_f1": 0.980548187444739,
    "requested_slots_precision": 0.9708222811671088,
    "requested_slots_recall": 1.0
  },
  "Events_1": {
    "active_intent_accuracy": 0.9750479846449136,
    "average_cat_accuracy": 0.9831081081081081,
    "average_goal_accuracy": 0.9144575504523312,
    "average_noncat_accuracy": 0.8793061516452074,
    "joint_cat_accuracy": 0.980806142034549,
    "joint_goal_accuracy": 0.6899808061420346,
    "joint_noncat_accuracy": 0.6995777351247601,
    "requested_slots_f1": 0.9571337172104926,
    "requested_slots_precision": 0.9644913627639156,
    "requested_slots_recall": 0.991362763915547
  },
  "Flights_3": {
    "active_intent_accuracy": 0.967266775777414,
    "average_cat_accuracy": 0.6731601731601732,
    "average_goal_accuracy": 0.8266520114218527,
    "average_noncat_accuracy": 0.903166354556804,
    "joint_cat_accuracy": 0.41243862520458263,
    "joint_goal_accuracy": 0.2751554828150573,
    "joint_noncat_accuracy": 0.6594585924713584,
    "requested_slots_f1": 0.8805237315875614,
    "requested_slots_precision": 1.0,
    "requested_slots_recall": 0.8805237315875614
  },
  "Homes_1": {
    "active_intent_accuracy": 0.9863713798977853,
    "average_cat_accuracy": 0.9826923076923076,
    "average_goal_accuracy": 0.9636635127931771,
    "average_noncat_accuracy": 0.956284860557769,
    "joint_cat_accuracy": 0.948892674616695,
    "joint_goal_accuracy": 0.8741396933560475,
    "joint_noncat_accuracy": 0.9090630323679726,
    "requested_slots_f1": 0.9938671209540033,
    "requested_slots_precision": 0.9931856899488927,
    "requested_slots_recall": 1.0
  },
  "Hotels_1": {
    "active_intent_accuracy": 0.9283154121863799,
    "average_cat_accuracy": 0.9389671361502347,
    "average_goal_accuracy": 0.9709987373737373,
    "average_noncat_accuracy": 0.9828300653594771,
    "joint_cat_accuracy": 0.9175627240143369,
    "joint_goal_accuracy": 0.8554767025089606,
    "joint_noncat_accuracy": 0.9243440860215053,
    "requested_slots_f1": 0.906332138590203,
    "requested_slots_precision": 0.9283154121863799,
    "requested_slots_recall": 0.910394265232975
  },
  "Hotels_4": {
    "active_intent_accuracy": 0.9821428571428571,
    "average_cat_accuracy": 0.8464506172839507,
    "average_goal_accuracy": 0.8475814160870342,
    "average_noncat_accuracy": 0.8451535947712419,
    "joint_cat_accuracy": 0.5857142857142857,
    "joint_goal_accuracy": 0.12108928571428572,
    "joint_noncat_accuracy": 0.19267071428571428,
    "requested_slots_f1": 0.9024489795918367,
    "requested_slots_precision": 0.8950595238095238,
    "requested_slots_recall": 0.9392857142857143
  },
  "Media_2": {
    "active_intent_accuracy": 0.9396825396825397,
    "average_cat_accuracy": 0.1696969696969697,
    "average_goal_accuracy": 0.7256603665521192,
    "average_noncat_accuracy": 0.8338230240549829,
    "joint_cat_accuracy": 0.5650793650793651,
    "joint_goal_accuracy": 0.22653988571428568,
    "joint_noncat_accuracy": 0.3135976634920635,
    "requested_slots_f1": 0.9301587301587302,
    "requested_slots_precision": 0.9317460317460318,
    "requested_slots_recall": 0.9396825396825397
  },
  "Movies_2": {
    "active_intent_accuracy": 0.9886363636363636,
    "average_goal_accuracy": 0.6271074380165289,
    "average_noncat_accuracy": 0.6271074380165289,
    "joint_goal_accuracy": 0.311975,
    "joint_noncat_accuracy": 0.311975,
    "requested_slots_f1": 0.8782196969696969,
    "requested_slots_precision": 0.9223484848484848,
    "requested_slots_recall": 0.8806818181818182
  },
  "Music_1": {
    "active_intent_accuracy": 0.97165991902834,
    "average_cat_accuracy": 0.7026143790849673,
    "average_goal_accuracy": 0.8116248025276461,
    "average_noncat_accuracy": 0.900686274509804,
    "joint_cat_accuracy": 0.7408906882591093,
    "joint_goal_accuracy": 0.5446153846153845,
    "joint_noncat_accuracy": 0.7637246963562753,
    "requested_slots_f1": 0.979757085020243,
    "requested_slots_precision": 0.9898785425101214,
    "requested_slots_recall": 0.9838056680161943
  },
  "RentalCars_1": {
    "active_intent_accuracy": 0.9847560975609756,
    "average_cat_accuracy": 0.9333333333333333,
    "average_goal_accuracy": 0.9463480392156862,
    "average_noncat_accuracy": 0.9459665570175438,
    "joint_cat_accuracy": 0.9329268292682927,
    "joint_goal_accuracy": 0.7826051829268292,
    "joint_noncat_accuracy": 0.8191905487804878,
    "requested_slots_f1": 0.9939024390243902,
    "requested_slots_precision": 0.9969512195121951,
    "requested_slots_recall": 0.9969512195121951
  },
  "Restaurants_2": {
    "active_intent_accuracy": 0.8692185007974481,
    "average_cat_accuracy": 0.41456582633053224,
    "average_goal_accuracy": 0.7759819383079692,
    "average_noncat_accuracy": 0.8429372481289579,
    "joint_cat_accuracy": 0.6236044657097288,
    "joint_goal_accuracy": 0.38803827751196174,
    "joint_noncat_accuracy": 0.5120733652312599,
    "requested_slots_f1": 0.8816738816738817,
    "requested_slots_precision": 0.9272461456671983,
    "requested_slots_recall": 0.8859649122807017
  },
  "RideSharing_1": {
    "active_intent_accuracy": 0.9961089494163424,
    "average_cat_accuracy": 0.9804347826086957,
    "average_goal_accuracy": 0.9699579831932773,