{
  "#ALL_SERVICES": {
    "active_intent_accuracy": 0.9470154258886653,
    "average_cat_accuracy": 0.6926452410383189,
    "average_goal_accuracy": 0.8044316446151282,
    "average_noncat_accuracy": 0.84454868002854,
    "joint_cat_accuracy": 0.7000554426168916,
    "joint_goal_accuracy": 0.4872718477531857,
    "joint_noncat_accuracy": 0.619506338028169,
    "requested_slots_f1": 0.9433825173261793,
    "requested_slots_precision": 0.9823524480214622,
    "requested_slots_recall": 0.948608316566063
  },
  "#SEEN_SERVICES": {
    "active_intent_accuracy": 0.9770734996628456,
    "average_cat_accuracy": 0.8527167990035809,
    "average_goal_accuracy": 0.8477444182801324,
    "average_noncat_accuracy": 0.8624575375604786,
    "joint_cat_accuracy": 0.8555713271823988,
    "joint_goal_accuracy": 0.6277652056641942,
    "joint_noncat_accuracy": 0.7251522589345921,
    "requested_slots_f1": 0.9783322094852777,
    "requested_slots_precision": 0.9919082939986514,
    "requested_slots_recall": 0.9828051247471342
  },
  "#UNSEEN_SERVICES": {
    "active_intent_accuracy": 0.9172781854569713,
    "average_cat_accuracy": 0.5126488095238095,
    "average_goal_accuracy": 0.7606538319141058,
    "average_noncat_accuracy": 0.8259507470580458,
    "joint_cat_accuracy": 0.5310451214809101,
    "joint_goal_accuracy": 0.3482780853902602,
    "joint_noncat_accuracy": 0.5149880587058039,
    "requested_slots_f1": 0.9088058705803871,
    "requested_slots_precision": 0.972898599066044,
    "requested_slots_recall": 0.9147765176784523
  },
  "Alarm_1": {
    "active_intent_accuracy": 0.777292576419214,
    "average_goal_accuracy": 0.6886038961038962,
    "average_noncat_accuracy": 0.6886038961038962,
    "joint_goal_accuracy": 0.4780349344978166,
    "joint_noncat_accuracy": 0.4780349344978166,
    "requested_slots_f1": 1.0,
    "requested_slots_precision": 1.0,
    "requested_slots_recall": 1.0
  },
  "Banks_2": {
    "active_intent_accuracy": 0.978328173374613,
    "average_cat_accuracy": 0.9119601328903655,
    "average_goal_accuracy": 0.8410852713178294,
    "average_noncat_accuracy": 0.6346153846153846,
    "joint_cat_accuracy": 0.8297213622291022,
    "joint_goal_accuracy": 0.5727554179566563,
    "joint_noncat_accuracy": 0.6160990712074303,
    "requested_slots_f1": 0.9009287925696594,
    "requested_slots_precision": 1.0,
    "requested_slots_recall": 0.9009287925696594
  },
  "Buses_1": {
    "active_intent_accuracy": 0.9946949602122016,
    "average_cat_accuracy": 0.972,
    "average_goal_accuracy": 0.930411237016053,
    "average_noncat_accuracy": 0.9214595238095238,
    "joint_cat_accuracy": 0.9814323607427056,
    "joint_goal_accuracy": 0.7355039787798409,
    "joint_noncat_accuracy": 0.7434615384615385,
    "requested_slots_f1": 0.980548187444739,
    "requested_slots_precision": 0.9708222811671088,
    "requested_slots_recall": 1.0
  },
  "Events_1": {
    "active_intent_accuracy": 0.9289827255278311,
    "average_cat_accuracy": 1.0,
    "average_goal_accuracy": 0.8958945720250522,
    "average_noncat_accuracy": 0.8440414878397711,
    "joint_cat_accuracy": 1.0,
    "joint_goal_accuracy": 0.6602687140115163,
    "joint_noncat_accuracy": 0.6602687140115163,
    "requested_slots_f1": 0.9944977607165707,
    "requested_slots_precision": 0.9984005118362124,
    "requested_slots_recall": 0.9952015355086372
  },
  "Flights_3": {
    "active_intent_accuracy": 0.9181669394435352,
    "average_cat_accuracy": 0.6563852813852814,
    "average_goal_accuracy": 0.8534965566473504,
    "average_noncat_accuracy": 0.9478854556803994,
    "joint_cat_accuracy": 0.5008183306055647,
    "joint_goal_accuracy": 0.43119541734860883,
    "joint_noncat_accuracy": 0.8584831423895253,
    "requested_slots_f1": 0.8805237315875614,
    "requested_slots_precision": 1.0,
    "requested_slots_recall": 0.8805237315875614
  },
  "Homes_1": {
    "active_intent_accuracy": 0.9880749574105622,
    "average_cat_accuracy": 0.9721153846153846,
    "average_goal_accuracy": 0.9234088486140724,
    "average_noncat_accuracy": 0.8927324037184594,
    "joint_cat_accuracy": 0.9557069846678024,
    "joint_goal_accuracy": 0.7638330494037479,
    "joint_noncat_accuracy": 0.782572402044293,
    "requested_slots_f1": 0.9982964224872232,
    "requested_slots_precision": 0.9982964224872232,
    "requested_slots_recall": 1.0
  },
  "Hotels_1": {
    "active_intent_accuracy": 0.967741935483871,
    "average_cat_accuracy": 0.7073552425665103,
    "average_goal_accuracy": 0.8095616883116883,
    "average_noncat_accuracy": 0.8747058823529412,
    "joint_cat_accuracy": 0.6093189964157706,
    "joint_goal_accuracy": 0.4014336917562724,
    "joint_noncat_accuracy": 0.6344086021505376,
    "requested_slots_f1": 0.9937873357228195,
    "requested_slots_precision": 0.9940262843488651,
    "requested_slots_recall": 0.9946236559139785
  },
  "Hotels_4": {
    "active_intent_accuracy": 0.9785714285714285,
    "average_cat_accuracy": 0.7584876543209877,
    "average_goal_accuracy": 0.7278460852505797,
    "average_noncat_accuracy": 0.719624183006536,
    "joint_cat_accuracy": 0.5035714285714286,
    "joint_goal_accuracy": 0.22571428571428573,
    "joint_noncat_accuracy": 0.3624228571428571,
    "requested_slots_f1": 0.9170238095238095,
    "requested_slots_precision": 0.9363095238095239,
    "requested_slots_recall": 0.9410714285714286
  },
  "Media_2": {
    "active_intent_accuracy": 0.9365079365079365,
    "average_cat_accuracy": 0.10909090909090909,
    "average_goal_accuracy": 0.7413184421534937,
    "average_noncat_accuracy": 0.8581901489117985,
    "joint_cat_accuracy": 0.5206349206349207,
    "joint_goal_accuracy": 0.20555079365079368,
    "joint_noncat_accuracy": 0.2407606349206349,
    "requested_slots_f1": 0.9238095238095239,
    "requested_slots_precision": 0.9349206349206349,
    "requested_slots_recall": 0.9333333333333333
  },
  "Movies_2": {
    "active_intent_accuracy": 0.9715909090909091,
    "average_goal_accuracy": 0.7219834710743802,
    "average_noncat_accuracy": 0.7219834710743802,
    "joint_goal_accuracy": 0.3674136363636364,
    "joint_noncat_accuracy": 0.3674136363636364,
    "requested_slots_f1": 0.9070075757575757,
    "requested_slots_precision": 0.9450757575757575,
    "requested_slots_recall": 0.9204545454545454
  },
  "Music_1": {
    "active_intent_accuracy": 0.9838056680161943,
    "average_cat_accuracy": 0.6633986928104575,
    "average_goal_accuracy": 0.7126382306477094,
    "average_noncat_accuracy": 0.7352941176470589,
    "joint_cat_accuracy": 0.7246963562753036,
    "joint_goal_accuracy": 0.4534412955465587,
    "joint_noncat_accuracy": 0.6639676113360324,
    "requested_slots_f1": 0.9905533063427799,
    "requested_slots_precision": 0.9898785425101214,
    "requested_slots_recall": 1.0
  },
  "RentalCars_1": {
    "active_intent_accuracy": 0.9878048780487805,
    "average_cat_accuracy": 0.8051282051282052,
    "average_goal_accuracy": 0.8899253812636165,
    "average_noncat_accuracy": 0.8955361842105263,
    "joint_cat_accuracy": 0.850609756097561,
    "joint_goal_accuracy": 0.5525884146341463,
    "joint_noncat_accuracy": 0.6227103658536586,
    "requested_slots_f1": 0.9969512195121951,
    "requested_slots_precision": 1.0,
    "requested_slots_recall": 0.9969512195121951
  },
  "Restaurants_2": {
    "active_intent_accuracy": 0.8803827751196173,
    "average_cat_accuracy": 0.35714285714285715,
    "average_goal_accuracy": 0.7390427507772868,
    "average_noncat_accuracy": 0.8051283822682787,
    "joint_cat_accuracy": 0.5980861244019139,
    "joint_goal_accuracy": 0.3082200956937799,
    "joint_noncat_accuracy": 0.3627881977671451,
    "requested_slots_f1": 0.9115364167995746,
    "requested_slots_precision": 0.946969696969697,
    "requested_slots_recall": 0.9258373205741627
  },
  "RideSharing_1": {
    "active_intent_accuracy": 1.0,
    "average_cat_accuracy": 0.9739130434782609,
    "average_goal_accuracy": 0.9410084033613445,
    "average_noncat_accuracy": 0.8732701421800947,