{
  "#ALL_SERVICES": {
    "active_intent_accuracy": 0.9559020791415158,
    "average_cat_accuracy": 0.696456530696333,
    "average_goal_accuracy": 0.8131393806279646,
    "average_noncat_accuracy": 0.8544126937795942,
    "joint_cat_accuracy": 0.7107743485492515,
    "joint_goal_accuracy": 0.49994342723004687,
    "joint_noncat_accuracy": 0.6327187122736417,
    "requested_slots_f1": 0.9477364185110664,
    "requested_slots_precision": 0.983148893360161,
    "requested_slots_recall": 0.9502012072434608
  },
  "#SEEN_SERVICES": {
    "active_intent_accuracy": 0.9908968307484828,
    "average_cat_accuracy": 0.8783278841662775,
    "average_goal_accuracy": 0.8603186028257456,
    "average_noncat_accuracy": 0.8672229437229436,
    "joint_cat_accuracy": 0.8885734563520227,
    "joint_goal_accuracy": 0.6650965273095077,
    "joint_noncat_accuracy": 0.738744538098449,
    "requested_slots_f1": 0.9834569566194651,
    "requested_slots_precision": 0.9955608001798156,
    "requested_slots_recall": 0.9844908968307485
  },
  "#UNSEEN_SERVICES": {
    "active_intent_accuracy": 0.9212808539026017,
    "average_cat_accuracy": 0.4919467787114846,
    "average_goal_accuracy": 0.7654536062481267,
    "average_noncat_accuracy": 0.841109546476266,
    "joint_cat_accuracy": 0.5175472425761666,
    "joint_goal_accuracy": 0.33655313542361576,
    "joint_noncat_accuracy": 0.5278245830553703,
    "requested_slots_f1": 0.9123971536579942,
    "requested_slots_precision": 0.9708694685345787,
    "requested_slots_recall": 0.9162775183455637
  },
  "Alarm_1": {
    "active_intent_accuracy": 0.7991266375545851,
    "average_goal_accuracy": 0.7242857142857142,
    "average_noncat_accuracy": 0.7242857142857142,
    "joint_goal_accuracy": 0.501324017467249,
    "joint_noncat_accuracy": 0.501324017467249,
    "requested_slots_f1": 1.0,
    "requested_slots_precision": 1.0,
    "requested_slots_recall": 1.0
  },
  "Banks_2": {
    "active_intent_accuracy": 0.978328173374613,
    "average_cat_accuracy": 0.9352159468438538,
    "average_goal_accuracy": 0.8857696566998893,
    "average_noncat_accuracy": 0.7494505494505495,
    "joint_cat_accuracy": 0.8885448916408669,
    "joint_goal_accuracy": 0.6712074303405573,
    "joint_noncat_accuracy": 0.7362229102167183,
    "requested_slots_f1": 0.9009287925696594,
    "requested_slots_precision": 1.0,
    "requested_slots_recall": 0.9009287925696594
  },
  "Buses_1": {
    "active_intent_accuracy": 0.9946949602122016,
    "average_cat_accuracy": 1.0,
    "average_goal_accuracy": 0.9260472143531634,
    "average_noncat_accuracy": 0.9104452380952381,
    "joint_cat_accuracy": 1.0,
    "joint_goal_accuracy": 0.7273620689655172,
    "joint_noncat_accuracy": 0.7273620689655172,
    "requested_slots_f1": 0.9929266136162688,
    "requested_slots_precision": 0.993368700265252,
    "requested_slots_recall": 0.993368700265252
  },
  "Events_1": {
    "active_intent_accuracy": 0.9923224568138196,
    "average_cat_accuracy": 1.0,
    "average_goal_accuracy": 0.913420320111343,
    "average_noncat_accuracy": 0.8704899856938483,
    "joint_cat_accuracy": 1.0,
    "joint_goal_accuracy": 0.7276007677543186,
    "joint_noncat_accuracy": 0.7276007677543186,
    "requested_slots_f1": 0.9923224568138196,
    "requested_slots_precision": 0.9961612284069098,
    "requested_slots_recall": 0.9932821497120922
  },
  "Flights_3": {
    "active_intent_accuracy": 0.8870703764320785,
    "average_cat_accuracy": 0.676046176046176,
    "average_goal_accuracy": 0.8621879566641472,
    "average_noncat_accuracy": 0.9470068664169788,
    "joint_cat_accuracy": 0.49263502454991814,
    "joint_goal_accuracy": 0.4051718494271686,
    "joint_noncat_accuracy": 0.8221492635024551,
    "requested_slots_f1": 0.8843426077468631,
    "requested_slots_precision": 1.0,
    "requested_slots_recall": 0.88379705400982
  },
  "Homes_1": {
    "active_intent_accuracy": 0.9931856899488927,
    "average_cat_accuracy": 0.9942307692307693,
    "average_goal_accuracy": 0.9352849147121535,
    "average_noncat_accuracy": 0.8944787516600265,
    "joint_cat_accuracy": 0.9863713798977853,
    "joint_goal_accuracy": 0.7741226575809199,
    "joint_noncat_accuracy": 0.7809369676320272,
    "requested_slots_f1": 0.9965928449744463,
    "requested_slots_precision": 0.9965928449744463,
    "requested_slots_recall": 1.0
  },
  "Hotels_1": {
    "active_intent_accuracy": 0.982078853046595,
    "average_cat_accuracy": 0.9014084507042254,
    "average_goal_accuracy": 0.8892180735930736,
    "average_noncat_accuracy": 0.8726960784313725,
    "joint_cat_accuracy": 0.8673835125448028,
    "joint_goal_accuracy": 0.5668458781362007,
    "joint_noncat_accuracy": 0.6241935483870968,
    "requested_slots_f1": 0.9946236559139785,
    "requested_slots_precision": 0.9946236559139785,
    "requested_slots_recall": 0.9946236559139785
  },
  "Hotels_4": {
    "active_intent_accuracy": 0.9821428571428571,
    "average_cat_accuracy": 0.8279320987654322,
    "average_goal_accuracy": 0.8146252006420547,
    "average_noncat_accuracy": 0.8178202614379084,
    "joint_cat_accuracy": 0.5892857142857143,
    "joint_goal_accuracy": 0.14368571428571428,
    "joint_noncat_accuracy": 0.24898285714285717,
    "requested_slots_f1": 0.9267857142857143,
    "requested_slots_precision": 0.9470238095238094,
    "requested_slots_recall": 0.9392857142857143
  },
  "Media_2": {
    "active_intent_accuracy": 0.9523809523809523,
    "average_cat_accuracy": 0.12727272727272726,
    "average_goal_accuracy": 0.721930126002291,
    "average_noncat_accuracy": 0.8330555555555557,
    "joint_cat_accuracy": 0.5428571428571428,
    "joint_goal_accuracy": 0.20875904761904762,
    "joint_noncat_accuracy": 0.21879333333333337,
    "requested_slots_f1": 0.9336507936507937,
    "requested_slots_precision": 0.9470899470899472,
    "requested_slots_recall": 0.9444444444444444
  },
  "Movies_2": {
    "active_intent_accuracy": 0.9715909090909091,
    "average_goal_accuracy": 0.6957300275482095,
    "average_noncat_accuracy": 0.6957300275482095,
    "joint_goal_accuracy": 0.34185795454545453,
    "joint_noncat_accuracy": 0.34185795454545453,
    "requested_slots_f1": 0.9185606060606062,
    "requested_slots_precision": 0.9270833333333333,
    "requested_slots_recall": 0.9232954545454546
  },
  "Music_1": {
    "active_intent_accuracy": 0.979757085020243,
    "average_cat_accuracy": 0.7026143790849673,
    "average_goal_accuracy": 0.7121484992101105,
    "average_noncat_accuracy": 0.7102941176470589,
    "joint_cat_accuracy": 0.7530364372469636,
    "joint_goal_accuracy": 0.5112663967611336,
    "joint_noncat_accuracy": 0.6853554655870445,
    "requested_slots_f1": 0.9986504723346828,
    "requested_slots_precision": 1.0,
    "requested_slots_recall": 0.9979757085020243
  },
  "RentalCars_1": {
    "active_intent_accuracy": 0.9969512195121951,
    "average_cat_accuracy": 0.7692307692307693,
    "average_goal_accuracy": 0.894282679738562,
    "average_noncat_accuracy": 0.9043739035087719,
    "joint_cat_accuracy": 0.8384146341463414,
    "joint_goal_accuracy": 0.6153932926829268,
    "joint_noncat_accuracy": 0.6580762195121951,
    "requested_slots_f1": 1.0,
    "requested_slots_precision": 1.0,
    "requested_slots_recall": 1.0
  },
  "Restaurants_2": {
    "active_intent_accuracy": 0.886762360446571,
    "average_cat_accuracy": 0.37815126050420167,
    "average_goal_accuracy": 0.7324098347242678,
    "average_noncat_accuracy": 0.7931917098445597,
    "joint_cat_accuracy": 0.5996810207336523,
    "joint_goal_accuracy": 0.3599122807017544,
    "joint_noncat_accuracy": 0.441147687400319,
    "requested_slots_f1": 0.9097820308346625,
    "requested_slots_precision": 0.9314194577352473,
    "requested_slots_recall": 0.9218500797448166
  },
  "RideSharing_1": {
    "active_intent_accuracy": 0.9922178988326849,
    "average_cat_accuracy": 0.9565217391304348,
    "average_goal_accuracy": 0.9306442577030812,
    "average_noncat_accuracy": 0.8861611374407582,