{
  "#ALL_SERVICES": {
    "active_intent_accuracy": 0.9154929577464789,
    "average_cat_accuracy": 0.6746188710341986,
    "average_goal_accuracy": 0.7772593488877783,
    "average_noncat_accuracy": 0.8130107024712979,
    "joint_cat_accuracy": 0.6959896507115135,
    "joint_goal_accuracy": 0.43197162977867204,
    "joint_noncat_accuracy": 0.5500688304828973,
    "requested_slots_f1": 0.9338139950816008,
    "requested_slots_precision": 0.9769729488039348,
    "requested_slots_recall": 0.9390509725016767
  },
  "#SEEN_SERVICES": {
    "active_intent_accuracy": 0.9612272420768712,
    "average_cat_accuracy": 0.8639265140899891,
    "average_goal_accuracy": 0.8302805424733997,
    "average_noncat_accuracy": 0.8328568882098294,
    "joint_cat_accuracy": 0.8616039744499645,
    "joint_goal_accuracy": 0.571868105192178,
    "joint_noncat_accuracy": 0.6487527983816588,
    "requested_slots_f1": 0.9617442121825129,
    "requested_slots_precision": 0.9849966284558328,
    "requested_slots_recall": 0.9691503708698584
  },
  "#UNSEEN_SERVICES": {
    "active_intent_accuracy": 0.8702468312208139,
    "average_cat_accuracy": 0.46174719887955185,
    "average_goal_accuracy": 0.7236688792510709,
    "average_noncat_accuracy": 0.7924008991141082,
    "joint_cat_accuracy": 0.5160046278441959,
    "joint_goal_accuracy": 0.29356837891927956,
    "joint_noncat_accuracy": 0.4524381937958639,
    "requested_slots_f1": 0.9061818990438069,
    "requested_slots_precision": 0.9690349121636647,
    "requested_slots_recall": 0.9092728485657104
  },
  "Alarm_1": {
    "active_intent_accuracy": 0.759825327510917,
    "average_goal_accuracy": 0.6925,
    "average_noncat_accuracy": 0.6925,
    "joint_goal_accuracy": 0.5060262008733625,
    "joint_noncat_accuracy": 0.5060262008733625,
    "requested_slots_f1": 1.0,
    "requested_slots_precision": 1.0,
    "requested_slots_recall": 1.0
  },
  "Banks_2": {
    "active_intent_accuracy": 0.9690402476780186,
    "average_cat_accuracy": 0.840531561461794,
    "average_goal_accuracy": 0.7142857142857143,
    "average_noncat_accuracy": 0.4175824175824176,
    "joint_cat_accuracy": 0.7894736842105263,
    "joint_goal_accuracy": 0.4582043343653251,
    "joint_noncat_accuracy": 0.5263157894736842,
    "requested_slots_f1": 0.9009287925696594,
    "requested_slots_precision": 1.0,
    "requested_slots_recall": 0.9009287925696594
  },
  "Buses_1": {
    "active_intent_accuracy": 0.986737400530504,
    "average_cat_accuracy": 1.0,
    "average_goal_accuracy": 0.9098899905571296,
    "average_noncat_accuracy": 0.891202380952381,
    "joint_cat_accuracy": 1.0,
    "joint_goal_accuracy": 0.7024787798408488,
    "joint_noncat_accuracy": 0.7024787798408488,
    "requested_slots_f1": 0.9787798408488063,
    "requested_slots_precision": 0.9708222811671088,
    "requested_slots_recall": 0.9946949602122016
  },
  "Events_1": {
    "active_intent_accuracy": 0.8886756238003839,
    "average_cat_accuracy": 0.9673423423423423,
    "average_goal_accuracy": 0.8356092553931802,
    "average_noncat_accuracy": 0.7732814735336194,
    "joint_cat_accuracy": 0.9692898272552783,
    "joint_goal_accuracy": 0.479616122840691,
    "joint_noncat_accuracy": 0.4892130518234165,
    "requested_slots_f1": 0.979526551503519,
    "requested_slots_precision": 0.9932821497120922,
    "requested_slots_recall": 0.9856046065259118
  },
  "Flights_3": {
    "active_intent_accuracy": 0.9410801963993454,
    "average_cat_accuracy": 0.6717171717171718,
    "average_goal_accuracy": 0.8653063114134542,
    "average_noncat_accuracy": 0.9598860799001249,
    "joint_cat_accuracy": 0.5040916530278232,
    "joint_goal_accuracy": 0.400033387888707,
    "joint_noncat_accuracy": 0.7670055646481179,
    "requested_slots_f1": 0.8805237315875614,
    "requested_slots_precision": 1.0,
    "requested_slots_recall": 0.8805237315875614
  },
  "Homes_1": {
    "active_intent_accuracy": 0.9710391822827938,
    "average_cat_accuracy": 0.9743589743589743,
    "average_goal_accuracy": 0.9222508884150676,
    "average_noncat_accuracy": 0.8895351925630809,
    "joint_cat_accuracy": 0.938671209540034,
    "joint_goal_accuracy": 0.7345485519591142,
    "joint_noncat_accuracy": 0.7737308347529813,
    "requested_slots_f1": 0.989778534923339,
    "requested_slots_precision": 0.9940374787052811,
    "requested_slots_recall": 0.9940374787052811
  },
  "Hotels_1": {
    "active_intent_accuracy": 0.9283154121863799,
    "average_cat_accuracy": 0.8708920187793427,
    "average_goal_accuracy": 0.8656195887445887,
    "average_noncat_accuracy": 0.8694215686274509,
    "joint_cat_accuracy": 0.8136200716845878,
    "joint_goal_accuracy": 0.5268817204301075,
    "joint_noncat_accuracy": 0.6277060931899642,
    "requested_slots_f1": 0.9277180406212666,
    "requested_slots_precision": 0.9838709677419355,
    "requested_slots_recall": 0.921146953405018
  },
  "Hotels_4": {
    "active_intent_accuracy": 0.9285714285714286,
    "average_cat_accuracy": 0.7121913580246914,
    "average_goal_accuracy": 0.7435263064027109,
    "average_noncat_accuracy": 0.7598660130718954,
    "joint_cat_accuracy": 0.6392857142857142,
    "joint_goal_accuracy": 0.1290714285714286,
    "joint_noncat_accuracy": 0.16370928571428572,
    "requested_slots_f1": 0.9160714285714285,
    "requested_slots_precision": 0.9372023809523808,
    "requested_slots_recall": 0.9321428571428572
  },
  "Media_2": {
    "active_intent_accuracy": 0.946031746031746,
    "average_cat_accuracy": 0.10909090909090909,
    "average_goal_accuracy": 0.7149455899198167,
    "average_noncat_accuracy": 0.8321449026345934,
    "joint_cat_accuracy": 0.5333333333333333,
    "joint_goal_accuracy": 0.20701333333333333,
    "joint_noncat_accuracy": 0.2098168253968254,
    "requested_slots_f1": 0.9216931216931217,
    "requested_slots_precision": 0.9396825396825397,
    "requested_slots_recall": 0.9301587301587302
  },
  "Movies_2": {
    "active_intent_accuracy": 0.9886363636363636,
    "average_goal_accuracy": 0.730564738292011,
    "average_noncat_accuracy": 0.730564738292011,
    "joint_goal_accuracy": 0.31561875,
    "joint_noncat_accuracy": 0.31561875,
    "requested_slots_f1": 0.8901515151515151,
    "requested_slots_precision": 0.9157196969696969,
    "requested_slots_recall": 0.8948863636363636
  },
  "Music_1": {
    "active_intent_accuracy": 0.9757085020242915,
    "average_cat_accuracy": 0.696078431372549,
    "average_goal_accuracy": 0.7435466034755134,
    "average_noncat_accuracy": 0.7455637254901962,
    "joint_cat_accuracy": 0.6923076923076923,
    "joint_goal_accuracy": 0.41295546558704455,
    "joint_noncat_accuracy": 0.5310121457489878,
    "requested_slots_f1": 0.9878542510121457,
    "requested_slots_precision": 0.9959514170040485,
    "requested_slots_recall": 0.9878542510121457
  },
  "RentalCars_1": {
    "active_intent_accuracy": 0.9817073170731707,
    "average_cat_accuracy": 0.7794871794871795,
    "average_goal_accuracy": 0.8217358387799564,
    "average_noncat_accuracy": 0.8226979166666667,
    "joint_cat_accuracy": 0.8384146341463414,
    "joint_goal_accuracy": 0.47044603658536593,
    "joint_noncat_accuracy": 0.4948362804878049,
    "requested_slots_f1": 0.9878048780487805,
    "requested_slots_precision": 0.9878048780487805,
    "requested_slots_recall": 1.0
  },
  "Restaurants_2": {
    "active_intent_accuracy": 0.6889952153110048,
    "average_cat_accuracy": 0.36134453781512604,
    "average_goal_accuracy": 0.6846290500736376,
    "average_noncat_accuracy": 0.7427550374208405,
    "joint_cat_accuracy": 0.6044657097288676,
    "joint_goal_accuracy": 0.2725988835725678,
    "joint_noncat_accuracy": 0.32872232854864436,
    "requested_slots_f1": 0.8876661350345559,
    "requested_slots_precision": 0.935539606592238,
    "requested_slots_recall": 0.8939393939393939
  },
  "RideSharing_1": {
    "active_intent_accuracy": 1.0,
    "average_cat_accuracy": 0.9543478260869566,
    "average_goal_accuracy": 0.9181792717086835,