{
  "#ALL_SERVICES": {
    "active_intent_accuracy": 0.07863849765258216,
    "average_cat_accuracy": 0.05103007828594973,
    "average_goal_accuracy": 0.01603887734434595,
    "average_noncat_accuracy": 0.0,
    "joint_cat_accuracy": 0.018850489743115876,
    "joint_goal_accuracy": 0.022803487592219986,
    "joint_noncat_accuracy": 0.13832997987927564,
    "requested_slots_f1": 0.03607047170533351,
    "requested_slots_precision": 0.02154762530990487,
    "requested_slots_recall": 1.0
  },
  "#SEEN_SERVICES": {
    "active_intent_accuracy": 0.0815913688469319,
    "average_cat_accuracy": 0.01510197726918885,
    "average_goal_accuracy": 0.005264259549973835,
    "average_noncat_accuracy": 0.0,
    "joint_cat_accuracy": 0.00674237047551455,
    "joint_goal_accuracy": 0.0013486176668914363,
    "joint_noncat_accuracy": 0.11732973701955496,
    "requested_slots_f1": 0.03940848617180377,
    "requested_slots_precision": 0.02361392073125047,
    "requested_slots_recall": 1.0
  },
  "#UNSEEN_SERVICES": {
    "active_intent_accuracy": 0.07571714476317545,
    "average_cat_accuracy": 0.09143032212885153,
    "average_goal_accuracy": 0.0269291796689057,
    "average_noncat_accuracy": 0.0,
    "joint_cat_accuracy": 0.03200925568839182,
    "joint_goal_accuracy": 0.044029352901934625,
    "joint_noncat_accuracy": 0.1591060707138092,
    "requested_slots_f1": 0.032768086479332575,
    "requested_slots_precision": 0.01950338507651226,
    "requested_slots_recall": 1.0
  },
  "Alarm_1": {
    "active_intent_accuracy": 0.09170305676855896,
    "average_goal_accuracy": 0.0,
    "average_noncat_accuracy": 0.0,
    "joint_goal_accuracy": 0.32751091703056767,
    "joint_noncat_accuracy": 0.32751091703056767,
    "requested_slots_f1": 0.0,
    "requested_slots_precision": 0.0,
    "requested_slots_recall": 1.0
  },
  "Banks_2": {
    "active_intent_accuracy": 0.06501547987616099,
    "average_cat_accuracy": 0.18106312292358803,
    "average_goal_accuracy": 0.09385382059800663,
    "average_noncat_accuracy": 0.0,
    "joint_cat_accuracy": 0.015479876160990712,
    "joint_goal_accuracy": 0.0,
    "joint_noncat_accuracy": 0.43653250773993807,
    "requested_slots_f1": 0.028306059265811586,
    "requested_slots_precision": 0.016511867905056758,
    "requested_slots_recall": 1.0
  },
  "Buses_1": {
    "active_intent_accuracy": 0.07161803713527852,
    "average_cat_accuracy": 0.0,
    "average_goal_accuracy": 0.0,
    "average_noncat_accuracy": 0.0,
    "joint_cat_accuracy": 0.0,
    "joint_goal_accuracy": 0.0,
    "joint_noncat_accuracy": 0.07161803713527852,
    "requested_slots_f1": 0.04253677357125633,
    "requested_slots_precision": 0.025346301208370173,
    "requested_slots_recall": 1.0
  },
  "Events_1": {
    "active_intent_accuracy": 0.09788867562380038,
    "average_cat_accuracy": 0.0,
    "average_goal_accuracy": 0.0,
    "average_noncat_accuracy": 0.0,
    "joint_cat_accuracy": 0.0,
    "joint_goal_accuracy": 0.0,
    "joint_noncat_accuracy": 0.10556621880998081,
    "requested_slots_f1": 0.026871401151631478,
    "requested_slots_precision": 0.015355086372360844,
    "requested_slots_recall": 1.0
  },
  "Flights_3": {
    "active_intent_accuracy": 0.07692307692307693,
    "average_cat_accuracy": 0.041305916305916304,
    "average_goal_accuracy": 0.01603468547912992,
    "average_noncat_accuracy": 0.0,
    "joint_cat_accuracy": 0.0,
    "joint_goal_accuracy": 0.0,
    "joint_noncat_accuracy": 0.1260229132569558,
    "requested_slots_f1": 0.0202716283343383,
    "requested_slots_precision": 0.011167805911235196,
    "requested_slots_recall": 1.0
  },
  "Homes_1": {
    "active_intent_accuracy": 0.07155025553662692,
    "average_cat_accuracy": 0.009294871794871795,
    "average_goal_accuracy": 0.0056991826581378816,
    "average_noncat_accuracy": 0.0,
    "joint_cat_accuracy": 0.0,
    "joint_goal_accuracy": 0.0,
    "joint_noncat_accuracy": 0.14480408858603067,
    "requested_slots_f1": 0.039182282793867124,
    "requested_slots_precision": 0.022657580919931856,
    "requested_slots_recall": 1.0
  },
  "Hotels_1": {
    "active_intent_accuracy": 0.05734767025089606,
    "average_cat_accuracy": 0.0,
    "average_goal_accuracy": 0.0,
    "average_noncat_accuracy": 0.0,
    "joint_cat_accuracy": 0.0,
    "joint_goal_accuracy": 0.0,
    "joint_noncat_accuracy": 0.08602150537634409,
    "requested_slots_f1": 0.04898446833930705,
    "requested_slots_precision": 0.02867383512544803,
    "requested_slots_recall": 1.0
  },
  "Hotels_4": {
    "active_intent_accuracy": 0.05357142857142857,
    "average_cat_accuracy": 0.0,
    "average_goal_accuracy": 0.0,
    "average_noncat_accuracy": 0.0,
    "joint_cat_accuracy": 0.0,
    "joint_goal_accuracy": 0.0,
    "joint_noncat_accuracy": 0.08928571428571429,
    "requested_slots_f1": 0.045887445887445893,
    "requested_slots_precision": 0.026785714285714288,
    "requested_slots_recall": 1.0
  },
  "Media_2": {
    "active_intent_accuracy": 0.07301587301587302,
    "average_cat_accuracy": 0.0,
    "average_goal_accuracy": 0.0,
    "average_noncat_accuracy": 0.0,
    "joint_cat_accuracy": 0.0,
    "joint_goal_accuracy": 0.0,
    "joint_noncat_accuracy": 0.0761904761904762,
    "requested_slots_f1": 0.04625850340136054,
    "requested_slots_precision": 0.02962962962962963,
    "requested_slots_recall": 1.0
  },
  "Movies_2": {
    "active_intent_accuracy": 0.1590909090909091,
    "average_goal_accuracy": 0.0,
    "average_noncat_accuracy": 0.0,
    "joint_goal_accuracy": 0.3125,
    "joint_noncat_accuracy": 0.3125,
    "requested_slots_f1": 0.05762987012987013,
    "requested_slots_precision": 0.0375,
    "requested_slots_recall": 1.0
  },
  "Music_1": {
    "active_intent_accuracy": 0.06072874493927125,
    "average_cat_accuracy": 0.15359477124183007,
    "average_goal_accuracy": 0.045418641390205364,
    "average_noncat_accuracy": 0.0,
    "joint_cat_accuracy": 0.06882591093117409,
    "joint_goal_accuracy": 0.0,
    "joint_noncat_accuracy": 0.17408906882591094,
    "requested_slots_f1": 0.0465587044534413,
    "requested_slots_precision": 0.02834008097165992,
    "requested_slots_recall": 1.0
  },
  "RentalCars_1": {
    "active_intent_accuracy": 0.07926829268292683,
    "average_cat_accuracy": 0.010256410256410256,
    "average_goal_accuracy": 0.0013071895424836603,
    "average_noncat_accuracy": 0.0,
    "joint_cat_accuracy": 0.006097560975609756,
    "joint_goal_accuracy": 0.0,
    "joint_noncat_accuracy": 0.07317073170731707,
    "requested_slots_f1": 0.025745257452574527,
    "requested_slots_precision": 0.014481707317073171,
    "requested_slots_recall": 1.0
  },
  "Restaurants_2": {
    "active_intent_accuracy": 0.07496012759170653,
    "average_cat_accuracy": 0.0742296918767507,
    "average_goal_accuracy": 0.0159691539846179,
    "average_noncat_accuracy": 0.0,
    "joint_cat_accuracy": 0.0,
    "joint_goal_accuracy": 0.0,
    "joint_noncat_accuracy": 0.07655502392344497,
    "requested_slots_f1": 0.03151234730182099,
    "requested_slots_precision": 0.017809675704412546,
    "requested_slots_recall": 1.0
  },
  "RideSharing_1": {
    "active_intent_accuracy": 0.09727626459143969,
    "average_cat_accuracy": 0.008695652173913044,
    "average_goal_accuracy": 0.0056022408963585435,
    "average_noncat_accuracy": 0.0,
    "joint_cat_accuracy": 0.0,
    "joint_goal_accuracy": 0.0,
    "joint_noncat_accuracy": 0.17898832684824903,
    "requested_slots_f1": 0.050954233833611265,
    "requested_slots_precision": 0.03346303501945526,
    "requested_slots_recall": 1.0
  },
  "Services_4": {
    "active_intent_accuracy": 0.057208237986270026,
    "average_cat_accuracy": 0.18362282878411912,
    "average_goal_accuracy": 0.0624401913875598,
    "average_noncat_accuracy": 0.0,
    "joint_cat_accuracy": 0.17848970251716248,
    "joint_goal_accuracy": 0.004576659038901602,
    "joint_noncat_accuracy": 0.07322654462242563,
    "requested_slots_f1": 0.04436816679379608,
    "requested_slots_precision": 0.026806145799280808,