{
  "#ALL_SERVICES": {
    "active_intent_accuracy": 0.8656941649899397,
    "average_cat_accuracy": 0.6708487845076225,
    "average_goal_accuracy": 0.789991367896818,
    "average_noncat_accuracy": 0.8398594084452229,
    "joint_cat_accuracy": 0.6496026612456108,
    "joint_goal_accuracy": 0.44514072769953056,
    "joint_noncat_accuracy": 0.6178492287055668,
    "requested_slots_f1": 0.9405821170408696,
    "requested_slots_precision": 0.96230597872952,
    "requested_slots_recall": 0.9500335345405768
  },
  "#SEEN_SERVICES": {
    "active_intent_accuracy": 0.904248145650708,
    "average_cat_accuracy": 0.853106025221859,
    "average_goal_accuracy": 0.8555978981336124,
    "average_noncat_accuracy": 0.8841312070282658,
    "joint_cat_accuracy": 0.7824698367636622,
    "joint_goal_accuracy": 0.6033018206338503,
    "joint_noncat_accuracy": 0.7715523937963586,
    "requested_slots_f1": 0.9731641139260829,
    "requested_slots_precision": 0.9748482805124746,
    "requested_slots_recall": 0.9876938637896157
  },
  "#UNSEEN_SERVICES": {
    "active_intent_accuracy": 0.8275517011340894,
    "average_cat_accuracy": 0.4659051120448179,
    "average_goal_accuracy": 0.7236804358174221,
    "average_noncat_accuracy": 0.7938841729472432,
    "joint_cat_accuracy": 0.5052063247204011,
    "joint_goal_accuracy": 0.288667811874583,
    "joint_noncat_accuracy": 0.4657866577718479,
    "requested_slots_f1": 0.9083478933045311,
    "requested_slots_precision": 0.9498975507481179,
    "requested_slots_recall": 0.9127751834556371
  },
  "Alarm_1": {
    "active_intent_accuracy": 0.7729257641921398,
    "average_goal_accuracy": 0.5712662337662338,
    "average_noncat_accuracy": 0.5712662337662338,
    "joint_goal_accuracy": 0.4532960698689956,
    "joint_noncat_accuracy": 0.4532960698689956,
    "requested_slots_f1": 1.0,
    "requested_slots_precision": 1.0,
    "requested_slots_recall": 1.0
  },
  "Banks_2": {
    "active_intent_accuracy": 0.9752321981424149,
    "average_cat_accuracy": 0.9102990033222591,
    "average_goal_accuracy": 0.8085769656699889,
    "average_noncat_accuracy": 0.5476923076923077,
    "joint_cat_accuracy": 0.8452012383900929,
    "joint_goal_accuracy": 0.48851393188854486,
    "joint_noncat_accuracy": 0.5212383900928793,
    "requested_slots_f1": 0.9009287925696594,
    "requested_slots_precision": 1.0,
    "requested_slots_recall": 0.9009287925696594
  },
  "Buses_1": {
    "active_intent_accuracy": 0.9761273209549072,
    "average_cat_accuracy": 1.0,
    "average_goal_accuracy": 0.8732950897072709,
    "average_noncat_accuracy": 0.8472,
    "joint_cat_accuracy": 0.9840848806366048,
    "joint_goal_accuracy": 0.6057824933687003,
    "joint_noncat_accuracy": 0.6216976127320955,
    "requested_slots_f1": 0.967816091954023,
    "requested_slots_precision": 0.9496021220159151,
    "requested_slots_recall": 1.0
  },
  "Events_1": {
    "active_intent_accuracy": 0.9232245681381958,
    "average_cat_accuracy": 0.9346846846846847,
    "average_goal_accuracy": 0.9460048712595687,
    "average_noncat_accuracy": 0.9490343347639485,
    "joint_cat_accuracy": 0.9232245681381958,
    "joint_goal_accuracy": 0.8273704414587332,
    "joint_noncat_accuracy": 0.8783493282149712,
    "requested_slots_f1": 0.9714651311580295,
    "requested_slots_precision": 0.9654510556621881,
    "requested_slots_recall": 0.9923224568138196
  },
  "Flights_3": {
    "active_intent_accuracy": 0.911620294599018,
    "average_cat_accuracy": 0.7047258297258296,
    "average_goal_accuracy": 0.8708286722096246,
    "average_noncat_accuracy": 0.9537609238451934,
    "joint_cat_accuracy": 0.49918166939443537,
    "joint_goal_accuracy": 0.4346978723404256,
    "joint_noncat_accuracy": 0.8914127659574468,
    "requested_slots_f1": 0.8987270412802328,
    "requested_slots_precision": 0.9754111137089859,
    "requested_slots_recall": 0.8968903436988543
  },
  "Homes_1": {
    "active_intent_accuracy": 0.737649063032368,
    "average_cat_accuracy": 0.9471153846153846,
    "average_goal_accuracy": 0.9321178038379531,
    "average_noncat_accuracy": 0.9333897742363878,
    "joint_cat_accuracy": 0.6047700170357752,
    "joint_goal_accuracy": 0.5367802385008518,
    "joint_noncat_accuracy": 0.8556899488926746,
    "requested_slots_f1": 0.9922771152754115,
    "requested_slots_precision": 0.9886428165814877,
    "requested_slots_recall": 1.0
  },
  "Hotels_1": {
    "active_intent_accuracy": 0.7813620071684588,
    "average_cat_accuracy": 0.7723004694835681,
    "average_goal_accuracy": 0.8867712842712843,
    "average_noncat_accuracy": 0.9496993464052288,
    "joint_cat_accuracy": 0.6559139784946236,
    "joint_goal_accuracy": 0.5527956989247312,
    "joint_noncat_accuracy": 0.832831541218638,
    "requested_slots_f1": 0.9555726233145588,
    "requested_slots_precision": 0.9470728793309439,
    "requested_slots_recall": 0.9838709677419355
  },
  "Hotels_4": {
    "active_intent_accuracy": 0.8821428571428571,
    "average_cat_accuracy": 0.6913580246913581,
    "average_goal_accuracy": 0.7045759764579989,
    "average_noncat_accuracy": 0.7196339869281045,
    "joint_cat_accuracy": 0.5964285714285714,
    "joint_goal_accuracy": 0.24307142857142858,
    "joint_noncat_accuracy": 0.36110714285714285,
    "requested_slots_f1": 0.8898979591836734,
    "requested_slots_precision": 0.8856547619047619,
    "requested_slots_recall": 0.9410714285714286
  },
  "Media_2": {
    "active_intent_accuracy": 0.834920634920635,
    "average_cat_accuracy": 0.0,
    "average_goal_accuracy": 0.6882800687285222,
    "average_noncat_accuracy": 0.8165635738831615,
    "joint_cat_accuracy": 0.47619047619047616,
    "joint_goal_accuracy": 0.19989142857142858,
    "joint_noncat_accuracy": 0.2629015873015873,
    "requested_slots_f1": 0.9079365079365079,
    "requested_slots_precision": 0.9126984126984127,
    "requested_slots_recall": 0.9111111111111111
  },
  "Movies_2": {
    "active_intent_accuracy": 1.0,
    "average_goal_accuracy": 0.7076446280991735,
    "average_noncat_accuracy": 0.7076446280991735,
    "joint_goal_accuracy": 0.30568806818181815,
    "joint_noncat_accuracy": 0.30568806818181815,
    "requested_slots_f1": 0.9070075757575757,
    "requested_slots_precision": 0.9043560606060607,
    "requested_slots_recall": 0.9232954545454546
  },
  "Music_1": {
    "active_intent_accuracy": 0.979757085020243,
    "average_cat_accuracy": 0.7026143790849673,
    "average_goal_accuracy": 0.7989296998420221,
    "average_noncat_accuracy": 0.8852450980392157,
    "joint_cat_accuracy": 0.7408906882591093,
    "joint_goal_accuracy": 0.5930105263157894,
    "joint_noncat_accuracy": 0.7994882591093116,
    "requested_slots_f1": 0.9932523616734142,
    "requested_slots_precision": 0.9959514170040485,
    "requested_slots_recall": 0.9959514170040485
  },
  "RentalCars_1": {
    "active_intent_accuracy": 0.9725609756097561,
    "average_cat_accuracy": 0.8717948717948718,
    "average_goal_accuracy": 0.8568927015250544,
    "average_noncat_accuracy": 0.8525838815789475,
    "joint_cat_accuracy": 0.899390243902439,
    "joint_goal_accuracy": 0.5251524390243902,
    "joint_noncat_accuracy": 0.591009756097561,
    "requested_slots_f1": 0.9969512195121951,
    "requested_slots_precision": 0.9969512195121951,
    "requested_slots_recall": 1.0
  },
  "Restaurants_2": {
    "active_intent_accuracy": 0.7751196172248804,
    "average_cat_accuracy": 0.38702147525676933,
    "average_goal_accuracy": 0.6810401734576993,
    "average_noncat_accuracy": 0.7352452504317789,
    "joint_cat_accuracy": 0.6076555023923444,
    "joint_goal_accuracy": 0.1984114832535885,
    "joint_noncat_accuracy": 0.21960015948963318,
    "requested_slots_f1": 0.8787347155768207,
    "requested_slots_precision": 0.934875066454014,
    "requested_slots_recall": 0.8779904306220095
  },
  "RideSharing_1": {
    "active_intent_accuracy": 1.0,
    "average_cat_accuracy": 0.9869565217391304,
    "average_goal_accuracy": 0.9321638655462184,