{
  "#ALL_SERVICES": {
    "active_intent_accuracy": 0.8531187122736419,
    "average_cat_accuracy": 0.7000824062628759,
    "average_goal_accuracy": 0.7555614922271616,
    "average_noncat_accuracy": 0.7749865408315496,
    "joint_cat_accuracy": 0.6575494363333949,
    "joint_goal_accuracy": 0.3789718113682092,
    "joint_noncat_accuracy": 0.5136798031522468,
    "requested_slots_f1": 0.933004375459104,
    "requested_slots_precision": 0.9600799239883747,
    "requested_slots_recall": 0.9469315895372233
  },
  "#SEEN_SERVICES": {
    "active_intent_accuracy": 0.8833445718138908,
    "average_cat_accuracy": 0.8509263583995017,
    "average_goal_accuracy": 0.7927461625675911,
    "average_noncat_accuracy": 0.7808446651387827,
    "joint_cat_accuracy": 0.7920511000709723,
    "joint_goal_accuracy": 0.46397228590694534,
    "joint_noncat_accuracy": 0.5803526298044505,
    "requested_slots_f1": 0.9613621038435602,
    "requested_slots_precision": 0.965891211508204,
    "requested_slots_recall": 0.9829737019554956
  },
  "#UNSEEN_SERVICES": {
    "active_intent_accuracy": 0.8232154769846565,
    "average_cat_accuracy": 0.5304621848739496,
    "average_goal_accuracy": 0.7179775788508665,
    "average_noncat_accuracy": 0.7689030146767156,
    "joint_cat_accuracy": 0.5113767836482839,
    "joint_goal_accuracy": 0.29487861340893934,
    "joint_noncat_accuracy": 0.44771862775183463,
    "requested_slots_f1": 0.9049493313002319,
    "requested_slots_precision": 0.954330664887703,
    "requested_slots_recall": 0.9112741827885257
  },
  "Alarm_1": {
    "active_intent_accuracy": 0.7205240174672489,
    "average_goal_accuracy": 0.702987012987013,
    "average_noncat_accuracy": 0.702987012987013,
    "joint_goal_accuracy": 0.4839292576419214,
    "joint_noncat_accuracy": 0.4839292576419214,
    "requested_slots_f1": 1.0,
    "requested_slots_precision": 1.0,
    "requested_slots_recall": 1.0
  },
  "Banks_2": {
    "active_intent_accuracy": 0.9628482972136223,
    "average_cat_accuracy": 0.9485049833887044,
    "average_goal_accuracy": 0.8619158361018826,
    "average_noncat_accuracy": 0.6574175824175824,
    "joint_cat_accuracy": 0.9040247678018576,
    "joint_goal_accuracy": 0.5809597523219815,
    "joint_noncat_accuracy": 0.6139318885448917,
    "requested_slots_f1": 0.9009287925696594,
    "requested_slots_precision": 1.0,
    "requested_slots_recall": 0.9009287925696594
  },
  "Buses_1": {
    "active_intent_accuracy": 0.8992042440318302,
    "average_cat_accuracy": 0.984,
    "average_goal_accuracy": 0.7721406987724267,
    "average_noncat_accuracy": 0.7313714285714286,
    "joint_cat_accuracy": 0.9893899204244032,
    "joint_goal_accuracy": 0.31605994694960216,
    "joint_noncat_accuracy": 0.31605994694960216,
    "requested_slots_f1": 0.9789566755083998,
    "requested_slots_precision": 0.9681697612732095,
    "requested_slots_recall": 1.0
  },
  "Events_1": {
    "active_intent_accuracy": 0.654510556621881,
    "average_cat_accuracy": 0.9493243243243243,
    "average_goal_accuracy": 0.8207446068197634,
    "average_noncat_accuracy": 0.7581974248927039,
    "joint_cat_accuracy": 0.927063339731286,
    "joint_goal_accuracy": 0.468572744721689,
    "joint_noncat_accuracy": 0.49544414587332053,
    "requested_slots_f1": 0.9790786948176583,
    "requested_slots_precision": 0.9945617402431224,
    "requested_slots_recall": 0.9788867562380038
  },
  "Flights_3": {
    "active_intent_accuracy": 0.9312602291325696,
    "average_cat_accuracy": 0.6277056277056277,
    "average_goal_accuracy": 0.8232566557487193,
    "average_noncat_accuracy": 0.9194740948813983,
    "joint_cat_accuracy": 0.42225859247135844,
    "joint_goal_accuracy": 0.3076759410801964,
    "joint_noncat_accuracy": 0.7508955810147299,
    "requested_slots_f1": 0.8805237315875614,
    "requested_slots_precision": 1.0,
    "requested_slots_recall": 0.8805237315875614
  },
  "Homes_1": {
    "active_intent_accuracy": 0.879045996592845,
    "average_cat_accuracy": 0.9698717948717949,
    "average_goal_accuracy": 0.9140964818763326,
    "average_noncat_accuracy": 0.8803054448871181,
    "joint_cat_accuracy": 0.7955706984667802,
    "joint_goal_accuracy": 0.6235093696763203,
    "joint_noncat_accuracy": 0.7515502555366269,
    "requested_slots_f1": 0.9570130607609313,
    "requested_slots_precision": 0.9378194207836457,
    "requested_slots_recall": 1.0
  },
  "Hotels_1": {
    "active_intent_accuracy": 0.899641577060932,
    "average_cat_accuracy": 0.7887323943661971,
    "average_goal_accuracy": 0.852494227994228,
    "average_noncat_accuracy": 0.8884019607843138,
    "joint_cat_accuracy": 0.5448028673835126,
    "joint_goal_accuracy": 0.3574551971326165,
    "joint_noncat_accuracy": 0.6139297491039427,
    "requested_slots_f1": 0.9347670250896057,
    "requested_slots_precision": 0.9217443249701313,
    "requested_slots_recall": 0.974910394265233
  },
  "Hotels_4": {
    "active_intent_accuracy": 0.9321428571428572,
    "average_cat_accuracy": 0.7939814814814815,
    "average_goal_accuracy": 0.7186978776529339,
    "average_noncat_accuracy": 0.6817810457516339,
    "joint_cat_accuracy": 0.43214285714285716,
    "joint_goal_accuracy": 0.12028922499999999,
    "joint_noncat_accuracy": 0.2365326642857143,
    "requested_slots_f1": 0.8997789115646259,
    "requested_slots_precision": 0.8904166666666666,
    "requested_slots_recall": 0.9267857142857143
  },
  "Media_2": {
    "active_intent_accuracy": 0.8317460317460318,
    "average_cat_accuracy": 0.09090909090909091,
    "average_goal_accuracy": 0.6416282932416952,
    "average_noncat_accuracy": 0.7536655211912944,
    "joint_cat_accuracy": 0.5174603174603175,
    "joint_goal_accuracy": 0.21000000000000002,
    "joint_noncat_accuracy": 0.3378247619047619,
    "requested_slots_f1": 0.9370370370370371,
    "requested_slots_precision": 0.9396825396825397,
    "requested_slots_recall": 0.9396825396825397
  },
  "Movies_2": {
    "active_intent_accuracy": 0.9829545454545454,
    "average_goal_accuracy": 0.588030303030303,
    "average_noncat_accuracy": 0.588030303030303,
    "joint_goal_accuracy": 0.4071590909090909,
    "joint_noncat_accuracy": 0.4071590909090909,
    "requested_slots_f1": 0.9164772727272726,
    "requested_slots_precision": 0.9053030303030304,
    "requested_slots_recall": 0.9431818181818182
  },
  "Music_1": {
    "active_intent_accuracy": 0.9392712550607287,
    "average_cat_accuracy": 0.7581699346405228,
    "average_goal_accuracy": 0.6580568720379146,
    "average_noncat_accuracy": 0.6089950980392157,
    "joint_cat_accuracy": 0.6882591093117408,
    "joint_goal_accuracy": 0.41477732793522265,
    "joint_noncat_accuracy": 0.5524291497975709,
    "requested_slots_f1": 0.97165991902834,
    "requested_slots_precision": 0.9615384615384616,
    "requested_slots_recall": 0.9979757085020243
  },
  "RentalCars_1": {
    "active_intent_accuracy": 0.9786585365853658,
    "average_cat_accuracy": 0.7333333333333333,
    "average_goal_accuracy": 0.7784547930283224,
    "average_noncat_accuracy": 0.7742615131578947,
    "joint_cat_accuracy": 0.8048780487804879,
    "joint_goal_accuracy": 0.3171118902439024,
    "joint_noncat_accuracy": 0.37207439024390243,
    "requested_slots_f1": 0.9969512195121951,
    "requested_slots_precision": 1.0,
    "requested_slots_recall": 0.9969512195121951
  },
  "Restaurants_2": {
    "active_intent_accuracy": 0.6905901116427432,
    "average_cat_accuracy": 0.42296918767507,
    "average_goal_accuracy": 0.6533764318442153,
    "average_noncat_accuracy": 0.6924257340241796,
    "joint_cat_accuracy": 0.5757575757575758,
    "joint_goal_accuracy": 0.24992663476874005,
    "joint_noncat_accuracy": 0.2948778309409888,
    "requested_slots_f1": 0.8840510366826155,
    "requested_slots_precision": 0.9018075491759702,
    "requested_slots_recall": 0.8971291866028708
  },
  "RideSharing_1": {
    "active_intent_accuracy": 1.0,
    "average_cat_accuracy": 0.9565217391304348,
    "average_goal_accuracy": 0.8629621848739495,