{
  "#ALL_SERVICES": {
    "active_intent_accuracy": 0.8707243460764588,
    "average_cat_accuracy": 0.6619283065512979,
    "average_goal_accuracy": 0.7653043682212344,
    "average_noncat_accuracy": 0.8050618797431406,
    "joint_cat_accuracy": 0.5937904269081501,
    "joint_goal_accuracy": 0.38504466800804826,
    "joint_noncat_accuracy": 0.5648995975855131,
    "requested_slots_f1": 0.9148334451151352,
    "requested_slots_precision": 0.975212385423653,
    "requested_slots_recall": 0.9180080482897385
  },
  "#SEEN_SERVICES": {
    "active_intent_accuracy": 0.9241402562373567,
    "average_cat_accuracy": 0.8109917484041725,
    "average_goal_accuracy": 0.8265693005407292,
    "average_noncat_accuracy": 0.8494675324675325,
    "joint_cat_accuracy": 0.6873669268985095,
    "joint_goal_accuracy": 0.4847664868509778,
    "joint_noncat_accuracy": 0.6822378287255564,
    "requested_slots_f1": 0.9424027871431784,
    "requested_slots_precision": 0.9832546639694314,
    "requested_slots_recall": 0.948583951449764
  },
  "#UNSEEN_SERVICES": {
    "active_intent_accuracy": 0.8178785857238159,
    "average_cat_accuracy": 0.4943102240896358,
    "average_goal_accuracy": 0.7033816487720598,
    "average_noncat_accuracy": 0.758947639825466,
    "joint_cat_accuracy": 0.49209409949865024,
    "joint_goal_accuracy": 0.28638725817211474,
    "joint_noncat_accuracy": 0.4488138092061374,
    "requested_slots_f1": 0.8875583722481654,
    "requested_slots_precision": 0.9672559484100512,
    "requested_slots_recall": 0.887758505670447
  },
  "Alarm_1": {
    "active_intent_accuracy": 0.7205240174672489,
    "average_goal_accuracy": 0.5953571428571429,
    "average_noncat_accuracy": 0.5953571428571429,
    "joint_goal_accuracy": 0.4519650655021834,
    "joint_noncat_accuracy": 0.4519650655021834,
    "requested_slots_f1": 1.0,
    "requested_slots_precision": 1.0,
    "requested_slots_recall": 1.0
  },
  "Banks_2": {
    "active_intent_accuracy": 0.9535603715170279,
    "average_cat_accuracy": 0.8621262458471761,
    "average_goal_accuracy": 0.7834994462901439,
    "average_noncat_accuracy": 0.5302197802197802,
    "joint_cat_accuracy": 0.7275541795665634,
    "joint_goal_accuracy": 0.4891640866873065,
    "joint_noncat_accuracy": 0.5696594427244582,
    "requested_slots_f1": 0.9009287925696594,
    "requested_slots_precision": 1.0,
    "requested_slots_recall": 0.9009287925696594
  },
  "Buses_1": {
    "active_intent_accuracy": 0.9893899204244032,
    "average_cat_accuracy": 1.0,
    "average_goal_accuracy": 0.9231912181303117,
    "average_noncat_accuracy": 0.9053000000000001,
    "joint_cat_accuracy": 1.0,
    "joint_goal_accuracy": 0.7162732095490716,
    "joint_noncat_accuracy": 0.7162732095490716,
    "requested_slots_f1": 0.969053934571176,
    "requested_slots_precision": 0.9787798408488063,
    "requested_slots_recall": 0.9814323607427056
  },
  "Events_1": {
    "active_intent_accuracy": 0.6564299424184261,
    "average_cat_accuracy": 0.9279279279279279,
    "average_goal_accuracy": 0.8276767571329159,
    "average_noncat_accuracy": 0.7721423462088698,
    "joint_cat_accuracy": 0.927063339731286,
    "joint_goal_accuracy": 0.5042610364683302,
    "joint_noncat_accuracy": 0.5253742802303264,
    "requested_slots_f1": 0.9590531030070377,
    "requested_slots_precision": 0.9942418426103646,
    "requested_slots_recall": 0.9577735124760077
  },
  "Flights_3": {
    "active_intent_accuracy": 0.6252045826513911,
    "average_cat_accuracy": 0.5371572871572872,
    "average_goal_accuracy": 0.8186980347694633,
    "average_noncat_accuracy": 0.9477418851435705,
    "joint_cat_accuracy": 0.41407528641571195,
    "joint_goal_accuracy": 0.2718828150572831,
    "joint_noncat_accuracy": 0.6302180032733226,
    "requested_slots_f1": 0.8805237315875614,
    "requested_slots_precision": 1.0,
    "requested_slots_recall": 0.8805237315875614
  },
  "Homes_1": {
    "active_intent_accuracy": 0.9744463373083475,
    "average_cat_accuracy": 0.903525641025641,
    "average_goal_accuracy": 0.8814230188343993,
    "average_noncat_accuracy": 0.8858333333333334,
    "joint_cat_accuracy": 0.35093696763202725,
    "joint_goal_accuracy": 0.2818568994889267,
    "joint_noncat_accuracy": 0.7656388415672913,
    "requested_slots_f1": 0.9554230550823396,
    "requested_slots_precision": 0.9460533787620669,
    "requested_slots_recall": 0.9821124361158433
  },
  "Hotels_1": {
    "active_intent_accuracy": 0.982078853046595,
    "average_cat_accuracy": 0.755868544600939,
    "average_goal_accuracy": 0.814984668109668,
    "average_noncat_accuracy": 0.8426307189542483,
    "joint_cat_accuracy": 0.4982078853046595,
    "joint_goal_accuracy": 0.31899641577060933,
    "joint_noncat_accuracy": 0.5740143369175628,
    "requested_slots_f1": 0.8685782556750299,
    "requested_slots_precision": 0.982078853046595,
    "requested_slots_recall": 0.8637992831541219
  },
  "Hotels_4": {
    "active_intent_accuracy": 0.9892857142857143,
    "average_cat_accuracy": 0.8333333333333334,
    "average_goal_accuracy": 0.7483829142143749,
    "average_noncat_accuracy": 0.7097058823529413,
    "joint_cat_accuracy": 0.4142857142857143,
    "joint_goal_accuracy": 0.18210714285714286,
    "joint_noncat_accuracy": 0.38692857142857146,
    "requested_slots_f1": 0.8767857142857143,
    "requested_slots_precision": 0.8839285714285714,
    "requested_slots_recall": 0.8785714285714286
  },
  "Media_2": {
    "active_intent_accuracy": 0.9142857142857143,
    "average_cat_accuracy": 0.13333333333333333,
    "average_goal_accuracy": 0.711381443298969,
    "average_noncat_accuracy": 0.8218528064146622,
    "joint_cat_accuracy": 0.546031746031746,
    "joint_goal_accuracy": 0.20880507936507933,
    "joint_noncat_accuracy": 0.2233431746031746,
    "requested_slots_f1": 0.88994708994709,
    "requested_slots_precision": 0.9873015873015873,
    "requested_slots_recall": 0.8888888888888888
  },
  "Movies_2": {
    "active_intent_accuracy": 0.9545454545454546,
    "average_goal_accuracy": 0.6582093663911845,
    "average_noncat_accuracy": 0.6582093663911845,
    "joint_goal_accuracy": 0.45084090909090907,
    "joint_noncat_accuracy": 0.45084090909090907,
    "requested_slots_f1": 0.8636363636363636,
    "requested_slots_precision": 0.9659090909090909,
    "requested_slots_recall": 0.8636363636363636
  },
  "Music_1": {
    "active_intent_accuracy": 0.9635627530364372,
    "average_cat_accuracy": 0.6633986928104575,
    "average_goal_accuracy": 0.6854028436018957,
    "average_noncat_accuracy": 0.6996568627450981,
    "joint_cat_accuracy": 0.6923076923076923,
    "joint_goal_accuracy": 0.46963562753036436,
    "joint_noncat_accuracy": 0.6577327935222671,
    "requested_slots_f1": 0.951417004048583,
    "requested_slots_precision": 0.9959514170040485,
    "requested_slots_recall": 0.9493927125506073
  },
  "RentalCars_1": {
    "active_intent_accuracy": 0.9969512195121951,
    "average_cat_accuracy": 0.6820512820512821,
    "average_goal_accuracy": 0.7871192810457516,
    "average_noncat_accuracy": 0.79165625,
    "joint_cat_accuracy": 0.7865853658536586,
    "joint_goal_accuracy": 0.3796615853658537,
    "joint_noncat_accuracy": 0.4101493902439024,
    "requested_slots_f1": 0.9969512195121951,
    "requested_slots_precision": 1.0,
    "requested_slots_recall": 0.9969512195121951
  },
  "Restaurants_2": {
    "active_intent_accuracy": 0.7161084529505582,
    "average_cat_accuracy": 0.4019607843137255,
    "average_goal_accuracy": 0.6076145066273932,
    "average_noncat_accuracy": 0.6454683362118596,
    "joint_cat_accuracy": 0.6044657097288676,
    "joint_goal_accuracy": 0.24626315789473685,
    "joint_noncat_accuracy": 0.29200287081339715,
    "requested_slots_f1": 0.8751727804359384,
    "requested_slots_precision": 0.911217437533227,
    "requested_slots_recall": 0.8763955342902712
  },
  "RideSharing_1": {
    "active_intent_accuracy": 0.9961089494163424,
    "average_cat_accuracy": 0.908695652173913,