{
  "#ALL_SERVICES": {
    "active_intent_accuracy": 0.9562374245472837,
    "average_cat_accuracy": 0.704058508446642,
    "average_goal_accuracy": 0.8391627035273694,
    "average_noncat_accuracy": 0.8879697736265162,
    "joint_cat_accuracy": 0.7113287747181667,
    "joint_goal_accuracy": 0.5324275358819585,
    "joint_noncat_accuracy": 0.6824365655600269,
    "requested_slots_f1": 0.94452375629438,
    "requested_slots_precision": 0.9833616780045351,
    "requested_slots_recall": 0.9475184439973172
  },
  "#SEEN_SERVICES": {
    "active_intent_accuracy": 0.9871881321645314,
    "average_cat_accuracy": 0.8853339560952824,
    "average_goal_accuracy": 0.8948363247863249,
    "average_noncat_accuracy": 0.9211550802139037,
    "joint_cat_accuracy": 0.8836053938963804,
    "joint_goal_accuracy": 0.7576787336480107,
    "joint_noncat_accuracy": 0.8511342134187458,
    "requested_slots_f1": 0.9819285232636547,
    "requested_slots_precision": 0.9970779950550684,
    "requested_slots_recall": 0.9828051247471342
  },
  "#UNSEEN_SERVICES": {
    "active_intent_accuracy": 0.9256170780520346,
    "average_cat_accuracy": 0.500218837535014,
    "average_goal_accuracy": 0.7828913277269441,
    "average_noncat_accuracy": 0.8535076028031205,
    "joint_cat_accuracy": 0.524103355187042,
    "joint_goal_accuracy": 0.3095806204136091,
    "joint_noncat_accuracy": 0.515539559706471,
    "requested_slots_f1": 0.9075182396730096,
    "requested_slots_precision": 0.9697917659391976,
    "requested_slots_recall": 0.9126084056037358
  },
  "Alarm_1": {
    "active_intent_accuracy": 0.7292576419213974,
    "average_goal_accuracy": 0.7550649350649351,
    "average_noncat_accuracy": 0.7550649350649351,
    "joint_goal_accuracy": 0.513886462882096,
    "joint_noncat_accuracy": 0.513886462882096,
    "requested_slots_f1": 1.0,
    "requested_slots_precision": 1.0,
    "requested_slots_recall": 1.0
  },
  "Banks_2": {
    "active_intent_accuracy": 0.9752321981424149,
    "average_cat_accuracy": 0.9385382059800664,
    "average_goal_accuracy": 0.8137763012181617,
    "average_noncat_accuracy": 0.5184340659340659,
    "joint_cat_accuracy": 0.8637770897832817,
    "joint_goal_accuracy": 0.47455108359133125,
    "joint_noncat_accuracy": 0.5147987616099071,
    "requested_slots_f1": 0.9009287925696594,
    "requested_slots_precision": 1.0,
    "requested_slots_recall": 0.9009287925696594
  },
  "Buses_1": {
    "active_intent_accuracy": 0.9946949602122016,
    "average_cat_accuracy": 0.996,
    "average_goal_accuracy": 0.9477903682719548,
    "average_noncat_accuracy": 0.9373619047619048,
    "joint_cat_accuracy": 0.9973474801061007,
    "joint_goal_accuracy": 0.8449364031830239,
    "joint_noncat_accuracy": 0.847376721485411,
    "requested_slots_f1": 0.9920424403183024,
    "requested_slots_precision": 0.9946949602122016,
    "requested_slots_recall": 0.993368700265252
  },
  "Events_1": {
    "active_intent_accuracy": 0.9923224568138196,
    "average_cat_accuracy": 0.9898648648648649,
    "average_goal_accuracy": 0.9457118997912317,
    "average_noncat_accuracy": 0.9247836194563662,
    "joint_cat_accuracy": 0.9846449136276392,
    "joint_goal_accuracy": 0.7728702495201535,
    "joint_noncat_accuracy": 0.7863059500959693,
    "requested_slots_f1": 0.9916826615483044,
    "requested_slots_precision": 0.9952015355086372,
    "requested_slots_recall": 0.9932821497120922
  },
  "Flights_3": {
    "active_intent_accuracy": 0.9459901800327333,
    "average_cat_accuracy": 0.6697330447330446,
    "average_goal_accuracy": 0.845720857478794,
    "average_noncat_accuracy": 0.9303745318352061,
    "joint_cat_accuracy": 0.486088379705401,
    "joint_goal_accuracy": 0.36301047463175123,
    "joint_noncat_accuracy": 0.7284507364975451,
    "requested_slots_f1": 0.8859792689579924,
    "requested_slots_precision": 1.0,
    "requested_slots_recall": 0.8846153846153846
  },
  "Homes_1": {
    "active_intent_accuracy": 0.9880749574105622,
    "average_cat_accuracy": 0.982051282051282,
    "average_goal_accuracy": 0.9654367004264391,
    "average_noncat_accuracy": 0.9574568393094289,
    "joint_cat_accuracy": 0.9676320272572402,
    "joint_goal_accuracy": 0.8843611584327087,
    "joint_noncat_accuracy": 0.9122998296422486,
    "requested_slots_f1": 0.9982964224872232,
    "requested_slots_precision": 0.9982964224872232,
    "requested_slots_recall": 1.0
  },
  "Hotels_1": {
    "active_intent_accuracy": 0.982078853046595,
    "average_cat_accuracy": 0.8560250391236307,
    "average_goal_accuracy": 0.9328482142857144,
    "average_noncat_accuracy": 0.9758856209150327,
    "joint_cat_accuracy": 0.7562724014336918,
    "joint_goal_accuracy": 0.7048745519713262,
    "joint_noncat_accuracy": 0.9253046594982077,
    "requested_slots_f1": 0.9934289127837513,
    "requested_slots_precision": 0.9982078853046595,
    "requested_slots_recall": 0.992831541218638
  },
  "Hotels_4": {
    "active_intent_accuracy": 0.9785714285714285,
    "average_cat_accuracy": 0.8348765432098766,
    "average_goal_accuracy": 0.8299797574460495,
    "average_noncat_accuracy": 0.8343169934640523,
    "joint_cat_accuracy": 0.6178571428571429,
    "joint_goal_accuracy": 0.1644217857142857,
    "joint_noncat_accuracy": 0.2604989285714286,
    "requested_slots_f1": 0.9308503401360544,
    "requested_slots_precision": 0.9270238095238094,
    "requested_slots_recall": 0.9517857142857142
  },
  "Media_2": {
    "active_intent_accuracy": 0.946031746031746,
    "average_cat_accuracy": 0.17575757575757575,
    "average_goal_accuracy": 0.7997714776632302,
    "average_noncat_accuracy": 0.91483676975945,
    "joint_cat_accuracy": 0.5682539682539682,
    "joint_goal_accuracy": 0.31549460317460315,
    "joint_noncat_accuracy": 0.473936507936508,
    "requested_slots_f1": 0.9068783068783067,
    "requested_slots_precision": 0.9365079365079365,
    "requested_slots_recall": 0.9111111111111111
  },
  "Movies_2": {
    "active_intent_accuracy": 0.9715909090909091,
    "average_goal_accuracy": 0.7501239669421488,
    "average_noncat_accuracy": 0.7501239669421488,
    "joint_goal_accuracy": 0.3415852272727273,
    "joint_noncat_accuracy": 0.3415852272727273,
    "requested_slots_f1": 0.9013257575757575,
    "requested_slots_precision": 0.9393939393939393,
    "requested_slots_recall": 0.9147727272727273
  },
  "Music_1": {
    "active_intent_accuracy": 0.979757085020243,
    "average_cat_accuracy": 0.7156862745098039,
    "average_goal_accuracy": 0.8145679304897314,
    "average_noncat_accuracy": 0.8725245098039216,
    "joint_cat_accuracy": 0.7530364372469636,
    "joint_goal_accuracy": 0.6410121457489878,
    "joint_noncat_accuracy": 0.8303643724696356,
    "requested_slots_f1": 0.9919028340080972,
    "requested_slots_precision": 0.9959514170040485,
    "requested_slots_recall": 0.9959514170040485
  },
  "RentalCars_1": {
    "active_intent_accuracy": 0.9939024390243902,
    "average_cat_accuracy": 0.9179487179487179,
    "average_goal_accuracy": 0.9506230936819172,
    "average_noncat_accuracy": 0.9526940789473685,
    "joint_cat_accuracy": 0.9207317073170732,
    "joint_goal_accuracy": 0.7851993902439024,
    "joint_noncat_accuracy": 0.8356840030487805,
    "requested_slots_f1": 0.9969512195121951,
    "requested_slots_precision": 1.0,
    "requested_slots_recall": 0.9969512195121951
  },
  "Restaurants_2": {
    "active_intent_accuracy": 0.9154704944178629,
    "average_cat_accuracy": 0.3506069094304388,
    "average_goal_accuracy": 0.7748433357879235,
    "average_noncat_accuracy": 0.8485322394933794,
    "joint_cat_accuracy": 0.5917065390749602,
    "joint_goal_accuracy": 0.28072631578947366,
    "joint_noncat_accuracy": 0.37530382775119614,
    "requested_slots_f1": 0.902926508189666,
    "requested_slots_precision": 0.937058555479608,
    "requested_slots_recall": 0.9186602870813397
  },
  "RideSharing_1": {
    "active_intent_accuracy": 1.0,
    "average_cat_accuracy": 0.9804347826086957,
    "average_goal_accuracy": 0.9585294117647059,