{
  "#ALL_SERVICES": {
    "active_intent_accuracy": 0.8428906773977196,
    "average_cat_accuracy": 0.6798516687268232,
    "average_goal_accuracy": 0.7407852758853495,
    "average_noncat_accuracy": 0.7669716546669262,
    "joint_cat_accuracy": 0.698392164110146,
    "joint_goal_accuracy": 0.4319808853118712,
    "joint_noncat_accuracy": 0.5603633635144198,
    "requested_slots_f1": 0.9404785858005174,
    "requested_slots_precision": 0.9782500558909009,
    "requested_slots_recall": 0.9463447350771295
  },
  "#SEEN_SERVICES": {
    "active_intent_accuracy": 0.8890761968981794,
    "average_cat_accuracy": 0.8614354662930096,
    "average_goal_accuracy": 0.812033202511774,
    "average_noncat_accuracy": 0.8159137382225617,
    "joint_cat_accuracy": 0.8523775727466288,
    "joint_goal_accuracy": 0.5483253540121376,
    "joint_noncat_accuracy": 0.6436456507080243,
    "requested_slots_f1": 0.9728141155315801,
    "requested_slots_precision": 0.9881995954146999,
    "requested_slots_recall": 0.9782535401213756
  },
  "#UNSEEN_SERVICES": {
    "active_intent_accuracy": 0.7971981320880587,
    "average_cat_accuracy": 0.47566526610644255,
    "average_goal_accuracy": 0.6687723770737469,
    "average_noncat_accuracy": 0.716146436599233,
    "joint_cat_accuracy": 0.5310451214809101,
    "joint_goal_accuracy": 0.31687825216811205,
    "joint_noncat_accuracy": 0.4779700133422282,
    "requested_slots_f1": 0.9084881984815273,
    "requested_slots_precision": 0.96840671558817,
    "requested_slots_recall": 0.9147765176784523
  },
  "Alarm_1": {
    "active_intent_accuracy": 0.7205240174672489,
    "average_goal_accuracy": 0.6390909090909092,
    "average_noncat_accuracy": 0.6390909090909092,
    "joint_goal_accuracy": 0.5380786026200873,
    "joint_noncat_accuracy": 0.5380786026200873,
    "requested_slots_f1": 1.0,
    "requested_slots_precision": 1.0,
    "requested_slots_recall": 1.0
  },
  "Banks_2": {
    "active_intent_accuracy": 0.9876160990712074,
    "average_cat_accuracy": 0.915282392026578,
    "average_goal_accuracy": 0.7328820598006645,
    "average_noncat_accuracy": 0.2882692307692308,
    "joint_cat_accuracy": 0.8637770897832817,
    "joint_goal_accuracy": 0.44891640866873067,
    "joint_noncat_accuracy": 0.46439628482972134,
    "requested_slots_f1": 0.9009287925696594,
    "requested_slots_precision": 1.0,
    "requested_slots_recall": 0.9009287925696594
  },
  "Buses_1": {
    "active_intent_accuracy": 0.946949602122016,
    "average_cat_accuracy": 1.0,
    "average_goal_accuracy": 0.8728729933899906,
    "average_noncat_accuracy": 0.8454809523809524,
    "joint_cat_accuracy": 1.0,
    "joint_goal_accuracy": 0.585419098143236,
    "joint_noncat_accuracy": 0.585419098143236,
    "requested_slots_f1": 0.9770114942528735,
    "requested_slots_precision": 0.9734748010610079,
    "requested_slots_recall": 0.9946949602122016
  },
  "Events_1": {
    "active_intent_accuracy": 0.708253358925144,
    "average_cat_accuracy": 0.9808558558558559,
    "average_goal_accuracy": 0.8416885873347252,
    "average_noncat_accuracy": 0.7736713161659514,
    "joint_cat_accuracy": 0.9769673704414588,
    "joint_goal_accuracy": 0.5065451055662188,
    "joint_noncat_accuracy": 0.5142226487523992,
    "requested_slots_f1": 0.9881637875879717,
    "requested_slots_precision": 0.992002559181062,
    "requested_slots_recall": 0.991362763915547
  },
  "Flights_3": {
    "active_intent_accuracy": 0.8936170212765957,
    "average_cat_accuracy": 0.591991341991342,
    "average_goal_accuracy": 0.8464983203157807,
    "average_noncat_accuracy": 0.9625842696629213,
    "joint_cat_accuracy": 0.46153846153846156,
    "joint_goal_accuracy": 0.42960490998363343,
    "joint_noncat_accuracy": 0.9181692307692307,
    "requested_slots_f1": 0.8805237315875614,
    "requested_slots_precision": 1.0,
    "requested_slots_recall": 0.8805237315875614
  },
  "Homes_1": {
    "active_intent_accuracy": 0.9063032367972743,
    "average_cat_accuracy": 0.9782051282051282,
    "average_goal_accuracy": 0.9173309790334044,
    "average_noncat_accuracy": 0.8748738379814077,
    "joint_cat_accuracy": 0.9318568994889267,
    "joint_goal_accuracy": 0.7076320272572402,
    "joint_noncat_accuracy": 0.7597614991482112,
    "requested_slots_f1": 0.9954571266325952,
    "requested_slots_precision": 0.9948892674616695,
    "requested_slots_recall": 1.0
  },
  "Hotels_1": {
    "active_intent_accuracy": 0.9283154121863799,
    "average_cat_accuracy": 0.794209702660407,
    "average_goal_accuracy": 0.8371663059163059,
    "average_noncat_accuracy": 0.861111111111111,
    "joint_cat_accuracy": 0.7240143369175627,
    "joint_goal_accuracy": 0.45161290322580644,
    "joint_noncat_accuracy": 0.6093189964157706,
    "requested_slots_f1": 0.9600955794504182,
    "requested_slots_precision": 0.9647550776583034,
    "requested_slots_recall": 0.9659498207885304
  },
  "Hotels_4": {
    "active_intent_accuracy": 0.9607142857142857,
    "average_cat_accuracy": 0.6489197530864197,
    "average_goal_accuracy": 0.6787573568753343,
    "average_noncat_accuracy": 0.7056666666666667,
    "joint_cat_accuracy": 0.6071428571428571,
    "joint_goal_accuracy": 0.2609642857142857,
    "joint_noncat_accuracy": 0.37525,
    "requested_slots_f1": 0.9067176870748299,
    "requested_slots_precision": 0.8938690476190475,
    "requested_slots_recall": 0.9410714285714286
  },
  "Media_2": {
    "active_intent_accuracy": 0.7619047619047619,
    "average_cat_accuracy": 0.15151515151515152,
    "average_goal_accuracy": 0.42405326460481096,
    "average_noncat_accuracy": 0.4910137457044673,
    "joint_cat_accuracy": 0.5555555555555556,
    "joint_goal_accuracy": 0.11787301587301588,
    "joint_noncat_accuracy": 0.15549206349206346,
    "requested_slots_f1": 0.9232804232804233,
    "requested_slots_precision": 0.9476190476190476,
    "requested_slots_recall": 0.9317460317460318
  },
  "Movies_2": {
    "active_intent_accuracy": 0.8920454545454546,
    "average_goal_accuracy": 0.5879338842975207,
    "average_noncat_accuracy": 0.5879338842975207,
    "joint_goal_accuracy": 0.4943181818181818,
    "joint_noncat_accuracy": 0.4943181818181818,
    "requested_slots_f1": 0.9090909090909091,
    "requested_slots_precision": 0.9469696969696969,
    "requested_slots_recall": 0.9232954545454546
  },
  "Music_1": {
    "active_intent_accuracy": 0.9676113360323887,
    "average_cat_accuracy": 0.7254901960784313,
    "average_goal_accuracy": 0.6826058451816747,
    "average_noncat_accuracy": 0.6623611111111113,
    "joint_cat_accuracy": 0.7327935222672065,
    "joint_goal_accuracy": 0.382914979757085,
    "joint_noncat_accuracy": 0.511093117408907,
    "requested_slots_f1": 0.97165991902834,
    "requested_slots_precision": 0.9919028340080972,
    "requested_slots_recall": 0.9757085020242915
  },
  "RentalCars_1": {
    "active_intent_accuracy": 0.8963414634146342,
    "average_cat_accuracy": 0.8461538461538461,
    "average_goal_accuracy": 0.8765925925925925,
    "average_noncat_accuracy": 0.8725701754385966,
    "joint_cat_accuracy": 0.8810975609756098,
    "joint_goal_accuracy": 0.5572835365853658,
    "joint_noncat_accuracy": 0.578625,
    "requested_slots_f1": 0.9969512195121951,
    "requested_slots_precision": 1.0,
    "requested_slots_recall": 0.9969512195121951
  },
  "Restaurants_2": {
    "active_intent_accuracy": 0.6985645933014354,
    "average_cat_accuracy": 0.39915966386554624,
    "average_goal_accuracy": 0.6795245049909998,
    "average_noncat_accuracy": 0.7340331030512378,
    "joint_cat_accuracy": 0.6188197767145136,
    "joint_goal_accuracy": 0.2712797448165869,
    "joint_noncat_accuracy": 0.32838006379585327,
    "requested_slots_f1": 0.8909090909090908,
    "requested_slots_precision": 0.9375332270069111,
    "requested_slots_recall": 0.9027113237639554
  },
  "RideSharing_1": {
    "active_intent_accuracy": 1.0,
    "average_cat_accuracy": 0.8913043478260869,
    "average_goal_accuracy": 0.8896848739495798,