{
  "#ALL_SERVICES": {
    "active_intent_accuracy": 0.9485244802146211,
    "average_cat_accuracy": 0.7065718994643592,
    "average_goal_accuracy": 0.8175977238253064,
    "average_noncat_accuracy": 0.8552845560095997,
    "joint_cat_accuracy": 0.7148401404546295,
    "joint_goal_accuracy": 0.49917629107981226,
    "joint_noncat_accuracy": 0.6355601106639839,
    "requested_slots_f1": 0.9468477531857814,
    "requested_slots_precision": 0.9836379387435724,
    "requested_slots_recall": 0.9506203890006707
  },
  "#SEEN_SERVICES": {
    "active_intent_accuracy": 0.9888739042481457,
    "average_cat_accuracy": 0.8855674918262494,
    "average_goal_accuracy": 0.8652139106924821,
    "average_noncat_accuracy": 0.8711532340208811,
    "joint_cat_accuracy": 0.893541518807665,
    "joint_goal_accuracy": 0.6579887053270398,
    "joint_noncat_accuracy": 0.7283393459204316,
    "requested_slots_f1": 0.9846032816363227,
    "requested_slots_precision": 0.9955046077770286,
    "requested_slots_recall": 0.9861766689143627
  },
  "#UNSEEN_SERVICES": {
    "active_intent_accuracy": 0.9086057371581054,
    "average_cat_accuracy": 0.505295868347339,
    "average_goal_accuracy": 0.7694702931894712,
    "average_noncat_accuracy": 0.8388053021287848,
    "joint_cat_accuracy": 0.520632472040108,
    "joint_goal_accuracy": 0.34205900600400263,
    "joint_noncat_accuracy": 0.5437711807871914,
    "requested_slots_f1": 0.9094952190349123,
    "requested_slots_precision": 0.9718979319546365,
    "requested_slots_recall": 0.9154436290860574
  },
  "Alarm_1": {
    "active_intent_accuracy": 0.7729257641921398,
    "average_goal_accuracy": 0.7777922077922078,
    "average_noncat_accuracy": 0.7777922077922078,
    "joint_goal_accuracy": 0.5976384279475982,
    "joint_noncat_accuracy": 0.5976384279475982,
    "requested_slots_f1": 1.0,
    "requested_slots_precision": 1.0,
    "requested_slots_recall": 1.0
  },
  "Banks_2": {
    "active_intent_accuracy": 0.9907120743034056,
    "average_cat_accuracy": 0.9418604651162791,
    "average_goal_accuracy": 0.8557585825027687,
    "average_noncat_accuracy": 0.6401098901098901,
    "joint_cat_accuracy": 0.891640866873065,
    "joint_goal_accuracy": 0.56656346749226,
    "joint_noncat_accuracy": 0.6130030959752322,
    "requested_slots_f1": 0.9009287925696594,
    "requested_slots_precision": 1.0,
    "requested_slots_recall": 0.9009287925696594
  },
  "Buses_1": {
    "active_intent_accuracy": 0.9973474801061007,
    "average_cat_accuracy": 1.0,
    "average_goal_accuracy": 0.9234348441926344,
    "average_noncat_accuracy": 0.9059047619047619,
    "joint_cat_accuracy": 1.0,
    "joint_goal_accuracy": 0.7330915119363395,
    "joint_noncat_accuracy": 0.7330915119363395,
    "requested_slots_f1": 0.9938107869142351,
    "requested_slots_precision": 0.9946949602122016,
    "requested_slots_recall": 0.993368700265252
  },
  "Events_1": {
    "active_intent_accuracy": 0.9884836852207294,
    "average_cat_accuracy": 1.0,
    "average_goal_accuracy": 0.9087564370215727,
    "average_noncat_accuracy": 0.8641094420600859,
    "joint_cat_accuracy": 1.0,
    "joint_goal_accuracy": 0.6793474088291747,
    "joint_noncat_accuracy": 0.6793474088291747,
    "requested_slots_f1": 0.9936020473448496,
    "requested_slots_precision": 0.9961612284069098,
    "requested_slots_recall": 0.9952015355086372
  },
  "Flights_3": {
    "active_intent_accuracy": 0.8887070376432079,
    "average_cat_accuracy": 0.688131313131313,
    "average_goal_accuracy": 0.877473293020912,
    "average_noncat_accuracy": 0.9689856429463172,
    "joint_cat_accuracy": 0.486088379705401,
    "joint_goal_accuracy": 0.42834762684124394,
    "joint_noncat_accuracy": 0.8625911620294601,
    "requested_slots_f1": 0.8854337152209493,
    "requested_slots_precision": 1.0,
    "requested_slots_recall": 0.8846153846153846
  },
  "Homes_1": {
    "active_intent_accuracy": 0.9863713798977853,
    "average_cat_accuracy": 0.9817307692307692,
    "average_goal_accuracy": 0.9294985785358919,
    "average_noncat_accuracy": 0.8938678618857903,
    "joint_cat_accuracy": 0.9778534923339012,
    "joint_goal_accuracy": 0.7668654173764906,
    "joint_noncat_accuracy": 0.7804940374787053,
    "requested_slots_f1": 0.9982964224872232,
    "requested_slots_precision": 0.9982964224872232,
    "requested_slots_recall": 1.0
  },
  "Hotels_1": {
    "active_intent_accuracy": 0.974910394265233,
    "average_cat_accuracy": 0.9436619718309859,
    "average_goal_accuracy": 0.8946675685425686,
    "average_noncat_accuracy": 0.8695196078431373,
    "joint_cat_accuracy": 0.8888888888888888,
    "joint_goal_accuracy": 0.5704301075268817,
    "joint_noncat_accuracy": 0.6118637992831542,
    "requested_slots_f1": 0.9970131421744324,
    "requested_slots_precision": 0.9982078853046595,
    "requested_slots_recall": 0.996415770609319
  },
  "Hotels_4": {
    "active_intent_accuracy": 0.9821428571428571,
    "average_cat_accuracy": 0.8117283950617284,
    "average_goal_accuracy": 0.7712286427679685,
    "average_noncat_accuracy": 0.7591503267973856,
    "joint_cat_accuracy": 0.6142857142857143,
    "joint_goal_accuracy": 0.1091932142857143,
    "joint_noncat_accuracy": 0.1507332142857143,
    "requested_slots_f1": 0.9259523809523809,
    "requested_slots_precision": 0.9440476190476191,
    "requested_slots_recall": 0.9410714285714286
  },
  "Media_2": {
    "active_intent_accuracy": 0.9428571428571428,
    "average_cat_accuracy": 0.12727272727272726,
    "average_goal_accuracy": 0.6716964490263458,
    "average_noncat_accuracy": 0.7802634593356244,
    "joint_cat_accuracy": 0.5428571428571428,
    "joint_goal_accuracy": 0.2164520634920635,
    "joint_noncat_accuracy": 0.3404939682539683,
    "requested_slots_f1": 0.9306878306878306,
    "requested_slots_precision": 0.946031746031746,
    "requested_slots_recall": 0.9396825396825397
  },
  "Movies_2": {
    "active_intent_accuracy": 0.9886363636363636,
    "average_goal_accuracy": 0.8374793388429753,
    "average_noncat_accuracy": 0.8374793388429753,
    "joint_goal_accuracy": 0.3956818181818182,
    "joint_noncat_accuracy": 0.3956818181818182,
    "requested_slots_f1": 0.9089015151515152,
    "requested_slots_precision": 0.9232954545454546,
    "requested_slots_recall": 0.9261363636363636
  },
  "Music_1": {
    "active_intent_accuracy": 0.979757085020243,
    "average_cat_accuracy": 0.7026143790849673,
    "average_goal_accuracy": 0.7478341232227487,
    "average_noncat_accuracy": 0.7604901960784313,
    "joint_cat_accuracy": 0.7489878542510121,
    "joint_goal_accuracy": 0.4863562753036437,
    "joint_noncat_accuracy": 0.6402024291497975,
    "requested_slots_f1": 0.9959514170040485,
    "requested_slots_precision": 0.9959514170040485,
    "requested_slots_recall": 1.0
  },
  "RentalCars_1": {
    "active_intent_accuracy": 0.9969512195121951,
    "average_cat_accuracy": 0.8307692307692308,
    "average_goal_accuracy": 0.9034281045751632,
    "average_noncat_accuracy": 0.9073464912280701,
    "joint_cat_accuracy": 0.875,
    "joint_goal_accuracy": 0.6275274390243902,
    "joint_noncat_accuracy": 0.6519176829268293,
    "requested_slots_f1": 1.0,
    "requested_slots_precision": 1.0,
    "requested_slots_recall": 1.0
  },
  "Restaurants_2": {
    "active_intent_accuracy": 0.8213716108452951,
    "average_cat_accuracy": 0.415499533146592,
    "average_goal_accuracy": 0.7490988381606938,
    "average_noncat_accuracy": 0.8051306850892342,
    "joint_cat_accuracy": 0.5933014354066986,
    "joint_goal_accuracy": 0.3644606060606061,
    "joint_noncat_accuracy": 0.4589038277511962,
    "requested_slots_f1": 0.9010101010101009,
    "requested_slots_precision": 0.9392610313662947,
    "requested_slots_recall": 0.919457735247209
  },
  "RideSharing_1": {
    "active_intent_accuracy": 0.9961089494163424,
    "average_cat_accuracy": 0.9608695652173913,
    "average_goal_accuracy": 0.9173949579831933,
    "average_noncat_accuracy": 0.8407582938388626,