{
  "#ALL_SERVICES": {
    "active_intent_accuracy": 0.8796109993293092,
    "average_cat_accuracy": 0.653934899052328,
    "average_goal_accuracy": 0.7846403319567562,
    "average_noncat_accuracy": 0.8400033729000455,
    "joint_cat_accuracy": 0.6734429865089632,
    "joint_goal_accuracy": 0.4347180583501007,
    "joint_noncat_accuracy": 0.5799835982562038,
    "requested_slots_f1": 0.9454337133914598,
    "requested_slots_precision": 0.9769841269841271,
    "requested_slots_recall": 0.9510395707578806
  },
  "#SEEN_SERVICES": {
    "active_intent_accuracy": 0.9379635873229939,
    "average_cat_accuracy": 0.8313872022419431,
    "average_goal_accuracy": 0.8356680359323216,
    "average_noncat_accuracy": 0.8658901833460656,
    "joint_cat_accuracy": 0.8293115684882896,
    "joint_goal_accuracy": 0.591863688469319,
    "joint_noncat_accuracy": 0.7203834457181388,
    "requested_slots_f1": 0.9794111036187908,
    "requested_slots_precision": 0.9864014385255113,
    "requested_slots_recall": 0.9870195549561699
  },
  "#UNSEEN_SERVICES": {
    "active_intent_accuracy": 0.8218812541694464,
    "average_cat_accuracy": 0.45439425770308123,
    "average_goal_accuracy": 0.7330647555579062,
    "average_noncat_accuracy": 0.813120520957292,
    "joint_cat_accuracy": 0.5040493636714231,
    "joint_goal_accuracy": 0.27924976651100736,
    "joint_noncat_accuracy": 0.4410823482321548,
    "requested_slots_f1": 0.9118189904380698,
    "requested_slots_precision": 0.9676673337780742,
    "requested_slots_recall": 0.9154436290860574
  },
  "Alarm_1": {
    "active_intent_accuracy": 0.7510917030567685,
    "average_goal_accuracy": 0.6773376623376623,
    "average_noncat_accuracy": 0.6773376623376623,
    "joint_goal_accuracy": 0.4402689956331878,
    "joint_noncat_accuracy": 0.4402689956331878,
    "requested_slots_f1": 1.0,
    "requested_slots_precision": 1.0,
    "requested_slots_recall": 1.0
  },
  "Banks_2": {
    "active_intent_accuracy": 0.9690402476780186,
    "average_cat_accuracy": 0.9269102990033222,
    "average_goal_accuracy": 0.8845514950166113,
    "average_noncat_accuracy": 0.7527472527472527,
    "joint_cat_accuracy": 0.8761609907120743,
    "joint_goal_accuracy": 0.6656346749226006,
    "joint_noncat_accuracy": 0.7275541795665634,
    "requested_slots_f1": 0.9009287925696594,
    "requested_slots_precision": 1.0,
    "requested_slots_recall": 0.9009287925696594
  },
  "Buses_1": {
    "active_intent_accuracy": 0.9814323607427056,
    "average_cat_accuracy": 0.932,
    "average_goal_accuracy": 0.8237407932011332,
    "average_noncat_accuracy": 0.8019309523809525,
    "joint_cat_accuracy": 0.9549071618037135,
    "joint_goal_accuracy": 0.45482758620689656,
    "joint_noncat_accuracy": 0.473395225464191,
    "requested_slots_f1": 0.980548187444739,
    "requested_slots_precision": 0.9708222811671088,
    "requested_slots_recall": 1.0
  },
  "Events_1": {
    "active_intent_accuracy": 0.8080614203454894,
    "average_cat_accuracy": 0.9594594594594594,
    "average_goal_accuracy": 0.9053837856645791,
    "average_noncat_accuracy": 0.8758512160228898,
    "joint_cat_accuracy": 0.9596928982725528,
    "joint_goal_accuracy": 0.6294625719769673,
    "joint_noncat_accuracy": 0.6553550863723608,
    "requested_slots_f1": 0.9904030710172744,
    "requested_slots_precision": 0.9952015355086372,
    "requested_slots_recall": 0.9942418426103646
  },
  "Flights_3": {
    "active_intent_accuracy": 0.9803600654664485,
    "average_cat_accuracy": 0.7146464646464646,
    "average_goal_accuracy": 0.7854404551944234,
    "average_noncat_accuracy": 0.8277621722846441,
    "joint_cat_accuracy": 0.5417348608837971,
    "joint_goal_accuracy": 0.3147456628477905,
    "joint_noncat_accuracy": 0.5693004909983634,
    "requested_slots_f1": 0.8805237315875614,
    "requested_slots_precision": 1.0,
    "requested_slots_recall": 0.8805237315875614
  },
  "Homes_1": {
    "active_intent_accuracy": 0.9676320272572402,
    "average_cat_accuracy": 0.9567307692307693,
    "average_goal_accuracy": 0.9461199360341151,
    "average_noncat_accuracy": 0.946394422310757,
    "joint_cat_accuracy": 0.9216354344122658,
    "joint_goal_accuracy": 0.8530494037478704,
    "joint_noncat_accuracy": 0.9048381601362862,
    "requested_slots_f1": 0.9948892674616695,
    "requested_slots_precision": 0.9948892674616695,
    "requested_slots_recall": 1.0
  },
  "Hotels_1": {
    "active_intent_accuracy": 0.8817204301075269,
    "average_cat_accuracy": 0.6384976525821596,
    "average_goal_accuracy": 0.8634000721500721,
    "average_noncat_accuracy": 0.9880424836601307,
    "joint_cat_accuracy": 0.5304659498207885,
    "joint_goal_accuracy": 0.5232974910394266,
    "joint_noncat_accuracy": 0.9384229390681004,
    "requested_slots_f1": 0.9783751493428912,
    "requested_slots_precision": 0.9934289127837516,
    "requested_slots_recall": 0.978494623655914
  },
  "Hotels_4": {
    "active_intent_accuracy": 0.8785714285714286,
    "average_cat_accuracy": 0.5486111111111112,
    "average_goal_accuracy": 0.7621817371143214,
    "average_noncat_accuracy": 0.8805882352941177,
    "joint_cat_accuracy": 0.4607142857142857,
    "joint_goal_accuracy": 0.10525857142857142,
    "joint_noncat_accuracy": 0.20868000000000003,
    "requested_slots_f1": 0.920986394557823,
    "requested_slots_precision": 0.9195238095238094,
    "requested_slots_recall": 0.9464285714285714
  },
  "Media_2": {
    "active_intent_accuracy": 0.8984126984126984,
    "average_cat_accuracy": 0.0,
    "average_goal_accuracy": 0.7045916380297824,
    "average_noncat_accuracy": 0.8340063001145476,
    "joint_cat_accuracy": 0.47619047619047616,
    "joint_goal_accuracy": 0.2086330158730159,
    "joint_noncat_accuracy": 0.21267295238095238,
    "requested_slots_f1": 0.9306878306878306,
    "requested_slots_precision": 0.9396825396825397,
    "requested_slots_recall": 0.9380952380952381
  },
  "Movies_2": {
    "active_intent_accuracy": 0.9715909090909091,
    "average_goal_accuracy": 0.6285399449035813,
    "average_noncat_accuracy": 0.6285399449035813,
    "joint_goal_accuracy": 0.3203852272727273,
    "joint_noncat_accuracy": 0.3203852272727273,
    "requested_slots_f1": 0.9090909090909091,
    "requested_slots_precision": 0.9043560606060606,
    "requested_slots_recall": 0.9176136363636364
  },
  "Music_1": {
    "active_intent_accuracy": 0.9635627530364372,
    "average_cat_accuracy": 0.6372549019607843,
    "average_goal_accuracy": 0.7811658767772512,
    "average_noncat_accuracy": 0.868186274509804,
    "joint_cat_accuracy": 0.7004048582995951,
    "joint_goal_accuracy": 0.5766396761133603,
    "joint_noncat_accuracy": 0.7780971659919028,
    "requested_slots_f1": 0.9959514170040485,
    "requested_slots_precision": 0.9979757085020243,
    "requested_slots_recall": 0.9959514170040485
  },
  "RentalCars_1": {
    "active_intent_accuracy": 0.9939024390243902,
    "average_cat_accuracy": 0.8923076923076924,
    "average_goal_accuracy": 0.8637652505446622,
    "average_noncat_accuracy": 0.8559281798245615,
    "joint_cat_accuracy": 0.9085365853658537,
    "joint_goal_accuracy": 0.47392591463414635,
    "joint_noncat_accuracy": 0.5236807926829269,
    "requested_slots_f1": 0.9908536585365854,
    "requested_slots_precision": 0.9969512195121951,
    "requested_slots_recall": 0.9939024390243902
  },
  "Restaurants_2": {
    "active_intent_accuracy": 0.6842105263157895,
    "average_cat_accuracy": 0.3851540616246499,
    "average_goal_accuracy": 0.727072983145148,
    "average_noncat_accuracy": 0.7930759930915372,
    "joint_cat_accuracy": 0.6060606060606061,
    "joint_goal_accuracy": 0.2384051036682616,
    "joint_noncat_accuracy": 0.3568248803827751,
    "requested_slots_f1": 0.8871724766461607,
    "requested_slots_precision": 0.9384901648059544,
    "requested_slots_recall": 0.8923444976076556
  },
  "RideSharing_1": {
    "active_intent_accuracy": 0.9883268482490273,
    "average_cat_accuracy": 0.9391304347826087,