{
  "#ALL_SERVICES": {
    "active_intent_accuracy": 0.9138162307176392,
    "average_cat_accuracy": 0.6955294602389782,
    "average_goal_accuracy": 0.7973876445625202,
    "average_noncat_accuracy": 0.8294502497243303,
    "joint_cat_accuracy": 0.6858251709480687,
    "joint_goal_accuracy": 0.44130315224681416,
    "joint_noncat_accuracy": 0.5695482394366197,
    "requested_slots_f1": 0.9393775350515794,
    "requested_slots_precision": 0.9802761010507489,
    "requested_slots_recall": 0.9424044265593562
  },
  "#SEEN_SERVICES": {
    "active_intent_accuracy": 0.968981793661497,
    "average_cat_accuracy": 0.8764595983185427,
    "average_goal_accuracy": 0.8570023896738181,
    "average_noncat_accuracy": 0.8586052330022916,
    "joint_cat_accuracy": 0.8520227111426544,
    "joint_goal_accuracy": 0.5824574173971678,
    "joint_noncat_accuracy": 0.668182299393122,
    "requested_slots_f1": 0.9722409530231514,
    "requested_slots_precision": 0.9922454484153742,
    "requested_slots_recall": 0.9745448415374242
  },
  "#UNSEEN_SERVICES": {
    "active_intent_accuracy": 0.8592394929953302,
    "average_cat_accuracy": 0.492078081232493,
    "average_goal_accuracy": 0.7371328299924189,
    "average_noncat_accuracy": 0.7991734761338093,
    "joint_cat_accuracy": 0.5052063247204011,
    "joint_goal_accuracy": 0.3016555370246831,
    "joint_noncat_accuracy": 0.4719669779853235,
    "requested_slots_f1": 0.9068648940563551,
    "requested_slots_precision": 0.9684345118968202,
    "requested_slots_recall": 0.9106070713809206
  },
  "Alarm_1": {
    "active_intent_accuracy": 0.7205240174672489,
    "average_goal_accuracy": 0.7326623376623377,
    "average_noncat_accuracy": 0.7326623376623377,
    "joint_goal_accuracy": 0.5901310043668123,
    "joint_noncat_accuracy": 0.5901310043668123,
    "requested_slots_f1": 1.0,
    "requested_slots_precision": 1.0,
    "requested_slots_recall": 1.0
  },
  "Banks_2": {
    "active_intent_accuracy": 0.978328173374613,
    "average_cat_accuracy": 0.9169435215946844,
    "average_goal_accuracy": 0.8306201550387596,
    "average_noncat_accuracy": 0.6026373626373627,
    "joint_cat_accuracy": 0.8575851393188855,
    "joint_goal_accuracy": 0.5460061919504644,
    "joint_noncat_accuracy": 0.6141176470588235,
    "requested_slots_f1": 0.9009287925696594,
    "requested_slots_precision": 1.0,
    "requested_slots_recall": 0.9009287925696594
  },
  "Buses_1": {
    "active_intent_accuracy": 0.9522546419098143,
    "average_cat_accuracy": 1.0,
    "average_goal_accuracy": 0.9096114258734654,
    "average_noncat_accuracy": 0.8875261904761906,
    "joint_cat_accuracy": 0.9946949602122016,
    "joint_goal_accuracy": 0.6258700265251991,
    "joint_noncat_accuracy": 0.6311750663129975,
    "requested_slots_f1": 0.980548187444739,
    "requested_slots_precision": 0.9708222811671088,
    "requested_slots_recall": 1.0
  },
  "Events_1": {
    "active_intent_accuracy": 0.9539347408829175,
    "average_cat_accuracy": 0.9740990990990991,
    "average_goal_accuracy": 0.83476791927627,
    "average_noncat_accuracy": 0.7640253934191703,
    "joint_cat_accuracy": 0.9616122840690979,
    "joint_goal_accuracy": 0.4731401151631478,
    "joint_noncat_accuracy": 0.48475239923224567,
    "requested_slots_f1": 0.9750479846449136,
    "requested_slots_precision": 1.0,
    "requested_slots_recall": 0.972168905950096
  },
  "Flights_3": {
    "active_intent_accuracy": 0.9279869067103109,
    "average_cat_accuracy": 0.6690115440115441,
    "average_goal_accuracy": 0.8716361594020323,
    "average_noncat_accuracy": 0.9571707240948814,
    "joint_cat_accuracy": 0.44844517184942717,
    "joint_goal_accuracy": 0.30636661211129296,
    "joint_noncat_accuracy": 0.6500695581014729,
    "requested_slots_f1": 0.8816148390616477,
    "requested_slots_precision": 1.0,
    "requested_slots_recall": 0.881342062193126
  },
  "Homes_1": {
    "active_intent_accuracy": 0.9727427597955707,
    "average_cat_accuracy": 0.9721153846153846,
    "average_goal_accuracy": 0.9224585554371002,
    "average_noncat_accuracy": 0.8936387782204516,
    "joint_cat_accuracy": 0.8671209540034072,
    "joint_goal_accuracy": 0.689267461669506,
    "joint_noncat_accuracy": 0.777137989778535,
    "requested_slots_f1": 0.9996592844974446,
    "requested_slots_precision": 0.9994321408290743,
    "requested_slots_recall": 1.0
  },
  "Hotels_1": {
    "active_intent_accuracy": 0.953405017921147,
    "average_cat_accuracy": 0.8873239436619719,
    "average_goal_accuracy": 0.8875955988455988,
    "average_noncat_accuracy": 0.8760196078431373,
    "joint_cat_accuracy": 0.8028673835125448,
    "joint_goal_accuracy": 0.46387096774193554,
    "joint_noncat_accuracy": 0.6000716845878137,
    "requested_slots_f1": 0.9218637992831543,
    "requested_slots_precision": 0.9635603345280764,
    "requested_slots_recall": 0.9301075268817204
  },
  "Hotels_4": {
    "active_intent_accuracy": 0.9857142857142858,
    "average_cat_accuracy": 0.8163580246913581,
    "average_goal_accuracy": 0.7478287854467629,
    "average_noncat_accuracy": 0.7152941176470589,
    "joint_cat_accuracy": 0.6142857142857143,
    "joint_goal_accuracy": 0.18535107142857146,
    "joint_noncat_accuracy": 0.27196607142857143,
    "requested_slots_f1": 0.8946938775510205,
    "requested_slots_precision": 0.8947619047619048,
    "requested_slots_recall": 0.925
  },
  "Media_2": {
    "active_intent_accuracy": 0.9365079365079365,
    "average_cat_accuracy": 0.18787878787878787,
    "average_goal_accuracy": 0.7016179839633448,
    "average_noncat_accuracy": 0.8023224513172967,
    "joint_cat_accuracy": 0.5746031746031746,
    "joint_goal_accuracy": 0.19632698412698413,
    "joint_noncat_accuracy": 0.19916920634920635,
    "requested_slots_f1": 0.9222222222222223,
    "requested_slots_precision": 0.953968253968254,
    "requested_slots_recall": 0.9285714285714286
  },
  "Movies_2": {
    "active_intent_accuracy": 0.9715909090909091,
    "average_goal_accuracy": 0.5137603305785123,
    "average_noncat_accuracy": 0.5137603305785123,
    "joint_goal_accuracy": 0.4034090909090909,
    "joint_noncat_accuracy": 0.4034090909090909,
    "requested_slots_f1": 0.887310606060606,
    "requested_slots_precision": 0.9469696969696969,
    "requested_slots_recall": 0.8920454545454546
  },
  "Music_1": {
    "active_intent_accuracy": 0.97165991902834,
    "average_cat_accuracy": 0.7287581699346405,
    "average_goal_accuracy": 0.7511453396524487,
    "average_noncat_accuracy": 0.7535784313725489,
    "joint_cat_accuracy": 0.757085020242915,
    "joint_goal_accuracy": 0.4251012145748988,
    "joint_noncat_accuracy": 0.5241295546558705,
    "requested_slots_f1": 0.9824561403508771,
    "requested_slots_precision": 0.9959514170040485,
    "requested_slots_recall": 0.9817813765182186
  },
  "RentalCars_1": {
    "active_intent_accuracy": 0.9939024390243902,
    "average_cat_accuracy": 0.8307692307692308,
    "average_goal_accuracy": 0.904992374727669,
    "average_noncat_accuracy": 0.9087395833333334,
    "joint_cat_accuracy": 0.875,
    "joint_goal_accuracy": 0.6126911585365853,
    "joint_noncat_accuracy": 0.6340326219512195,
    "requested_slots_f1": 0.9969512195121951,
    "requested_slots_precision": 1.0,
    "requested_slots_recall": 0.9969512195121951
  },
  "Restaurants_2": {
    "active_intent_accuracy": 0.8165869218500797,
    "average_cat_accuracy": 0.40476190476190477,
    "average_goal_accuracy": 0.7309727131402389,
    "average_noncat_accuracy": 0.788325561312608,
    "joint_cat_accuracy": 0.5933014354066986,
    "joint_goal_accuracy": 0.3013269537480064,
    "joint_noncat_accuracy": 0.39084673046251994,
    "requested_slots_f1": 0.884529505582137,
    "requested_slots_precision": 0.9452418926103135,
    "requested_slots_recall": 0.8899521531100478
  },
  "RideSharing_1": {
    "active_intent_accuracy": 0.9961089494163424,
    "average_cat_accuracy": 0.9826086956521739,
    "average_goal_accuracy": 0.9824509803921568,