{
  "#ALL_SERVICES": {
    "active_intent_accuracy": 0.9216968477531858,
    "average_cat_accuracy": 0.6867325916769674,
    "average_goal_accuracy": 0.8281124168135308,
    "average_noncat_accuracy": 0.8804681844716872,
    "joint_cat_accuracy": 0.6900757715764184,
    "joint_goal_accuracy": 0.51046161971831,
    "joint_noncat_accuracy": 0.6553841354795439,
    "requested_slots_f1": 0.9421872504870492,
    "requested_slots_precision": 0.9818466353677622,
    "requested_slots_recall": 0.9460932260228034
  },
  "#SEEN_SERVICES": {
    "active_intent_accuracy": 0.9817936614969656,
    "average_cat_accuracy": 0.8802740152576678,
    "average_goal_accuracy": 0.8912802023373453,
    "average_noncat_accuracy": 0.914166221033868,
    "joint_cat_accuracy": 0.8768630234208659,
    "joint_goal_accuracy": 0.7404339851652056,
    "joint_noncat_accuracy": 0.8424513486176668,
    "requested_slots_f1": 0.9764441447516296,
    "requested_slots_precision": 0.9912901775679928,
    "requested_slots_recall": 0.9806136210384356
  },
  "#UNSEEN_SERVICES": {
    "active_intent_accuracy": 0.862241494329553,
    "average_cat_accuracy": 0.46910014005602246,
    "average_goal_accuracy": 0.7642664136739479,
    "average_noncat_accuracy": 0.845473555467407,
    "joint_cat_accuracy": 0.4870806016197455,
    "joint_goal_accuracy": 0.28294392928619083,
    "joint_noncat_accuracy": 0.47031363709139423,
    "requested_slots_f1": 0.9082960068617173,
    "requested_slots_precision": 0.972503891483211,
    "requested_slots_recall": 0.9119412941961308
  },
  "Alarm_1": {
    "active_intent_accuracy": 0.7729257641921398,
    "average_goal_accuracy": 0.6622727272727272,
    "average_noncat_accuracy": 0.6622727272727272,
    "joint_goal_accuracy": 0.4872052401746725,
    "joint_noncat_accuracy": 0.4872052401746725,
    "requested_slots_f1": 0.9956331877729258,
    "requested_slots_precision": 0.9956331877729258,
    "requested_slots_recall": 1.0
  },
  "Banks_2": {
    "active_intent_accuracy": 0.9659442724458205,
    "average_cat_accuracy": 0.8870431893687708,
    "average_goal_accuracy": 0.8201301218161684,
    "average_noncat_accuracy": 0.6339835164835165,
    "joint_cat_accuracy": 0.8452012383900929,
    "joint_goal_accuracy": 0.5834055727554179,
    "joint_noncat_accuracy": 0.6556346749226005,
    "requested_slots_f1": 0.9009287925696594,
    "requested_slots_precision": 1.0,
    "requested_slots_recall": 0.9009287925696594
  },
  "Buses_1": {
    "active_intent_accuracy": 0.9946949602122016,
    "average_cat_accuracy": 1.0,
    "average_goal_accuracy": 0.973271954674221,
    "average_noncat_accuracy": 0.9676809523809524,
    "joint_cat_accuracy": 1.0,
    "joint_goal_accuracy": 0.9217519893899204,
    "joint_noncat_accuracy": 0.9217519893899204,
    "requested_slots_f1": 0.9858532272325374,
    "requested_slots_precision": 0.9787798408488063,
    "requested_slots_recall": 1.0
  },
  "Events_1": {
    "active_intent_accuracy": 0.9712092130518234,
    "average_cat_accuracy": 1.0,
    "average_goal_accuracy": 0.9443987473903968,
    "average_noncat_accuracy": 0.918159871244635,
    "joint_cat_accuracy": 0.9923224568138196,
    "joint_goal_accuracy": 0.7809788867562379,
    "joint_noncat_accuracy": 0.7886564299424184,
    "requested_slots_f1": 0.9801663467690338,
    "requested_slots_precision": 0.9961612284069098,
    "requested_slots_recall": 0.980806142034549
  },
  "Flights_3": {
    "active_intent_accuracy": 0.9590834697217676,
    "average_cat_accuracy": 0.6771284271284272,
    "average_goal_accuracy": 0.8032771478961954,
    "average_noncat_accuracy": 0.8692883895131087,
    "joint_cat_accuracy": 0.49263502454991814,
    "joint_goal_accuracy": 0.30414140752864155,
    "joint_noncat_accuracy": 0.5929839607201309,
    "requested_slots_f1": 0.8805237315875614,
    "requested_slots_precision": 1.0,
    "requested_slots_recall": 0.8805237315875614
  },
  "Homes_1": {
    "active_intent_accuracy": 0.9880749574105622,
    "average_cat_accuracy": 0.9971153846153846,
    "average_goal_accuracy": 0.9849673063255151,
    "average_noncat_accuracy": 0.9750365205843293,
    "joint_cat_accuracy": 0.9540034071550255,
    "joint_goal_accuracy": 0.9131345826235093,
    "joint_noncat_accuracy": 0.947206132879046,
    "requested_slots_f1": 0.9982964224872232,
    "requested_slots_precision": 0.9982964224872232,
    "requested_slots_recall": 1.0
  },
  "Hotels_1": {
    "active_intent_accuracy": 0.974910394265233,
    "average_cat_accuracy": 0.8059467918622849,
    "average_goal_accuracy": 0.9244475108225109,
    "average_noncat_accuracy": 0.9871830065359478,
    "joint_cat_accuracy": 0.7383512544802867,
    "joint_goal_accuracy": 0.709189964157706,
    "joint_noncat_accuracy": 0.9692186379928317,
    "requested_slots_f1": 0.989247311827957,
    "requested_slots_precision": 0.992831541218638,
    "requested_slots_recall": 0.989247311827957
  },
  "Hotels_4": {
    "active_intent_accuracy": 0.9428571428571428,
    "average_cat_accuracy": 0.779320987654321,
    "average_goal_accuracy": 0.825157392545033,
    "average_noncat_accuracy": 0.848921568627451,
    "joint_cat_accuracy": 0.4392857142857143,
    "joint_goal_accuracy": 0.10110535714285715,
    "joint_noncat_accuracy": 0.18824392857142858,
    "requested_slots_f1": 0.9295238095238094,
    "requested_slots_precision": 0.9321428571428572,
    "requested_slots_recall": 0.9482142857142857
  },
  "Media_2": {
    "active_intent_accuracy": 0.9428571428571428,
    "average_cat_accuracy": 0.006060606060606061,
    "average_goal_accuracy": 0.7461706758304697,
    "average_noncat_accuracy": 0.8824083619702178,
    "joint_cat_accuracy": 0.4793650793650794,
    "joint_goal_accuracy": 0.2628539682539683,
    "joint_noncat_accuracy": 0.3999602666666667,
    "requested_slots_f1": 0.919047619047619,
    "requested_slots_precision": 0.9253968253968254,
    "requested_slots_recall": 0.9253968253968254
  },
  "Movies_2": {
    "active_intent_accuracy": 0.9545454545454546,
    "average_goal_accuracy": 0.7873966942148761,
    "average_noncat_accuracy": 0.7873966942148761,
    "joint_goal_accuracy": 0.3228352272727273,
    "joint_noncat_accuracy": 0.3228352272727273,
    "requested_slots_f1": 0.899621212121212,
    "requested_slots_precision": 0.9157196969696969,
    "requested_slots_recall": 0.9034090909090909
  },
  "Music_1": {
    "active_intent_accuracy": 0.951417004048583,
    "average_cat_accuracy": 0.6633986928104575,
    "average_goal_accuracy": 0.8179660347551343,
    "average_noncat_accuracy": 0.9047058823529411,
    "joint_cat_accuracy": 0.7165991902834008,
    "joint_goal_accuracy": 0.5991902834008097,
    "joint_noncat_accuracy": 0.814251012145749,
    "requested_slots_f1": 0.9892037786774628,
    "requested_slots_precision": 0.9898785425101214,
    "requested_slots_recall": 0.9959514170040485
  },
  "RentalCars_1": {
    "active_intent_accuracy": 0.9939024390243902,
    "average_cat_accuracy": 0.8871794871794871,
    "average_goal_accuracy": 0.9148654684095859,
    "average_noncat_accuracy": 0.9147247807017543,
    "joint_cat_accuracy": 0.9085365853658537,
    "joint_goal_accuracy": 0.6191128048780488,
    "joint_noncat_accuracy": 0.6798307926829268,
    "requested_slots_f1": 0.9969512195121951,
    "requested_slots_precision": 0.9969512195121951,
    "requested_slots_recall": 1.0
  },
  "Restaurants_2": {
    "active_intent_accuracy": 0.7240829346092504,
    "average_cat_accuracy": 0.40336134453781514,
    "average_goal_accuracy": 0.7830691580756014,
    "average_noncat_accuracy": 0.8519856073690271,
    "joint_cat_accuracy": 0.6076555023923444,
    "joint_goal_accuracy": 0.2559776714513557,
    "joint_noncat_accuracy": 0.3388845295055821,
    "requested_slots_f1": 0.9069188121819701,
    "requested_slots_precision": 0.9615629984051036,
    "requested_slots_recall": 0.9154704944178629
  },
  "RideSharing_1": {
    "active_intent_accuracy": 0.9922178988326849,
    "average_cat_accuracy": 0.9826086956521739,