{
  "#ALL_SERVICES": {
    "active_intent_accuracy": 0.9450033534540577,
    "average_cat_accuracy": 0.6956942727647302,
    "average_goal_accuracy": 0.8029970364135344,
    "average_noncat_accuracy": 0.8414708114419146,
    "joint_cat_accuracy": 0.7055997043060432,
    "joint_goal_accuracy": 0.4981359154929577,
    "joint_noncat_accuracy": 0.6291679912810194,
    "requested_slots_f1": 0.9471335952221265,
    "requested_slots_precision": 0.9827967806841047,
    "requested_slots_recall": 0.9499496981891348
  },
  "#SEEN_SERVICES": {
    "active_intent_accuracy": 0.9875252865812543,
    "average_cat_accuracy": 0.8858010275572162,
    "average_goal_accuracy": 0.8679660561660562,
    "average_noncat_accuracy": 0.8742218614718615,
    "joint_cat_accuracy": 0.8914123491838183,
    "joint_goal_accuracy": 0.669764699932569,
    "joint_noncat_accuracy": 0.7454693526635199,
    "requested_slots_f1": 0.9812879298718813,
    "requested_slots_precision": 0.9973027646662171,
    "requested_slots_recall": 0.98229939312205
  },
  "#UNSEEN_SERVICES": {
    "active_intent_accuracy": 0.9029352901934623,
    "average_cat_accuracy": 0.48192401960784315,
    "average_goal_accuracy": 0.7373304596181308,
    "average_noncat_accuracy": 0.8074596059764644,
    "joint_cat_accuracy": 0.5036637099884304,
    "joint_goal_accuracy": 0.3283390593729153,
    "joint_noncat_accuracy": 0.5141080053368913,
    "requested_slots_f1": 0.9133438165125957,
    "requested_slots_precision": 0.9684456304202802,
    "requested_slots_recall": 0.9179452968645764
  },
  "Alarm_1": {
    "active_intent_accuracy": 0.7991266375545851,
    "average_goal_accuracy": 0.7124675324675325,
    "average_noncat_accuracy": 0.7124675324675325,
    "joint_goal_accuracy": 0.5212772925764192,
    "joint_noncat_accuracy": 0.5212772925764192,
    "requested_slots_f1": 1.0,
    "requested_slots_precision": 1.0,
    "requested_slots_recall": 1.0
  },
  "Banks_2": {
    "active_intent_accuracy": 0.9752321981424149,
    "average_cat_accuracy": 0.9584717607973422,
    "average_goal_accuracy": 0.9080287929125138,
    "average_noncat_accuracy": 0.7714285714285715,
    "joint_cat_accuracy": 0.9226006191950464,
    "joint_goal_accuracy": 0.7151702786377709,
    "joint_noncat_accuracy": 0.7585139318885449,
    "requested_slots_f1": 0.9009287925696594,
    "requested_slots_precision": 1.0,
    "requested_slots_recall": 0.9009287925696594
  },
  "Buses_1": {
    "active_intent_accuracy": 0.9946949602122016,
    "average_cat_accuracy": 1.0,
    "average_goal_accuracy": 0.9192332389046269,
    "average_noncat_accuracy": 0.900557142857143,
    "joint_cat_accuracy": 1.0,
    "joint_goal_accuracy": 0.7275464190981431,
    "joint_noncat_accuracy": 0.7275464190981431,
    "requested_slots_f1": 0.9938107869142351,
    "requested_slots_precision": 0.993368700265252,
    "requested_slots_recall": 0.9960212201591512
  },
  "Events_1": {
    "active_intent_accuracy": 0.9846449136276392,
    "average_cat_accuracy": 1.0,
    "average_goal_accuracy": 0.911034794711204,
    "average_noncat_accuracy": 0.8675500715307581,
    "joint_cat_accuracy": 1.0,
    "joint_goal_accuracy": 0.7336074856046065,
    "joint_noncat_accuracy": 0.7336074856046065,
    "requested_slots_f1": 0.9910428662827896,
    "requested_slots_precision": 0.9980806142034548,
    "requested_slots_recall": 0.9923224568138196
  },
  "Flights_3": {
    "active_intent_accuracy": 0.9034369885433715,
    "average_cat_accuracy": 0.6607142857142857,
    "average_goal_accuracy": 0.8532656840513984,
    "average_noncat_accuracy": 0.9446910112359551,
    "joint_cat_accuracy": 0.4795417348608838,
    "joint_goal_accuracy": 0.38151882160392797,
    "joint_noncat_accuracy": 0.8305623567921441,
    "requested_slots_f1": 0.8805237315875614,
    "requested_slots_precision": 1.0,
    "requested_slots_recall": 0.8805237315875614
  },
  "Homes_1": {
    "active_intent_accuracy": 0.989778534923339,
    "average_cat_accuracy": 0.9913461538461539,
    "average_goal_accuracy": 0.9347681236673774,
    "average_noncat_accuracy": 0.8970783532536521,
    "joint_cat_accuracy": 0.9659284497444633,
    "joint_goal_accuracy": 0.755366269165247,
    "joint_noncat_accuracy": 0.7809199318568995,
    "requested_slots_f1": 0.9965928449744463,
    "requested_slots_precision": 0.9965928449744463,
    "requested_slots_recall": 1.0
  },
  "Hotels_1": {
    "active_intent_accuracy": 0.967741935483871,
    "average_cat_accuracy": 0.92018779342723,
    "average_goal_accuracy": 0.8891412337662338,
    "average_noncat_accuracy": 0.8737091503267974,
    "joint_cat_accuracy": 0.8745519713261649,
    "joint_goal_accuracy": 0.5508602150537635,
    "joint_noncat_accuracy": 0.6153763440860215,
    "requested_slots_f1": 0.9970131421744324,
    "requested_slots_precision": 0.9982078853046595,
    "requested_slots_recall": 0.996415770609319
  },
  "Hotels_4": {
    "active_intent_accuracy": 0.9892857142857143,
    "average_cat_accuracy": 0.8325617283950618,
    "average_goal_accuracy": 0.7578025682182986,
    "average_noncat_accuracy": 0.7293660130718954,
    "joint_cat_accuracy": 0.4785714285714286,
    "joint_goal_accuracy": 0.10969642857142857,
    "joint_noncat_accuracy": 0.20021785714285714,
    "requested_slots_f1": 0.9166666666666665,
    "requested_slots_precision": 0.9470238095238094,
    "requested_slots_recall": 0.925
  },
  "Media_2": {
    "active_intent_accuracy": 0.9428571428571428,
    "average_cat_accuracy": 0.10909090909090909,
    "average_goal_accuracy": 0.45186540664375713,
    "average_noncat_accuracy": 0.5304037800687286,
    "joint_cat_accuracy": 0.5333333333333333,
    "joint_goal_accuracy": 0.08726984126984126,
    "joint_noncat_accuracy": 0.08812698412698414,
    "requested_slots_f1": 0.9169312169312168,
    "requested_slots_precision": 0.9253968253968254,
    "requested_slots_recall": 0.9253968253968254
  },
  "Movies_2": {
    "active_intent_accuracy": 0.9829545454545454,
    "average_goal_accuracy": 0.8391322314049585,
    "average_noncat_accuracy": 0.8391322314049585,
    "joint_goal_accuracy": 0.44736931818181813,
    "joint_noncat_accuracy": 0.44736931818181813,
    "requested_slots_f1": 0.9070075757575757,
    "requested_slots_precision": 0.9166666666666665,
    "requested_slots_recall": 0.9204545454545454
  },
  "Music_1": {
    "active_intent_accuracy": 0.97165991902834,
    "average_cat_accuracy": 0.7450980392156863,
    "average_goal_accuracy": 0.7737598736176935,
    "average_noncat_accuracy": 0.771544117647059,
    "joint_cat_accuracy": 0.7854251012145749,
    "joint_goal_accuracy": 0.5317408906882591,
    "joint_noncat_accuracy": 0.685587044534413,
    "requested_slots_f1": 0.9946018893387315,
    "requested_slots_precision": 0.9959514170040485,
    "requested_slots_recall": 0.9979757085020243
  },
  "RentalCars_1": {
    "active_intent_accuracy": 1.0,
    "average_cat_accuracy": 0.7743589743589744,
    "average_goal_accuracy": 0.8976525054466229,
    "average_noncat_accuracy": 0.9073037280701755,
    "joint_cat_accuracy": 0.8323170731707317,
    "joint_goal_accuracy": 0.6132591463414634,
    "joint_noncat_accuracy": 0.674234756097561,
    "requested_slots_f1": 0.9969512195121951,
    "requested_slots_precision": 1.0,
    "requested_slots_recall": 0.9969512195121951
  },
  "Restaurants_2": {
    "active_intent_accuracy": 0.7942583732057417,
    "average_cat_accuracy": 0.35294117647058826,
    "average_goal_accuracy": 0.7453321469481263,
    "average_noncat_accuracy": 0.8154401266551525,
    "joint_cat_accuracy": 0.6044657097288676,
    "joint_goal_accuracy": 0.36672727272727274,
    "joint_noncat_accuracy": 0.4594612440191387,
    "requested_slots_f1": 0.903888509151667,
    "requested_slots_precision": 0.9336523125996808,
    "requested_slots_recall": 0.919457735247209
  },
  "RideSharing_1": {
    "active_intent_accuracy": 1.0,
    "average_cat_accuracy": 0.9826086956521739,
    "average_goal_accuracy": 0.9563305322128852,
    "average_noncat_accuracy": 0.9096682464454976,