{
  "#ALL_SERVICES": {
    "active_intent_accuracy": 0.9384641180415828,
    "average_cat_accuracy": 0.6929130613926657,
    "average_goal_accuracy": 0.816424520609201,
    "average_noncat_accuracy": 0.856720308750081,
    "joint_cat_accuracy": 0.7009794862317501,
    "joint_goal_accuracy": 0.5107868812877263,
    "joint_noncat_accuracy": 0.6597859590878605,
    "requested_slots_f1": 0.9456045798601131,
    "requested_slots_precision": 0.9870864073328862,
    "requested_slots_recall": 0.9480214621059692
  },
  "#SEEN_SERVICES": {
    "active_intent_accuracy": 0.9875252865812543,
    "average_cat_accuracy": 0.8760703721002647,
    "average_goal_accuracy": 0.8650276469562184,
    "average_noncat_accuracy": 0.8745783677107207,
    "joint_cat_accuracy": 0.8839602555003548,
    "joint_goal_accuracy": 0.6714695414699933,
    "joint_noncat_accuracy": 0.7441870060687795,
    "requested_slots_f1": 0.9810519217801754,
    "requested_slots_precision": 0.9966846482355587,
    "requested_slots_recall": 0.98229939312205
  },
  "#UNSEEN_SERVICES": {
    "active_intent_accuracy": 0.8899266177451635,
    "average_cat_accuracy": 0.4869572829131653,
    "average_goal_accuracy": 0.7672995539570882,
    "average_noncat_accuracy": 0.8381751289170963,
    "joint_cat_accuracy": 0.5021210952564596,
    "joint_goal_accuracy": 0.3518193128752502,
    "joint_noncat_accuracy": 0.576285790527018,
    "requested_slots_f1": 0.9105355951586772,
    "requested_slots_precision": 0.9775906159661997,
    "requested_slots_recall": 0.9141094062708472
  },
  "Alarm_1": {
    "active_intent_accuracy": 0.8384279475982532,
    "average_goal_accuracy": 0.7702597402597403,
    "average_noncat_accuracy": 0.7702597402597403,
    "joint_goal_accuracy": 0.5458480349344978,
    "joint_noncat_accuracy": 0.5458480349344978,
    "requested_slots_f1": 1.0,
    "requested_slots_precision": 1.0,
    "requested_slots_recall": 1.0
  },
  "Banks_2": {
    "active_intent_accuracy": 0.9876160990712074,
    "average_cat_accuracy": 0.9086378737541528,
    "average_goal_accuracy": 0.8092469545957918,
    "average_noncat_accuracy": 0.5521978021978022,
    "joint_cat_accuracy": 0.8359133126934984,
    "joint_goal_accuracy": 0.49226006191950467,
    "joint_noncat_accuracy": 0.5232198142414861,
    "requested_slots_f1": 0.9009287925696594,
    "requested_slots_precision": 1.0,
    "requested_slots_recall": 0.9009287925696594
  },
  "Buses_1": {
    "active_intent_accuracy": 0.986737400530504,
    "average_cat_accuracy": 0.972,
    "average_goal_accuracy": 0.9082710103871579,
    "average_noncat_accuracy": 0.8919809523809523,
    "joint_cat_accuracy": 0.9814323607427056,
    "joint_goal_accuracy": 0.7089975066312997,
    "joint_noncat_accuracy": 0.7169550663129973,
    "requested_slots_f1": 0.9902740937223695,
    "requested_slots_precision": 0.9920424403183024,
    "requested_slots_recall": 0.9907161803713528
  },
  "Events_1": {
    "active_intent_accuracy": 0.9942418426103646,
    "average_cat_accuracy": 1.0,
    "average_goal_accuracy": 0.9117828810020877,
    "average_noncat_accuracy": 0.868975321888412,
    "joint_cat_accuracy": 1.0,
    "joint_goal_accuracy": 0.7112476007677543,
    "joint_noncat_accuracy": 0.7112476007677543,
    "requested_slots_f1": 0.9955214331413946,
    "requested_slots_precision": 1.0,
    "requested_slots_recall": 0.9952015355086372
  },
  "Flights_3": {
    "active_intent_accuracy": 0.911620294599018,
    "average_cat_accuracy": 0.613997113997114,
    "average_goal_accuracy": 0.8653368396741412,
    "average_noncat_accuracy": 0.980138888888889,
    "joint_cat_accuracy": 0.4746317512274959,
    "joint_goal_accuracy": 0.4616864157119477,
    "joint_noncat_accuracy": 0.9435235679214404,
    "requested_slots_f1": 0.8859792689579923,
    "requested_slots_precision": 1.0,
    "requested_slots_recall": 0.8846153846153846
  },
  "Homes_1": {
    "active_intent_accuracy": 0.9829642248722317,
    "average_cat_accuracy": 0.9836538461538461,
    "average_goal_accuracy": 0.9350672974413645,
    "average_noncat_accuracy": 0.9017828685258964,
    "joint_cat_accuracy": 0.9676320272572402,
    "joint_goal_accuracy": 0.7675468483816014,
    "joint_noncat_accuracy": 0.7862862010221465,
    "requested_slots_f1": 0.9982964224872232,
    "requested_slots_precision": 0.9982964224872232,
    "requested_slots_recall": 1.0
  },
  "Hotels_1": {
    "active_intent_accuracy": 0.978494623655914,
    "average_cat_accuracy": 0.931924882629108,
    "average_goal_accuracy": 0.8988481240981241,
    "average_noncat_accuracy": 0.8772875816993463,
    "joint_cat_accuracy": 0.9139784946236559,
    "joint_goal_accuracy": 0.6040860215053763,
    "joint_noncat_accuracy": 0.6255913978494624,
    "requested_slots_f1": 0.9916367980884111,
    "requested_slots_precision": 0.996415770609319,
    "requested_slots_recall": 0.9910394265232975
  },
  "Hotels_4": {
    "active_intent_accuracy": 0.9857142857142858,
    "average_cat_accuracy": 0.9050925925925926,
    "average_goal_accuracy": 0.7727298020331729,
    "average_noncat_accuracy": 0.7090000000000001,
    "joint_cat_accuracy": 0.4928571428571429,
    "joint_goal_accuracy": 0.20314285714285713,
    "joint_noncat_accuracy": 0.37397857142857144,
    "requested_slots_f1": 0.9286904761904761,
    "requested_slots_precision": 0.9470238095238094,
    "requested_slots_recall": 0.9357142857142857
  },
  "Media_2": {
    "active_intent_accuracy": 0.9333333333333333,
    "average_cat_accuracy": 0.18181818181818182,
    "average_goal_accuracy": 0.7768802978235967,
    "average_noncat_accuracy": 0.8912542955326461,
    "joint_cat_accuracy": 0.5714285714285714,
    "joint_goal_accuracy": 0.2936977777777778,
    "joint_noncat_accuracy": 0.4899720634920635,
    "requested_slots_f1": 0.9197883597883598,
    "requested_slots_precision": 0.9486772486772486,
    "requested_slots_recall": 0.926984126984127
  },
  "Movies_2": {
    "active_intent_accuracy": 0.9829545454545454,
    "average_goal_accuracy": 0.8306473829201101,
    "average_noncat_accuracy": 0.8306473829201101,
    "joint_goal_accuracy": 0.39325284090909096,
    "joint_noncat_accuracy": 0.39325284090909096,
    "requested_slots_f1": 0.9034090909090909,
    "requested_slots_precision": 0.9327651515151515,
    "requested_slots_recall": 0.9147727272727273
  },
  "Music_1": {
    "active_intent_accuracy": 0.9757085020242915,
    "average_cat_accuracy": 0.7418300653594772,
    "average_goal_accuracy": 0.754316745655608,
    "average_noncat_accuracy": 0.7517892156862745,
    "joint_cat_accuracy": 0.7773279352226721,
    "joint_goal_accuracy": 0.5437246963562753,
    "joint_noncat_accuracy": 0.6849392712550605,
    "requested_slots_f1": 0.9878542510121457,
    "requested_slots_precision": 0.9878542510121457,
    "requested_slots_recall": 1.0
  },
  "RentalCars_1": {
    "active_intent_accuracy": 0.9908536585365854,
    "average_cat_accuracy": 0.7692307692307693,
    "average_goal_accuracy": 0.9057647058823529,
    "average_noncat_accuracy": 0.9172598684210526,
    "joint_cat_accuracy": 0.8384146341463414,
    "joint_goal_accuracy": 0.6658810975609756,
    "joint_noncat_accuracy": 0.6902713414634146,
    "requested_slots_f1": 1.0,
    "requested_slots_precision": 1.0,
    "requested_slots_recall": 1.0
  },
  "Restaurants_2": {
    "active_intent_accuracy": 0.8931419457735247,
    "average_cat_accuracy": 0.40476190476190477,
    "average_goal_accuracy": 0.7470433848797251,
    "average_noncat_accuracy": 0.8097731721358664,
    "joint_cat_accuracy": 0.6220095693779905,
    "joint_goal_accuracy": 0.3764870813397129,
    "joint_noncat_accuracy": 0.4734089314194578,
    "requested_slots_f1": 0.9096529201792359,
    "requested_slots_precision": 0.961164274322169,
    "requested_slots_recall": 0.9234449760765551
  },
  "RideSharing_1": {
    "active_intent_accuracy": 1.0,
    "average_cat_accuracy": 0.9304347826086956,
    "average_goal_accuracy": 0.9229271708683473,
    "average_noncat_accuracy": 0.9098104265402843,