{
  "#ALL_SERVICES": {
    "active_intent_accuracy": 0.9342723004694836,
    "average_cat_accuracy": 0.6855377008652658,
    "average_goal_accuracy": 0.8299861355884649,
    "average_noncat_accuracy": 0.8867263086203541,
    "joint_cat_accuracy": 0.6954352245425984,
    "joint_goal_accuracy": 0.5501670187793427,
    "joint_noncat_accuracy": 0.6998901073105299,
    "requested_slots_f1": 0.9442057104531953,
    "requested_slots_precision": 0.9829756315671809,
    "requested_slots_recall": 0.9473507712944332
  },
  "#SEEN_SERVICES": {
    "active_intent_accuracy": 0.9834794335805799,
    "average_cat_accuracy": 0.879417717577456,
    "average_goal_accuracy": 0.9019457090528519,
    "average_noncat_accuracy": 0.9321313343519226,
    "joint_cat_accuracy": 0.8821859474804826,
    "joint_goal_accuracy": 0.7812037086985838,
    "joint_noncat_accuracy": 0.8776392110586648,
    "requested_slots_f1": 0.9805461901550911,
    "requested_slots_precision": 0.9955046077770285,
    "requested_slots_recall": 0.9828051247471342
  },
  "#UNSEEN_SERVICES": {
    "active_intent_accuracy": 0.8855903935957304,
    "average_cat_accuracy": 0.46752450980392163,
    "average_goal_accuracy": 0.7572539491546342,
    "average_noncat_accuracy": 0.8395742430252545,
    "joint_cat_accuracy": 0.4924797531816429,
    "joint_goal_accuracy": 0.32159636424282856,
    "joint_noncat_accuracy": 0.5240382588392261,
    "requested_slots_f1": 0.9082531211283713,
    "requested_slots_precision": 0.9705803869246165,
    "requested_slots_recall": 0.9122748498999332
  },
  "Alarm_1": {
    "active_intent_accuracy": 0.7641921397379913,
    "average_goal_accuracy": 0.6366558441558442,
    "average_noncat_accuracy": 0.6366558441558442,
    "joint_goal_accuracy": 0.46638253275109165,
    "joint_noncat_accuracy": 0.46638253275109165,
    "requested_slots_f1": 1.0,
    "requested_slots_precision": 1.0,
    "requested_slots_recall": 1.0
  },
  "Banks_2": {
    "active_intent_accuracy": 0.9535603715170279,
    "average_cat_accuracy": 0.9352159468438538,
    "average_goal_accuracy": 0.872735326688815,
    "average_noncat_accuracy": 0.7072527472527472,
    "joint_cat_accuracy": 0.8823529411764706,
    "joint_goal_accuracy": 0.6377708978328174,
    "joint_noncat_accuracy": 0.6824767801857585,
    "requested_slots_f1": 0.9009287925696594,
    "requested_slots_precision": 1.0,
    "requested_slots_recall": 0.9009287925696594
  },
  "Buses_1": {
    "active_intent_accuracy": 0.986737400530504,
    "average_cat_accuracy": 1.0,
    "average_goal_accuracy": 0.9698692162417375,
    "average_noncat_accuracy": 0.9634428571428573,
    "joint_cat_accuracy": 1.0,
    "joint_goal_accuracy": 0.9123607427055704,
    "joint_noncat_accuracy": 0.9123607427055704,
    "requested_slots_f1": 0.9964633068081343,
    "requested_slots_precision": 0.9973474801061007,
    "requested_slots_recall": 0.9973474801061007
  },
  "Events_1": {
    "active_intent_accuracy": 0.9884836852207294,
    "average_cat_accuracy": 1.0,
    "average_goal_accuracy": 0.9563427279053583,
    "average_noncat_accuracy": 0.9373354792560801,
    "joint_cat_accuracy": 1.0,
    "joint_goal_accuracy": 0.8216314779270634,
    "joint_noncat_accuracy": 0.8216314779270634,
    "requested_slots_f1": 0.9948816378758798,
    "requested_slots_precision": 0.9990403071017274,
    "requested_slots_recall": 0.9952015355086372
  },
  "Flights_3": {
    "active_intent_accuracy": 0.9410801963993454,
    "average_cat_accuracy": 0.686868686868687,
    "average_goal_accuracy": 0.7950563953976653,
    "average_noncat_accuracy": 0.8558161672908864,
    "joint_cat_accuracy": 0.5090016366612111,
    "joint_goal_accuracy": 0.30980425531914896,
    "joint_noncat_accuracy": 0.5858808510638298,
    "requested_slots_f1": 0.88379705400982,
    "requested_slots_precision": 1.0,
    "requested_slots_recall": 0.8829787234042553
  },
  "Homes_1": {
    "active_intent_accuracy": 0.989778534923339,
    "average_cat_accuracy": 0.9971153846153846,
    "average_goal_accuracy": 0.9891304193319118,
    "average_noncat_accuracy": 0.9842297476759628,
    "joint_cat_accuracy": 0.9829642248722317,
    "joint_goal_accuracy": 0.9510051107325384,
    "joint_noncat_accuracy": 0.964633730834753,
    "requested_slots_f1": 0.9982964224872232,
    "requested_slots_precision": 0.9982964224872232,
    "requested_slots_recall": 1.0
  },
  "Hotels_1": {
    "active_intent_accuracy": 0.967741935483871,
    "average_cat_accuracy": 0.7550860719874805,
    "average_goal_accuracy": 0.9122956349206349,
    "average_noncat_accuracy": 0.9849183006535949,
    "joint_cat_accuracy": 0.6810035842293907,
    "joint_goal_accuracy": 0.6522867383512545,
    "joint_noncat_accuracy": 0.9541290322580646,
    "requested_slots_f1": 0.9910394265232975,
    "requested_slots_precision": 0.9910394265232975,
    "requested_slots_recall": 0.9910394265232975
  },
  "Hotels_4": {
    "active_intent_accuracy": 0.9785714285714285,
    "average_cat_accuracy": 0.66820987654321,
    "average_goal_accuracy": 0.8177144640627787,
    "average_noncat_accuracy": 0.8883202614379084,
    "joint_cat_accuracy": 0.41785714285714287,
    "joint_goal_accuracy": 0.094845,
    "joint_noncat_accuracy": 0.2570664285714286,
    "requested_slots_f1": 0.9188095238095237,
    "requested_slots_precision": 0.9342261904761904,
    "requested_slots_recall": 0.9357142857142857
  },
  "Media_2": {
    "active_intent_accuracy": 0.9428571428571428,
    "average_cat_accuracy": 0.0,
    "average_goal_accuracy": 0.7419702176403207,
    "average_noncat_accuracy": 0.884410080183276,
    "joint_cat_accuracy": 0.47619047619047616,
    "joint_goal_accuracy": 0.24835682539682538,
    "joint_noncat_accuracy": 0.3823873015873016,
    "requested_slots_f1": 0.9047619047619048,
    "requested_slots_precision": 0.9158730158730158,
    "requested_slots_recall": 0.9079365079365079
  },
  "Movies_2": {
    "active_intent_accuracy": 0.9545454545454546,
    "average_goal_accuracy": 0.6174793388429751,
    "average_noncat_accuracy": 0.6174793388429751,
    "joint_goal_accuracy": 0.35816420454545456,
    "joint_noncat_accuracy": 0.35816420454545456,
    "requested_slots_f1": 0.9053030303030302,
    "requested_slots_precision": 0.9128787878787878,
    "requested_slots_recall": 0.9119318181818182
  },
  "Music_1": {
    "active_intent_accuracy": 0.9473684210526315,
    "average_cat_accuracy": 0.6633986928104575,
    "average_goal_accuracy": 0.8152962085308059,
    "average_noncat_accuracy": 0.9087009803921569,
    "joint_cat_accuracy": 0.7165991902834008,
    "joint_goal_accuracy": 0.6328340080971661,
    "joint_noncat_accuracy": 0.8370445344129555,
    "requested_slots_f1": 0.9892037786774628,
    "requested_slots_precision": 0.9878542510121457,
    "requested_slots_recall": 1.0
  },
  "RentalCars_1": {
    "active_intent_accuracy": 0.9908536585365854,
    "average_cat_accuracy": 0.9179487179487179,
    "average_goal_accuracy": 0.9580849673202614,
    "average_noncat_accuracy": 0.9613453947368422,
    "joint_cat_accuracy": 0.9237804878048781,
    "joint_goal_accuracy": 0.81735,
    "joint_noncat_accuracy": 0.8664771341463414,
    "requested_slots_f1": 0.9969512195121951,
    "requested_slots_precision": 1.0,
    "requested_slots_recall": 0.9969512195121951
  },
  "Restaurants_2": {
    "active_intent_accuracy": 0.748006379585327,
    "average_cat_accuracy": 0.4117647058823529,
    "average_goal_accuracy": 0.791842803960072,
    "average_noncat_accuracy": 0.8599971214738054,
    "joint_cat_accuracy": 0.6060606060606061,
    "joint_goal_accuracy": 0.41503668261563,
    "joint_noncat_accuracy": 0.5557687400318979,
    "requested_slots_f1": 0.9122958912432596,
    "requested_slots_precision": 0.9554226475279106,
    "requested_slots_recall": 0.9266347687400319
  },
  "RideSharing_1": {
    "active_intent_accuracy": 1.0,
    "average_cat_accuracy": 0.9956521739130435,
    "average_goal_accuracy": 0.9463865546218486,
    "average_noncat_accuracy": 0.8535545023696683,