{
  "#ALL_SERVICES": {
    "active_intent_accuracy": 0.8821260898725688,
    "average_cat_accuracy": 0.6664194478780386,
    "average_goal_accuracy": 0.7556120310212098,
    "average_noncat_accuracy": 0.7866200622689239,
    "joint_cat_accuracy": 0.6464609129550914,
    "joint_goal_accuracy": 0.43130870221327966,
    "joint_noncat_accuracy": 0.5946500442655935,
    "requested_slots_f1": 0.9376616843920668,
    "requested_slots_precision": 0.9833780460541024,
    "requested_slots_recall": 0.9407276995305164
  },
  "#SEEN_SERVICES": {
    "active_intent_accuracy": 0.9490896830748483,
    "average_cat_accuracy": 0.8536509419274483,
    "average_goal_accuracy": 0.8257139891854178,
    "average_noncat_accuracy": 0.8378040488922842,
    "joint_cat_accuracy": 0.7828246983676366,
    "joint_goal_accuracy": 0.5488953472690492,
    "joint_noncat_accuracy": 0.6937773432231962,
    "requested_slots_f1": 0.9745785569790966,
    "requested_slots_precision": 0.99331310406833,
    "requested_slots_recall": 0.978422117329737
  },
  "#UNSEEN_SERVICES": {
    "active_intent_accuracy": 0.8158772515010007,
    "average_cat_accuracy": 0.45588235294117646,
    "average_goal_accuracy": 0.6847574046649388,
    "average_noncat_accuracy": 0.733466679888933,
    "joint_cat_accuracy": 0.498264558426533,
    "joint_goal_accuracy": 0.31497715143428956,
    "joint_noncat_accuracy": 0.49658080853902603,
    "requested_slots_f1": 0.9011388544744116,
    "requested_slots_precision": 0.9735490326884589,
    "requested_slots_recall": 0.9034356237491661
  },
  "Alarm_1": {
    "active_intent_accuracy": 0.7685589519650655,
    "average_goal_accuracy": 0.7122402597402597,
    "average_noncat_accuracy": 0.7122402597402597,
    "joint_goal_accuracy": 0.5487995633187773,
    "joint_noncat_accuracy": 0.5487995633187773,
    "requested_slots_f1": 1.0,
    "requested_slots_precision": 1.0,
    "requested_slots_recall": 1.0
  },
  "Banks_2": {
    "active_intent_accuracy": 0.9690402476780186,
    "average_cat_accuracy": 0.9302325581395349,
    "average_goal_accuracy": 0.6875526024363234,
    "average_noncat_accuracy": 0.12769230769230772,
    "joint_cat_accuracy": 0.891640866873065,
    "joint_goal_accuracy": 0.43962848297213625,
    "joint_noncat_accuracy": 0.4582043343653251,
    "requested_slots_f1": 0.9009287925696594,
    "requested_slots_precision": 1.0,
    "requested_slots_recall": 0.9009287925696594
  },
  "Buses_1": {
    "active_intent_accuracy": 0.986737400530504,
    "average_cat_accuracy": 1.0,
    "average_goal_accuracy": 0.9037606232294618,
    "average_noncat_accuracy": 0.8815214285714287,
    "joint_cat_accuracy": 1.0,
    "joint_goal_accuracy": 0.6611220159151193,
    "joint_noncat_accuracy": 0.6611220159151193,
    "requested_slots_f1": 0.9610963748894783,
    "requested_slots_precision": 0.9880636604774535,
    "requested_slots_recall": 0.9655172413793104
  },
  "Events_1": {
    "active_intent_accuracy": 0.9846449136276392,
    "average_cat_accuracy": 1.0,
    "average_goal_accuracy": 0.8969199721642309,
    "average_noncat_accuracy": 0.8485479256080116,
    "joint_cat_accuracy": 0.9980806142034548,
    "joint_goal_accuracy": 0.6838410748560461,
    "joint_noncat_accuracy": 0.6838410748560461,
    "requested_slots_f1": 0.9910428662827894,
    "requested_slots_precision": 0.9980806142034548,
    "requested_slots_recall": 0.9923224568138196
  },
  "Flights_3": {
    "active_intent_accuracy": 0.9279869067103109,
    "average_cat_accuracy": 0.6453823953823953,
    "average_goal_accuracy": 0.8466730704627531,
    "average_noncat_accuracy": 0.9414934456928838,
    "joint_cat_accuracy": 0.45499181669394434,
    "joint_goal_accuracy": 0.3984621931260229,
    "joint_noncat_accuracy": 0.8476602291325696,
    "requested_slots_f1": 0.8805237315875614,
    "requested_slots_precision": 1.0,
    "requested_slots_recall": 0.8805237315875614
  },
  "Homes_1": {
    "active_intent_accuracy": 0.8449744463373083,
    "average_cat_accuracy": 0.9336538461538462,
    "average_goal_accuracy": 0.893698605188344,
    "average_noncat_accuracy": 0.882234395750332,
    "joint_cat_accuracy": 0.5638841567291312,
    "joint_goal_accuracy": 0.42703577512776836,
    "joint_noncat_accuracy": 0.7517035775127768,
    "requested_slots_f1": 0.9914821124361158,
    "requested_slots_precision": 0.9914821124361158,
    "requested_slots_recall": 1.0
  },
  "Hotels_1": {
    "active_intent_accuracy": 0.8637992831541219,
    "average_cat_accuracy": 0.7965571205007825,
    "average_goal_accuracy": 0.8599718614718614,
    "average_noncat_accuracy": 0.8930424836601307,
    "joint_cat_accuracy": 0.7311827956989247,
    "joint_goal_accuracy": 0.480752688172043,
    "joint_noncat_accuracy": 0.6508602150537635,
    "requested_slots_f1": 0.9910394265232975,
    "requested_slots_precision": 0.9946236559139785,
    "requested_slots_recall": 0.989247311827957
  },
  "Hotels_4": {
    "active_intent_accuracy": 0.9571428571428572,
    "average_cat_accuracy": 0.7237654320987654,
    "average_goal_accuracy": 0.6683813982521848,
    "average_noncat_accuracy": 0.6550522875816992,
    "joint_cat_accuracy": 0.6428571428571429,
    "joint_goal_accuracy": 0.20653571428571427,
    "joint_noncat_accuracy": 0.3048571428571429,
    "requested_slots_f1": 0.9357312925170067,
    "requested_slots_precision": 0.9252380952380952,
    "requested_slots_recall": 0.9553571428571429
  },
  "Media_2": {
    "active_intent_accuracy": 0.8507936507936508,
    "average_cat_accuracy": 0.03636363636363636,
    "average_goal_accuracy": 0.5815607101947309,
    "average_noncat_accuracy": 0.694799541809851,
    "joint_cat_accuracy": 0.49523809523809526,
    "joint_goal_accuracy": 0.23492063492063492,
    "joint_noncat_accuracy": 0.40746031746031747,
    "requested_slots_f1": 0.8894179894179893,
    "requested_slots_precision": 0.9142857142857143,
    "requested_slots_recall": 0.8904761904761904
  },
  "Movies_2": {
    "active_intent_accuracy": 0.9715909090909091,
    "average_goal_accuracy": 0.5123140495867768,
    "average_noncat_accuracy": 0.5123140495867768,
    "joint_goal_accuracy": 0.35795454545454547,
    "joint_noncat_accuracy": 0.35795454545454547,
    "requested_slots_f1": 0.9107954545454546,
    "requested_slots_precision": 0.949810606060606,
    "requested_slots_recall": 0.9261363636363636
  },
  "Music_1": {
    "active_intent_accuracy": 0.9838056680161943,
    "average_cat_accuracy": 0.7254901960784313,
    "average_goal_accuracy": 0.6994036334913112,
    "average_noncat_accuracy": 0.7012745098039216,
    "joint_cat_accuracy": 0.7611336032388664,
    "joint_goal_accuracy": 0.4336842105263158,
    "joint_noncat_accuracy": 0.6037246963562753,
    "requested_slots_f1": 0.9851551956815114,
    "requested_slots_precision": 0.9838056680161943,
    "requested_slots_recall": 1.0
  },
  "RentalCars_1": {
    "active_intent_accuracy": 0.9908536585365854,
    "average_cat_accuracy": 0.8,
    "average_goal_accuracy": 0.8704531590413942,
    "average_noncat_accuracy": 0.8740383771929825,
    "joint_cat_accuracy": 0.8567073170731707,
    "joint_goal_accuracy": 0.5966737804878048,
    "joint_noncat_accuracy": 0.6088689024390244,
    "requested_slots_f1": 0.9969512195121951,
    "requested_slots_precision": 0.9969512195121951,
    "requested_slots_recall": 1.0
  },
  "Restaurants_2": {
    "active_intent_accuracy": 0.6889952153110048,
    "average_cat_accuracy": 0.35714285714285715,
    "average_goal_accuracy": 0.7065955653739159,
    "average_noncat_accuracy": 0.7685699481865285,
    "joint_cat_accuracy": 0.5677830940988836,
    "joint_goal_accuracy": 0.3274896331738437,
    "joint_noncat_accuracy": 0.4026644338118022,
    "requested_slots_f1": 0.8827371458950406,
    "requested_slots_precision": 0.9640616693248273,
    "requested_slots_recall": 0.8851674641148325
  },
  "RideSharing_1": {
    "active_intent_accuracy": 1.0,
    "average_cat_accuracy": 0.9195652173913044,
    "average_goal_accuracy": 0.8998039215686274,