{
  "#ALL_SERVICES": {
    "active_intent_accuracy": 0.8983903420523138,
    "average_cat_accuracy": 0.47871858261227856,
    "average_goal_accuracy": 0.3751894284136044,
    "average_noncat_accuracy": 0.32936871635207887,
    "joint_cat_accuracy": 0.48382923673997413,
    "joint_goal_accuracy": 0.1409103324386318,
    "joint_noncat_accuracy": 0.22602932154996647,
    "requested_slots_f1": 0.8825620389000671,
    "requested_slots_precision": 0.988430583501006,
    "requested_slots_recall": 0.8842219986586184
  },
  "#SEEN_SERVICES": {
    "active_intent_accuracy": 0.9409979770734996,
    "average_cat_accuracy": 0.6417561886968706,
    "average_goal_accuracy": 0.4221620704692133,
    "average_noncat_accuracy": 0.3426706137000255,
    "joint_cat_accuracy": 0.5564229950319376,
    "joint_goal_accuracy": 0.13611288963722185,
    "joint_noncat_accuracy": 0.2617419374659474,
    "requested_slots_f1": 0.8794672960215779,
    "requested_slots_precision": 0.9856709372892785,
    "requested_slots_recall": 0.8799730276466622
  },
  "#UNSEEN_SERVICES": {
    "active_intent_accuracy": 0.8562374916611074,
    "average_cat_accuracy": 0.29538690476190477,
    "average_goal_accuracy": 0.32771245217820555,
    "average_noncat_accuracy": 0.3155550046277932,
    "joint_cat_accuracy": 0.4049363671423062,
    "joint_goal_accuracy": 0.1456565683789193,
    "joint_noncat_accuracy": 0.19069789432955303,
    "requested_slots_f1": 0.8856237491661108,
    "requested_slots_precision": 0.9911607738492328,
    "requested_slots_recall": 0.888425617078052
  },
  "Alarm_1": {
    "active_intent_accuracy": 0.4585152838427948,
    "average_goal_accuracy": 0.6132467532467533,
    "average_noncat_accuracy": 0.6132467532467533,
    "joint_goal_accuracy": 0.4132772925764192,
    "joint_noncat_accuracy": 0.4132772925764192,
    "requested_slots_f1": 1.0,
    "requested_slots_precision": 1.0,
    "requested_slots_recall": 1.0
  },
  "Banks_2": {
    "active_intent_accuracy": 0.9938080495356038,
    "average_cat_accuracy": 0.6229235880398671,
    "average_goal_accuracy": 0.5682198228128461,
    "average_noncat_accuracy": 0.4422252747252748,
    "joint_cat_accuracy": 0.5386996904024768,
    "joint_goal_accuracy": 0.3309173374613003,
    "joint_noncat_accuracy": 0.48759969040247686,
    "requested_slots_f1": 0.9009287925696594,
    "requested_slots_precision": 1.0,
    "requested_slots_recall": 0.9009287925696594
  },
  "Buses_1": {
    "active_intent_accuracy": 0.9946949602122016,
    "average_cat_accuracy": 1.0,
    "average_goal_accuracy": 0.375900849858357,
    "average_noncat_accuracy": 0.2455047619047619,
    "joint_cat_accuracy": 1.0,
    "joint_goal_accuracy": 0.0723342175066313,
    "joint_noncat_accuracy": 0.0723342175066313,
    "requested_slots_f1": 0.8828470380194517,
    "requested_slots_precision": 0.9748010610079576,
    "requested_slots_recall": 0.8819628647214854
  },
  "Events_1": {
    "active_intent_accuracy": 0.9904030710172744,
    "average_cat_accuracy": 0.8614864864864865,
    "average_goal_accuracy": 0.37536256089074466,
    "average_noncat_accuracy": 0.11370886981402002,
    "joint_cat_accuracy": 0.836852207293666,
    "joint_goal_accuracy": 0.10738963531669866,
    "joint_noncat_accuracy": 0.10738963531669866,
    "requested_slots_f1": 0.8829174664107485,
    "requested_slots_precision": 1.0,
    "requested_slots_recall": 0.8829174664107485
  },
  "Flights_3": {
    "active_intent_accuracy": 0.7021276595744681,
    "average_cat_accuracy": 0.3717532467532468,
    "average_goal_accuracy": 0.30425619383555896,
    "average_noncat_accuracy": 0.2725062421972534,
    "joint_cat_accuracy": 0.32405891980360063,
    "joint_goal_accuracy": 0.08346972176759411,
    "joint_noncat_accuracy": 0.12843993453355154,
    "requested_slots_f1": 0.8805237315875614,
    "requested_slots_precision": 1.0,
    "requested_slots_recall": 0.8805237315875614
  },
  "Homes_1": {
    "active_intent_accuracy": 0.9880749574105622,
    "average_cat_accuracy": 0.8201923076923077,
    "average_goal_accuracy": 0.8176737295664535,
    "average_noncat_accuracy": 0.854425630810093,
    "joint_cat_accuracy": 0.31175468483816016,
    "joint_goal_accuracy": 0.23238500851788757,
    "joint_noncat_accuracy": 0.7071550255536627,
    "requested_slots_f1": 0.8648495173197047,
    "requested_slots_precision": 0.9667802385008518,
    "requested_slots_recall": 0.8722316865417377
  },
  "Hotels_1": {
    "active_intent_accuracy": 0.989247311827957,
    "average_cat_accuracy": 0.41784037558685444,
    "average_goal_accuracy": 0.2557487373737374,
    "average_noncat_accuracy": 0.18723856209150325,
    "joint_cat_accuracy": 0.4050179211469534,
    "joint_goal_accuracy": 0.06451612903225806,
    "joint_noncat_accuracy": 0.08602150537634409,
    "requested_slots_f1": 0.8172043010752689,
    "requested_slots_precision": 1.0,
    "requested_slots_recall": 0.8172043010752689
  },
  "Hotels_4": {
    "active_intent_accuracy": 0.9857142857142858,
    "average_cat_accuracy": 0.1813271604938272,
    "average_goal_accuracy": 0.15018066702336363,
    "average_noncat_accuracy": 0.12463725490196079,
    "joint_cat_accuracy": 0.29285714285714287,
    "joint_goal_accuracy": 0.07857142857142857,
    "joint_noncat_accuracy": 0.13214285714285715,
    "requested_slots_f1": 0.875357142857143,
    "requested_slots_precision": 0.9303571428571429,
    "requested_slots_recall": 0.9089285714285714
  },
  "Media_2": {
    "active_intent_accuracy": 0.8158730158730159,
    "average_cat_accuracy": 0.2,
    "average_goal_accuracy": 0.2161242840778923,
    "average_noncat_accuracy": 0.21958476517754869,
    "joint_cat_accuracy": 0.580952380952381,
    "joint_goal_accuracy": 0.08253968253968254,
    "joint_noncat_accuracy": 0.08253968253968254,
    "requested_slots_f1": 0.8857142857142857,
    "requested_slots_precision": 1.0,
    "requested_slots_recall": 0.8857142857142857
  },
  "Movies_2": {
    "active_intent_accuracy": 0.9943181818181818,
    "average_goal_accuracy": 0.13840220385674934,
    "average_noncat_accuracy": 0.13840220385674934,
    "joint_goal_accuracy": 0.2902674090909091,
    "joint_noncat_accuracy": 0.2902674090909091,
    "requested_slots_f1": 0.8636363636363636,
    "requested_slots_precision": 1.0,
    "requested_slots_recall": 0.8636363636363636
  },
  "Music_1": {
    "active_intent_accuracy": 0.5546558704453441,
    "average_cat_accuracy": 0.21895424836601307,
    "average_goal_accuracy": 0.3646824644549763,
    "average_noncat_accuracy": 0.4183006535947713,
    "joint_cat_accuracy": 0.4898785425101215,
    "joint_goal_accuracy": 0.1828408906882591,
    "joint_noncat_accuracy": 0.22737530364372469,
    "requested_slots_f1": 0.902834008097166,
    "requested_slots_precision": 0.9736842105263158,
    "requested_slots_recall": 0.9008097165991903
  },
  "RentalCars_1": {
    "active_intent_accuracy": 0.8658536585365854,
    "average_cat_accuracy": 0.38974358974358975,
    "average_goal_accuracy": 0.3252652505446623,
    "average_noncat_accuracy": 0.3094270833333333,
    "joint_cat_accuracy": 0.6128048780487805,
    "joint_goal_accuracy": 0.07333149592682926,
    "joint_noncat_accuracy": 0.07761733696341462,
    "requested_slots_f1": 0.8841463414634146,
    "requested_slots_precision": 1.0,
    "requested_slots_recall": 0.8841463414634146
  },
  "Restaurants_2": {
    "active_intent_accuracy": 0.9106858054226475,
    "average_cat_accuracy": 0.3445378151260504,
    "average_goal_accuracy": 0.3784667812142039,
    "average_noncat_accuracy": 0.38414363845710997,
    "joint_cat_accuracy": 0.5917065390749602,
    "joint_goal_accuracy": 0.10536607336523125,
    "joint_noncat_accuracy": 0.12121934290271132,
    "requested_slots_f1": 0.8484848484848485,
    "requested_slots_precision": 1.0,
    "requested_slots_recall": 0.8484848484848485
  },
  "RideSharing_1": {
    "active_intent_accuracy": 0.9922178988326849,
    "average_cat_accuracy": 0.5065217391304347,
    "average_goal_accuracy": 0.36836134453781516,