{
  "#ALL_SERVICES": {
    "active_intent_accuracy": 0.9460093896713615,
    "average_cat_accuracy": 0.6969921714050267,
    "average_goal_accuracy": 0.8447987983446001,
    "average_noncat_accuracy": 0.9011318674190829,
    "joint_cat_accuracy": 0.7030123821844391,
    "joint_goal_accuracy": 0.5645182427900738,
    "joint_noncat_accuracy": 0.727647619047619,
    "requested_slots_f1": 0.9470066430327998,
    "requested_slots_precision": 0.9829169461211715,
    "requested_slots_recall": 0.9498658618376928
  },
  "#SEEN_SERVICES": {
    "active_intent_accuracy": 0.9861766689143627,
    "average_cat_accuracy": 0.8847890393896932,
    "average_goal_accuracy": 0.9034737571951857,
    "average_noncat_accuracy": 0.9354628214922333,
    "joint_cat_accuracy": 0.8701206529453513,
    "joint_goal_accuracy": 0.7778506068779502,
    "joint_noncat_accuracy": 0.884617296021578,
    "requested_slots_f1": 0.9841425039334682,
    "requested_slots_precision": 0.9976961114857271,
    "requested_slots_recall": 0.9853337828725557
  },
  "#UNSEEN_SERVICES": {
    "active_intent_accuracy": 0.9062708472314877,
    "average_cat_accuracy": 0.48581932773109243,
    "average_goal_accuracy": 0.7854938602986549,
    "average_noncat_accuracy": 0.8654799682665609,
    "joint_cat_accuracy": 0.5214037794060933,
    "joint_goal_accuracy": 0.35346294196130756,
    "joint_noncat_accuracy": 0.5723534022681788,
    "requested_slots_f1": 0.9102671622351409,
    "requested_slots_precision": 0.968295530353569,
    "requested_slots_recall": 0.9147765176784523
  },
  "Alarm_1": {
    "active_intent_accuracy": 0.7510917030567685,
    "average_goal_accuracy": 0.6765584415584416,
    "average_noncat_accuracy": 0.6765584415584416,
    "joint_goal_accuracy": 0.46419737991266374,
    "joint_noncat_accuracy": 0.46419737991266374,
    "requested_slots_f1": 1.0,
    "requested_slots_precision": 1.0,
    "requested_slots_recall": 1.0
  },
  "Banks_2": {
    "active_intent_accuracy": 0.9752321981424149,
    "average_cat_accuracy": 0.9401993355481728,
    "average_goal_accuracy": 0.8549280177187155,
    "average_noncat_accuracy": 0.6401098901098901,
    "joint_cat_accuracy": 0.8854489164086687,
    "joint_goal_accuracy": 0.5789473684210527,
    "joint_noncat_accuracy": 0.628482972136223,
    "requested_slots_f1": 0.9009287925696594,
    "requested_slots_precision": 1.0,
    "requested_slots_recall": 0.9009287925696594
  },
  "Buses_1": {
    "active_intent_accuracy": 0.9946949602122016,
    "average_cat_accuracy": 0.976,
    "average_goal_accuracy": 0.9578456090651558,
    "average_noncat_accuracy": 0.9548857142857143,
    "joint_cat_accuracy": 0.9840848806366048,
    "joint_goal_accuracy": 0.8768435013262599,
    "joint_noncat_accuracy": 0.8927586206896552,
    "requested_slots_f1": 0.9955791335101681,
    "requested_slots_precision": 0.9946949602122016,
    "requested_slots_recall": 0.9986737400530504
  },
  "Events_1": {
    "active_intent_accuracy": 0.9846449136276392,
    "average_cat_accuracy": 1.0,
    "average_goal_accuracy": 0.9628834377174669,
    "average_noncat_accuracy": 0.9469295422031473,
    "joint_cat_accuracy": 0.9923224568138196,
    "joint_goal_accuracy": 0.8563339731285988,
    "joint_noncat_accuracy": 0.8640115163147792,
    "requested_slots_f1": 0.9955214331413946,
    "requested_slots_precision": 1.0,
    "requested_slots_recall": 0.9952015355086372
  },
  "Flights_3": {
    "active_intent_accuracy": 0.9328968903436988,
    "average_cat_accuracy": 0.6854256854256855,
    "average_goal_accuracy": 0.8666018308557991,
    "average_noncat_accuracy": 0.9546145443196005,
    "joint_cat_accuracy": 0.5204582651391162,
    "joint_goal_accuracy": 0.4394278232405892,
    "joint_noncat_accuracy": 0.8390815057283143,
    "requested_slots_f1": 0.8816148390616475,
    "requested_slots_precision": 1.0,
    "requested_slots_recall": 0.881342062193126
  },
  "Homes_1": {
    "active_intent_accuracy": 0.9812606473594548,
    "average_cat_accuracy": 0.9721153846153846,
    "average_goal_accuracy": 0.9714449182658137,
    "average_noncat_accuracy": 0.9761620185922976,
    "joint_cat_accuracy": 0.9301533219761499,
    "joint_goal_accuracy": 0.9089097103918228,
    "joint_noncat_accuracy": 0.9540545144804088,
    "requested_slots_f1": 0.9965928449744463,
    "requested_slots_precision": 0.9965928449744463,
    "requested_slots_recall": 1.0
  },
  "Hotels_1": {
    "active_intent_accuracy": 0.9713261648745519,
    "average_cat_accuracy": 0.8325508607198748,
    "average_goal_accuracy": 0.9365809884559884,
    "average_noncat_accuracy": 0.994892156862745,
    "joint_cat_accuracy": 0.6881720430107527,
    "joint_goal_accuracy": 0.6666308243727599,
    "joint_noncat_accuracy": 0.9669892473118278,
    "requested_slots_f1": 0.9962962962962965,
    "requested_slots_precision": 0.9970131421744324,
    "requested_slots_recall": 0.996415770609319
  },
  "Hotels_4": {
    "active_intent_accuracy": 0.975,
    "average_cat_accuracy": 0.8603395061728395,
    "average_goal_accuracy": 0.8774345461030855,
    "average_noncat_accuracy": 0.8842222222222222,
    "joint_cat_accuracy": 0.6607142857142857,
    "joint_goal_accuracy": 0.1893642857142857,
    "joint_noncat_accuracy": 0.2910428571428571,
    "requested_slots_f1": 0.9185884353741496,
    "requested_slots_precision": 0.9267261904761903,
    "requested_slots_recall": 0.9392857142857143
  },
  "Media_2": {
    "active_intent_accuracy": 0.9333333333333333,
    "average_cat_accuracy": 0.06666666666666667,
    "average_goal_accuracy": 0.7659238258877435,
    "average_noncat_accuracy": 0.8966867124856815,
    "joint_cat_accuracy": 0.5111111111111111,
    "joint_goal_accuracy": 0.30495492063492063,
    "joint_noncat_accuracy": 0.49873650793650787,
    "requested_slots_f1": 0.9095238095238095,
    "requested_slots_precision": 0.9317460317460318,
    "requested_slots_recall": 0.9158730158730158
  },
  "Movies_2": {
    "active_intent_accuracy": 0.9829545454545454,
    "average_goal_accuracy": 0.7530578512396694,
    "average_noncat_accuracy": 0.7530578512396694,
    "joint_goal_accuracy": 0.35834943181818185,
    "joint_noncat_accuracy": 0.35834943181818185,
    "requested_slots_f1": 0.9070075757575757,
    "requested_slots_precision": 0.899621212121212,
    "requested_slots_recall": 0.9204545454545454
  },
  "Music_1": {
    "active_intent_accuracy": 0.97165991902834,
    "average_cat_accuracy": 0.7189542483660131,
    "average_goal_accuracy": 0.8404834123222749,
    "average_noncat_accuracy": 0.9115196078431372,
    "joint_cat_accuracy": 0.7651821862348178,
    "joint_goal_accuracy": 0.6791902834008097,
    "joint_noncat_accuracy": 0.8543319838056682,
    "requested_slots_f1": 0.9946018893387314,
    "requested_slots_precision": 0.9959514170040485,
    "requested_slots_recall": 0.9979757085020243
  },
  "RentalCars_1": {
    "active_intent_accuracy": 1.0,
    "average_cat_accuracy": 0.9384615384615385,
    "average_goal_accuracy": 0.9523218954248365,
    "average_noncat_accuracy": 0.9530975877192983,
    "joint_cat_accuracy": 0.9237804878048781,
    "joint_goal_accuracy": 0.7986112804878047,
    "joint_noncat_accuracy": 0.8626356707317071,
    "requested_slots_f1": 0.9969512195121951,
    "requested_slots_precision": 1.0,
    "requested_slots_recall": 0.9969512195121951
  },
  "Restaurants_2": {
    "active_intent_accuracy": 0.9250398724082934,
    "average_cat_accuracy": 0.3599439775910364,
    "average_goal_accuracy": 0.7780254663721159,
    "average_noncat_accuracy": 0.848542026482441,
    "joint_cat_accuracy": 0.5869218500797448,
    "joint_goal_accuracy": 0.4014960127591707,
    "joint_noncat_accuracy": 0.5116708133971292,
    "requested_slots_f1": 0.9085213032581453,
    "requested_slots_precision": 0.9435938330675173,
    "requested_slots_recall": 0.919457735247209
  },
  "RideSharing_1": {
    "active_intent_accuracy": 1.0,
    "average_cat_accuracy": 0.9804347826086957,
    "average_goal_accuracy": 0.947703081232493,