{
  "#ALL_SERVICES": {
    "active_intent_accuracy": 0.9272300469483568,
    "average_cat_accuracy": 0.6818500206015657,
    "average_goal_accuracy": 0.7844902762799099,
    "average_noncat_accuracy": 0.8200242913666732,
    "joint_cat_accuracy": 0.7048604694141564,
    "joint_goal_accuracy": 0.475637910798122,
    "joint_noncat_accuracy": 0.6149234238765929,
    "requested_slots_f1": 0.9427639913555406,
    "requested_slots_precision": 0.9831688543962186,
    "requested_slots_recall": 0.9475184439973172
  },
  "#SEEN_SERVICES": {
    "active_intent_accuracy": 0.987862440997977,
    "average_cat_accuracy": 0.8666510976179356,
    "average_goal_accuracy": 0.8227827053898483,
    "average_noncat_accuracy": 0.8237868601986249,
    "joint_cat_accuracy": 0.872249822569198,
    "joint_goal_accuracy": 0.6068617329737019,
    "joint_noncat_accuracy": 0.683985805799056,
    "requested_slots_f1": 0.977478084962913,
    "requested_slots_precision": 0.9930883344571814,
    "requested_slots_recall": 0.9811193526635199
  },
  "#UNSEEN_SERVICES": {
    "active_intent_accuracy": 0.867244829886591,
    "average_cat_accuracy": 0.474045868347339,
    "average_goal_accuracy": 0.7457867103894501,
    "average_noncat_accuracy": 0.816116950945392,
    "joint_cat_accuracy": 0.522946394138064,
    "joint_goal_accuracy": 0.3458147431621081,
    "joint_noncat_accuracy": 0.5465981987991995,
    "requested_slots_f1": 0.9084204284337706,
    "requested_slots_precision": 0.9733552527081547,
    "requested_slots_recall": 0.9142761841227485
  },
  "Alarm_1": {
    "active_intent_accuracy": 0.7947598253275109,
    "average_goal_accuracy": 0.7972402597402597,
    "average_noncat_accuracy": 0.7972402597402597,
    "joint_goal_accuracy": 0.561877729257642,
    "joint_noncat_accuracy": 0.561877729257642,
    "requested_slots_f1": 1.0,
    "requested_slots_precision": 1.0,
    "requested_slots_recall": 1.0
  },
  "Banks_2": {
    "active_intent_accuracy": 0.9845201238390093,
    "average_cat_accuracy": 0.920265780730897,
    "average_goal_accuracy": 0.806500553709856,
    "average_noncat_accuracy": 0.5389010989010989,
    "joint_cat_accuracy": 0.8792569659442725,
    "joint_goal_accuracy": 0.4984520123839009,
    "joint_noncat_accuracy": 0.5263157894736842,
    "requested_slots_f1": 0.9009287925696594,
    "requested_slots_precision": 1.0,
    "requested_slots_recall": 0.9009287925696594
  },
  "Buses_1": {
    "active_intent_accuracy": 0.9840848806366048,
    "average_cat_accuracy": 1.0,
    "average_goal_accuracy": 0.906215297450425,
    "average_noncat_accuracy": 0.8863380952380954,
    "joint_cat_accuracy": 0.9973474801061007,
    "joint_goal_accuracy": 0.6749403183023872,
    "joint_noncat_accuracy": 0.6775928381962865,
    "requested_slots_f1": 0.9778956675508399,
    "requested_slots_precision": 0.9774535809018567,
    "requested_slots_recall": 0.9814323607427056
  },
  "Events_1": {
    "active_intent_accuracy": 0.9942418426103646,
    "average_cat_accuracy": 0.9898648648648649,
    "average_goal_accuracy": 0.889660751565762,
    "average_noncat_accuracy": 0.8411945636623748,
    "joint_cat_accuracy": 0.9865642994241842,
    "joint_goal_accuracy": 0.6449136276391555,
    "joint_noncat_accuracy": 0.6487523992322457,
    "requested_slots_f1": 0.9904030710172744,
    "requested_slots_precision": 0.9961612284069098,
    "requested_slots_recall": 0.9932821497120922
  },
  "Flights_3": {
    "active_intent_accuracy": 0.9296235679214403,
    "average_cat_accuracy": 0.6314935064935064,
    "average_goal_accuracy": 0.864368123792727,
    "average_noncat_accuracy": 0.9733036828963797,
    "joint_cat_accuracy": 0.486088379705401,
    "joint_goal_accuracy": 0.4535031096563012,
    "joint_noncat_accuracy": 0.9214900163666123,
    "requested_slots_f1": 0.8805237315875614,
    "requested_slots_precision": 1.0,
    "requested_slots_recall": 0.8805237315875614
  },
  "Homes_1": {
    "active_intent_accuracy": 0.9812606473594548,
    "average_cat_accuracy": 0.9692307692307692,
    "average_goal_accuracy": 0.9202112206823028,
    "average_noncat_accuracy": 0.8914973439575032,
    "joint_cat_accuracy": 0.9420783645655877,
    "joint_goal_accuracy": 0.7483645655877342,
    "joint_noncat_accuracy": 0.7824361158432708,
    "requested_slots_f1": 0.994321408290744,
    "requested_slots_precision": 0.9940374787052811,
    "requested_slots_recall": 1.0
  },
  "Hotels_1": {
    "active_intent_accuracy": 0.974910394265233,
    "average_cat_accuracy": 0.8755868544600939,
    "average_goal_accuracy": 0.8842900432900432,
    "average_noncat_accuracy": 0.8797973856209149,
    "joint_cat_accuracy": 0.8709677419354839,
    "joint_goal_accuracy": 0.5607885304659499,
    "joint_noncat_accuracy": 0.6253046594982079,
    "requested_slots_f1": 0.9906810035842293,
    "requested_slots_precision": 0.9958183990442054,
    "requested_slots_recall": 0.9910394265232975
  },
  "Hotels_4": {
    "active_intent_accuracy": 0.9892857142857143,
    "average_cat_accuracy": 0.8371913580246914,
    "average_goal_accuracy": 0.7224143927233815,
    "average_noncat_accuracy": 0.6749640522875817,
    "joint_cat_accuracy": 0.6928571428571428,
    "joint_goal_accuracy": 0.22127392857142855,
    "joint_noncat_accuracy": 0.3069882142857143,
    "requested_slots_f1": 0.9306349206349207,
    "requested_slots_precision": 0.923877551020408,
    "requested_slots_recall": 0.9589285714285715
  },
  "Media_2": {
    "active_intent_accuracy": 0.9365079365079365,
    "average_cat_accuracy": 0.07272727272727272,
    "average_goal_accuracy": 0.6608888888888889,
    "average_noncat_accuracy": 0.7754009163802977,
    "joint_cat_accuracy": 0.5142857142857142,
    "joint_goal_accuracy": 0.26062412698412696,
    "joint_noncat_accuracy": 0.43230285714285716,
    "requested_slots_f1": 0.916084656084656,
    "requested_slots_precision": 0.9296296296296296,
    "requested_slots_recall": 0.9222222222222223
  },
  "Movies_2": {
    "active_intent_accuracy": 0.9772727272727273,
    "average_goal_accuracy": 0.7026446280991736,
    "average_noncat_accuracy": 0.7026446280991736,
    "joint_goal_accuracy": 0.387002840909091,
    "joint_noncat_accuracy": 0.387002840909091,
    "requested_slots_f1": 0.9047348484848484,
    "requested_slots_precision": 0.9318181818181818,
    "requested_slots_recall": 0.9176136363636364
  },
  "Music_1": {
    "active_intent_accuracy": 0.979757085020243,
    "average_cat_accuracy": 0.7026143790849673,
    "average_goal_accuracy": 0.726629541864139,
    "average_noncat_accuracy": 0.7393627450980391,
    "joint_cat_accuracy": 0.7408906882591093,
    "joint_goal_accuracy": 0.49890688259109306,
    "joint_noncat_accuracy": 0.6694331983805668,
    "requested_slots_f1": 0.9838056680161943,
    "requested_slots_precision": 0.9838056680161943,
    "requested_slots_recall": 1.0
  },
  "RentalCars_1": {
    "active_intent_accuracy": 0.9939024390243902,
    "average_cat_accuracy": 0.7794871794871795,
    "average_goal_accuracy": 0.8819411764705883,
    "average_noncat_accuracy": 0.8902598684210526,
    "joint_cat_accuracy": 0.8445121951219512,
    "joint_goal_accuracy": 0.5834420731707316,
    "joint_noncat_accuracy": 0.6261249999999999,
    "requested_slots_f1": 0.9969512195121951,
    "requested_slots_precision": 0.9969512195121951,
    "requested_slots_recall": 1.0
  },
  "Restaurants_2": {
    "active_intent_accuracy": 0.8548644338118022,
    "average_cat_accuracy": 0.3949579831932773,
    "average_goal_accuracy": 0.7432085378825068,
    "average_noncat_accuracy": 0.8063140472078295,
    "joint_cat_accuracy": 0.6140350877192983,
    "joint_goal_accuracy": 0.3569799043062201,
    "joint_noncat_accuracy": 0.4320995215311005,
    "requested_slots_f1": 0.9070707070707071,
    "requested_slots_precision": 0.961084529505582,
    "requested_slots_recall": 0.9210526315789473
  },
  "RideSharing_1": {
    "active_intent_accuracy": 1.0,
    "average_cat_accuracy": 0.9391304347826087,
    "average_goal_accuracy": 0.895532212885154,