{
  "#ALL_SERVICES": {
    "active_intent_accuracy": 0.07863849765258216,
    "average_cat_accuracy": 0.0,
    "average_goal_accuracy": 0.1548849045602406,
    "average_noncat_accuracy": 0.22322186547317896,
    "joint_cat_accuracy": 0.25244871557937537,
    "joint_goal_accuracy": 0.0340094810507713,
    "joint_noncat_accuracy": 0.05738581187302147,
    "requested_slots_f1": 0.8540129666890229,
    "requested_slots_precision": 0.9825620389000671,
    "requested_slots_recall": 0.8697183098591549
  },
  "#SEEN_SERVICES": {
    "active_intent_accuracy": 0.0815913688469319,
    "average_cat_accuracy": 0.0,
    "average_goal_accuracy": 0.1500206436420722,
    "average_noncat_accuracy": 0.22676476954418132,
    "joint_cat_accuracy": 0.24024130589070264,
    "joint_goal_accuracy": 0.03957281224207687,
    "joint_noncat_accuracy": 0.07482709250010114,
    "requested_slots_f1": 0.8419869633625533,
    "requested_slots_precision": 0.9774106540795684,
    "requested_slots_recall": 0.8631153068105192
  },
  "#UNSEEN_SERVICES": {
    "active_intent_accuracy": 0.07571714476317545,
    "average_cat_accuracy": 0.0,
    "average_goal_accuracy": 0.15980139190070697,
    "average_noncat_accuracy": 0.21954264180880606,
    "joint_cat_accuracy": 0.2657153875819514,
    "joint_goal_accuracy": 0.028505531646697797,
    "joint_noncat_accuracy": 0.04013069568225484,
    "requested_slots_f1": 0.8659106070713809,
    "requested_slots_precision": 0.9876584389593062,
    "requested_slots_recall": 0.8762508338892595
  },
  "Alarm_1": {
    "active_intent_accuracy": 0.09170305676855896,
    "average_goal_accuracy": 0.16207792207792207,
    "average_noncat_accuracy": 0.16207792207792207,
    "joint_goal_accuracy": 0.07058908296943231,
    "joint_noncat_accuracy": 0.07058908296943231,
    "requested_slots_f1": 1.0,
    "requested_slots_precision": 1.0,
    "requested_slots_recall": 1.0
  },
  "Banks_2": {
    "active_intent_accuracy": 0.06501547987616099,
    "average_cat_accuracy": 0.0,
    "average_goal_accuracy": 0.05481173864894796,
    "average_noncat_accuracy": 0.17774725274725273,
    "joint_cat_accuracy": 0.06811145510835913,
    "joint_goal_accuracy": 0.009287925696594427,
    "joint_noncat_accuracy": 0.04783157894736842,
    "requested_slots_f1": 0.9009287925696594,
    "requested_slots_precision": 1.0,
    "requested_slots_recall": 0.9009287925696594
  },
  "Buses_1": {
    "active_intent_accuracy": 0.07161803713527852,
    "average_cat_accuracy": 0.0,
    "average_goal_accuracy": 0.18225023607176583,
    "average_noncat_accuracy": 0.21817380952380955,
    "joint_cat_accuracy": 0.33687002652519893,
    "joint_goal_accuracy": 0.026605899496021216,
    "joint_noncat_accuracy": 0.02753668053050398,
    "requested_slots_f1": 0.8567639257294429,
    "requested_slots_precision": 1.0,
    "requested_slots_recall": 0.8567639257294429
  },
  "Events_1": {
    "active_intent_accuracy": 0.09788867562380038,
    "average_cat_accuracy": 0.0,
    "average_goal_accuracy": 0.1591437021572721,
    "average_noncat_accuracy": 0.2406241058655222,
    "joint_cat_accuracy": 0.14779270633397312,
    "joint_goal_accuracy": 0.02495201535508637,
    "joint_noncat_accuracy": 0.0314826613243762,
    "requested_slots_f1": 0.8790786948176583,
    "requested_slots_precision": 0.9961612284069098,
    "requested_slots_recall": 0.8829174664107485
  },
  "Flights_3": {
    "active_intent_accuracy": 0.07692307692307693,
    "average_cat_accuracy": 0.0,
    "average_goal_accuracy": 0.1591689342403628,
    "average_noncat_accuracy": 0.23384831460674158,
    "joint_cat_accuracy": 0.24386252045826515,
    "joint_goal_accuracy": 0.01309328968903437,
    "joint_noncat_accuracy": 0.028633201538461543,
    "requested_slots_f1": 0.8805237315875614,
    "requested_slots_precision": 1.0,
    "requested_slots_recall": 0.8805237315875614
  },
  "Homes_1": {
    "active_intent_accuracy": 0.07155025553662692,
    "average_cat_accuracy": 0.0,
    "average_goal_accuracy": 0.12467714996446339,
    "average_noncat_accuracy": 0.23722775564409032,
    "joint_cat_accuracy": 0.1141396933560477,
    "joint_goal_accuracy": 0.05110732538330494,
    "joint_noncat_accuracy": 0.07930973764906303,
    "requested_slots_f1": 0.8398637137989778,
    "requested_slots_precision": 1.0,
    "requested_slots_recall": 0.8398637137989778
  },
  "Hotels_1": {
    "active_intent_accuracy": 0.05734767025089606,
    "average_cat_accuracy": 0.0,
    "average_goal_accuracy": 0.14826731601731602,
    "average_noncat_accuracy": 0.22647058823529412,
    "joint_cat_accuracy": 0.23655913978494625,
    "joint_goal_accuracy": 0.025111960573476703,
    "joint_noncat_accuracy": 0.032985522867383515,
    "requested_slots_f1": 0.6953405017921147,
    "requested_slots_precision": 0.8709677419354839,
    "requested_slots_recall": 0.8172043010752689
  },
  "Hotels_4": {
    "active_intent_accuracy": 0.05357142857142857,
    "average_cat_accuracy": 0.0,
    "average_goal_accuracy": 0.15078901373283396,
    "average_noncat_accuracy": 0.2238921568627451,
    "joint_cat_accuracy": 0.22857142857142856,
    "joint_goal_accuracy": 0.03222887528571428,
    "joint_noncat_accuracy": 0.06159285782142857,
    "requested_slots_f1": 0.825,
    "requested_slots_precision": 1.0,
    "requested_slots_recall": 0.825
  },
  "Media_2": {
    "active_intent_accuracy": 0.07301587301587302,
    "average_cat_accuracy": 0.0,
    "average_goal_accuracy": 0.23596735395189003,
    "average_noncat_accuracy": 0.27826746849942724,
    "joint_cat_accuracy": 0.47619047619047616,
    "joint_goal_accuracy": 0.06048168168253969,
    "joint_noncat_accuracy": 0.06106198822222222,
    "requested_slots_f1": 0.8857142857142857,
    "requested_slots_precision": 1.0,
    "requested_slots_recall": 0.8857142857142857
  },
  "Movies_2": {
    "active_intent_accuracy": 0.1590909090909091,
    "average_goal_accuracy": 0.2738292011019284,
    "average_noncat_accuracy": 0.2738292011019284,
    "joint_goal_accuracy": 0.09402133522727273,
    "joint_noncat_accuracy": 0.09402133522727273,
    "requested_slots_f1": 0.8636363636363636,
    "requested_slots_precision": 1.0,
    "requested_slots_recall": 0.8636363636363636
  },
  "Music_1": {
    "active_intent_accuracy": 0.06072874493927125,
    "average_cat_accuracy": 0.0,
    "average_goal_accuracy": 0.1799036334913112,
    "average_noncat_accuracy": 0.26874183006535945,
    "joint_cat_accuracy": 0.3805668016194332,
    "joint_goal_accuracy": 0.04048582995951417,
    "joint_noncat_accuracy": 0.04453642429149798,
    "requested_slots_f1": 0.7584345479082321,
    "requested_slots_precision": 0.8825910931174089,
    "requested_slots_recall": 0.8663967611336032
  },
  "RentalCars_1": {
    "active_intent_accuracy": 0.07926829268292683,
    "average_cat_accuracy": 0.0,
    "average_goal_accuracy": 0.18409477124183005,
    "average_noncat_accuracy": 0.20873958333333334,
    "joint_cat_accuracy": 0.4054878048780488,
    "joint_goal_accuracy": 0.027439024390243903,
    "joint_noncat_accuracy": 0.027740205991768293,
    "requested_slots_f1": 0.8841463414634146,
    "requested_slots_precision": 1.0,
    "requested_slots_recall": 0.8841463414634146
  },
  "Restaurants_2": {
    "active_intent_accuracy": 0.07496012759170653,
    "average_cat_accuracy": 0.0,
    "average_goal_accuracy": 0.1712098060873834,
    "average_noncat_accuracy": 0.20150604490500862,
    "joint_cat_accuracy": 0.430622009569378,
    "joint_goal_accuracy": 0.005567965018819777,
    "joint_noncat_accuracy": 0.007242238493460925,
    "requested_slots_f1": 0.7990430622009569,
    "requested_slots_precision": 0.9409888357256778,
    "requested_slots_recall": 0.8484848484848485
  },
  "RideSharing_1": {
    "active_intent_accuracy": 0.09727626459143969,
    "average_cat_accuracy": 0.0,
    "average_goal_accuracy": 0.066687675070028,
    "average_noncat_accuracy": 0.20355450236966827,
    "joint_cat_accuracy": 0.10505836575875487,
    "joint_goal_accuracy": 0.055992217898832686,