{
  "#ALL_SERVICES": {
    "active_intent_accuracy": 0.9540576794097921,
    "average_cat_accuracy": 0.7153069633292131,
    "average_goal_accuracy": 0.8463555251597971,
    "average_noncat_accuracy": 0.8907964260232211,
    "joint_cat_accuracy": 0.7244501940491591,
    "joint_goal_accuracy": 0.565675352112676,
    "joint_noncat_accuracy": 0.7079514755197854,
    "requested_slots_f1": 0.9423932483791638,
    "requested_slots_precision": 0.9878716744913927,
    "requested_slots_recall": 0.9429912810194501
  },
  "#SEEN_SERVICES": {
    "active_intent_accuracy": 0.9905596763317599,
    "average_cat_accuracy": 0.8944418496029892,
    "average_goal_accuracy": 0.9132624542124543,
    "average_noncat_accuracy": 0.9362678889737714,
    "joint_cat_accuracy": 0.8956706884315118,
    "joint_goal_accuracy": 0.7918691840863116,
    "joint_noncat_accuracy": 0.8826222859069456,
    "requested_slots_f1": 0.9726230613621039,
    "requested_slots_precision": 0.9938188356934142,
    "requested_slots_recall": 0.9742076871207013
  },
  "#UNSEEN_SERVICES": {
    "active_intent_accuracy": 0.9179452968645764,
    "average_cat_accuracy": 0.513874299719888,
    "average_goal_accuracy": 0.7787302321891364,
    "average_noncat_accuracy": 0.8435753669178897,
    "joint_cat_accuracy": 0.5383725414577709,
    "joint_goal_accuracy": 0.34189586390927285,
    "joint_noncat_accuracy": 0.5351450633755838,
    "requested_slots_f1": 0.9124861018456748,
    "requested_slots_precision": 0.9819879919946631,
    "requested_slots_recall": 0.912108072048032
  },
  "Alarm_1": {
    "active_intent_accuracy": 0.868995633187773,
    "average_goal_accuracy": 0.8008766233766234,
    "average_noncat_accuracy": 0.8008766233766234,
    "joint_goal_accuracy": 0.5768995633187773,
    "joint_noncat_accuracy": 0.5768995633187773,
    "requested_slots_f1": 1.0,
    "requested_slots_precision": 1.0,
    "requested_slots_recall": 1.0
  },
  "Banks_2": {
    "active_intent_accuracy": 0.9938080495356038,
    "average_cat_accuracy": 0.9551495016611296,
    "average_goal_accuracy": 0.830282392026578,
    "average_noncat_accuracy": 0.5265384615384615,
    "joint_cat_accuracy": 0.9102167182662538,
    "joint_goal_accuracy": 0.5479876160990712,
    "joint_noncat_accuracy": 0.5634674922600619,
    "requested_slots_f1": 0.9009287925696594,
    "requested_slots_precision": 1.0,
    "requested_slots_recall": 0.9009287925696594
  },
  "Buses_1": {
    "active_intent_accuracy": 0.986737400530504,
    "average_cat_accuracy": 0.996,
    "average_goal_accuracy": 0.9577152974504248,
    "average_noncat_accuracy": 0.9475047619047618,
    "joint_cat_accuracy": 0.9973474801061007,
    "joint_goal_accuracy": 0.8773474801061008,
    "joint_noncat_accuracy": 0.88,
    "requested_slots_f1": 0.9637488947833774,
    "requested_slots_precision": 0.9814323607427056,
    "requested_slots_recall": 0.9708222811671088
  },
  "Events_1": {
    "active_intent_accuracy": 0.9961612284069098,
    "average_cat_accuracy": 1.0,
    "average_goal_accuracy": 0.9682021572720946,
    "average_noncat_accuracy": 0.9544653075822604,
    "joint_cat_accuracy": 0.9884836852207294,
    "joint_goal_accuracy": 0.873109404990403,
    "joint_noncat_accuracy": 0.8846257197696736,
    "requested_slots_f1": 0.984005118362124,
    "requested_slots_precision": 1.0,
    "requested_slots_recall": 0.982725527831094
  },
  "Flights_3": {
    "active_intent_accuracy": 0.9263502454991817,
    "average_cat_accuracy": 0.6884920634920635,
    "average_goal_accuracy": 0.8424177374653565,
    "average_noncat_accuracy": 0.917020911360799,
    "joint_cat_accuracy": 0.49263502454991814,
    "joint_goal_accuracy": 0.36711947626841246,
    "joint_noncat_accuracy": 0.7504962356792144,
    "requested_slots_f1": 0.8805237315875614,
    "requested_slots_precision": 1.0,
    "requested_slots_recall": 0.8805237315875614
  },
  "Homes_1": {
    "active_intent_accuracy": 0.9982964224872232,
    "average_cat_accuracy": 0.9913461538461539,
    "average_goal_accuracy": 0.966914001421464,
    "average_noncat_accuracy": 0.9524003984063745,
    "joint_cat_accuracy": 0.9557069846678024,
    "joint_goal_accuracy": 0.876098807495741,
    "joint_noncat_accuracy": 0.9059114139693356,
    "requested_slots_f1": 0.9965928449744463,
    "requested_slots_precision": 0.9982964224872232,
    "requested_slots_recall": 0.9982964224872232
  },
  "Hotels_1": {
    "active_intent_accuracy": 0.974910394265233,
    "average_cat_accuracy": 0.9577464788732394,
    "average_goal_accuracy": 0.9743930375180375,
    "average_noncat_accuracy": 0.9784477124183006,
    "joint_cat_accuracy": 0.9390681003584229,
    "joint_goal_accuracy": 0.8614695340501792,
    "joint_noncat_accuracy": 0.9224014336917563,
    "requested_slots_f1": 0.9880525686977301,
    "requested_slots_precision": 0.9910394265232975,
    "requested_slots_recall": 0.989247311827957
  },
  "Hotels_4": {
    "active_intent_accuracy": 0.9964285714285714,
    "average_cat_accuracy": 0.8858024691358025,
    "average_goal_accuracy": 0.8483610665239878,
    "average_noncat_accuracy": 0.8385849673202616,
    "joint_cat_accuracy": 0.6714285714285714,
    "joint_goal_accuracy": 0.15439642857142855,
    "joint_noncat_accuracy": 0.21192357142857143,
    "requested_slots_f1": 0.9497619047619048,
    "requested_slots_precision": 0.9666666666666666,
    "requested_slots_recall": 0.9517857142857142
  },
  "Media_2": {
    "active_intent_accuracy": 0.9650793650793651,
    "average_cat_accuracy": 0.14545454545454545,
    "average_goal_accuracy": 0.7872686139747995,
    "average_noncat_accuracy": 0.9033991981672396,
    "joint_cat_accuracy": 0.5523809523809524,
    "joint_goal_accuracy": 0.29945047619047616,
    "joint_noncat_accuracy": 0.45301047619047624,
    "requested_slots_f1": 0.9179894179894179,
    "requested_slots_precision": 0.9301587301587302,
    "requested_slots_recall": 0.9206349206349206
  },
  "Movies_2": {
    "active_intent_accuracy": 0.9886363636363636,
    "average_goal_accuracy": 0.7135950413223139,
    "average_noncat_accuracy": 0.7135950413223139,
    "joint_goal_accuracy": 0.3424835227272727,
    "joint_noncat_accuracy": 0.3424835227272727,
    "requested_slots_f1": 0.9157196969696969,
    "requested_slots_precision": 0.9611742424242423,
    "requested_slots_recall": 0.9176136363636364
  },
  "Music_1": {
    "active_intent_accuracy": 0.9838056680161943,
    "average_cat_accuracy": 0.7418300653594772,
    "average_goal_accuracy": 0.8602614533965245,
    "average_noncat_accuracy": 0.9409803921568628,
    "joint_cat_accuracy": 0.757085020242915,
    "joint_goal_accuracy": 0.6640485829959515,
    "joint_noncat_accuracy": 0.882672064777328,
    "requested_slots_f1": 1.0,
    "requested_slots_precision": 1.0,
    "requested_slots_recall": 1.0
  },
  "RentalCars_1": {
    "active_intent_accuracy": 0.9939024390243902,
    "average_cat_accuracy": 0.8564102564102564,
    "average_goal_accuracy": 0.9494989106753813,
    "average_noncat_accuracy": 0.9594166666666667,
    "joint_cat_accuracy": 0.8902439024390244,
    "joint_goal_accuracy": 0.7756225609756098,
    "joint_noncat_accuracy": 0.8669448170731706,
    "requested_slots_f1": 0.9878048780487805,
    "requested_slots_precision": 1.0,
    "requested_slots_recall": 0.9878048780487805
  },
  "Restaurants_2": {
    "active_intent_accuracy": 0.9234449760765551,
    "average_cat_accuracy": 0.39915966386554624,
    "average_goal_accuracy": 0.7626095565373916,
    "average_noncat_accuracy": 0.8269821531375936,
    "joint_cat_accuracy": 0.6220095693779905,
    "joint_goal_accuracy": 0.3951336523125997,
    "joint_noncat_accuracy": 0.5036098883572568,
    "requested_slots_f1": 0.9139287612971823,
    "requested_slots_precision": 0.9747474747474749,
    "requested_slots_recall": 0.9146730462519936
  },
  "RideSharing_1": {
    "active_intent_accuracy": 0.9961089494163424,
    "average_cat_accuracy": 0.9652173913043478,
    "average_goal_accuracy": 0.9118207282913164,
    "average_noncat_accuracy": 0.8058767772511849,