{
  "#ALL_SERVICES": {
    "active_intent_accuracy": 0.5326961770623743,
    "average_cat_accuracy": 0.0122991347342398,
    "average_goal_accuracy": 0.17938698038596768,
    "average_noncat_accuracy": 0.2527443730946358,
    "joint_cat_accuracy": 0.00036961744594344855,
    "joint_goal_accuracy": 0.0020131497317236752,
    "joint_noncat_accuracy": 0.0180133194639336,
    "requested_slots_f1": 0.7092093240986601,
    "requested_slots_precision": 0.8072913067631378,
    "requested_slots_recall": 0.8812877263581489
  },
  "#SEEN_SERVICES": {
    "active_intent_accuracy": 0.6466621712744437,
    "average_cat_accuracy": 0.005604857543204111,
    "average_goal_accuracy": 0.17314114774114772,
    "average_noncat_accuracy": 0.25909281894576014,
    "joint_cat_accuracy": 0.0007097232079489,
    "joint_goal_accuracy": 0.0024761968981793663,
    "joint_noncat_accuracy": 0.03250602768071477,
    "requested_slots_f1": 0.6777226313807568,
    "requested_slots_precision": 0.7767930728146506,
    "requested_slots_recall": 0.8789615643964936
  },
  "#UNSEEN_SERVICES": {
    "active_intent_accuracy": 0.4199466310873916,
    "average_cat_accuracy": 0.019826680672268907,
    "average_goal_accuracy": 0.18569987306288677,
    "average_noncat_accuracy": 0.24615165939442024,
    "joint_cat_accuracy": 0.0,
    "joint_goal_accuracy": 0.0015550450300200135,
    "joint_noncat_accuracy": 0.0036753032628085397,
    "requested_slots_f1": 0.7403599347061655,
    "requested_slots_precision": 0.8374640091951633,
    "requested_slots_recall": 0.8835890593729153
  },
  "Alarm_1": {
    "active_intent_accuracy": 0.62882096069869,
    "average_goal_accuracy": 0.1966883116883117,
    "average_noncat_accuracy": 0.1966883116883117,
    "joint_goal_accuracy": 0.019103493449781662,
    "joint_noncat_accuracy": 0.019103493449781662,
    "requested_slots_f1": 0.9956331877729258,
    "requested_slots_precision": 0.9956331877729258,
    "requested_slots_recall": 1.0
  },
  "Banks_2": {
    "active_intent_accuracy": 0.2693498452012384,
    "average_cat_accuracy": 0.026578073089700997,
    "average_goal_accuracy": 0.07129568106312292,
    "average_noncat_accuracy": 0.18373626373626373,
    "joint_cat_accuracy": 0.0,
    "joint_goal_accuracy": 0.0,
    "joint_noncat_accuracy": 0.014268421052631581,
    "requested_slots_f1": 0.9009287925696594,
    "requested_slots_precision": 1.0,
    "requested_slots_recall": 0.9009287925696594
  },
  "Buses_1": {
    "active_intent_accuracy": 0.5570291777188329,
    "average_cat_accuracy": 0.0,
    "average_goal_accuracy": 0.1973087818696884,
    "average_noncat_accuracy": 0.23576666666666665,
    "joint_cat_accuracy": 0.0,
    "joint_goal_accuracy": 0.0,
    "joint_noncat_accuracy": 0.0010737377984084881,
    "requested_slots_f1": 0.7761525830491348,
    "requested_slots_precision": 0.8938107869142353,
    "requested_slots_recall": 0.876657824933687
  },
  "Events_1": {
    "active_intent_accuracy": 0.5969289827255279,
    "average_cat_accuracy": 0.0,
    "average_goal_accuracy": 0.18159777313848297,
    "average_noncat_accuracy": 0.27300786838340485,
    "joint_cat_accuracy": 0.0,
    "joint_goal_accuracy": 0.0,
    "joint_noncat_accuracy": 0.0010641952975047983,
    "requested_slots_f1": 0.8116488437985558,
    "requested_slots_precision": 0.9146056119184718,
    "requested_slots_recall": 0.8886756238003839
  },
  "Flights_3": {
    "active_intent_accuracy": 0.23895253682487724,
    "average_cat_accuracy": 0.031204906204906204,
    "average_goal_accuracy": 0.18786740992693374,
    "average_noncat_accuracy": 0.25778089887640454,
    "joint_cat_accuracy": 0.0,
    "joint_goal_accuracy": 0.0,
    "joint_noncat_accuracy": 0.000998075433715221,
    "requested_slots_f1": 0.7610201854882707,
    "requested_slots_precision": 0.8518821603927987,
    "requested_slots_recall": 0.88379705400982
  },
  "Homes_1": {
    "active_intent_accuracy": 0.6337308347529813,
    "average_cat_accuracy": 0.0,
    "average_goal_accuracy": 0.15652691897654586,
    "average_noncat_accuracy": 0.2986354581673307,
    "joint_cat_accuracy": 0.0,
    "joint_goal_accuracy": 0.0,
    "joint_noncat_accuracy": 0.006117870528109029,
    "requested_slots_f1": 0.35919108338188405,
    "requested_slots_precision": 0.4190057056326222,
    "requested_slots_recall": 0.8867120954003407
  },
  "Hotels_1": {
    "active_intent_accuracy": 0.4982078853046595,
    "average_cat_accuracy": 0.0,
    "average_goal_accuracy": 0.16212463924963924,
    "average_noncat_accuracy": 0.25102287581699345,
    "joint_cat_accuracy": 0.0,
    "joint_goal_accuracy": 0.0,
    "joint_noncat_accuracy": 0.0008112776702508959,
    "requested_slots_f1": 0.6039426523297491,
    "requested_slots_precision": 0.7508960573476703,
    "requested_slots_recall": 0.8189964157706093
  },
  "Hotels_4": {
    "active_intent_accuracy": 0.32142857142857145,
    "average_cat_accuracy": 0.0,
    "average_goal_accuracy": 0.1647633315498484,
    "average_noncat_accuracy": 0.2443235294117647,
    "joint_cat_accuracy": 0.0,
    "joint_goal_accuracy": 0.0,
    "joint_noncat_accuracy": 0.0010033341428571428,
    "requested_slots_f1": 0.5784013605442176,
    "requested_slots_precision": 0.7132142857142857,
    "requested_slots_recall": 0.8303571428571429
  },
  "Media_2": {
    "active_intent_accuracy": 0.4031746031746032,
    "average_cat_accuracy": 0.0,
    "average_goal_accuracy": 0.25639977090492555,
    "average_noncat_accuracy": 0.30168384879725085,
    "joint_cat_accuracy": 0.0,
    "joint_goal_accuracy": 0.0,
    "joint_noncat_accuracy": 0.000752683492063492,
    "requested_slots_f1": 0.6573544973544974,
    "requested_slots_precision": 0.7275132275132274,
    "requested_slots_recall": 0.9111111111111111
  },
  "Movies_2": {
    "active_intent_accuracy": 0.8409090909090909,
    "average_goal_accuracy": 0.3400137741046832,
    "average_noncat_accuracy": 0.3400137741046832,
    "joint_goal_accuracy": 0.0016325284090909088,
    "joint_noncat_accuracy": 0.0016325284090909088,
    "requested_slots_f1": 0.8579545454545454,
    "requested_slots_precision": 0.9943181818181818,
    "requested_slots_recall": 0.8636363636363636
  },
  "Music_1": {
    "active_intent_accuracy": 0.5101214574898786,
    "average_cat_accuracy": 0.06535947712418301,
    "average_goal_accuracy": 0.21737124802527646,
    "average_noncat_accuracy": 0.2975,
    "joint_cat_accuracy": 0.0,
    "joint_goal_accuracy": 0.0,
    "joint_noncat_accuracy": 8.045344129554656e-06,
    "requested_slots_f1": 0.708502024291498,
    "requested_slots_precision": 0.8218623481781376,
    "requested_slots_recall": 0.8582995951417004
  },
  "RentalCars_1": {
    "active_intent_accuracy": 0.6036585365853658,
    "average_cat_accuracy": 0.010256410256410256,
    "average_goal_accuracy": 0.20755283224400872,
    "average_noncat_accuracy": 0.2355235745614035,
    "joint_cat_accuracy": 0.006097560975609756,
    "joint_goal_accuracy": 0.0,
    "joint_noncat_accuracy": 0.00030399247256097565,
    "requested_slots_f1": 0.7097609368950832,
    "requested_slots_precision": 0.7958405923344948,
    "requested_slots_recall": 0.9054878048780488
  },
  "Restaurants_2": {
    "active_intent_accuracy": 0.6140350877192983,
    "average_cat_accuracy": 0.04295051353874883,
    "average_goal_accuracy": 0.19496001063655705,
    "average_noncat_accuracy": 0.218811168681635,
    "joint_cat_accuracy": 0.0,
    "joint_goal_accuracy": 0.0,
    "joint_noncat_accuracy": 8.995265055821371e-05,
    "requested_slots_f1": 0.6285433864381234,
    "requested_slots_precision": 0.7272999993095687,
    "requested_slots_recall": 0.8636363636363636
  },
  "RideSharing_1": {
    "active_intent_accuracy": 0.9027237354085603,
    "average_cat_accuracy": 0.0,
    "average_goal_accuracy": 0.0649439775910364,
    "average_noncat_accuracy": 0.19862559241706162,
    "joint_cat_accuracy": 0.0,
    "joint_goal_accuracy": 0.0,
    "joint_noncat_accuracy": 0.16307392996108952,
    "requested_slots_f1": 0.7295719844357976,