{
  "#ALL_SERVICES": {
    "active_intent_accuracy": 0.9483568075117371,
    "average_cat_accuracy": 0.680304903172641,
    "average_goal_accuracy": 0.8263214702194631,
    "average_noncat_accuracy": 0.8815652850749174,
    "joint_cat_accuracy": 0.7052300868600998,
    "joint_goal_accuracy": 0.5338029175050302,
    "joint_noncat_accuracy": 0.686672501676727,
    "requested_slots_f1": 0.9466968477531859,
    "requested_slots_precision": 0.9772943214844624,
    "requested_slots_recall": 0.9535546613011402
  },
  "#SEEN_SERVICES": {
    "active_intent_accuracy": 0.9871881321645314,
    "average_cat_accuracy": 0.8717110384555503,
    "average_goal_accuracy": 0.8875315716030002,
    "average_noncat_accuracy": 0.9138566972243443,
    "joint_cat_accuracy": 0.8775727466288148,
    "joint_goal_accuracy": 0.7229054281861091,
    "joint_noncat_accuracy": 0.8264333108563722,
    "requested_slots_f1": 0.9761856596988088,
    "requested_slots_precision": 0.9857271296920656,
    "requested_slots_recall": 0.9833108563722185
  },
  "#UNSEEN_SERVICES": {
    "active_intent_accuracy": 0.9099399599733156,
    "average_cat_accuracy": 0.4650735294117647,
    "average_goal_accuracy": 0.7644541704130745,
    "average_noncat_accuracy": 0.8480314028824539,
    "joint_cat_accuracy": 0.5179328962591593,
    "joint_goal_accuracy": 0.3467188458972648,
    "joint_noncat_accuracy": 0.5484034689793195,
    "requested_slots_f1": 0.9175227929730932,
    "requested_slots_precision": 0.9689515232377142,
    "requested_slots_recall": 0.9241160773849233
  },
  "Alarm_1": {
    "active_intent_accuracy": 0.759825327510917,
    "average_goal_accuracy": 0.7694155844155843,
    "average_noncat_accuracy": 0.7694155844155843,
    "joint_goal_accuracy": 0.6000436681222708,
    "joint_noncat_accuracy": 0.6000436681222708,
    "requested_slots_f1": 1.0,
    "requested_slots_precision": 1.0,
    "requested_slots_recall": 1.0
  },
  "Banks_2": {
    "active_intent_accuracy": 0.9907120743034056,
    "average_cat_accuracy": 0.8820598006644518,
    "average_goal_accuracy": 0.80921926910299,
    "average_noncat_accuracy": 0.601923076923077,
    "joint_cat_accuracy": 0.7987616099071208,
    "joint_goal_accuracy": 0.5696594427244582,
    "joint_noncat_accuracy": 0.6501547987616099,
    "requested_slots_f1": 0.9009287925696594,
    "requested_slots_precision": 1.0,
    "requested_slots_recall": 0.9009287925696594
  },
  "Buses_1": {
    "active_intent_accuracy": 0.986737400530504,
    "average_cat_accuracy": 1.0,
    "average_goal_accuracy": 0.9622535410764872,
    "average_noncat_accuracy": 0.9538547619047619,
    "joint_cat_accuracy": 1.0,
    "joint_goal_accuracy": 0.8838726790450929,
    "joint_noncat_accuracy": 0.8838726790450929,
    "requested_slots_f1": 0.9796640141467727,
    "requested_slots_precision": 0.9708222811671088,
    "requested_slots_recall": 0.9973474801061007
  },
  "Events_1": {
    "active_intent_accuracy": 0.9884836852207294,
    "average_cat_accuracy": 0.9932432432432432,
    "average_goal_accuracy": 0.9142620041753654,
    "average_noncat_accuracy": 0.8782796852646637,
    "joint_cat_accuracy": 0.9884836852207294,
    "joint_goal_accuracy": 0.6593474088291746,
    "joint_noncat_accuracy": 0.6612476007677544,
    "requested_slots_f1": 0.9809980806142033,
    "requested_slots_precision": 0.9888035828534868,
    "requested_slots_recall": 0.9846449136276392
  },
  "Flights_3": {
    "active_intent_accuracy": 0.9410801963993454,
    "average_cat_accuracy": 0.6814574314574314,
    "average_goal_accuracy": 0.8558292600991013,
    "average_noncat_accuracy": 0.9382412609238453,
    "joint_cat_accuracy": 0.530278232405892,
    "joint_goal_accuracy": 0.4268091653027823,
    "joint_noncat_accuracy": 0.8162736497545007,
    "requested_slots_f1": 0.8805237315875614,
    "requested_slots_precision": 1.0,
    "requested_slots_recall": 0.8805237315875614
  },
  "Homes_1": {
    "active_intent_accuracy": 0.9931856899488927,
    "average_cat_accuracy": 0.9817307692307692,
    "average_goal_accuracy": 0.9603738450604122,
    "average_noncat_accuracy": 0.950421646746348,
    "joint_cat_accuracy": 0.948892674616695,
    "joint_goal_accuracy": 0.8642078364565587,
    "joint_noncat_accuracy": 0.9050936967632026,
    "requested_slots_f1": 0.9921635434412266,
    "requested_slots_precision": 0.9911981828506529,
    "requested_slots_recall": 0.9982964224872232
  },
  "Hotels_1": {
    "active_intent_accuracy": 0.974910394265233,
    "average_cat_accuracy": 0.8818466353677622,
    "average_goal_accuracy": 0.9496040764790765,
    "average_noncat_accuracy": 0.9784248366013071,
    "joint_cat_accuracy": 0.8781362007168458,
    "joint_goal_accuracy": 0.7852329749103942,
    "joint_noncat_accuracy": 0.9049462365591399,
    "requested_slots_f1": 0.9859020310633214,
    "requested_slots_precision": 0.9832735961768219,
    "requested_slots_recall": 0.9910394265232975
  },
  "Hotels_4": {
    "active_intent_accuracy": 0.9964285714285714,
    "average_cat_accuracy": 0.6049382716049382,
    "average_goal_accuracy": 0.7238135366506153,
    "average_noncat_accuracy": 0.799467320261438,
    "joint_cat_accuracy": 0.5714285714285714,
    "joint_goal_accuracy": 0.10497035714285713,
    "joint_noncat_accuracy": 0.17394464285714287,
    "requested_slots_f1": 0.9255952380952381,
    "requested_slots_precision": 0.9205357142857142,
    "requested_slots_recall": 0.9446428571428571
  },
  "Media_2": {
    "active_intent_accuracy": 0.9619047619047619,
    "average_cat_accuracy": 0.08484848484848485,
    "average_goal_accuracy": 0.7795990836197022,
    "average_noncat_accuracy": 0.909971363115693,
    "joint_cat_accuracy": 0.5206349206349207,
    "joint_goal_accuracy": 0.22885015873015874,
    "joint_noncat_accuracy": 0.2904939682539683,
    "requested_slots_f1": 0.9322751322751321,
    "requested_slots_precision": 0.9317460317460318,
    "requested_slots_recall": 0.9412698412698413
  },
  "Movies_2": {
    "active_intent_accuracy": 0.9886363636363636,
    "average_goal_accuracy": 0.7588567493112948,
    "average_noncat_accuracy": 0.7588567493112948,
    "joint_goal_accuracy": 0.375096590909091,
    "joint_noncat_accuracy": 0.375096590909091,
    "requested_slots_f1": 0.9070075757575757,
    "requested_slots_precision": 0.9214015151515152,
    "requested_slots_recall": 0.9261363636363636
  },
  "Music_1": {
    "active_intent_accuracy": 0.979757085020243,
    "average_cat_accuracy": 0.7352941176470589,
    "average_goal_accuracy": 0.7959952606635071,
    "average_noncat_accuracy": 0.856127450980392,
    "joint_cat_accuracy": 0.757085020242915,
    "joint_goal_accuracy": 0.5512145748987853,
    "joint_noncat_accuracy": 0.7941295546558703,
    "requested_slots_f1": 0.9784075573549257,
    "requested_slots_precision": 0.9898785425101214,
    "requested_slots_recall": 0.9878542510121457
  },
  "RentalCars_1": {
    "active_intent_accuracy": 0.9969512195121951,
    "average_cat_accuracy": 0.764102564102564,
    "average_goal_accuracy": 0.9222657952069718,
    "average_noncat_accuracy": 0.9390767543859649,
    "joint_cat_accuracy": 0.8353658536585366,
    "joint_goal_accuracy": 0.6807646341463415,
    "joint_noncat_accuracy": 0.8056234756097561,
    "requested_slots_f1": 0.9939024390243902,
    "requested_slots_precision": 0.9969512195121951,
    "requested_slots_recall": 0.9969512195121951
  },
  "Restaurants_2": {
    "active_intent_accuracy": 0.9106858054226475,
    "average_cat_accuracy": 0.4103641456582633,
    "average_goal_accuracy": 0.765994518082147,
    "average_noncat_accuracy": 0.8327282671272309,
    "joint_cat_accuracy": 0.620414673046252,
    "joint_goal_accuracy": 0.39996204146730463,
    "joint_noncat_accuracy": 0.516084370015949,
    "requested_slots_f1": 0.9153641679957468,
    "requested_slots_precision": 0.9433811802232854,
    "requested_slots_recall": 0.9338118022328549
  },
  "RideSharing_1": {
    "active_intent_accuracy": 1.0,
    "average_cat_accuracy": 0.9369565217391305,