{
  "#ALL_SERVICES": {
    "active_intent_accuracy": 0.8990610328638498,
    "average_cat_accuracy": 0.6968891635764318,
    "average_goal_accuracy": 0.7916221032695898,
    "average_noncat_accuracy": 0.8237446325484855,
    "joint_cat_accuracy": 0.699685825170948,
    "joint_goal_accuracy": 0.4698744299128102,
    "joint_noncat_accuracy": 0.5982347753185782,
    "requested_slots_f1": 0.9350467886685191,
    "requested_slots_precision": 0.9771294433266264,
    "requested_slots_recall": 0.9391348088531187
  },
  "#SEEN_SERVICES": {
    "active_intent_accuracy": 0.9592043155765341,
    "average_cat_accuracy": 0.8692199906585708,
    "average_goal_accuracy": 0.8359893249607535,
    "average_noncat_accuracy": 0.8387482174688057,
    "joint_cat_accuracy": 0.8665720369056068,
    "joint_goal_accuracy": 0.6013845920431559,
    "joint_noncat_accuracy": 0.683512036412677,
    "requested_slots_f1": 0.9631040683299618,
    "requested_slots_precision": 0.9847718588446841,
    "requested_slots_recall": 0.9694875252865812
  },
  "#UNSEEN_SERVICES": {
    "active_intent_accuracy": 0.8395597064709807,
    "average_cat_accuracy": 0.5031074929971988,
    "average_goal_accuracy": 0.7467785211826308,
    "average_noncat_accuracy": 0.8081637577680815,
    "joint_cat_accuracy": 0.518318549942152,
    "joint_goal_accuracy": 0.3397679786524349,
    "joint_noncat_accuracy": 0.5138677451634422,
    "requested_slots_f1": 0.9072889863083325,
    "requested_slots_precision": 0.9695686012897486,
    "requested_slots_recall": 0.9091060707138092
  },
  "Alarm_1": {
    "active_intent_accuracy": 0.8122270742358079,
    "average_goal_accuracy": 0.7252597402597403,
    "average_noncat_accuracy": 0.7252597402597403,
    "joint_goal_accuracy": 0.5100768558951966,
    "joint_noncat_accuracy": 0.5100768558951966,
    "requested_slots_f1": 1.0,
    "requested_slots_precision": 1.0,
    "requested_slots_recall": 1.0
  },
  "Banks_2": {
    "active_intent_accuracy": 0.9102167182662538,
    "average_cat_accuracy": 0.8372093023255814,
    "average_goal_accuracy": 0.7511378737541528,
    "average_noncat_accuracy": 0.49002747252747253,
    "joint_cat_accuracy": 0.7244582043343654,
    "joint_goal_accuracy": 0.505046439628483,
    "joint_noncat_accuracy": 0.5452941176470588,
    "requested_slots_f1": 0.9009287925696594,
    "requested_slots_precision": 1.0,
    "requested_slots_recall": 0.9009287925696594
  },
  "Buses_1": {
    "active_intent_accuracy": 0.9840848806366048,
    "average_cat_accuracy": 1.0,
    "average_goal_accuracy": 0.9109669499527857,
    "average_noncat_accuracy": 0.8904833333333334,
    "joint_cat_accuracy": 0.9973474801061007,
    "joint_goal_accuracy": 0.7094885941644563,
    "joint_noncat_accuracy": 0.7121411140583556,
    "requested_slots_f1": 0.980548187444739,
    "requested_slots_precision": 0.9708222811671088,
    "requested_slots_recall": 1.0
  },
  "Events_1": {
    "active_intent_accuracy": 0.9846449136276392,
    "average_cat_accuracy": 1.0,
    "average_goal_accuracy": 0.8948277661795406,
    "average_noncat_accuracy": 0.8443276108726754,
    "joint_cat_accuracy": 1.0,
    "joint_goal_accuracy": 0.6930518234165067,
    "joint_noncat_accuracy": 0.6930518234165067,
    "requested_slots_f1": 0.9948816378758796,
    "requested_slots_precision": 1.0,
    "requested_slots_recall": 0.9942418426103646
  },
  "Flights_3": {
    "active_intent_accuracy": 0.8870703764320785,
    "average_cat_accuracy": 0.5975829725829725,
    "average_goal_accuracy": 0.8460852019820274,
    "average_noncat_accuracy": 0.9588373907615482,
    "joint_cat_accuracy": 0.469721767594108,
    "joint_goal_accuracy": 0.4152216039279869,
    "joint_noncat_accuracy": 0.8976648117839605,
    "requested_slots_f1": 0.8859792689579923,
    "requested_slots_precision": 0.9983633387888707,
    "requested_slots_recall": 0.8846153846153846
  },
  "Homes_1": {
    "active_intent_accuracy": 0.9114139693356048,
    "average_cat_accuracy": 0.9788461538461538,
    "average_goal_accuracy": 0.9233288912579958,
    "average_noncat_accuracy": 0.8880942895086321,
    "joint_cat_accuracy": 0.9676320272572402,
    "joint_goal_accuracy": 0.7419761499148211,
    "joint_noncat_accuracy": 0.7573083475298126,
    "requested_slots_f1": 0.9948892674616695,
    "requested_slots_precision": 0.9948892674616695,
    "requested_slots_recall": 0.9991482112436116
  },
  "Hotels_1": {
    "active_intent_accuracy": 0.8530465949820788,
    "average_cat_accuracy": 0.8215962441314554,
    "average_goal_accuracy": 0.8528039321789321,
    "average_noncat_accuracy": 0.8782941176470588,
    "joint_cat_accuracy": 0.6917562724014337,
    "joint_goal_accuracy": 0.46075268817204307,
    "joint_noncat_accuracy": 0.6260931899641577,
    "requested_slots_f1": 0.9506571087216249,
    "requested_slots_precision": 0.9456391875746714,
    "requested_slots_recall": 0.9659498207885304
  },
  "Hotels_4": {
    "active_intent_accuracy": 0.9785714285714285,
    "average_cat_accuracy": 0.8510802469135803,
    "average_goal_accuracy": 0.7351912787586945,
    "average_noncat_accuracy": 0.6830032679738562,
    "joint_cat_accuracy": 0.5571428571428572,
    "joint_goal_accuracy": 0.16532857142857144,
    "joint_noncat_accuracy": 0.27025714285714286,
    "requested_slots_f1": 0.9235204081632653,
    "requested_slots_precision": 0.9146428571428572,
    "requested_slots_recall": 0.9535714285714286
  },
  "Media_2": {
    "active_intent_accuracy": 0.9142857142857143,
    "average_cat_accuracy": 0.1696969696969697,
    "average_goal_accuracy": 0.7511494845360824,
    "average_noncat_accuracy": 0.8611426116838488,
    "joint_cat_accuracy": 0.5650793650793651,
    "joint_goal_accuracy": 0.2512063492063492,
    "joint_noncat_accuracy": 0.35511746031746033,
    "requested_slots_f1": 0.8857142857142857,
    "requested_slots_precision": 0.9301587301587302,
    "requested_slots_recall": 0.8857142857142857
  },
  "Movies_2": {
    "active_intent_accuracy": 0.9829545454545454,
    "average_goal_accuracy": 0.8040358126721763,
    "average_noncat_accuracy": 0.8040358126721763,
    "joint_goal_accuracy": 0.43405909090909095,
    "joint_noncat_accuracy": 0.43405909090909095,
    "requested_slots_f1": 0.912878787878788,
    "requested_slots_precision": 0.9119318181818182,
    "requested_slots_recall": 0.9261363636363636
  },
  "Music_1": {
    "active_intent_accuracy": 0.9838056680161943,
    "average_cat_accuracy": 0.7026143790849673,
    "average_goal_accuracy": 0.6941232227488151,
    "average_noncat_accuracy": 0.6916666666666668,
    "joint_cat_accuracy": 0.7489878542510121,
    "joint_goal_accuracy": 0.4574898785425101,
    "joint_noncat_accuracy": 0.6202429149797569,
    "requested_slots_f1": 0.979757085020243,
    "requested_slots_precision": 0.979757085020243,
    "requested_slots_recall": 0.9959514170040485
  },
  "RentalCars_1": {
    "active_intent_accuracy": 0.9847560975609756,
    "average_cat_accuracy": 0.7846153846153846,
    "average_goal_accuracy": 0.8060920479302832,
    "average_noncat_accuracy": 0.8010975877192983,
    "joint_cat_accuracy": 0.8445121951219512,
    "joint_goal_accuracy": 0.38561798780487805,
    "joint_noncat_accuracy": 0.39281310975609757,
    "requested_slots_f1": 0.9298780487804879,
    "requested_slots_precision": 1.0,
    "requested_slots_recall": 0.9298780487804879
  },
  "Restaurants_2": {
    "active_intent_accuracy": 0.7687400318979266,
    "average_cat_accuracy": 0.36134453781512604,
    "average_goal_accuracy": 0.7051381525118638,
    "average_noncat_accuracy": 0.7688025331030512,
    "joint_cat_accuracy": 0.583732057416268,
    "joint_goal_accuracy": 0.30494417862838913,
    "joint_noncat_accuracy": 0.40239059011164274,
    "requested_slots_f1": 0.8805954279638488,
    "requested_slots_precision": 0.9556087187666135,
    "requested_slots_recall": 0.8787878787878788
  },
  "RideSharing_1": {
    "active_intent_accuracy": 1.0,
    "average_cat_accuracy": 0.967391304347826,
    "average_goal_accuracy": 0.9066666666666666,