{
  "#ALL_SERVICES": {
    "active_intent_accuracy": 0.5481220657276995,
    "average_cat_accuracy": 0.25210135970333747,
    "average_goal_accuracy": 0.17374695750146862,
    "average_noncat_accuracy": 0.13536359213854837,
    "joint_cat_accuracy": 0.07115135834411385,
    "joint_goal_accuracy": 0.014583785018628437,
    "joint_noncat_accuracy": 0.10070609871289403,
    "requested_slots_f1": 0.8688799463447351,
    "requested_slots_precision": 0.9994969818913481,
    "requested_slots_recall": 0.869382964453387
  },
  "#SEEN_SERVICES": {
    "active_intent_accuracy": 0.6405933917734322,
    "average_cat_accuracy": 0.218044527479371,
    "average_goal_accuracy": 0.16353417059131345,
    "average_noncat_accuracy": 0.13360835243188182,
    "joint_cat_accuracy": 0.035486160397444996,
    "joint_goal_accuracy": 0.0013686359680040458,
    "joint_noncat_accuracy": 0.1041843994143965,
    "requested_slots_f1": 0.861429534726905,
    "requested_slots_precision": 0.9989885367498315,
    "requested_slots_recall": 0.8624409979770735
  },
  "#UNSEEN_SERVICES": {
    "active_intent_accuracy": 0.45663775850567045,
    "average_cat_accuracy": 0.2903974089635854,
    "average_goal_accuracy": 0.18406939669610903,
    "average_noncat_accuracy": 0.13718636784344837,
    "joint_cat_accuracy": 0.10991129965291169,
    "joint_goal_accuracy": 0.02765787844229486,
    "joint_noncat_accuracy": 0.09726492463662442,
    "requested_slots_f1": 0.8762508338892595,
    "requested_slots_precision": 1.0,
    "requested_slots_recall": 0.8762508338892595
  },
  "Alarm_1": {
    "active_intent_accuracy": 0.62882096069869,
    "average_goal_accuracy": 0.20701298701298704,
    "average_noncat_accuracy": 0.20701298701298704,
    "joint_goal_accuracy": 0.15499519650655028,
    "joint_noncat_accuracy": 0.15499519650655028,
    "requested_slots_f1": 1.0,
    "requested_slots_precision": 1.0,
    "requested_slots_recall": 1.0
  },
  "Banks_2": {
    "active_intent_accuracy": 0.35294117647058826,
    "average_cat_accuracy": 0.5830564784053156,
    "average_goal_accuracy": 0.4273615725359911,
    "average_noncat_accuracy": 0.11862637362637361,
    "joint_cat_accuracy": 0.16408668730650156,
    "joint_goal_accuracy": 0.0028510835913312695,
    "joint_noncat_accuracy": 0.19937089783281733,
    "requested_slots_f1": 0.9009287925696594,
    "requested_slots_precision": 1.0,
    "requested_slots_recall": 0.9009287925696594
  },
  "Buses_1": {
    "active_intent_accuracy": 0.5570291777188329,
    "average_cat_accuracy": 0.196,
    "average_goal_accuracy": 0.18059726156751651,
    "average_noncat_accuracy": 0.17775000000000002,
    "joint_cat_accuracy": 0.129973474801061,
    "joint_goal_accuracy": 8.581944297082227e-05,
    "joint_noncat_accuracy": 0.06188504161803713,
    "requested_slots_f1": 0.8567639257294429,
    "requested_slots_precision": 1.0,
    "requested_slots_recall": 0.8567639257294429
  },
  "Events_1": {
    "active_intent_accuracy": 0.6295585412667947,
    "average_cat_accuracy": 0.44256756756756754,
    "average_goal_accuracy": 0.252080723729993,
    "average_noncat_accuracy": 0.14763412017167382,
    "joint_cat_accuracy": 0.03838771593090211,
    "joint_goal_accuracy": 3.369673704414587e-05,
    "joint_noncat_accuracy": 0.06409523654510557,
    "requested_slots_f1": 0.8829174664107485,
    "requested_slots_precision": 1.0,
    "requested_slots_recall": 0.8829174664107485
  },
  "Flights_3": {
    "active_intent_accuracy": 0.23895253682487724,
    "average_cat_accuracy": 0.1545815295815296,
    "average_goal_accuracy": 0.1564547535063408,
    "average_noncat_accuracy": 0.15958333333333333,
    "joint_cat_accuracy": 0.0016366612111292963,
    "joint_goal_accuracy": 0.0,
    "joint_noncat_accuracy": 0.09237503207855974,
    "requested_slots_f1": 0.8805237315875614,
    "requested_slots_precision": 1.0,
    "requested_slots_recall": 0.8805237315875614
  },
  "Homes_1": {
    "active_intent_accuracy": 0.6337308347529813,
    "average_cat_accuracy": 0.12467948717948717,
    "average_goal_accuracy": 0.13676123845060412,
    "average_noncat_accuracy": 0.14651726427622844,
    "joint_cat_accuracy": 0.0,
    "joint_goal_accuracy": 0.0,
    "joint_noncat_accuracy": 0.11302523850085179,
    "requested_slots_f1": 0.8364565587734242,
    "requested_slots_precision": 0.9965928449744463,
    "requested_slots_recall": 0.8398637137989778
  },
  "Hotels_1": {
    "active_intent_accuracy": 0.4444444444444444,
    "average_cat_accuracy": 0.26291079812206575,
    "average_goal_accuracy": 0.16344354256854254,
    "average_noncat_accuracy": 0.0918169934640523,
    "joint_cat_accuracy": 0.02867383512544803,
    "joint_goal_accuracy": 0.0,
    "joint_noncat_accuracy": 0.06463990523297491,
    "requested_slots_f1": 0.8172043010752689,
    "requested_slots_precision": 1.0,
    "requested_slots_recall": 0.8172043010752689
  },
  "Hotels_4": {
    "active_intent_accuracy": 0.4,
    "average_cat_accuracy": 0.13734567901234568,
    "average_goal_accuracy": 0.13982807205279113,
    "average_noncat_accuracy": 0.13814052287581702,
    "joint_cat_accuracy": 0.0,
    "joint_goal_accuracy": 0.0,
    "joint_noncat_accuracy": 0.07175852642857143,
    "requested_slots_f1": 0.825,
    "requested_slots_precision": 1.0,
    "requested_slots_recall": 0.825
  },
  "Media_2": {
    "active_intent_accuracy": 0.5238095238095238,
    "average_cat_accuracy": 0.4727272727272727,
    "average_goal_accuracy": 0.221790950744559,
    "average_noncat_accuracy": 0.1779066437571592,
    "joint_cat_accuracy": 0.5174603174603175,
    "joint_goal_accuracy": 0.07373970120634919,
    "joint_noncat_accuracy": 0.07407353936507936,
    "requested_slots_f1": 0.8857142857142857,
    "requested_slots_precision": 1.0,
    "requested_slots_recall": 0.8857142857142857
  },
  "Movies_2": {
    "active_intent_accuracy": 0.8409090909090909,
    "average_goal_accuracy": 0.10662534435261709,
    "average_noncat_accuracy": 0.10662534435261709,
    "joint_goal_accuracy": 0.12613163636363636,
    "joint_noncat_accuracy": 0.12613163636363636,
    "requested_slots_f1": 0.8636363636363636,
    "requested_slots_precision": 1.0,
    "requested_slots_recall": 0.8636363636363636
  },
  "Music_1": {
    "active_intent_accuracy": 0.4291497975708502,
    "average_cat_accuracy": 0.14052287581699346,
    "average_goal_accuracy": 0.13458767772511848,
    "average_noncat_accuracy": 0.13651960784313727,
    "joint_cat_accuracy": 0.02834008097165992,
    "joint_goal_accuracy": 0.0,
    "joint_noncat_accuracy": 0.10294534412955465,
    "requested_slots_f1": 0.8582995951417004,
    "requested_slots_precision": 1.0,
    "requested_slots_recall": 0.8582995951417004
  },
  "RentalCars_1": {
    "active_intent_accuracy": 0.6036585365853658,
    "average_cat_accuracy": 0.08205128205128205,
    "average_goal_accuracy": 0.19461220043572985,
    "average_noncat_accuracy": 0.21128837719298246,
    "joint_cat_accuracy": 0.04878048780487805,
    "joint_goal_accuracy": 2.8854728963414627e-05,
    "joint_noncat_accuracy": 0.0745390279667683,
    "requested_slots_f1": 0.8841463414634146,
    "requested_slots_precision": 1.0,
    "requested_slots_recall": 0.8841463414634146
  },
  "Restaurants_2": {
    "active_intent_accuracy": 0.6140350877192983,
    "average_cat_accuracy": 0.365079365079365,
    "average_goal_accuracy": 0.10613115693012601,
    "average_noncat_accuracy": 0.06612291306850893,
    "joint_cat_accuracy": 0.0,
    "joint_goal_accuracy": 0.0,
    "joint_noncat_accuracy": 0.07658891861339713,
    "requested_slots_f1": 0.8484848484848485,
    "requested_slots_precision": 1.0,
    "requested_slots_recall": 0.8484848484848485
  },
  "RideSharing_1": {
    "active_intent_accuracy": 0.9027237354085603,
    "average_cat_accuracy": 0.10434782608695652,
    "average_goal_accuracy": 0.08330532212885153,
    "average_noncat_accuracy": 0.05568720379146919,
    "joint_cat_accuracy": 0.0,
    "joint_goal_accuracy": 0.0,
    "joint_noncat_accuracy": 0.22081712062256809,