{
  "#ALL_SERVICES": {
    "active_intent_accuracy": 0.9102951039570758,
    "average_cat_accuracy": 0.6636588380716935,
    "average_goal_accuracy": 0.7623538614304127,
    "average_noncat_accuracy": 0.7897362651618343,
    "joint_cat_accuracy": 0.6824986139345777,
    "joint_goal_accuracy": 0.42624832327297124,
    "joint_noncat_accuracy": 0.5506268108651912,
    "requested_slots_f1": 0.9309356136820927,
    "requested_slots_precision": 0.9809970936731499,
    "requested_slots_recall": 0.9351945003353455
  },
  "#SEEN_SERVICES": {
    "active_intent_accuracy": 0.956844234659474,
    "average_cat_accuracy": 0.8480460843842441,
    "average_goal_accuracy": 0.8098431100645386,
    "average_noncat_accuracy": 0.8059339826839826,
    "joint_cat_accuracy": 0.8364088005677786,
    "joint_goal_accuracy": 0.5477808833445719,
    "joint_noncat_accuracy": 0.6377100809170599,
    "requested_slots_f1": 0.9598673859294222,
    "requested_slots_precision": 0.9866262081366598,
    "requested_slots_recall": 0.966621712744437
  },
  "#UNSEEN_SERVICES": {
    "active_intent_accuracy": 0.8642428285523682,
    "average_cat_accuracy": 0.4563200280112044,
    "average_goal_accuracy": 0.7143547319334991,
    "average_noncat_accuracy": 0.7729153113843713,
    "joint_cat_accuracy": 0.5152333204782106,
    "joint_goal_accuracy": 0.30601297531687793,
    "joint_noncat_accuracy": 0.46447304869913275,
    "requested_slots_f1": 0.9023126528796975,
    "requested_slots_precision": 0.9754280631532133,
    "requested_slots_recall": 0.9041027351567712
  },
  "Alarm_1": {
    "active_intent_accuracy": 0.7729257641921398,
    "average_goal_accuracy": 0.70012987012987,
    "average_noncat_accuracy": 0.70012987012987,
    "joint_goal_accuracy": 0.506113537117904,
    "joint_noncat_accuracy": 0.506113537117904,
    "requested_slots_f1": 1.0,
    "requested_slots_precision": 1.0,
    "requested_slots_recall": 1.0
  },
  "Banks_2": {
    "active_intent_accuracy": 0.9721362229102167,
    "average_cat_accuracy": 0.9501661129568106,
    "average_goal_accuracy": 0.7888482834994462,
    "average_noncat_accuracy": 0.4105494505494505,
    "joint_cat_accuracy": 0.913312693498452,
    "joint_goal_accuracy": 0.5325077399380805,
    "joint_noncat_accuracy": 0.541795665634675,
    "requested_slots_f1": 0.9009287925696594,
    "requested_slots_precision": 1.0,
    "requested_slots_recall": 0.9009287925696594
  },
  "Buses_1": {
    "active_intent_accuracy": 0.9814323607427056,
    "average_cat_accuracy": 1.0,
    "average_goal_accuracy": 0.9048493862134088,
    "average_noncat_accuracy": 0.8865309523809525,
    "joint_cat_accuracy": 1.0,
    "joint_goal_accuracy": 0.6672281167108753,
    "joint_noncat_accuracy": 0.6672281167108753,
    "requested_slots_f1": 0.9787798408488063,
    "requested_slots_precision": 0.9721485411140584,
    "requested_slots_recall": 0.9973474801061007
  },
  "Events_1": {
    "active_intent_accuracy": 0.8982725527831094,
    "average_cat_accuracy": 0.9864864864864865,
    "average_goal_accuracy": 0.8003827418232429,
    "average_noncat_accuracy": 0.7095565092989986,
    "joint_cat_accuracy": 0.982725527831094,
    "joint_goal_accuracy": 0.4741842610364684,
    "joint_noncat_accuracy": 0.4741842610364684,
    "requested_slots_f1": 0.9724888035828534,
    "requested_slots_precision": 0.9971209213051824,
    "requested_slots_recall": 0.9731285988483686
  },
  "Flights_3": {
    "active_intent_accuracy": 0.939443535188216,
    "average_cat_accuracy": 0.6717171717171718,
    "average_goal_accuracy": 0.8435070756697741,
    "average_noncat_accuracy": 0.9266916354556805,
    "joint_cat_accuracy": 0.5040916530278232,
    "joint_goal_accuracy": 0.3797715220949264,
    "joint_noncat_accuracy": 0.763273977086743,
    "requested_slots_f1": 0.8805237315875614,
    "requested_slots_precision": 1.0,
    "requested_slots_recall": 0.8805237315875614
  },
  "Homes_1": {
    "active_intent_accuracy": 0.9710391822827938,
    "average_cat_accuracy": 0.9599358974358974,
    "average_goal_accuracy": 0.9012780739161336,
    "average_noncat_accuracy": 0.8685922974767596,
    "joint_cat_accuracy": 0.9148211243611585,
    "joint_goal_accuracy": 0.702862010221465,
    "joint_noncat_accuracy": 0.7373424190800683,
    "requested_slots_f1": 0.9862578080636001,
    "requested_slots_precision": 0.9812606473594548,
    "requested_slots_recall": 0.9982964224872232
  },
  "Hotels_1": {
    "active_intent_accuracy": 0.9032258064516129,
    "average_cat_accuracy": 0.6690140845070423,
    "average_goal_accuracy": 0.7626924603174603,
    "average_noncat_accuracy": 0.8220718954248366,
    "joint_cat_accuracy": 0.5878136200716846,
    "joint_goal_accuracy": 0.38996415770609316,
    "joint_noncat_accuracy": 0.521326164874552,
    "requested_slots_f1": 0.9236559139784946,
    "requested_slots_precision": 0.9671445639187576,
    "requested_slots_recall": 0.9265232974910395
  },
  "Hotels_4": {
    "active_intent_accuracy": 0.925,
    "average_cat_accuracy": 0.7075617283950618,
    "average_goal_accuracy": 0.6849858212948101,
    "average_noncat_accuracy": 0.6842549019607842,
    "joint_cat_accuracy": 0.6357142857142857,
    "joint_goal_accuracy": 0.09182785714285714,
    "joint_noncat_accuracy": 0.11744214285714283,
    "requested_slots_f1": 0.8997619047619048,
    "requested_slots_precision": 0.9196428571428571,
    "requested_slots_recall": 0.9071428571428571
  },
  "Media_2": {
    "active_intent_accuracy": 0.9555555555555556,
    "average_cat_accuracy": 0.10909090909090909,
    "average_goal_accuracy": 0.5704352806414662,
    "average_noncat_accuracy": 0.6626030927835052,
    "joint_cat_accuracy": 0.5333333333333333,
    "joint_goal_accuracy": 0.15956920634920635,
    "joint_noncat_accuracy": 0.2116326984126984,
    "requested_slots_f1": 0.9031746031746032,
    "requested_slots_precision": 0.9825396825396825,
    "requested_slots_recall": 0.9063492063492063
  },
  "Movies_2": {
    "active_intent_accuracy": 0.9772727272727273,
    "average_goal_accuracy": 0.8544352617079889,
    "average_noncat_accuracy": 0.8544352617079889,
    "joint_goal_accuracy": 0.42767045454545455,
    "joint_noncat_accuracy": 0.42767045454545455,
    "requested_slots_f1": 0.8801136363636363,
    "requested_slots_precision": 0.899621212121212,
    "requested_slots_recall": 0.8863636363636364
  },
  "Music_1": {
    "active_intent_accuracy": 0.9554655870445344,
    "average_cat_accuracy": 0.738562091503268,
    "average_goal_accuracy": 0.7446255924170617,
    "average_noncat_accuracy": 0.7425980392156863,
    "joint_cat_accuracy": 0.6639676113360324,
    "joint_goal_accuracy": 0.4489878542510122,
    "joint_noncat_accuracy": 0.6751417004048582,
    "requested_slots_f1": 0.9703103913630229,
    "requested_slots_precision": 0.9959514170040485,
    "requested_slots_recall": 0.9696356275303644
  },
  "RentalCars_1": {
    "active_intent_accuracy": 0.9725609756097561,
    "average_cat_accuracy": 0.7743589743589744,
    "average_goal_accuracy": 0.8178202614379084,
    "average_noncat_accuracy": 0.8179583333333333,
    "joint_cat_accuracy": 0.8323170731707317,
    "joint_goal_accuracy": 0.44454146341463413,
    "joint_noncat_accuracy": 0.49496829268292686,
    "requested_slots_f1": 0.9847560975609756,
    "requested_slots_precision": 0.9939024390243902,
    "requested_slots_recall": 0.9908536585365854
  },
  "Restaurants_2": {
    "active_intent_accuracy": 0.6491228070175439,
    "average_cat_accuracy": 0.2679738562091503,
    "average_goal_accuracy": 0.6996043609883816,
    "average_noncat_accuracy": 0.7731324122049511,
    "joint_cat_accuracy": 0.5566188197767146,
    "joint_goal_accuracy": 0.33741690590111645,
    "joint_noncat_accuracy": 0.4038921850079745,
    "requested_slots_f1": 0.8906964380648592,
    "requested_slots_precision": 0.9553429027113237,
    "requested_slots_recall": 0.8963317384370016
  },
  "RideSharing_1": {
    "active_intent_accuracy": 0.9961089494163424,
    "average_cat_accuracy": 0.9652173913043478,