{
  "#ALL_SERVICES": {
    "active_intent_accuracy": 0.9101274312541918,
    "average_cat_accuracy": 0.7025339925834363,
    "average_goal_accuracy": 0.782853122725798,
    "average_noncat_accuracy": 0.8169846273594085,
    "joint_cat_accuracy": 0.7085566438735909,
    "joint_goal_accuracy": 0.4710056909792086,
    "joint_noncat_accuracy": 0.5871063449027498,
    "requested_slots_f1": 0.9419293539011849,
    "requested_slots_precision": 0.9777665995975855,
    "requested_slots_recall": 0.948608316566063
  },
  "#SEEN_SERVICES": {
    "active_intent_accuracy": 0.9649359406608227,
    "average_cat_accuracy": 0.8745134672271524,
    "average_goal_accuracy": 0.863262297226583,
    "average_noncat_accuracy": 0.8796292971734148,
    "joint_cat_accuracy": 0.8754435770049681,
    "joint_goal_accuracy": 0.6575190829399865,
    "joint_noncat_accuracy": 0.7466053944706675,
    "requested_slots_f1": 0.9742751180040458,
    "requested_slots_precision": 0.9849966284558328,
    "requested_slots_recall": 0.9839851652056641
  },
  "#UNSEEN_SERVICES": {
    "active_intent_accuracy": 0.8559039359573049,
    "average_cat_accuracy": 0.5091474089635855,
    "average_goal_accuracy": 0.7015806138819838,
    "average_noncat_accuracy": 0.7519295914319714,
    "joint_cat_accuracy": 0.5271885846509834,
    "joint_goal_accuracy": 0.2864831024016011,
    "joint_noncat_accuracy": 0.4293097535023349,
    "requested_slots_f1": 0.9099288414498554,
    "requested_slots_precision": 0.9706137424949965,
    "requested_slots_recall": 0.9136090727151435
  },
  "Alarm_1": {
    "active_intent_accuracy": 0.777292576419214,
    "average_goal_accuracy": 0.7008766233766234,
    "average_noncat_accuracy": 0.7008766233766234,
    "joint_goal_accuracy": 0.49218340611353717,
    "joint_noncat_accuracy": 0.49218340611353717,
    "requested_slots_f1": 1.0,
    "requested_slots_precision": 1.0,
    "requested_slots_recall": 1.0
  },
  "Banks_2": {
    "active_intent_accuracy": 0.9721362229102167,
    "average_cat_accuracy": 0.9169435215946844,
    "average_goal_accuracy": 0.8482834994462902,
    "average_noncat_accuracy": 0.6593406593406593,
    "joint_cat_accuracy": 0.8513931888544891,
    "joint_goal_accuracy": 0.5851393188854489,
    "joint_noncat_accuracy": 0.6749226006191951,
    "requested_slots_f1": 0.9009287925696594,
    "requested_slots_precision": 1.0,
    "requested_slots_recall": 0.9009287925696594
  },
  "Buses_1": {
    "active_intent_accuracy": 0.986737400530504,
    "average_cat_accuracy": 1.0,
    "average_goal_accuracy": 0.9232148253068934,
    "average_noncat_accuracy": 0.9062404761904762,
    "joint_cat_accuracy": 0.9973474801061007,
    "joint_goal_accuracy": 0.7185278514588859,
    "joint_noncat_accuracy": 0.7211803713527851,
    "requested_slots_f1": 0.980548187444739,
    "requested_slots_precision": 0.9708222811671088,
    "requested_slots_recall": 1.0
  },
  "Events_1": {
    "active_intent_accuracy": 0.9213051823416507,
    "average_cat_accuracy": 0.9718468468468469,
    "average_goal_accuracy": 0.8812359081419624,
    "average_noncat_accuracy": 0.8392972103004293,
    "joint_cat_accuracy": 0.9692898272552783,
    "joint_goal_accuracy": 0.6542309021113243,
    "joint_noncat_accuracy": 0.6791829174664107,
    "requested_slots_f1": 0.9705694177863083,
    "requested_slots_precision": 0.9760076775431862,
    "requested_slots_recall": 0.9932821497120922
  },
  "Flights_3": {
    "active_intent_accuracy": 0.8592471358428805,
    "average_cat_accuracy": 0.6823593073593074,
    "average_goal_accuracy": 0.7953215125556395,
    "average_noncat_accuracy": 0.8538233458177278,
    "joint_cat_accuracy": 0.4877250409165303,
    "joint_goal_accuracy": 0.23919869067103108,
    "joint_noncat_accuracy": 0.49435417348608834,
    "requested_slots_f1": 0.8805237315875614,
    "requested_slots_precision": 1.0,
    "requested_slots_recall": 0.8805237315875614
  },
  "Homes_1": {
    "active_intent_accuracy": 0.9710391822827938,
    "average_cat_accuracy": 0.9740384615384615,
    "average_goal_accuracy": 0.9265278073916133,
    "average_noncat_accuracy": 0.8954515272244356,
    "joint_cat_accuracy": 0.9625212947189097,
    "joint_goal_accuracy": 0.7596497444633731,
    "joint_noncat_accuracy": 0.7869069846678024,
    "requested_slots_f1": 0.9965928449744463,
    "requested_slots_precision": 0.9965928449744463,
    "requested_slots_recall": 1.0
  },
  "Hotels_1": {
    "active_intent_accuracy": 0.9175627240143369,
    "average_cat_accuracy": 0.9123630672926448,
    "average_goal_accuracy": 0.9075972222222222,
    "average_noncat_accuracy": 0.9043202614379084,
    "joint_cat_accuracy": 0.8172043010752689,
    "joint_goal_accuracy": 0.5944444444444444,
    "joint_noncat_accuracy": 0.7132616487455197,
    "requested_slots_f1": 0.9683393070489845,
    "requested_slots_precision": 0.9982078853046595,
    "requested_slots_recall": 0.9623655913978495
  },
  "Hotels_4": {
    "active_intent_accuracy": 0.9,
    "average_cat_accuracy": 0.7561728395061729,
    "average_goal_accuracy": 0.7029176029962547,
    "average_noncat_accuracy": 0.6832908496732026,
    "joint_cat_accuracy": 0.5178571428571429,
    "joint_goal_accuracy": 0.10957142857142856,
    "joint_noncat_accuracy": 0.20765107142857145,
    "requested_slots_f1": 0.9080952380952381,
    "requested_slots_precision": 0.8985119047619047,
    "requested_slots_recall": 0.9357142857142857
  },
  "Media_2": {
    "active_intent_accuracy": 0.9619047619047619,
    "average_cat_accuracy": 0.2,
    "average_goal_accuracy": 0.46269988545246277,
    "average_noncat_accuracy": 0.5242583046964491,
    "joint_cat_accuracy": 0.580952380952381,
    "joint_goal_accuracy": 0.14654095238095238,
    "joint_noncat_accuracy": 0.21189841269841267,
    "requested_slots_f1": 0.9095238095238095,
    "requested_slots_precision": 0.9492063492063492,
    "requested_slots_recall": 0.9142857142857143
  },
  "Movies_2": {
    "active_intent_accuracy": 0.9886363636363636,
    "average_goal_accuracy": 0.6988980716253445,
    "average_noncat_accuracy": 0.6988980716253445,
    "joint_goal_accuracy": 0.43569488636363635,
    "joint_noncat_accuracy": 0.43569488636363635,
    "requested_slots_f1": 0.9166666666666665,
    "requested_slots_precision": 0.9289772727272727,
    "requested_slots_recall": 0.9176136363636364
  },
  "Music_1": {
    "active_intent_accuracy": 0.9676113360323887,
    "average_cat_accuracy": 0.673202614379085,
    "average_goal_accuracy": 0.7622069510268563,
    "average_noncat_accuracy": 0.8059803921568628,
    "joint_cat_accuracy": 0.7246963562753036,
    "joint_goal_accuracy": 0.55165991902834,
    "joint_noncat_accuracy": 0.7044534412955465,
    "requested_slots_f1": 0.9946018893387314,
    "requested_slots_precision": 0.9959514170040485,
    "requested_slots_recall": 0.9959514170040485
  },
  "RentalCars_1": {
    "active_intent_accuracy": 0.9817073170731707,
    "average_cat_accuracy": 0.8512820512820513,
    "average_goal_accuracy": 0.8880141612200437,
    "average_noncat_accuracy": 0.8866924342105263,
    "joint_cat_accuracy": 0.8810975609756098,
    "joint_goal_accuracy": 0.5766814024390244,
    "joint_noncat_accuracy": 0.6309496951219512,
    "requested_slots_f1": 0.9969512195121951,
    "requested_slots_precision": 1.0,
    "requested_slots_recall": 0.9969512195121951
  },
  "Restaurants_2": {
    "active_intent_accuracy": 0.733652312599681,
    "average_cat_accuracy": 0.3468720821661998,
    "average_goal_accuracy": 0.6996407911962036,
    "average_noncat_accuracy": 0.7657158894645941,
    "joint_cat_accuracy": 0.5980861244019139,
    "joint_goal_accuracy": 0.29248682775119617,
    "joint_noncat_accuracy": 0.35460229824561407,
    "requested_slots_f1": 0.8923976608187134,
    "requested_slots_precision": 0.9534556087187666,
    "requested_slots_recall": 0.9003189792663477
  },
  "RideSharing_1": {
    "active_intent_accuracy": 1.0,
    "average_cat_accuracy": 0.9608695652173913,
    "average_goal_accuracy": 0.9604201680672269,