{
  "#ALL_SERVICES": {
    "active_intent_accuracy": 0.9111334674714956,
    "average_cat_accuracy": 0.6859909353110836,
    "average_goal_accuracy": 0.7813350540547649,
    "average_noncat_accuracy": 0.8150786793799054,
    "joint_cat_accuracy": 0.7007946775087784,
    "joint_goal_accuracy": 0.45782456807511734,
    "joint_noncat_accuracy": 0.5759058162307177,
    "requested_slots_f1": 0.9359881511289962,
    "requested_slots_precision": 0.9799128101945003,
    "requested_slots_recall": 0.9417337357478203
  },
  "#SEEN_SERVICES": {
    "active_intent_accuracy": 0.9602157788267026,
    "average_cat_accuracy": 0.8440759769578078,
    "average_goal_accuracy": 0.8274317896389326,
    "average_noncat_accuracy": 0.8331189202953907,
    "joint_cat_accuracy": 0.847764371894961,
    "joint_goal_accuracy": 0.5790468981793662,
    "joint_noncat_accuracy": 0.66903004045853,
    "requested_slots_f1": 0.9679928073724432,
    "requested_slots_precision": 0.9877500561924027,
    "requested_slots_recall": 0.9747134187457855
  },
  "#UNSEEN_SERVICES": {
    "active_intent_accuracy": 0.8625750500333556,
    "average_cat_accuracy": 0.5082282913165267,
    "average_goal_accuracy": 0.7347433886920188,
    "average_noncat_accuracy": 0.7963443078143594,
    "joint_cat_accuracy": 0.5410721172387196,
    "joint_goal_accuracy": 0.3378961387591728,
    "joint_noncat_accuracy": 0.48377557971981316,
    "requested_slots_f1": 0.904325105625973,
    "requested_slots_precision": 0.9721592172559484,
    "requested_slots_recall": 0.9091060707138092
  },
  "Alarm_1": {
    "active_intent_accuracy": 0.7379912663755459,
    "average_goal_accuracy": 0.7299675324675325,
    "average_noncat_accuracy": 0.7299675324675325,
    "joint_goal_accuracy": 0.4809257641921398,
    "joint_noncat_accuracy": 0.4809257641921398,
    "requested_slots_f1": 1.0,
    "requested_slots_precision": 1.0,
    "requested_slots_recall": 1.0
  },
  "Banks_2": {
    "active_intent_accuracy": 0.9845201238390093,
    "average_cat_accuracy": 0.9501661129568106,
    "average_goal_accuracy": 0.8854374307862679,
    "average_noncat_accuracy": 0.708434065934066,
    "joint_cat_accuracy": 0.9009287925696594,
    "joint_goal_accuracy": 0.6755727554179567,
    "joint_noncat_accuracy": 0.7271517027863779,
    "requested_slots_f1": 0.9009287925696594,
    "requested_slots_precision": 1.0,
    "requested_slots_recall": 0.9009287925696594
  },
  "Buses_1": {
    "active_intent_accuracy": 0.9734748010610079,
    "average_cat_accuracy": 0.968,
    "average_goal_accuracy": 0.8954442870632673,
    "average_noncat_accuracy": 0.8800642857142859,
    "joint_cat_accuracy": 0.9787798408488063,
    "joint_goal_accuracy": 0.6575198938992042,
    "joint_noncat_accuracy": 0.6575198938992042,
    "requested_slots_f1": 0.9778956675508399,
    "requested_slots_precision": 0.9748010610079576,
    "requested_slots_recall": 0.9946949602122016
  },
  "Events_1": {
    "active_intent_accuracy": 0.8733205374280231,
    "average_cat_accuracy": 0.9774774774774775,
    "average_goal_accuracy": 0.8772446068197635,
    "average_noncat_accuracy": 0.8268848354792561,
    "joint_cat_accuracy": 0.9788867562380038,
    "joint_goal_accuracy": 0.6125527831094051,
    "joint_noncat_accuracy": 0.6230326295585413,
    "requested_slots_f1": 0.9712092130518234,
    "requested_slots_precision": 0.9952015355086372,
    "requested_slots_recall": 0.974088291746641
  },
  "Flights_3": {
    "active_intent_accuracy": 0.955810147299509,
    "average_cat_accuracy": 0.6836219336219336,
    "average_goal_accuracy": 0.8311995464852607,
    "average_noncat_accuracy": 0.9089154182272159,
    "joint_cat_accuracy": 0.5090016366612111,
    "joint_goal_accuracy": 0.39211194762684126,
    "joint_noncat_accuracy": 0.7857499181669395,
    "requested_slots_f1": 0.8805237315875614,
    "requested_slots_precision": 1.0,
    "requested_slots_recall": 0.8805237315875614
  },
  "Homes_1": {
    "active_intent_accuracy": 0.9761499148211243,
    "average_cat_accuracy": 0.9817307692307692,
    "average_goal_accuracy": 0.9271344171997158,
    "average_noncat_accuracy": 0.8922310756972112,
    "joint_cat_accuracy": 0.9676320272572402,
    "joint_goal_accuracy": 0.7513117546848381,
    "joint_noncat_accuracy": 0.7683475298126065,
    "requested_slots_f1": 0.9914821124361158,
    "requested_slots_precision": 0.9923339011925043,
    "requested_slots_recall": 0.9982964224872232
  },
  "Hotels_1": {
    "active_intent_accuracy": 0.9605734767025089,
    "average_cat_accuracy": 0.6392801251956183,
    "average_goal_accuracy": 0.7710438311688311,
    "average_noncat_accuracy": 0.8598790849673202,
    "joint_cat_accuracy": 0.5448028673835126,
    "joint_goal_accuracy": 0.3548387096774194,
    "joint_noncat_accuracy": 0.6026881720430107,
    "requested_slots_f1": 0.9573476702508962,
    "requested_slots_precision": 0.9731182795698925,
    "requested_slots_recall": 0.9605734767025089
  },
  "Hotels_4": {
    "active_intent_accuracy": 0.9785714285714285,
    "average_cat_accuracy": 0.6404320987654322,
    "average_goal_accuracy": 0.6813781879793115,
    "average_noncat_accuracy": 0.7134313725490197,
    "joint_cat_accuracy": 0.49642857142857144,
    "joint_goal_accuracy": 0.1772835714285714,
    "joint_noncat_accuracy": 0.3315814285714285,
    "requested_slots_f1": 0.9211904761904762,
    "requested_slots_precision": 0.9288690476190475,
    "requested_slots_recall": 0.9428571428571428
  },
  "Media_2": {
    "active_intent_accuracy": 0.8825396825396825,
    "average_cat_accuracy": 0.07878787878787878,
    "average_goal_accuracy": 0.6837142038946163,
    "average_noncat_accuracy": 0.7934421534937,
    "joint_cat_accuracy": 0.5174603174603175,
    "joint_goal_accuracy": 0.1920384888888889,
    "joint_noncat_accuracy": 0.1958399619047619,
    "requested_slots_f1": 0.9343915343915343,
    "requested_slots_precision": 0.946031746031746,
    "requested_slots_recall": 0.9396825396825397
  },
  "Movies_2": {
    "active_intent_accuracy": 0.9829545454545454,
    "average_goal_accuracy": 0.8015564738292011,
    "average_noncat_accuracy": 0.8015564738292011,
    "joint_goal_accuracy": 0.4084312500000001,
    "joint_noncat_accuracy": 0.4084312500000001,
    "requested_slots_f1": 0.9053030303030302,
    "requested_slots_precision": 0.9327651515151515,
    "requested_slots_recall": 0.9176136363636364
  },
  "Music_1": {
    "active_intent_accuracy": 0.97165991902834,
    "average_cat_accuracy": 0.6372549019607843,
    "average_goal_accuracy": 0.6525829383886256,
    "average_noncat_accuracy": 0.6479411764705882,
    "joint_cat_accuracy": 0.7004048582995951,
    "joint_goal_accuracy": 0.39595141700404857,
    "joint_noncat_accuracy": 0.5336032388663968,
    "requested_slots_f1": 0.99055330634278,
    "requested_slots_precision": 1.0,
    "requested_slots_recall": 0.9878542510121457
  },
  "RentalCars_1": {
    "active_intent_accuracy": 0.9817073170731707,
    "average_cat_accuracy": 0.841025641025641,
    "average_goal_accuracy": 0.873509259259259,
    "average_noncat_accuracy": 0.8707247807017544,
    "joint_cat_accuracy": 0.8780487804878049,
    "joint_goal_accuracy": 0.5107518292682927,
    "joint_noncat_accuracy": 0.5504469512195123,
    "requested_slots_f1": 0.9817073170731707,
    "requested_slots_precision": 0.9969512195121951,
    "requested_slots_recall": 0.9847560975609756
  },
  "Restaurants_2": {
    "active_intent_accuracy": 0.7001594896331739,
    "average_cat_accuracy": 0.37675070028011204,
    "average_goal_accuracy": 0.6550082024218621,
    "average_noncat_accuracy": 0.707301093839954,
    "joint_cat_accuracy": 0.6140350877192983,
    "joint_goal_accuracy": 0.2951993620414673,
    "joint_noncat_accuracy": 0.3530987240829346,
    "requested_slots_f1": 0.8897926634768739,
    "requested_slots_precision": 0.9446305156831473,
    "requested_slots_recall": 0.9003189792663477
  },
  "RideSharing_1": {
    "active_intent_accuracy": 0.9961089494163424,
    "average_cat_accuracy": 0.9695652173913043,