{
  "#ALL_SERVICES": {
    "active_intent_accuracy": 0.886485580147552,
    "average_cat_accuracy": 0.6548001648125257,
    "average_goal_accuracy": 0.7745840545019332,
    "average_noncat_accuracy": 0.8185668417980151,
    "joint_cat_accuracy": 0.6167067085566439,
    "joint_goal_accuracy": 0.4095,
    "joint_noncat_accuracy": 0.5864795271629779,
    "requested_slots_f1": 0.9265593561368209,
    "requested_slots_precision": 0.9812206572769953,
    "requested_slots_recall": 0.9305835010060363
  },
  "#SEEN_SERVICES": {
    "active_intent_accuracy": 0.9345920431557654,
    "average_cat_accuracy": 0.8369920597851471,
    "average_goal_accuracy": 0.8447273765916622,
    "average_noncat_accuracy": 0.8722273363891011,
    "joint_cat_accuracy": 0.7239176721078779,
    "joint_goal_accuracy": 0.53256008091706,
    "joint_noncat_accuracy": 0.745997842211733,
    "requested_slots_f1": 0.9591706001348618,
    "requested_slots_precision": 0.9857833220948529,
    "requested_slots_recall": 0.9656102494942683
  },
  "#UNSEEN_SERVICES": {
    "active_intent_accuracy": 0.8388925950633755,
    "average_cat_accuracy": 0.4499299719887956,
    "average_goal_accuracy": 0.7036876201054283,
    "average_noncat_accuracy": 0.7628416633611,
    "joint_cat_accuracy": 0.5001928268414964,
    "joint_goal_accuracy": 0.28775343562374917,
    "joint_noncat_accuracy": 0.42866387591727817,
    "requested_slots_f1": 0.8942961974649768,
    "requested_slots_precision": 0.976706693351123,
    "requested_slots_recall": 0.895930620413609
  },
  "Alarm_1": {
    "active_intent_accuracy": 0.7336244541484717,
    "average_goal_accuracy": 0.7879870129870129,
    "average_noncat_accuracy": 0.7879870129870129,
    "joint_goal_accuracy": 0.6126637554585154,
    "joint_noncat_accuracy": 0.6126637554585154,
    "requested_slots_f1": 1.0,
    "requested_slots_precision": 1.0,
    "requested_slots_recall": 1.0
  },
  "Banks_2": {
    "active_intent_accuracy": 0.9938080495356038,
    "average_cat_accuracy": 0.96843853820598,
    "average_goal_accuracy": 0.803156146179402,
    "average_noncat_accuracy": 0.41483516483516486,
    "joint_cat_accuracy": 0.9411764705882353,
    "joint_goal_accuracy": 0.5232198142414861,
    "joint_noncat_accuracy": 0.5325077399380805,
    "requested_slots_f1": 0.9009287925696594,
    "requested_slots_precision": 1.0,
    "requested_slots_recall": 0.9009287925696594
  },
  "Buses_1": {
    "active_intent_accuracy": 0.9761273209549072,
    "average_cat_accuracy": 0.976,
    "average_goal_accuracy": 0.7791161473087818,
    "average_noncat_accuracy": 0.7370690476190476,
    "joint_cat_accuracy": 0.9814323607427056,
    "joint_goal_accuracy": 0.35346153846153844,
    "joint_noncat_accuracy": 0.3640716180371353,
    "requested_slots_f1": 0.980548187444739,
    "requested_slots_precision": 0.9708222811671088,
    "requested_slots_recall": 1.0
  },
  "Events_1": {
    "active_intent_accuracy": 0.9712092130518234,
    "average_cat_accuracy": 0.9662162162162162,
    "average_goal_accuracy": 0.9440184411969381,
    "average_noncat_accuracy": 0.9329345493562232,
    "joint_cat_accuracy": 0.9654510556621881,
    "joint_goal_accuracy": 0.8163723608445297,
    "joint_noncat_accuracy": 0.8374856046065259,
    "requested_slots_f1": 0.982085732565579,
    "requested_slots_precision": 0.9961612284069098,
    "requested_slots_recall": 0.982725527831094
  },
  "Flights_3": {
    "active_intent_accuracy": 0.9574468085106383,
    "average_cat_accuracy": 0.5927128427128427,
    "average_goal_accuracy": 0.7672074829931973,
    "average_noncat_accuracy": 0.852517166042447,
    "joint_cat_accuracy": 0.43044189852700493,
    "joint_goal_accuracy": 0.30414140752864155,
    "joint_noncat_accuracy": 0.6416418985270049,
    "requested_slots_f1": 0.8805237315875614,
    "requested_slots_precision": 1.0,
    "requested_slots_recall": 0.8805237315875614
  },
  "Homes_1": {
    "active_intent_accuracy": 0.8551959114139693,
    "average_cat_accuracy": 0.9346153846153846,
    "average_goal_accuracy": 0.9142466684434968,
    "average_noncat_accuracy": 0.9176128818061089,
    "joint_cat_accuracy": 0.3185689948892675,
    "joint_goal_accuracy": 0.2778364565587734,
    "joint_noncat_accuracy": 0.8360817717206133,
    "requested_slots_f1": 0.9873935264054513,
    "requested_slots_precision": 0.9846678023850085,
    "requested_slots_recall": 1.0
  },
  "Hotels_1": {
    "active_intent_accuracy": 0.8387096774193549,
    "average_cat_accuracy": 0.7676056338028169,
    "average_goal_accuracy": 0.9012671356421356,
    "average_noncat_accuracy": 0.9625588235294117,
    "joint_cat_accuracy": 0.7706093189964157,
    "joint_goal_accuracy": 0.67,
    "joint_noncat_accuracy": 0.848494623655914,
    "requested_slots_f1": 0.9007168458781362,
    "requested_slots_precision": 0.9420549581839905,
    "requested_slots_recall": 0.9086021505376344
  },
  "Hotels_4": {
    "active_intent_accuracy": 0.975,
    "average_cat_accuracy": 0.7098765432098766,
    "average_goal_accuracy": 0.684406634563938,
    "average_noncat_accuracy": 0.6796633986928104,
    "joint_cat_accuracy": 0.6142857142857143,
    "joint_goal_accuracy": 0.24002857142857142,
    "joint_noncat_accuracy": 0.3515285714285714,
    "requested_slots_f1": 0.8938095238095238,
    "requested_slots_precision": 0.9220238095238094,
    "requested_slots_recall": 0.9214285714285714
  },
  "Media_2": {
    "active_intent_accuracy": 0.8603174603174604,
    "average_cat_accuracy": 0.0,
    "average_goal_accuracy": 0.6702399770904925,
    "average_noncat_accuracy": 0.7949255441008019,
    "joint_cat_accuracy": 0.47619047619047616,
    "joint_goal_accuracy": 0.19040063492063494,
    "joint_noncat_accuracy": 0.1938847619047619,
    "requested_slots_f1": 0.8857142857142857,
    "requested_slots_precision": 0.9746031746031746,
    "requested_slots_recall": 0.8857142857142857
  },
  "Movies_2": {
    "active_intent_accuracy": 0.9943181818181818,
    "average_goal_accuracy": 0.7173415977961431,
    "average_noncat_accuracy": 0.7173415977961431,
    "joint_goal_accuracy": 0.35414886363636366,
    "joint_noncat_accuracy": 0.35414886363636366,
    "requested_slots_f1": 0.8863636363636364,
    "requested_slots_precision": 0.9517045454545454,
    "requested_slots_recall": 0.8920454545454546
  },
  "Music_1": {
    "active_intent_accuracy": 0.97165991902834,
    "average_cat_accuracy": 0.7745098039215687,
    "average_goal_accuracy": 0.8320781990521326,
    "average_noncat_accuracy": 0.8770588235294119,
    "joint_cat_accuracy": 0.7975708502024291,
    "joint_goal_accuracy": 0.6193522267206477,
    "joint_noncat_accuracy": 0.7974898785425101,
    "requested_slots_f1": 0.9838056680161943,
    "requested_slots_precision": 0.9919028340080972,
    "requested_slots_recall": 0.9878542510121457
  },
  "RentalCars_1": {
    "active_intent_accuracy": 0.9085365853658537,
    "average_cat_accuracy": 0.7282051282051282,
    "average_goal_accuracy": 0.8913954248366013,
    "average_noncat_accuracy": 0.9074188596491227,
    "joint_cat_accuracy": 0.8140243902439024,
    "joint_goal_accuracy": 0.5936213414634147,
    "joint_noncat_accuracy": 0.6825432926829268,
    "requested_slots_f1": 0.9878048780487805,
    "requested_slots_precision": 1.0,
    "requested_slots_recall": 0.9878048780487805
  },
  "Restaurants_2": {
    "active_intent_accuracy": 0.7511961722488039,
    "average_cat_accuracy": 0.3865546218487395,
    "average_goal_accuracy": 0.652715431189658,
    "average_noncat_accuracy": 0.7054945308002303,
    "joint_cat_accuracy": 0.5964912280701754,
    "joint_goal_accuracy": 0.24567783094098883,
    "joint_noncat_accuracy": 0.29298245614035084,
    "requested_slots_f1": 0.866294524189261,
    "requested_slots_precision": 0.9497607655502392,
    "requested_slots_recall": 0.8652312599681021
  },
  "RideSharing_1": {
    "active_intent_accuracy": 0.9961089494163424,
    "average_cat_accuracy": 0.9043478260869565,
    "average_goal_accuracy": 0.8641736694677872,