{
  "#ALL_SERVICES": {
    "active_intent_accuracy": 0.9014084507042254,
    "average_cat_accuracy": 0.6642150803461063,
    "average_goal_accuracy": 0.7935571454875449,
    "average_noncat_accuracy": 0.8411450022702213,
    "joint_cat_accuracy": 0.6849011273332102,
    "joint_goal_accuracy": 0.4298820221327968,
    "joint_noncat_accuracy": 0.5649685244802146,
    "requested_slots_f1": 0.9293834435182523,
    "requested_slots_precision": 0.9622121618600492,
    "requested_slots_recall": 0.9425720992622401
  },
  "#SEEN_SERVICES": {
    "active_intent_accuracy": 0.9103169251517195,
    "average_cat_accuracy": 0.8463334890238207,
    "average_goal_accuracy": 0.8472444706087563,
    "average_noncat_accuracy": 0.8629471606824547,
    "joint_cat_accuracy": 0.8339247693399574,
    "joint_goal_accuracy": 0.5702575455158462,
    "joint_noncat_accuracy": 0.6922669858395145,
    "requested_slots_f1": 0.9599011013710946,
    "requested_slots_precision": 0.9659474039109912,
    "requested_slots_recall": 0.9797707349966285
  },
  "#UNSEEN_SERVICES": {
    "active_intent_accuracy": 0.8925950633755837,
    "average_cat_accuracy": 0.45942752100840334,
    "average_goal_accuracy": 0.7392933922180497,
    "average_noncat_accuracy": 0.8185039666798889,
    "joint_cat_accuracy": 0.522946394138064,
    "joint_goal_accuracy": 0.29100483655770515,
    "joint_noncat_accuracy": 0.4390288192128085,
    "requested_slots_f1": 0.8991915245084023,
    "requested_slots_precision": 0.9585167889704247,
    "requested_slots_recall": 0.9057705136757839
  },
  "Alarm_1": {
    "active_intent_accuracy": 0.7248908296943232,
    "average_goal_accuracy": 0.7429545454545454,
    "average_noncat_accuracy": 0.7429545454545454,
    "joint_goal_accuracy": 0.5025327510917031,
    "joint_noncat_accuracy": 0.5025327510917031,
    "requested_slots_f1": 1.0,
    "requested_slots_precision": 1.0,
    "requested_slots_recall": 1.0
  },
  "Banks_2": {
    "active_intent_accuracy": 0.9876160990712074,
    "average_cat_accuracy": 0.946843853820598,
    "average_goal_accuracy": 0.9150055370985603,
    "average_noncat_accuracy": 0.8241758241758241,
    "joint_cat_accuracy": 0.9009287925696594,
    "joint_goal_accuracy": 0.7151702786377709,
    "joint_noncat_accuracy": 0.8018575851393189,
    "requested_slots_f1": 0.9009287925696594,
    "requested_slots_precision": 1.0,
    "requested_slots_recall": 0.9009287925696594
  },
  "Buses_1": {
    "active_intent_accuracy": 0.8594164456233422,
    "average_cat_accuracy": 0.928,
    "average_goal_accuracy": 0.9252757318224741,
    "average_noncat_accuracy": 0.9220261904761904,
    "joint_cat_accuracy": 0.9522546419098143,
    "joint_goal_accuracy": 0.6771087533156498,
    "joint_noncat_accuracy": 0.7142440318302387,
    "requested_slots_f1": 0.980548187444739,
    "requested_slots_precision": 0.9708222811671088,
    "requested_slots_recall": 1.0
  },
  "Events_1": {
    "active_intent_accuracy": 0.8598848368522073,
    "average_cat_accuracy": 0.9774774774774775,
    "average_goal_accuracy": 0.8641704940848992,
    "average_noncat_accuracy": 0.8054899856938482,
    "joint_cat_accuracy": 0.9673704414587332,
    "joint_goal_accuracy": 0.4649984261036468,
    "joint_noncat_accuracy": 0.47459535508637235,
    "requested_slots_f1": 0.9774792066538707,
    "requested_slots_precision": 0.9804862444017916,
    "requested_slots_recall": 0.9817658349328215
  },
  "Flights_3": {
    "active_intent_accuracy": 0.9803600654664485,
    "average_cat_accuracy": 0.6765873015873015,
    "average_goal_accuracy": 0.8432550600487108,
    "average_noncat_accuracy": 0.91938202247191,
    "joint_cat_accuracy": 0.5090016366612111,
    "joint_goal_accuracy": 0.3257721767594108,
    "joint_noncat_accuracy": 0.6163908346972176,
    "requested_slots_f1": 0.8805237315875614,
    "requested_slots_precision": 1.0,
    "requested_slots_recall": 0.8805237315875614
  },
  "Homes_1": {
    "active_intent_accuracy": 0.8654173764906303,
    "average_cat_accuracy": 0.9794871794871794,
    "average_goal_accuracy": 0.9615377576403695,
    "average_noncat_accuracy": 0.9555345285524569,
    "joint_cat_accuracy": 0.9028960817717206,
    "joint_goal_accuracy": 0.7981260647359455,
    "joint_noncat_accuracy": 0.8948722316865417,
    "requested_slots_f1": 0.9609880749574106,
    "requested_slots_precision": 0.9420783645655877,
    "requested_slots_recall": 0.9991482112436116
  },
  "Hotels_1": {
    "active_intent_accuracy": 0.8673835125448028,
    "average_cat_accuracy": 0.7050078247261345,
    "average_goal_accuracy": 0.8717866161616161,
    "average_noncat_accuracy": 0.9540718954248367,
    "joint_cat_accuracy": 0.6630824372759857,
    "joint_goal_accuracy": 0.5202508960573476,
    "joint_noncat_accuracy": 0.7734767025089606,
    "requested_slots_f1": 0.9234169653524492,
    "requested_slots_precision": 0.9324970131421743,
    "requested_slots_recall": 0.946236559139785
  },
  "Hotels_4": {
    "active_intent_accuracy": 0.9785714285714285,
    "average_cat_accuracy": 0.742283950617284,
    "average_goal_accuracy": 0.732143570536829,
    "average_noncat_accuracy": 0.7408529411764707,
    "joint_cat_accuracy": 0.6892857142857143,
    "joint_goal_accuracy": 0.11637857142857143,
    "joint_noncat_accuracy": 0.16583142857142857,
    "requested_slots_f1": 0.895391156462585,
    "requested_slots_precision": 0.8921428571428571,
    "requested_slots_recall": 0.9285714285714286
  },
  "Media_2": {
    "active_intent_accuracy": 0.8984126984126984,
    "average_cat_accuracy": 0.1393939393939394,
    "average_goal_accuracy": 0.7311260022909507,
    "average_noncat_accuracy": 0.8460996563573884,
    "joint_cat_accuracy": 0.5492063492063493,
    "joint_goal_accuracy": 0.206548253968254,
    "joint_noncat_accuracy": 0.20912444444444445,
    "requested_slots_f1": 0.9312169312169314,
    "requested_slots_precision": 0.9317460317460318,
    "requested_slots_recall": 0.9412698412698413
  },
  "Movies_2": {
    "active_intent_accuracy": 0.9772727272727273,
    "average_goal_accuracy": 0.6288567493112948,
    "average_noncat_accuracy": 0.6288567493112948,
    "joint_goal_accuracy": 0.26118409090909095,
    "joint_noncat_accuracy": 0.26118409090909095,
    "requested_slots_f1": 0.9231060606060606,
    "requested_slots_precision": 0.9157196969696971,
    "requested_slots_recall": 0.9403409090909091
  },
  "Music_1": {
    "active_intent_accuracy": 0.9757085020242915,
    "average_cat_accuracy": 0.8137254901960784,
    "average_goal_accuracy": 0.8657353870458135,
    "average_noncat_accuracy": 0.9077450980392158,
    "joint_cat_accuracy": 0.7732793522267206,
    "joint_goal_accuracy": 0.5849392712550608,
    "joint_noncat_accuracy": 0.7352226720647773,
    "requested_slots_f1": 0.9719298245614035,
    "requested_slots_precision": 0.9858299595141701,
    "requested_slots_recall": 0.9817813765182186
  },
  "RentalCars_1": {
    "active_intent_accuracy": 0.975609756097561,
    "average_cat_accuracy": 0.7897435897435897,
    "average_goal_accuracy": 0.7623300653594771,
    "average_noncat_accuracy": 0.7539358552631579,
    "joint_cat_accuracy": 0.850609756097561,
    "joint_goal_accuracy": 0.32996951219512194,
    "joint_noncat_accuracy": 0.3766768292682927,
    "requested_slots_f1": 0.9908536585365854,
    "requested_slots_precision": 0.9908536585365854,
    "requested_slots_recall": 1.0
  },
  "Restaurants_2": {
    "active_intent_accuracy": 0.8325358851674641,
    "average_cat_accuracy": 0.24042950513538747,
    "average_goal_accuracy": 0.6512411225658649,
    "average_noncat_accuracy": 0.7274801381692573,
    "joint_cat_accuracy": 0.5518341307814992,
    "joint_goal_accuracy": 0.2339531100478469,
    "joint_noncat_accuracy": 0.2981955342902711,
    "requested_slots_f1": 0.8723019670388092,
    "requested_slots_precision": 0.9077618288144603,
    "requested_slots_recall": 0.8827751196172249
  },
  "RideSharing_1": {
    "active_intent_accuracy": 0.9922178988326849,
    "average_cat_accuracy": 0.9043478260869565,