{
  "#ALL_SERVICES": {
    "active_intent_accuracy": 0.07863849765258216,
    "average_cat_accuracy": 0.0122991347342398,
    "average_goal_accuracy": 0.14840925112449693,
    "average_noncat_accuracy": 0.20658701433482518,
    "joint_cat_accuracy": 0.00036961744594344855,
    "joint_goal_accuracy": 0.0017509651240778,
    "joint_noncat_accuracy": 0.016222755757193157,
    "requested_slots_f1": 0.869382964453387,
    "requested_slots_precision": 1.0,
    "requested_slots_recall": 0.869382964453387
  },
  "#SEEN_SERVICES": {
    "active_intent_accuracy": 0.0815913688469319,
    "average_cat_accuracy": 0.005604857543204111,
    "average_goal_accuracy": 0.14664727891156462,
    "average_noncat_accuracy": 0.2176697860962567,
    "joint_cat_accuracy": 0.0007097232079489,
    "joint_goal_accuracy": 0.0020584962913014165,
    "joint_noncat_accuracy": 0.030044224114801076,
    "requested_slots_f1": 0.8624409979770735,
    "requested_slots_precision": 1.0,
    "requested_slots_recall": 0.8624409979770735
  },
  "#UNSEEN_SERVICES": {
    "active_intent_accuracy": 0.07571714476317545,
    "average_cat_accuracy": 0.019826680672268907,
    "average_goal_accuracy": 0.15019014121753846,
    "average_noncat_accuracy": 0.19507781303715457,
    "joint_cat_accuracy": 0.0,
    "joint_goal_accuracy": 0.0014467164776517678,
    "joint_noncat_accuracy": 0.0025488147469646433,
    "requested_slots_f1": 0.8762508338892595,
    "requested_slots_precision": 1.0,
    "requested_slots_recall": 0.8762508338892595
  },
  "Alarm_1": {
    "active_intent_accuracy": 0.09170305676855896,
    "average_goal_accuracy": 0.16584415584415585,
    "average_noncat_accuracy": 0.16584415584415585,
    "joint_goal_accuracy": 0.018702183406113536,
    "joint_noncat_accuracy": 0.018702183406113536,
    "requested_slots_f1": 1.0,
    "requested_slots_precision": 1.0,
    "requested_slots_recall": 1.0
  },
  "Banks_2": {
    "active_intent_accuracy": 0.06501547987616099,
    "average_cat_accuracy": 0.026578073089700997,
    "average_goal_accuracy": 0.04499169435215947,
    "average_noncat_accuracy": 0.09934065934065933,
    "joint_cat_accuracy": 0.0,
    "joint_goal_accuracy": 0.0,
    "joint_noncat_accuracy": 0.006747058823529411,
    "requested_slots_f1": 0.9009287925696594,
    "requested_slots_precision": 1.0,
    "requested_slots_recall": 0.9009287925696594
  },
  "Buses_1": {
    "active_intent_accuracy": 0.07161803713527852,
    "average_cat_accuracy": 0.0,
    "average_goal_accuracy": 0.16821199244570348,
    "average_noncat_accuracy": 0.20019047619047617,
    "joint_cat_accuracy": 0.0,
    "joint_goal_accuracy": 0.0,
    "joint_noncat_accuracy": 0.0008222482228116712,
    "requested_slots_f1": 0.8567639257294429,
    "requested_slots_precision": 1.0,
    "requested_slots_recall": 0.8567639257294429
  },
  "Events_1": {
    "active_intent_accuracy": 0.09788867562380038,
    "average_cat_accuracy": 0.0,
    "average_goal_accuracy": 0.14598677800974255,
    "average_noncat_accuracy": 0.21873390557939915,
    "joint_cat_accuracy": 0.0,
    "joint_goal_accuracy": 0.0,
    "joint_noncat_accuracy": 0.0007545130326295586,
    "requested_slots_f1": 0.8829174664107485,
    "requested_slots_precision": 1.0,
    "requested_slots_recall": 0.8829174664107485
  },
  "Flights_3": {
    "active_intent_accuracy": 0.07692307692307693,
    "average_cat_accuracy": 0.031204906204906204,
    "average_goal_accuracy": 0.15401110691190056,
    "average_noncat_accuracy": 0.2041573033707865,
    "joint_cat_accuracy": 0.0,
    "joint_goal_accuracy": 0.0,
    "joint_noncat_accuracy": 0.0004257663666121113,
    "requested_slots_f1": 0.8805237315875614,
    "requested_slots_precision": 1.0,
    "requested_slots_recall": 0.8805237315875614
  },
  "Homes_1": {
    "active_intent_accuracy": 0.07155025553662692,
    "average_cat_accuracy": 0.0,
    "average_goal_accuracy": 0.12510376687988628,
    "average_noncat_accuracy": 0.23853917662682603,
    "joint_cat_accuracy": 0.0,
    "joint_goal_accuracy": 0.0,
    "joint_noncat_accuracy": 0.00431277853492334,
    "requested_slots_f1": 0.8398637137989778,
    "requested_slots_precision": 1.0,
    "requested_slots_recall": 0.8398637137989778
  },
  "Hotels_1": {
    "active_intent_accuracy": 0.05734767025089606,
    "average_cat_accuracy": 0.0,
    "average_goal_accuracy": 0.12095562770562769,
    "average_noncat_accuracy": 0.18117647058823527,
    "joint_cat_accuracy": 0.0,
    "joint_goal_accuracy": 0.0,
    "joint_noncat_accuracy": 0.00021601071684587814,
    "requested_slots_f1": 0.8172043010752689,
    "requested_slots_precision": 1.0,
    "requested_slots_recall": 0.8172043010752689
  },
  "Hotels_4": {
    "active_intent_accuracy": 0.05357142857142857,
    "average_cat_accuracy": 0.0,
    "average_goal_accuracy": 0.12807223113964689,
    "average_noncat_accuracy": 0.1932843137254902,
    "joint_cat_accuracy": 0.0,
    "joint_goal_accuracy": 0.0,
    "joint_noncat_accuracy": 0.0005820662857142857,
    "requested_slots_f1": 0.825,
    "requested_slots_precision": 1.0,
    "requested_slots_recall": 0.825
  },
  "Media_2": {
    "active_intent_accuracy": 0.07301587301587302,
    "average_cat_accuracy": 0.0,
    "average_goal_accuracy": 0.18100114547537224,
    "average_noncat_accuracy": 0.20473654066437572,
    "joint_cat_accuracy": 0.0,
    "joint_goal_accuracy": 0.0,
    "joint_noncat_accuracy": 0.00020655536507936507,
    "requested_slots_f1": 0.8857142857142857,
    "requested_slots_precision": 1.0,
    "requested_slots_recall": 0.8857142857142857
  },
  "Movies_2": {
    "active_intent_accuracy": 0.1590909090909091,
    "average_goal_accuracy": 0.23112947658402205,
    "average_noncat_accuracy": 0.23112947658402205,
    "joint_goal_accuracy": 0.0003094090909090909,
    "joint_noncat_accuracy": 0.0003094090909090909,
    "requested_slots_f1": 0.8636363636363636,
    "requested_slots_precision": 1.0,
    "requested_slots_recall": 0.8636363636363636
  },
  "Music_1": {
    "active_intent_accuracy": 0.06072874493927125,
    "average_cat_accuracy": 0.06535947712418301,
    "average_goal_accuracy": 0.188196682464455,
    "average_noncat_accuracy": 0.25107843137254904,
    "joint_cat_accuracy": 0.0,
    "joint_goal_accuracy": 0.0,
    "joint_noncat_accuracy": 1.8772469635627526e-05,
    "requested_slots_f1": 0.8582995951417004,
    "requested_slots_precision": 1.0,
    "requested_slots_recall": 0.8582995951417004
  },
  "RentalCars_1": {
    "active_intent_accuracy": 0.07926829268292683,
    "average_cat_accuracy": 0.010256410256410256,
    "average_goal_accuracy": 0.19609694989106755,
    "average_noncat_accuracy": 0.2211387061403509,
    "joint_cat_accuracy": 0.006097560975609756,
    "joint_goal_accuracy": 0.0,
    "joint_noncat_accuracy": 0.0002624239771341463,
    "requested_slots_f1": 0.8841463414634146,
    "requested_slots_precision": 1.0,
    "requested_slots_recall": 0.8841463414634146
  },
  "Restaurants_2": {
    "active_intent_accuracy": 0.07496012759170653,
    "average_cat_accuracy": 0.04295051353874883,
    "average_goal_accuracy": 0.18424969317623957,
    "average_noncat_accuracy": 0.20586845135290732,
    "joint_cat_accuracy": 0.0,
    "joint_goal_accuracy": 0.0,
    "joint_noncat_accuracy": 8.938367049441786e-05,
    "requested_slots_f1": 0.8484848484848485,
    "requested_slots_precision": 1.0,
    "requested_slots_recall": 0.8484848484848485
  },
  "RideSharing_1": {
    "active_intent_accuracy": 0.09727626459143969,
    "average_cat_accuracy": 0.0,
    "average_goal_accuracy": 0.06731092436974788,
    "average_noncat_accuracy": 0.20691943127962084,
    "joint_cat_accuracy": 0.0,
    "joint_goal_accuracy": 0.0,
    "joint_noncat_accuracy": 0.16988326848249025,
    "requested_slots_f1": 0.8832684824902723,
    "requested_slots_precision": 1.0,
    "requested_slots_recall": 0.8832684824902723
  },
  "Services_4": {
    "active_intent_accuracy": 0.057208237986270026,
    "average_cat_accuracy": 0.0,
    "average_goal_accuracy": 0.13681858054226476,