{
  "#ALL_SERVICES": {
    "active_intent_accuracy": 0.9381287726358148,
    "average_cat_accuracy": 0.6789245982694685,
    "average_goal_accuracy": 0.7950482306161278,
    "average_noncat_accuracy": 0.8405171563858079,
    "joint_cat_accuracy": 0.702457956015524,
    "joint_goal_accuracy": 0.4830643661971832,
    "joint_noncat_accuracy": 0.6065394198524481,
    "requested_slots_f1": 0.943741017533774,
    "requested_slots_precision": 0.982900178850883,
    "requested_slots_recall": 0.9483568075117371
  },
  "#SEEN_SERVICES": {
    "active_intent_accuracy": 0.9757248819959542,
    "average_cat_accuracy": 0.8591001089833412,
    "average_goal_accuracy": 0.8405119222047794,
    "average_noncat_accuracy": 0.8572775655716832,
    "joint_cat_accuracy": 0.865152590489709,
    "joint_goal_accuracy": 0.617282939986514,
    "joint_noncat_accuracy": 0.7061737019554956,
    "requested_slots_f1": 0.9759384131265453,
    "requested_slots_precision": 0.9894358282760171,
    "requested_slots_recall": 0.9814565070802428
  },
  "#UNSEEN_SERVICES": {
    "active_intent_accuracy": 0.9009339559706471,
    "average_cat_accuracy": 0.47632177871148457,
    "average_goal_accuracy": 0.7490964060929814,
    "average_noncat_accuracy": 0.8231118603728679,
    "joint_cat_accuracy": 0.5256459699190127,
    "joint_goal_accuracy": 0.35027841227484996,
    "joint_noncat_accuracy": 0.5079686124082722,
    "requested_slots_f1": 0.9118872899393247,
    "requested_slots_precision": 0.976434289526351,
    "requested_slots_recall": 0.9156104069379586
  },
  "Alarm_1": {
    "active_intent_accuracy": 0.7510917030567685,
    "average_goal_accuracy": 0.7664285714285715,
    "average_noncat_accuracy": 0.7664285714285715,
    "joint_goal_accuracy": 0.5321030567685591,
    "joint_noncat_accuracy": 0.5321030567685591,
    "requested_slots_f1": 1.0,
    "requested_slots_precision": 1.0,
    "requested_slots_recall": 1.0
  },
  "Banks_2": {
    "active_intent_accuracy": 0.9752321981424149,
    "average_cat_accuracy": 0.9019933554817275,
    "average_goal_accuracy": 0.8663067552602436,
    "average_noncat_accuracy": 0.7393131868131868,
    "joint_cat_accuracy": 0.8204334365325078,
    "joint_goal_accuracy": 0.5947678018575852,
    "joint_noncat_accuracy": 0.7309907120743034,
    "requested_slots_f1": 0.9009287925696594,
    "requested_slots_precision": 1.0,
    "requested_slots_recall": 0.9009287925696594
  },
  "Buses_1": {
    "active_intent_accuracy": 0.986737400530504,
    "average_cat_accuracy": 0.98,
    "average_goal_accuracy": 0.9102148253068933,
    "average_noncat_accuracy": 0.8955166666666667,
    "joint_cat_accuracy": 0.986737400530504,
    "joint_goal_accuracy": 0.6964058355437664,
    "joint_noncat_accuracy": 0.6990583554376657,
    "requested_slots_f1": 0.9796640141467727,
    "requested_slots_precision": 0.9721485411140584,
    "requested_slots_recall": 0.9946949602122016
  },
  "Events_1": {
    "active_intent_accuracy": 0.9289827255278311,
    "average_cat_accuracy": 1.0,
    "average_goal_accuracy": 0.8906649269311065,
    "average_noncat_accuracy": 0.8384334763948499,
    "joint_cat_accuracy": 1.0,
    "joint_goal_accuracy": 0.6851439539347408,
    "joint_noncat_accuracy": 0.6851439539347408,
    "requested_slots_f1": 0.9872040946896992,
    "requested_slots_precision": 0.9961612284069098,
    "requested_slots_recall": 0.989443378119002
  },
  "Flights_3": {
    "active_intent_accuracy": 0.939443535188216,
    "average_cat_accuracy": 0.6765873015873016,
    "average_goal_accuracy": 0.8468148568069203,
    "average_noncat_accuracy": 0.9307334581772784,
    "joint_cat_accuracy": 0.5253682487725041,
    "joint_goal_accuracy": 0.4123456628477905,
    "joint_noncat_accuracy": 0.792114402618658,
    "requested_slots_f1": 0.8805237315875614,
    "requested_slots_precision": 1.0,
    "requested_slots_recall": 0.8805237315875614
  },
  "Homes_1": {
    "active_intent_accuracy": 0.9829642248722317,
    "average_cat_accuracy": 0.944551282051282,
    "average_goal_accuracy": 0.9010367803837953,
    "average_noncat_accuracy": 0.8844223107569722,
    "joint_cat_accuracy": 0.909710391822828,
    "joint_goal_accuracy": 0.7035093696763203,
    "joint_noncat_accuracy": 0.7682453151618398,
    "requested_slots_f1": 0.9931856899488927,
    "requested_slots_precision": 0.9906303236797275,
    "requested_slots_recall": 1.0
  },
  "Hotels_1": {
    "active_intent_accuracy": 0.974910394265233,
    "average_cat_accuracy": 0.7989045383411582,
    "average_goal_accuracy": 0.8461805555555556,
    "average_noncat_accuracy": 0.8726960784313725,
    "joint_cat_accuracy": 0.7706093189964157,
    "joint_goal_accuracy": 0.5161290322580645,
    "joint_noncat_accuracy": 0.6098566308243728,
    "requested_slots_f1": 0.9922341696535246,
    "requested_slots_precision": 0.992831541218638,
    "requested_slots_recall": 0.992831541218638
  },
  "Hotels_4": {
    "active_intent_accuracy": 0.9821428571428571,
    "average_cat_accuracy": 0.6126543209876544,
    "average_goal_accuracy": 0.6871150347779561,
    "average_noncat_accuracy": 0.7360816993464052,
    "joint_cat_accuracy": 0.5321428571428571,
    "joint_goal_accuracy": 0.12689285714285714,
    "joint_noncat_accuracy": 0.18045,
    "requested_slots_f1": 0.935,
    "requested_slots_precision": 0.9422619047619049,
    "requested_slots_recall": 0.95
  },
  "Media_2": {
    "active_intent_accuracy": 0.9428571428571428,
    "average_cat_accuracy": 0.01818181818181818,
    "average_goal_accuracy": 0.6596695303550975,
    "average_noncat_accuracy": 0.7816723940435281,
    "joint_cat_accuracy": 0.4857142857142857,
    "joint_goal_accuracy": 0.18762342857142858,
    "joint_noncat_accuracy": 0.1912774603174603,
    "requested_slots_f1": 0.9179894179894179,
    "requested_slots_precision": 0.9333333333333333,
    "requested_slots_recall": 0.9222222222222223
  },
  "Movies_2": {
    "active_intent_accuracy": 0.9943181818181818,
    "average_goal_accuracy": 0.7630027548209367,
    "average_noncat_accuracy": 0.7630027548209367,
    "joint_goal_accuracy": 0.4010482954545454,
    "joint_noncat_accuracy": 0.4010482954545454,
    "requested_slots_f1": 0.9053030303030302,
    "requested_slots_precision": 0.949810606060606,
    "requested_slots_recall": 0.9176136363636364
  },
  "Music_1": {
    "active_intent_accuracy": 0.97165991902834,
    "average_cat_accuracy": 0.7026143790849673,
    "average_goal_accuracy": 0.7185229067930491,
    "average_noncat_accuracy": 0.7296568627450981,
    "joint_cat_accuracy": 0.7449392712550608,
    "joint_goal_accuracy": 0.4979757085020243,
    "joint_noncat_accuracy": 0.6627530364372469,
    "requested_slots_f1": 0.9946018893387315,
    "requested_slots_precision": 1.0,
    "requested_slots_recall": 0.9939271255060729
  },
  "RentalCars_1": {
    "active_intent_accuracy": 0.9878048780487805,
    "average_cat_accuracy": 0.8153846153846154,
    "average_goal_accuracy": 0.852295751633987,
    "average_noncat_accuracy": 0.8522510964912281,
    "joint_cat_accuracy": 0.8628048780487805,
    "joint_goal_accuracy": 0.46340304878048777,
    "joint_noncat_accuracy": 0.4932810975609756,
    "requested_slots_f1": 0.9939024390243902,
    "requested_slots_precision": 1.0,
    "requested_slots_recall": 0.9939024390243902
  },
  "Restaurants_2": {
    "active_intent_accuracy": 0.7767145135566188,
    "average_cat_accuracy": 0.29831932773109243,
    "average_goal_accuracy": 0.719395168548519,
    "average_noncat_accuracy": 0.7891378814047207,
    "joint_cat_accuracy": 0.5741626794258373,
    "joint_goal_accuracy": 0.36416905901116425,
    "joint_noncat_accuracy": 0.4387377990430622,
    "requested_slots_f1": 0.9104807473228524,
    "requested_slots_precision": 0.9606858054226476,
    "requested_slots_recall": 0.9210526315789473
  },
  "RideSharing_1": {
    "active_intent_accuracy": 1.0,
    "average_cat_accuracy": 0.967391304347826,
    "average_goal_accuracy": 0.9547829131652662,
    "average_noncat_accuracy": 0.9325118483412321,