{
  "#ALL_SERVICES": {
    "active_intent_accuracy": 0.9466800804828974,
    "average_cat_accuracy": 0.6709723939019365,
    "average_goal_accuracy": 0.7876335235990916,
    "average_noncat_accuracy": 0.8356305052863723,
    "joint_cat_accuracy": 0.673627795231935,
    "joint_goal_accuracy": 0.44435197920858477,
    "joint_noncat_accuracy": 0.5709238135479544,
    "requested_slots_f1": 0.9398166778448469,
    "requested_slots_precision": 0.9787894030851777,
    "requested_slots_recall": 0.9455902079141516
  },
  "#SEEN_SERVICES": {
    "active_intent_accuracy": 0.9720161834120027,
    "average_cat_accuracy": 0.8426747625720068,
    "average_goal_accuracy": 0.835882103610675,
    "average_noncat_accuracy": 0.8505063025210085,
    "joint_cat_accuracy": 0.819375443577005,
    "joint_goal_accuracy": 0.5819802764666216,
    "joint_noncat_accuracy": 0.6785075859743763,
    "requested_slots_f1": 0.9715554057091481,
    "requested_slots_precision": 0.9887615194425713,
    "requested_slots_recall": 0.9777478084962913
  },
  "#UNSEEN_SERVICES": {
    "active_intent_accuracy": 0.9216144096064043,
    "average_cat_accuracy": 0.47789740896358546,
    "average_goal_accuracy": 0.7388669099628005,
    "average_noncat_accuracy": 0.820182335052228,
    "joint_cat_accuracy": 0.5152333204782106,
    "joint_goal_accuracy": 0.3081926964643096,
    "joint_noncat_accuracy": 0.46448836691127415,
    "requested_slots_f1": 0.9084167222592839,
    "requested_slots_precision": 0.9689237269290639,
    "requested_slots_recall": 0.9137758505670447
  },
  "Alarm_1": {
    "active_intent_accuracy": 0.8864628820960698,
    "average_goal_accuracy": 0.5740584415584415,
    "average_noncat_accuracy": 0.5740584415584415,
    "joint_goal_accuracy": 0.4088419213973799,
    "joint_noncat_accuracy": 0.4088419213973799,
    "requested_slots_f1": 1.0,
    "requested_slots_precision": 1.0,
    "requested_slots_recall": 1.0
  },
  "Banks_2": {
    "active_intent_accuracy": 0.9566563467492261,
    "average_cat_accuracy": 0.9418604651162791,
    "average_goal_accuracy": 0.8970099667774086,
    "average_noncat_accuracy": 0.7753846153846154,
    "joint_cat_accuracy": 0.9009287925696594,
    "joint_goal_accuracy": 0.680061919504644,
    "joint_noncat_accuracy": 0.7406811145510837,
    "requested_slots_f1": 0.9009287925696594,
    "requested_slots_precision": 1.0,
    "requested_slots_recall": 0.9009287925696594
  },
  "Buses_1": {
    "active_intent_accuracy": 0.9893899204244032,
    "average_cat_accuracy": 0.968,
    "average_goal_accuracy": 0.9143385269121813,
    "average_noncat_accuracy": 0.8994380952380953,
    "joint_cat_accuracy": 0.9787798408488063,
    "joint_goal_accuracy": 0.7217108753315651,
    "joint_noncat_accuracy": 0.7217108753315651,
    "requested_slots_f1": 0.980548187444739,
    "requested_slots_precision": 0.9708222811671088,
    "requested_slots_recall": 1.0
  },
  "Events_1": {
    "active_intent_accuracy": 0.9155470249520153,
    "average_cat_accuracy": 0.9819819819819819,
    "average_goal_accuracy": 0.8805925539318024,
    "average_noncat_accuracy": 0.831106938483548,
    "joint_cat_accuracy": 0.9750479846449136,
    "joint_goal_accuracy": 0.5925516314779271,
    "joint_noncat_accuracy": 0.5983097888675624,
    "requested_slots_f1": 0.9859245041586692,
    "requested_slots_precision": 0.9936020473448496,
    "requested_slots_recall": 0.9884836852207294
  },
  "Flights_3": {
    "active_intent_accuracy": 0.939443535188216,
    "average_cat_accuracy": 0.6542207792207793,
    "average_goal_accuracy": 0.8694008776350047,
    "average_noncat_accuracy": 0.9701950686641697,
    "joint_cat_accuracy": 0.4402618657937807,
    "joint_goal_accuracy": 0.31266775777414074,
    "joint_noncat_accuracy": 0.6733224222585924,
    "requested_slots_f1": 0.8805237315875614,
    "requested_slots_precision": 1.0,
    "requested_slots_recall": 0.8805237315875614
  },
  "Homes_1": {
    "active_intent_accuracy": 0.9744463373083475,
    "average_cat_accuracy": 0.9602564102564102,
    "average_goal_accuracy": 0.9107946872778961,
    "average_noncat_accuracy": 0.8838612217795485,
    "joint_cat_accuracy": 0.8603066439522998,
    "joint_goal_accuracy": 0.6846166950596252,
    "joint_noncat_accuracy": 0.7573935264054515,
    "requested_slots_f1": 0.997274275979557,
    "requested_slots_precision": 0.9954571266325952,
    "requested_slots_recall": 1.0
  },
  "Hotels_1": {
    "active_intent_accuracy": 0.96415770609319,
    "average_cat_accuracy": 0.7668231611893584,
    "average_goal_accuracy": 0.8205322871572872,
    "average_noncat_accuracy": 0.8595359477124184,
    "joint_cat_accuracy": 0.6738351254480287,
    "joint_goal_accuracy": 0.4608172043010752,
    "joint_noncat_accuracy": 0.5954767025089605,
    "requested_slots_f1": 0.9535244922341696,
    "requested_slots_precision": 0.9826762246117083,
    "requested_slots_recall": 0.9498207885304659
  },
  "Hotels_4": {
    "active_intent_accuracy": 0.9714285714285714,
    "average_cat_accuracy": 0.5069444444444444,
    "average_goal_accuracy": 0.6537222222222222,
    "average_noncat_accuracy": 0.7508202614379085,
    "joint_cat_accuracy": 0.4785714285714286,
    "joint_goal_accuracy": 0.08876357142857143,
    "joint_noncat_accuracy": 0.1475189285714286,
    "requested_slots_f1": 0.9044047619047619,
    "requested_slots_precision": 0.9005952380952381,
    "requested_slots_recall": 0.9339285714285714
  },
  "Media_2": {
    "active_intent_accuracy": 0.9587301587301588,
    "average_cat_accuracy": 0.1696969696969697,
    "average_goal_accuracy": 0.7115349369988545,
    "average_noncat_accuracy": 0.8164232531500573,
    "joint_cat_accuracy": 0.5650793650793651,
    "joint_goal_accuracy": 0.2255650793650794,
    "joint_noncat_accuracy": 0.26015333333333335,
    "requested_slots_f1": 0.9317460317460318,
    "requested_slots_precision": 0.9428571428571428,
    "requested_slots_recall": 0.9412698412698413
  },
  "Movies_2": {
    "active_intent_accuracy": 1.0,
    "average_goal_accuracy": 0.6986225895316804,
    "average_noncat_accuracy": 0.6986225895316804,
    "joint_goal_accuracy": 0.3761020681818181,
    "joint_noncat_accuracy": 0.3761020681818181,
    "requested_slots_f1": 0.8956439393939394,
    "requested_slots_precision": 0.912878787878788,
    "requested_slots_recall": 0.90625
  },
  "Music_1": {
    "active_intent_accuracy": 0.9757085020242915,
    "average_cat_accuracy": 0.6372549019607843,
    "average_goal_accuracy": 0.720693522906793,
    "average_noncat_accuracy": 0.7544607843137257,
    "joint_cat_accuracy": 0.5748987854251012,
    "joint_goal_accuracy": 0.3076923076923077,
    "joint_noncat_accuracy": 0.526761133603239,
    "requested_slots_f1": 0.9743589743589745,
    "requested_slots_precision": 1.0,
    "requested_slots_recall": 0.97165991902834
  },
  "RentalCars_1": {
    "active_intent_accuracy": 0.9969512195121951,
    "average_cat_accuracy": 0.7384615384615385,
    "average_goal_accuracy": 0.848409586056645,
    "average_noncat_accuracy": 0.8574714912280702,
    "joint_cat_accuracy": 0.8201219512195121,
    "joint_goal_accuracy": 0.4792640243902439,
    "joint_noncat_accuracy": 0.5204835365853658,
    "requested_slots_f1": 0.9908536585365854,
    "requested_slots_precision": 0.9908536585365854,
    "requested_slots_recall": 1.0
  },
  "Restaurants_2": {
    "active_intent_accuracy": 0.8755980861244019,
    "average_cat_accuracy": 0.4584500466853408,
    "average_goal_accuracy": 0.7290161389297986,
    "average_noncat_accuracy": 0.781486183074266,
    "joint_cat_accuracy": 0.6491228070175439,
    "joint_goal_accuracy": 0.33485827751196173,
    "joint_noncat_accuracy": 0.43369068580542275,
    "requested_slots_f1": 0.8831472620946306,
    "requested_slots_precision": 0.9505582137161085,
    "requested_slots_recall": 0.8931419457735247
  },
  "RideSharing_1": {
    "active_intent_accuracy": 0.9961089494163424,
    "average_cat_accuracy": 0.9652173913043478,
    "average_goal_accuracy": 0.9328711484593837,