{
  "#ALL_SERVICES": {
    "active_intent_accuracy": 0.9227028839704896,
    "average_cat_accuracy": 0.6571075401730532,
    "average_goal_accuracy": 0.7364670103725527,
    "average_noncat_accuracy": 0.7655980735551665,
    "joint_cat_accuracy": 0.6719645167251894,
    "joint_goal_accuracy": 0.4242857612340711,
    "joint_noncat_accuracy": 0.5682173038229377,
    "requested_slots_f1": 0.9393040784388873,
    "requested_slots_precision": 0.9772021014978761,
    "requested_slots_recall": 0.9450033534540577
  },
  "#SEEN_SERVICES": {
    "active_intent_accuracy": 0.9554956169925826,
    "average_cat_accuracy": 0.8409621672115833,
    "average_goal_accuracy": 0.8277597854526426,
    "average_noncat_accuracy": 0.8395009549274256,
    "joint_cat_accuracy": 0.8317955997161107,
    "joint_goal_accuracy": 0.5664995616992583,
    "joint_noncat_accuracy": 0.6708353674983142,
    "requested_slots_f1": 0.9703978422117329,
    "requested_slots_precision": 0.9840413576084512,
    "requested_slots_recall": 0.9775792312879299
  },
  "#UNSEEN_SERVICES": {
    "active_intent_accuracy": 0.890260173448966,
    "average_cat_accuracy": 0.4503676470588235,
    "average_goal_accuracy": 0.644194046296786,
    "average_noncat_accuracy": 0.6888516461721538,
    "joint_cat_accuracy": 0.498264558426533,
    "joint_goal_accuracy": 0.2835899199466311,
    "joint_noncat_accuracy": 0.466694563042028,
    "requested_slots_f1": 0.9085422027383335,
    "requested_slots_precision": 0.9704358461196354,
    "requested_slots_recall": 0.9127751834556371
  },
  "Alarm_1": {
    "active_intent_accuracy": 0.7641921397379913,
    "average_goal_accuracy": 0.6291883116883117,
    "average_noncat_accuracy": 0.6291883116883117,
    "joint_goal_accuracy": 0.535156768558952,
    "joint_noncat_accuracy": 0.535156768558952,
    "requested_slots_f1": 1.0,
    "requested_slots_precision": 1.0,
    "requested_slots_recall": 1.0
  },
  "Banks_2": {
    "active_intent_accuracy": 0.9938080495356038,
    "average_cat_accuracy": 0.8521594684385382,
    "average_goal_accuracy": 0.6279235880398671,
    "average_noncat_accuracy": 0.11637362637362637,
    "joint_cat_accuracy": 0.7925696594427245,
    "joint_goal_accuracy": 0.41065015479876155,
    "joint_noncat_accuracy": 0.45399380804953554,
    "requested_slots_f1": 0.9009287925696594,
    "requested_slots_precision": 1.0,
    "requested_slots_recall": 0.9009287925696594
  },
  "Buses_1": {
    "active_intent_accuracy": 0.9840848806366048,
    "average_cat_accuracy": 0.88,
    "average_goal_accuracy": 0.8789518413597733,
    "average_noncat_accuracy": 0.8791238095238095,
    "joint_cat_accuracy": 0.9045092838196287,
    "joint_goal_accuracy": 0.6396262599469497,
    "joint_noncat_accuracy": 0.6953291777188328,
    "requested_slots_f1": 0.9778956675508399,
    "requested_slots_precision": 0.9681697612732095,
    "requested_slots_recall": 1.0
  },
  "Events_1": {
    "active_intent_accuracy": 0.9021113243761996,
    "average_cat_accuracy": 1.0,
    "average_goal_accuracy": 0.8566405706332637,
    "average_noncat_accuracy": 0.7871244635193132,
    "joint_cat_accuracy": 0.9923224568138196,
    "joint_goal_accuracy": 0.535278310940499,
    "joint_noncat_accuracy": 0.538003838771593,
    "requested_slots_f1": 0.9849648112603966,
    "requested_slots_precision": 0.9961612284069098,
    "requested_slots_recall": 0.982725527831094
  },
  "Flights_3": {
    "active_intent_accuracy": 0.9574468085106383,
    "average_cat_accuracy": 0.637085137085137,
    "average_goal_accuracy": 0.8315960359452422,
    "average_noncat_accuracy": 0.9236688514357053,
    "joint_cat_accuracy": 0.5008183306055647,
    "joint_goal_accuracy": 0.3941414075286416,
    "joint_noncat_accuracy": 0.7997597381342062,
    "requested_slots_f1": 0.8805237315875614,
    "requested_slots_precision": 1.0,
    "requested_slots_recall": 0.8805237315875614
  },
  "Homes_1": {
    "active_intent_accuracy": 0.9625212947189097,
    "average_cat_accuracy": 0.9403846153846154,
    "average_goal_accuracy": 0.899413646055437,
    "average_noncat_accuracy": 0.8845617529880478,
    "joint_cat_accuracy": 0.8909710391822828,
    "joint_goal_accuracy": 0.6979557069846679,
    "joint_noncat_accuracy": 0.7609880749574106,
    "requested_slots_f1": 0.9951164111300398,
    "requested_slots_precision": 0.9940374787052811,
    "requested_slots_recall": 0.9991482112436116
  },
  "Hotels_1": {
    "active_intent_accuracy": 0.9139784946236559,
    "average_cat_accuracy": 0.8356807511737089,
    "average_goal_accuracy": 0.8495265151515152,
    "average_noncat_accuracy": 0.8570098039215686,
    "joint_cat_accuracy": 0.7849462365591398,
    "joint_goal_accuracy": 0.5130824372759857,
    "joint_noncat_accuracy": 0.6241935483870968,
    "requested_slots_f1": 0.9372759856630825,
    "requested_slots_precision": 0.9551971326164874,
    "requested_slots_recall": 0.946236559139785
  },
  "Hotels_4": {
    "active_intent_accuracy": 0.9285714285714286,
    "average_cat_accuracy": 0.7546296296296297,
    "average_goal_accuracy": 0.7133416265382557,
    "average_noncat_accuracy": 0.6947745098039216,
    "joint_cat_accuracy": 0.5464285714285714,
    "joint_goal_accuracy": 0.15789285714285714,
    "joint_noncat_accuracy": 0.2708928571428571,
    "requested_slots_f1": 0.9113095238095238,
    "requested_slots_precision": 0.9095238095238094,
    "requested_slots_recall": 0.9446428571428571
  },
  "Media_2": {
    "active_intent_accuracy": 0.946031746031746,
    "average_cat_accuracy": 0.1393939393939394,
    "average_goal_accuracy": 0.3694816723940435,
    "average_noncat_accuracy": 0.4286855670103093,
    "joint_cat_accuracy": 0.5492063492063493,
    "joint_goal_accuracy": 0.07897199999999999,
    "joint_noncat_accuracy": 0.08459015873015872,
    "requested_slots_f1": 0.9312169312169312,
    "requested_slots_precision": 0.9507936507936507,
    "requested_slots_recall": 0.9380952380952381
  },
  "Movies_2": {
    "active_intent_accuracy": 0.9715909090909091,
    "average_goal_accuracy": 0.39597796143250696,
    "average_noncat_accuracy": 0.39597796143250696,
    "joint_goal_accuracy": 0.30575397727272724,
    "joint_noncat_accuracy": 0.30575397727272724,
    "requested_slots_f1": 0.8753787878787879,
    "requested_slots_precision": 0.9393939393939393,
    "requested_slots_recall": 0.875
  },
  "Music_1": {
    "active_intent_accuracy": 0.9757085020242915,
    "average_cat_accuracy": 0.761437908496732,
    "average_goal_accuracy": 0.7594533965244865,
    "average_noncat_accuracy": 0.7385784313725491,
    "joint_cat_accuracy": 0.7004048582995951,
    "joint_goal_accuracy": 0.40740890688259107,
    "joint_noncat_accuracy": 0.5774493927125506,
    "requested_slots_f1": 0.9865047233468287,
    "requested_slots_precision": 0.9919028340080972,
    "requested_slots_recall": 0.9898785425101214
  },
  "RentalCars_1": {
    "active_intent_accuracy": 0.9878048780487805,
    "average_cat_accuracy": 0.7538461538461538,
    "average_goal_accuracy": 0.8292363834422658,
    "average_noncat_accuracy": 0.8304199561403509,
    "joint_cat_accuracy": 0.823170731707317,
    "joint_goal_accuracy": 0.43490548780487803,
    "joint_noncat_accuracy": 0.4840518292682927,
    "requested_slots_f1": 0.9969512195121951,
    "requested_slots_precision": 1.0,
    "requested_slots_recall": 0.9969512195121951
  },
  "Restaurants_2": {
    "active_intent_accuracy": 0.7320574162679426,
    "average_cat_accuracy": 0.3380018674136321,
    "average_goal_accuracy": 0.6747862870234004,
    "average_noncat_accuracy": 0.7329332181922855,
    "joint_cat_accuracy": 0.5901116427432217,
    "joint_goal_accuracy": 0.31466092503987236,
    "joint_noncat_accuracy": 0.3819974481658692,
    "requested_slots_f1": 0.8914027492974861,
    "requested_slots_precision": 0.9407761828814458,
    "requested_slots_recall": 0.8987240829346093
  },
  "RideSharing_1": {
    "active_intent_accuracy": 1.0,
    "average_cat_accuracy": 0.8956521739130435,
    "average_goal_accuracy": 0.8858403361344537,