{
  "#ALL_SERVICES": {
    "active_intent_accuracy": 0.9696512407780014,
    "average_cat_accuracy": 0.7087144622991347,
    "average_goal_accuracy": 0.8551127390377988,
    "average_noncat_accuracy": 0.9089181098787054,
    "joint_cat_accuracy": 0.7235261504343005,
    "joint_goal_accuracy": 0.576817035546613,
    "joint_noncat_accuracy": 0.731045288397049,
    "requested_slots_f1": 0.9510068346587461,
    "requested_slots_precision": 0.984333780460541,
    "requested_slots_recall": 0.9534708249496981
  },
  "#SEEN_SERVICES": {
    "active_intent_accuracy": 0.9919082939986514,
    "average_cat_accuracy": 0.884866884633349,
    "average_goal_accuracy": 0.9159676434676434,
    "average_noncat_accuracy": 0.9455314489432136,
    "joint_cat_accuracy": 0.8921220723917672,
    "joint_goal_accuracy": 0.7997810519217802,
    "joint_noncat_accuracy": 0.8936831759946057,
    "requested_slots_f1": 0.9822881546414923,
    "requested_slots_precision": 0.9956731849853899,
    "requested_slots_recall": 0.9848280512474713
  },
  "#UNSEEN_SERVICES": {
    "active_intent_accuracy": 0.947631754503002,
    "average_cat_accuracy": 0.5106355042016807,
    "average_goal_accuracy": 0.7936044498510253,
    "average_noncat_accuracy": 0.8708960068755787,
    "joint_cat_accuracy": 0.5403008098727343,
    "joint_goal_accuracy": 0.35623288859239494,
    "joint_noncat_accuracy": 0.5701433622414943,
    "requested_slots_f1": 0.9200594046824868,
    "requested_slots_precision": 0.9731154102735156,
    "requested_slots_recall": 0.9224482988659106
  },
  "Alarm_1": {
    "active_intent_accuracy": 0.8471615720524017,
    "average_goal_accuracy": 0.7667857142857143,
    "average_noncat_accuracy": 0.7667857142857143,
    "joint_goal_accuracy": 0.5438864628820961,
    "joint_noncat_accuracy": 0.5438864628820961,
    "requested_slots_f1": 0.9956331877729258,
    "requested_slots_precision": 0.9956331877729258,
    "requested_slots_recall": 1.0
  },
  "Banks_2": {
    "active_intent_accuracy": 0.9969040247678018,
    "average_cat_accuracy": 0.920265780730897,
    "average_goal_accuracy": 0.8575913621262459,
    "average_noncat_accuracy": 0.6800549450549451,
    "joint_cat_accuracy": 0.8544891640866873,
    "joint_goal_accuracy": 0.6068111455108359,
    "joint_noncat_accuracy": 0.6780185758513931,
    "requested_slots_f1": 0.9009287925696594,
    "requested_slots_precision": 1.0,
    "requested_slots_recall": 0.9009287925696594
  },
  "Buses_1": {
    "active_intent_accuracy": 0.9893899204244032,
    "average_cat_accuracy": 0.996,
    "average_goal_accuracy": 0.960754957507082,
    "average_noncat_accuracy": 0.9514761904761905,
    "joint_cat_accuracy": 0.9973474801061007,
    "joint_goal_accuracy": 0.8900265251989389,
    "joint_noncat_accuracy": 0.8926790450928381,
    "requested_slots_f1": 0.9973474801061007,
    "requested_slots_precision": 0.9986737400530504,
    "requested_slots_recall": 0.9973474801061007
  },
  "Events_1": {
    "active_intent_accuracy": 0.9961612284069098,
    "average_cat_accuracy": 1.0,
    "average_goal_accuracy": 0.9593395963813501,
    "average_noncat_accuracy": 0.9417614449213161,
    "joint_cat_accuracy": 1.0,
    "joint_goal_accuracy": 0.8648176583493283,
    "joint_noncat_accuracy": 0.8648176583493283,
    "requested_slots_f1": 0.9891234804862442,
    "requested_slots_precision": 1.0,
    "requested_slots_recall": 0.9884836852207294
  },
  "Flights_3": {
    "active_intent_accuracy": 0.9623567921440261,
    "average_cat_accuracy": 0.7249278499278499,
    "average_goal_accuracy": 0.8700169228185102,
    "average_noncat_accuracy": 0.939647315855181,
    "joint_cat_accuracy": 0.5204582651391162,
    "joint_goal_accuracy": 0.42245564648117845,
    "joint_noncat_accuracy": 0.8071901800327332,
    "requested_slots_f1": 0.8816148390616477,
    "requested_slots_precision": 1.0,
    "requested_slots_recall": 0.881342062193126
  },
  "Homes_1": {
    "active_intent_accuracy": 0.9982964224872232,
    "average_cat_accuracy": 0.9884615384615385,
    "average_goal_accuracy": 0.9672568407960198,
    "average_noncat_accuracy": 0.9562782204515271,
    "joint_cat_accuracy": 0.9574105621805792,
    "joint_goal_accuracy": 0.8782453151618398,
    "joint_noncat_accuracy": 0.9174275979557069,
    "requested_slots_f1": 0.9943214082907438,
    "requested_slots_precision": 0.995741056218058,
    "requested_slots_recall": 0.9982964224872232
  },
  "Hotels_1": {
    "active_intent_accuracy": 0.9713261648745519,
    "average_cat_accuracy": 0.9436619718309859,
    "average_goal_accuracy": 0.9690719696969698,
    "average_noncat_accuracy": 0.9784477124183006,
    "joint_cat_accuracy": 0.9175627240143369,
    "joint_goal_accuracy": 0.8564516129032258,
    "joint_noncat_accuracy": 0.9367383512544804,
    "requested_slots_f1": 0.9952210274790919,
    "requested_slots_precision": 0.996415770609319,
    "requested_slots_recall": 0.9946236559139785
  },
  "Hotels_4": {
    "active_intent_accuracy": 0.9964285714285714,
    "average_cat_accuracy": 0.8719135802469137,
    "average_goal_accuracy": 0.8530589441769217,
    "average_noncat_accuracy": 0.8473300653594771,
    "joint_cat_accuracy": 0.7428571428571429,
    "joint_goal_accuracy": 0.1482,
    "joint_noncat_accuracy": 0.2054857142857143,
    "requested_slots_f1": 0.9414285714285713,
    "requested_slots_precision": 0.9458333333333333,
    "requested_slots_recall": 0.9482142857142857
  },
  "Media_2": {
    "active_intent_accuracy": 0.9523809523809523,
    "average_cat_accuracy": 0.18787878787878787,
    "average_goal_accuracy": 0.8278161512027491,
    "average_noncat_accuracy": 0.9495962199312716,
    "joint_cat_accuracy": 0.5746031746031746,
    "joint_goal_accuracy": 0.31135999999999997,
    "joint_noncat_accuracy": 0.4893701587301587,
    "requested_slots_f1": 0.9322751322751321,
    "requested_slots_precision": 0.9349206349206349,
    "requested_slots_recall": 0.9412698412698413
  },
  "Movies_2": {
    "active_intent_accuracy": 0.9829545454545454,
    "average_goal_accuracy": 0.7173415977961433,
    "average_noncat_accuracy": 0.7173415977961433,
    "joint_goal_accuracy": 0.32586931818181814,
    "joint_noncat_accuracy": 0.32586931818181814,
    "requested_slots_f1": 0.9128787878787878,
    "requested_slots_precision": 0.9356060606060606,
    "requested_slots_recall": 0.9147727272727273
  },
  "Music_1": {
    "active_intent_accuracy": 0.9838056680161943,
    "average_cat_accuracy": 0.7418300653594772,
    "average_goal_accuracy": 0.8586785150078989,
    "average_noncat_accuracy": 0.9373529411764704,
    "joint_cat_accuracy": 0.7773279352226721,
    "joint_goal_accuracy": 0.6686639676113361,
    "joint_noncat_accuracy": 0.8670445344129555,
    "requested_slots_f1": 0.9959514170040485,
    "requested_slots_precision": 0.9959514170040485,
    "requested_slots_recall": 1.0
  },
  "RentalCars_1": {
    "active_intent_accuracy": 0.9969512195121951,
    "average_cat_accuracy": 0.7692307692307693,
    "average_goal_accuracy": 0.9458246187363833,
    "average_noncat_accuracy": 0.9657500000000001,
    "joint_cat_accuracy": 0.8384146341463414,
    "joint_goal_accuracy": 0.7451548780487804,
    "joint_noncat_accuracy": 0.8835503048780486,
    "requested_slots_f1": 1.0,
    "requested_slots_precision": 1.0,
    "requested_slots_recall": 1.0
  },
  "Restaurants_2": {
    "active_intent_accuracy": 0.9362041467304625,
    "average_cat_accuracy": 0.3949579831932773,
    "average_goal_accuracy": 0.776509941089838,
    "average_noncat_accuracy": 0.8481557282671272,
    "joint_cat_accuracy": 0.6124401913875598,
    "joint_goal_accuracy": 0.41369760765550245,
    "joint_noncat_accuracy": 0.5327885167464115,
    "requested_slots_f1": 0.9256854256854257,
    "requested_slots_precision": 0.9480063795853267,
    "requested_slots_recall": 0.9330143540669856
  },
  "RideSharing_1": {
    "active_intent_accuracy": 1.0,
    "average_cat_accuracy": 0.9695652173913043,
    "average_goal_accuracy": 0.9421008403361345,