{
  "#ALL_SERVICES": {
    "active_intent_accuracy": 0.937290409121395,
    "average_cat_accuracy": 0.6852080758137619,
    "average_goal_accuracy": 0.8251558140656372,
    "average_noncat_accuracy": 0.8761467860154375,
    "joint_cat_accuracy": 0.6898909628534466,
    "joint_goal_accuracy": 0.5106260898725687,
    "joint_noncat_accuracy": 0.6417747825285044,
    "requested_slots_f1": 0.9480286480789498,
    "requested_slots_precision": 0.9809076682316119,
    "requested_slots_recall": 0.9518779342723005
  },
  "#SEEN_SERVICES": {
    "active_intent_accuracy": 0.9767363452461227,
    "average_cat_accuracy": 0.8791063366028335,
    "average_goal_accuracy": 0.8910406767835338,
    "average_noncat_accuracy": 0.9130719378660556,
    "joint_cat_accuracy": 0.8711852377572746,
    "joint_goal_accuracy": 0.7376663857046527,
    "joint_noncat_accuracy": 0.8417343223196223,
    "requested_slots_f1": 0.9826140705776579,
    "requested_slots_precision": 0.9925264104293099,
    "requested_slots_recall": 0.98583951449764
  },
  "#UNSEEN_SERVICES": {
    "active_intent_accuracy": 0.8982655103402268,
    "average_cat_accuracy": 0.46717436974789917,
    "average_goal_accuracy": 0.758563561114931,
    "average_noncat_accuracy": 0.8378008726695757,
    "joint_cat_accuracy": 0.49286540686463554,
    "joint_goal_accuracy": 0.28600917278185456,
    "joint_noncat_accuracy": 0.44394956737825214,
    "requested_slots_f1": 0.9138123828584136,
    "requested_slots_precision": 0.9694129419613075,
    "requested_slots_recall": 0.9182788525683789
  },
  "Alarm_1": {
    "active_intent_accuracy": 0.759825327510917,
    "average_goal_accuracy": 0.7212987012987013,
    "average_noncat_accuracy": 0.7212987012987013,
    "joint_goal_accuracy": 0.5484716157205239,
    "joint_noncat_accuracy": 0.5484716157205239,
    "requested_slots_f1": 1.0,
    "requested_slots_precision": 1.0,
    "requested_slots_recall": 1.0
  },
  "Banks_2": {
    "active_intent_accuracy": 0.9690402476780186,
    "average_cat_accuracy": 0.9285714285714286,
    "average_goal_accuracy": 0.8703239202657809,
    "average_noncat_accuracy": 0.7029395604395604,
    "joint_cat_accuracy": 0.8668730650154799,
    "joint_goal_accuracy": 0.6073374613003096,
    "joint_noncat_accuracy": 0.6737151702786378,
    "requested_slots_f1": 0.9009287925696594,
    "requested_slots_precision": 1.0,
    "requested_slots_recall": 0.9009287925696594
  },
  "Buses_1": {
    "active_intent_accuracy": 0.9893899204244032,
    "average_cat_accuracy": 1.0,
    "average_goal_accuracy": 0.966311614730878,
    "average_noncat_accuracy": 0.9591047619047619,
    "joint_cat_accuracy": 1.0,
    "joint_goal_accuracy": 0.9153315649867374,
    "joint_noncat_accuracy": 0.9153315649867374,
    "requested_slots_f1": 0.9893899204244032,
    "requested_slots_precision": 0.9880636604774535,
    "requested_slots_recall": 0.9946949602122016
  },
  "Events_1": {
    "active_intent_accuracy": 0.9865642994241842,
    "average_cat_accuracy": 1.0,
    "average_goal_accuracy": 0.9457713987473904,
    "average_noncat_accuracy": 0.9207993562231759,
    "joint_cat_accuracy": 0.9904030710172744,
    "joint_goal_accuracy": 0.7445105566218809,
    "joint_noncat_accuracy": 0.7521880998080613,
    "requested_slots_f1": 0.9942418426103646,
    "requested_slots_precision": 0.9980806142034548,
    "requested_slots_recall": 0.9952015355086372
  },
  "Flights_3": {
    "active_intent_accuracy": 0.955810147299509,
    "average_cat_accuracy": 0.6940836940836941,
    "average_goal_accuracy": 0.8038641555387588,
    "average_noncat_accuracy": 0.8670739700374531,
    "joint_cat_accuracy": 0.5106382978723404,
    "joint_goal_accuracy": 0.2739613747954173,
    "joint_noncat_accuracy": 0.5379909983633387,
    "requested_slots_f1": 0.8816148390616477,
    "requested_slots_precision": 1.0,
    "requested_slots_recall": 0.881342062193126
  },
  "Homes_1": {
    "active_intent_accuracy": 0.979557069846678,
    "average_cat_accuracy": 0.9971153846153846,
    "average_goal_accuracy": 0.9883654939587776,
    "average_noncat_accuracy": 0.9830046480743692,
    "joint_cat_accuracy": 0.959114139693356,
    "joint_goal_accuracy": 0.9284667802385008,
    "joint_noncat_accuracy": 0.9557240204429301,
    "requested_slots_f1": 0.9982964224872232,
    "requested_slots_precision": 0.9982964224872232,
    "requested_slots_recall": 1.0
  },
  "Hotels_1": {
    "active_intent_accuracy": 0.9605734767025089,
    "average_cat_accuracy": 0.7730829420970265,
    "average_goal_accuracy": 0.9210182178932179,
    "average_noncat_accuracy": 0.9880555555555555,
    "joint_cat_accuracy": 0.7132616487455197,
    "joint_goal_accuracy": 0.6738351254480287,
    "joint_noncat_accuracy": 0.950358422939068,
    "requested_slots_f1": 0.9790919952210275,
    "requested_slots_precision": 0.9910394265232975,
    "requested_slots_recall": 0.978494623655914
  },
  "Hotels_4": {
    "active_intent_accuracy": 0.9678571428571429,
    "average_cat_accuracy": 0.66820987654321,
    "average_goal_accuracy": 0.8100389691457107,
    "average_noncat_accuracy": 0.8777843137254903,
    "joint_cat_accuracy": 0.4107142857142857,
    "joint_goal_accuracy": 0.10666642857142858,
    "joint_noncat_accuracy": 0.24893,
    "requested_slots_f1": 0.9178571428571428,
    "requested_slots_precision": 0.9258928571428572,
    "requested_slots_recall": 0.9392857142857143
  },
  "Media_2": {
    "active_intent_accuracy": 0.9492063492063492,
    "average_cat_accuracy": 0.0,
    "average_goal_accuracy": 0.7041890034364262,
    "average_noncat_accuracy": 0.8333304696449026,
    "joint_cat_accuracy": 0.47619047619047616,
    "joint_goal_accuracy": 0.21011047619047618,
    "joint_noncat_accuracy": 0.21364717460317462,
    "requested_slots_f1": 0.9084656084656083,
    "requested_slots_precision": 0.9222222222222223,
    "requested_slots_recall": 0.9126984126984127
  },
  "Movies_2": {
    "active_intent_accuracy": 0.9375,
    "average_goal_accuracy": 0.7240358126721763,
    "average_noncat_accuracy": 0.7240358126721763,
    "joint_goal_accuracy": 0.3523619318181819,
    "joint_noncat_accuracy": 0.3523619318181819,
    "requested_slots_f1": 0.9005681818181818,
    "requested_slots_precision": 0.9071969696969696,
    "requested_slots_recall": 0.9090909090909091
  },
  "Music_1": {
    "active_intent_accuracy": 0.9271255060728745,
    "average_cat_accuracy": 0.6633986928104575,
    "average_goal_accuracy": 0.7527843601895734,
    "average_noncat_accuracy": 0.8098774509803922,
    "joint_cat_accuracy": 0.659919028340081,
    "joint_goal_accuracy": 0.45064777327935224,
    "joint_noncat_accuracy": 0.6778542510121458,
    "requested_slots_f1": 0.9892037786774628,
    "requested_slots_precision": 0.9878542510121457,
    "requested_slots_recall": 1.0
  },
  "RentalCars_1": {
    "active_intent_accuracy": 0.9939024390243902,
    "average_cat_accuracy": 0.9076923076923077,
    "average_goal_accuracy": 0.9525653594771241,
    "average_noncat_accuracy": 0.9562028508771929,
    "joint_cat_accuracy": 0.9176829268292683,
    "joint_goal_accuracy": 0.793360975609756,
    "joint_noncat_accuracy": 0.8494448170731707,
    "requested_slots_f1": 0.9939024390243902,
    "requested_slots_precision": 0.9969512195121951,
    "requested_slots_recall": 0.9969512195121951
  },
  "Restaurants_2": {
    "active_intent_accuracy": 0.8006379585326954,
    "average_cat_accuracy": 0.4061624649859944,
    "average_goal_accuracy": 0.791819812632957,
    "average_noncat_accuracy": 0.8596793321819228,
    "joint_cat_accuracy": 0.6172248803827751,
    "joint_goal_accuracy": 0.2826602870813397,
    "joint_noncat_accuracy": 0.3776695374800638,
    "requested_slots_f1": 0.9105946684894054,
    "requested_slots_precision": 0.9519670388091439,
    "requested_slots_recall": 0.9234449760765551
  },
  "RideSharing_1": {
    "active_intent_accuracy": 1.0,
    "average_cat_accuracy": 0.9847826086956522,
    "average_goal_accuracy": 0.9095238095238095,
    "average_noncat_accuracy": 0.7572511848341233,