{
  "#ALL_SERVICES": {
    "active_intent_accuracy": 0.9149899396378269,
    "average_cat_accuracy": 0.6029254223320971,
    "average_goal_accuracy": 0.769333388133379,
    "average_noncat_accuracy": 0.8345151780502044,
    "joint_cat_accuracy": 0.6067270375161707,
    "joint_goal_accuracy": 0.4018426126760563,
    "joint_noncat_accuracy": 0.5636660097250168,
    "requested_slots_f1": 0.923479767493852,
    "requested_slots_precision": 0.9721803040465011,
    "requested_slots_recall": 0.9275653923541247
  },
  "#SEEN_SERVICES": {
    "active_intent_accuracy": 0.942683749157114,
    "average_cat_accuracy": 0.7836680678810525,
    "average_goal_accuracy": 0.7929594714809002,
    "average_noncat_accuracy": 0.8361147186147186,
    "joint_cat_accuracy": 0.7423704755145494,
    "joint_goal_accuracy": 0.5225768051247471,
    "joint_noncat_accuracy": 0.6800236358732299,
    "requested_slots_f1": 0.9509327938862666,
    "requested_slots_precision": 0.9798269273994157,
    "requested_slots_recall": 0.9583614295347269
  },
  "#UNSEEN_SERVICES": {
    "active_intent_accuracy": 0.8875917278185457,
    "average_cat_accuracy": 0.39968487394957986,
    "average_goal_accuracy": 0.7454536371008974,
    "average_noncat_accuracy": 0.8328540922914187,
    "joint_cat_accuracy": 0.45931353644427303,
    "joint_goal_accuracy": 0.2823971107404937,
    "joint_noncat_accuracy": 0.4485503595730487,
    "requested_slots_f1": 0.896319768734712,
    "requested_slots_precision": 0.964615299088281,
    "requested_slots_recall": 0.8970980653769179
  },
  "Alarm_1": {
    "active_intent_accuracy": 0.7510917030567685,
    "average_goal_accuracy": 0.7590584415584415,
    "average_noncat_accuracy": 0.7590584415584415,
    "joint_goal_accuracy": 0.49192139737991264,
    "joint_noncat_accuracy": 0.49192139737991264,
    "requested_slots_f1": 1.0,
    "requested_slots_precision": 1.0,
    "requested_slots_recall": 1.0
  },
  "Banks_2": {
    "active_intent_accuracy": 0.9690402476780186,
    "average_cat_accuracy": 0.9451827242524917,
    "average_goal_accuracy": 0.8855011074197121,
    "average_noncat_accuracy": 0.7237362637362638,
    "joint_cat_accuracy": 0.8823529411764706,
    "joint_goal_accuracy": 0.6484210526315789,
    "joint_noncat_accuracy": 0.7010526315789474,
    "requested_slots_f1": 0.9009287925696594,
    "requested_slots_precision": 1.0,
    "requested_slots_recall": 0.9009287925696594
  },
  "Buses_1": {
    "active_intent_accuracy": 0.9973474801061007,
    "average_cat_accuracy": 0.884,
    "average_goal_accuracy": 0.9072360717658168,
    "average_noncat_accuracy": 0.9059952380952382,
    "joint_cat_accuracy": 0.9230769230769231,
    "joint_goal_accuracy": 0.636898673740053,
    "joint_noncat_accuracy": 0.6937795755968169,
    "requested_slots_f1": 0.980548187444739,
    "requested_slots_precision": 0.9708222811671088,
    "requested_slots_recall": 1.0
  },
  "Events_1": {
    "active_intent_accuracy": 0.7658349328214972,
    "average_cat_accuracy": 0.8051801801801802,
    "average_goal_accuracy": 0.7917999304105775,
    "average_noncat_accuracy": 0.7824231044349069,
    "joint_cat_accuracy": 0.690978886756238,
    "joint_goal_accuracy": 0.47421919385796546,
    "joint_noncat_accuracy": 0.5361385796545106,
    "requested_slots_f1": 0.9699296225207933,
    "requested_slots_precision": 0.9904030710172744,
    "requested_slots_recall": 0.9702495201535508
  },
  "Flights_3": {
    "active_intent_accuracy": 0.8936170212765957,
    "average_cat_accuracy": 0.5772005772005772,
    "average_goal_accuracy": 0.8192538002855464,
    "average_noncat_accuracy": 0.9301326466916354,
    "joint_cat_accuracy": 0.4238952536824877,
    "joint_goal_accuracy": 0.16471849427168575,
    "joint_noncat_accuracy": 0.302734697217676,
    "requested_slots_f1": 0.8805237315875614,
    "requested_slots_precision": 1.0,
    "requested_slots_recall": 0.8805237315875614
  },
  "Homes_1": {
    "active_intent_accuracy": 0.9744463373083475,
    "average_cat_accuracy": 0.9746794871794872,
    "average_goal_accuracy": 0.956252976190476,
    "average_noncat_accuracy": 0.9488579017264275,
    "joint_cat_accuracy": 0.9403747870528109,
    "joint_goal_accuracy": 0.8619761499148212,
    "joint_noncat_accuracy": 0.9020783645655877,
    "requested_slots_f1": 0.9547984099943214,
    "requested_slots_precision": 0.9534355479841,
    "requested_slots_recall": 0.9684838160136287
  },
  "Hotels_1": {
    "active_intent_accuracy": 0.978494623655914,
    "average_cat_accuracy": 0.7464788732394366,
    "average_goal_accuracy": 0.8648595779220778,
    "average_noncat_accuracy": 0.9233790849673204,
    "joint_cat_accuracy": 0.5197132616487455,
    "joint_goal_accuracy": 0.4275125448028674,
    "joint_noncat_accuracy": 0.8227240143369177,
    "requested_slots_f1": 0.8769414575866189,
    "requested_slots_precision": 0.9731182795698925,
    "requested_slots_recall": 0.8799283154121864
  },
  "Hotels_4": {
    "active_intent_accuracy": 0.9928571428571429,
    "average_cat_accuracy": 0.7708333333333334,
    "average_goal_accuracy": 0.7559370429819868,
    "average_noncat_accuracy": 0.7596241830065359,
    "joint_cat_accuracy": 0.5607142857142857,
    "joint_goal_accuracy": 0.24626625000000005,
    "joint_noncat_accuracy": 0.41881267857142856,
    "requested_slots_f1": 0.8910714285714286,
    "requested_slots_precision": 0.8872023809523809,
    "requested_slots_recall": 0.9125
  },
  "Media_2": {
    "active_intent_accuracy": 0.8920634920634921,
    "average_cat_accuracy": 0.0,
    "average_goal_accuracy": 0.7247233676975945,
    "average_noncat_accuracy": 0.85565578465063,
    "joint_cat_accuracy": 0.47619047619047616,
    "joint_goal_accuracy": 0.2104104761904762,
    "joint_noncat_accuracy": 0.24409726984126986,
    "requested_slots_f1": 0.8857142857142857,
    "requested_slots_precision": 0.9111111111111111,
    "requested_slots_recall": 0.8857142857142857
  },
  "Movies_2": {
    "active_intent_accuracy": 0.9943181818181818,
    "average_goal_accuracy": 0.7155371900826446,
    "average_noncat_accuracy": 0.7155371900826446,
    "joint_goal_accuracy": 0.2873527727272727,
    "joint_noncat_accuracy": 0.2873527727272727,
    "requested_slots_f1": 0.8787878787878788,
    "requested_slots_precision": 0.9289772727272727,
    "requested_slots_recall": 0.8806818181818182
  },
  "Music_1": {
    "active_intent_accuracy": 0.9190283400809717,
    "average_cat_accuracy": 0.6699346405228758,
    "average_goal_accuracy": 0.7245363349131121,
    "average_noncat_accuracy": 0.790171568627451,
    "joint_cat_accuracy": 0.7246963562753036,
    "joint_goal_accuracy": 0.417244939271255,
    "joint_noncat_accuracy": 0.6096740890688258,
    "requested_slots_f1": 0.9649122807017544,
    "requested_slots_precision": 0.9919028340080972,
    "requested_slots_recall": 0.9676113360323887
  },
  "RentalCars_1": {
    "active_intent_accuracy": 0.9939024390243902,
    "average_cat_accuracy": 0.9538461538461539,
    "average_goal_accuracy": 0.868503267973856,
    "average_noncat_accuracy": 0.8559950657894736,
    "joint_cat_accuracy": 0.9420731707317073,
    "joint_goal_accuracy": 0.34834208536585365,
    "joint_noncat_accuracy": 0.36455915853658544,
    "requested_slots_f1": 1.0,
    "requested_slots_precision": 1.0,
    "requested_slots_recall": 1.0
  },
  "Restaurants_2": {
    "active_intent_accuracy": 0.7496012759170654,
    "average_cat_accuracy": 0.04295051353874883,
    "average_goal_accuracy": 0.7126056905580102,
    "average_noncat_accuracy": 0.8287380541162924,
    "joint_cat_accuracy": 0.4433811802232855,
    "joint_goal_accuracy": 0.29955023923444973,
    "joint_noncat_accuracy": 0.510117384370016,
    "requested_slots_f1": 0.8766613503455608,
    "requested_slots_precision": 0.9553429027113237,
    "requested_slots_recall": 0.8755980861244019
  },
  "RideSharing_1": {
    "active_intent_accuracy": 0.9961089494163424,
    "average_cat_accuracy": 0.6217391304347826,
    "average_goal_accuracy": 0.6992577030812326,