{
  "#ALL_SERVICES": {
    "active_intent_accuracy": 0.920690811535882,
    "average_cat_accuracy": 0.660960032962505,
    "average_goal_accuracy": 0.7716192580512228,
    "average_noncat_accuracy": 0.8098323279496658,
    "joint_cat_accuracy": 0.6240990574755129,
    "joint_goal_accuracy": 0.3881462129443326,
    "joint_noncat_accuracy": 0.5508794094567404,
    "requested_slots_f1": 0.9299985095759743,
    "requested_slots_precision": 0.9775099006738845,
    "requested_slots_recall": 0.9354460093896714
  },
  "#SEEN_SERVICES": {
    "active_intent_accuracy": 0.9501011463250169,
    "average_cat_accuracy": 0.8369142145414915,
    "average_goal_accuracy": 0.8429661172161171,
    "average_noncat_accuracy": 0.859685446906035,
    "joint_cat_accuracy": 0.7278211497515968,
    "joint_goal_accuracy": 0.5079546864463925,
    "joint_noncat_accuracy": 0.688065947403911,
    "requested_slots_f1": 0.9619352663519892,
    "requested_slots_precision": 0.985109013261407,
    "requested_slots_recall": 0.9694875252865812
  },
  "#UNSEEN_SERVICES": {
    "active_intent_accuracy": 0.8915943962641761,
    "average_cat_accuracy": 0.4631039915966387,
    "average_goal_accuracy": 0.6995063644858165,
    "average_noncat_accuracy": 0.7580610207589581,
    "joint_cat_accuracy": 0.5113767836482839,
    "joint_goal_accuracy": 0.26961654903268845,
    "joint_noncat_accuracy": 0.4151571707805203,
    "requested_slots_f1": 0.8984026387962345,
    "requested_slots_precision": 0.9699918993614792,
    "requested_slots_recall": 0.9017678452301534
  },
  "Alarm_1": {
    "active_intent_accuracy": 0.8253275109170306,
    "average_goal_accuracy": 0.7303571428571428,
    "average_noncat_accuracy": 0.7303571428571428,
    "joint_goal_accuracy": 0.5039737991266375,
    "joint_noncat_accuracy": 0.5039737991266375,
    "requested_slots_f1": 1.0,
    "requested_slots_precision": 1.0,
    "requested_slots_recall": 1.0
  },
  "Banks_2": {
    "active_intent_accuracy": 0.8947368421052632,
    "average_cat_accuracy": 0.9169435215946844,
    "average_goal_accuracy": 0.8074031007751938,
    "average_noncat_accuracy": 0.5225824175824175,
    "joint_cat_accuracy": 0.8452012383900929,
    "joint_goal_accuracy": 0.5226625386996904,
    "joint_noncat_accuracy": 0.549938080495356,
    "requested_slots_f1": 0.9009287925696594,
    "requested_slots_precision": 1.0,
    "requested_slots_recall": 0.9009287925696594
  },
  "Buses_1": {
    "active_intent_accuracy": 0.9257294429708223,
    "average_cat_accuracy": 1.0,
    "average_goal_accuracy": 0.8812025495750708,
    "average_noncat_accuracy": 0.8531619047619048,
    "joint_cat_accuracy": 0.9973474801061007,
    "joint_goal_accuracy": 0.5898103448275862,
    "joint_noncat_accuracy": 0.5924628647214853,
    "requested_slots_f1": 0.9800176834659594,
    "requested_slots_precision": 0.9699381078691423,
    "requested_slots_recall": 1.0
  },
  "Events_1": {
    "active_intent_accuracy": 0.9731285988483686,
    "average_cat_accuracy": 0.9921171171171171,
    "average_goal_accuracy": 0.8791624913013222,
    "average_noncat_accuracy": 0.822340844062947,
    "joint_cat_accuracy": 0.982725527831094,
    "joint_goal_accuracy": 0.5810940499040307,
    "joint_noncat_accuracy": 0.586852207293666,
    "requested_slots_f1": 0.9742802303262955,
    "requested_slots_precision": 0.9977607165706974,
    "requested_slots_recall": 0.9731285988483686
  },
  "Flights_3": {
    "active_intent_accuracy": 0.8117839607201309,
    "average_cat_accuracy": 0.5983044733044732,
    "average_goal_accuracy": 0.7946132527084908,
    "average_noncat_accuracy": 0.8894475655430711,
    "joint_cat_accuracy": 0.44844517184942717,
    "joint_goal_accuracy": 0.2134441898527005,
    "joint_noncat_accuracy": 0.4849324058919804,
    "requested_slots_f1": 0.8876159301691218,
    "requested_slots_precision": 0.9901800327332242,
    "requested_slots_recall": 0.886252045826514
  },
  "Homes_1": {
    "active_intent_accuracy": 0.9642248722316865,
    "average_cat_accuracy": 0.9442307692307692,
    "average_goal_accuracy": 0.9058206734186212,
    "average_noncat_accuracy": 0.8914973439575034,
    "joint_cat_accuracy": 0.3696763202725724,
    "joint_goal_accuracy": 0.29545144804088586,
    "joint_noncat_accuracy": 0.7826746166950597,
    "requested_slots_f1": 0.9852356615559342,
    "requested_slots_precision": 0.9877910278250992,
    "requested_slots_recall": 0.9914821124361158
  },
  "Hotels_1": {
    "active_intent_accuracy": 0.9390681003584229,
    "average_cat_accuracy": 0.6799687010954616,
    "average_goal_accuracy": 0.7871241883116883,
    "average_noncat_accuracy": 0.852111111111111,
    "joint_cat_accuracy": 0.6200716845878136,
    "joint_goal_accuracy": 0.3753405017921147,
    "joint_noncat_accuracy": 0.5498924731182796,
    "requested_slots_f1": 0.9081242532855436,
    "requested_slots_precision": 0.9444444444444444,
    "requested_slots_recall": 0.9354838709677419
  },
  "Hotels_4": {
    "active_intent_accuracy": 0.9285714285714286,
    "average_cat_accuracy": 0.8279320987654322,
    "average_goal_accuracy": 0.7293074728018548,
    "average_noncat_accuracy": 0.6879084967320261,
    "joint_cat_accuracy": 0.7142857142857143,
    "joint_goal_accuracy": 0.10829290714285714,
    "joint_noncat_accuracy": 0.13056392142857143,
    "requested_slots_f1": 0.9007539682539683,
    "requested_slots_precision": 0.8903061224489796,
    "requested_slots_recall": 0.9535714285714286
  },
  "Media_2": {
    "active_intent_accuracy": 0.8857142857142857,
    "average_cat_accuracy": 0.06060606060606061,
    "average_goal_accuracy": 0.4697038946162657,
    "average_noncat_accuracy": 0.5531214203894615,
    "joint_cat_accuracy": 0.5079365079365079,
    "joint_goal_accuracy": 0.1349190476190476,
    "joint_noncat_accuracy": 0.1717279365079365,
    "requested_slots_f1": 0.8857142857142857,
    "requested_slots_precision": 0.9206349206349206,
    "requested_slots_recall": 0.8857142857142857
  },
  "Movies_2": {
    "active_intent_accuracy": 0.9943181818181818,
    "average_goal_accuracy": 0.6874380165289257,
    "average_noncat_accuracy": 0.6874380165289257,
    "joint_goal_accuracy": 0.39941647727272733,
    "joint_noncat_accuracy": 0.39941647727272733,
    "requested_slots_f1": 0.9079545454545453,
    "requested_slots_precision": 0.9327651515151515,
    "requested_slots_recall": 0.9147727272727273
  },
  "Music_1": {
    "active_intent_accuracy": 0.8744939271255061,
    "average_cat_accuracy": 0.6993464052287581,
    "average_goal_accuracy": 0.7080410742496049,
    "average_noncat_accuracy": 0.7168382352941177,
    "joint_cat_accuracy": 0.7611336032388664,
    "joint_goal_accuracy": 0.40983805668016193,
    "joint_noncat_accuracy": 0.5734008097165991,
    "requested_slots_f1": 0.9919028340080972,
    "requested_slots_precision": 0.9959514170040485,
    "requested_slots_recall": 0.9959514170040485
  },
  "RentalCars_1": {
    "active_intent_accuracy": 0.8963414634146342,
    "average_cat_accuracy": 0.717948717948718,
    "average_goal_accuracy": 0.8952020697167755,
    "average_noncat_accuracy": 0.9116414473684211,
    "joint_cat_accuracy": 0.8079268292682927,
    "joint_goal_accuracy": 0.6047143292682926,
    "joint_noncat_accuracy": 0.6441045731707317,
    "requested_slots_f1": 0.9878048780487805,
    "requested_slots_precision": 1.0,
    "requested_slots_recall": 0.9878048780487805
  },
  "Restaurants_2": {
    "active_intent_accuracy": 0.9027113237639554,
    "average_cat_accuracy": 0.39355742296918766,
    "average_goal_accuracy": 0.7202916053019146,
    "average_noncat_accuracy": 0.7771663788140472,
    "joint_cat_accuracy": 0.6140350877192983,
    "joint_goal_accuracy": 0.34537033492822966,
    "joint_noncat_accuracy": 0.41021881977671454,
    "requested_slots_f1": 0.8656034024455077,
    "requested_slots_precision": 0.9754120148856992,
    "requested_slots_recall": 0.8628389154704944
  },
  "RideSharing_1": {
    "active_intent_accuracy": 1.0,
    "average_cat_accuracy": 0.95,