{
  "#ALL_SERVICES": {
    "active_intent_accuracy": 0.9366197183098591,
    "average_cat_accuracy": 0.6902760609806347,
    "average_goal_accuracy": 0.8169033349115746,
    "average_noncat_accuracy": 0.8577593241227216,
    "joint_cat_accuracy": 0.6998706338939198,
    "joint_goal_accuracy": 0.5102072367538565,
    "joint_noncat_accuracy": 0.6593821696847754,
    "requested_slots_f1": 0.9454089617067485,
    "requested_slots_precision": 0.9866253073999551,
    "requested_slots_recall": 0.9484406438631791
  },
  "#SEEN_SERVICES": {
    "active_intent_accuracy": 0.9875252865812543,
    "average_cat_accuracy": 0.8722559551611396,
    "average_goal_accuracy": 0.8671387580673295,
    "average_noncat_accuracy": 0.8782567481538069,
    "joint_cat_accuracy": 0.8814762242725337,
    "joint_goal_accuracy": 0.672423688469319,
    "joint_noncat_accuracy": 0.7464223398516521,
    "requested_slots_f1": 0.9808271521690267,
    "requested_slots_precision": 0.9961789166104742,
    "requested_slots_recall": 0.9829737019554956
  },
  "#UNSEEN_SERVICES": {
    "active_intent_accuracy": 0.8862575050033356,
    "average_cat_accuracy": 0.4856442577030813,
    "average_goal_accuracy": 0.7661285458648474,
    "average_noncat_accuracy": 0.8364732249107496,
    "joint_cat_accuracy": 0.5025067489394524,
    "joint_goal_accuracy": 0.34972224816544356,
    "joint_noncat_accuracy": 0.57327104736491,
    "requested_slots_f1": 0.9103688173067759,
    "requested_slots_precision": 0.9771736713364465,
    "requested_slots_recall": 0.9142761841227485
  },
  "Alarm_1": {
    "active_intent_accuracy": 0.8296943231441049,
    "average_goal_accuracy": 0.7763311688311689,
    "average_noncat_accuracy": 0.7763311688311689,
    "joint_goal_accuracy": 0.5452803493449782,
    "joint_noncat_accuracy": 0.5452803493449782,
    "requested_slots_f1": 1.0,
    "requested_slots_precision": 1.0,
    "requested_slots_recall": 1.0
  },
  "Banks_2": {
    "active_intent_accuracy": 0.9907120743034056,
    "average_cat_accuracy": 0.9086378737541528,
    "average_goal_accuracy": 0.8092469545957918,
    "average_noncat_accuracy": 0.5521978021978022,
    "joint_cat_accuracy": 0.8421052631578947,
    "joint_goal_accuracy": 0.4953560371517028,
    "joint_noncat_accuracy": 0.5232198142414861,
    "requested_slots_f1": 0.9009287925696594,
    "requested_slots_precision": 1.0,
    "requested_slots_recall": 0.9009287925696594
  },
  "Buses_1": {
    "active_intent_accuracy": 0.986737400530504,
    "average_cat_accuracy": 0.972,
    "average_goal_accuracy": 0.9082710103871579,
    "average_noncat_accuracy": 0.8919809523809523,
    "joint_cat_accuracy": 0.9814323607427056,
    "joint_goal_accuracy": 0.7089975066312997,
    "joint_noncat_accuracy": 0.7169550663129973,
    "requested_slots_f1": 0.9920424403183024,
    "requested_slots_precision": 0.993368700265252,
    "requested_slots_recall": 0.993368700265252
  },
  "Events_1": {
    "active_intent_accuracy": 0.9923224568138196,
    "average_cat_accuracy": 1.0,
    "average_goal_accuracy": 0.9117828810020877,
    "average_noncat_accuracy": 0.868975321888412,
    "joint_cat_accuracy": 1.0,
    "joint_goal_accuracy": 0.705489443378119,
    "joint_noncat_accuracy": 0.705489443378119,
    "requested_slots_f1": 0.9961612284069098,
    "requested_slots_precision": 1.0,
    "requested_slots_recall": 0.9961612284069098
  },
  "Flights_3": {
    "active_intent_accuracy": 0.9165302782324058,
    "average_cat_accuracy": 0.6118326118326118,
    "average_goal_accuracy": 0.8635829344083313,
    "average_noncat_accuracy": 0.9777902621722848,
    "joint_cat_accuracy": 0.4713584288052373,
    "joint_goal_accuracy": 0.4590186579378069,
    "joint_noncat_accuracy": 0.9396819967266776,
    "requested_slots_f1": 0.8859792689579923,
    "requested_slots_precision": 1.0,
    "requested_slots_recall": 0.8846153846153846
  },
  "Homes_1": {
    "active_intent_accuracy": 0.9829642248722317,
    "average_cat_accuracy": 0.9836538461538461,
    "average_goal_accuracy": 0.9350672974413645,
    "average_noncat_accuracy": 0.9017828685258964,
    "joint_cat_accuracy": 0.9676320272572402,
    "joint_goal_accuracy": 0.7675468483816014,
    "joint_noncat_accuracy": 0.7862862010221465,
    "requested_slots_f1": 0.9982964224872232,
    "requested_slots_precision": 0.9982964224872232,
    "requested_slots_recall": 1.0
  },
  "Hotels_1": {
    "active_intent_accuracy": 0.978494623655914,
    "average_cat_accuracy": 0.9225352112676056,
    "average_goal_accuracy": 0.8963228715728716,
    "average_noncat_accuracy": 0.8772875816993463,
    "joint_cat_accuracy": 0.899641577060932,
    "joint_goal_accuracy": 0.5897491039426523,
    "joint_noncat_accuracy": 0.6255913978494624,
    "requested_slots_f1": 0.992831541218638,
    "requested_slots_precision": 0.996415770609319,
    "requested_slots_recall": 0.992831541218638
  },
  "Hotels_4": {
    "active_intent_accuracy": 0.9857142857142858,
    "average_cat_accuracy": 0.9166666666666666,
    "average_goal_accuracy": 0.7720781166399143,
    "average_noncat_accuracy": 0.7034901960784314,
    "joint_cat_accuracy": 0.5107142857142857,
    "joint_goal_accuracy": 0.19751428571428573,
    "joint_noncat_accuracy": 0.37397857142857144,
    "requested_slots_f1": 0.9276190476190477,
    "requested_slots_precision": 0.9452380952380951,
    "requested_slots_recall": 0.9357142857142857
  },
  "Media_2": {
    "active_intent_accuracy": 0.9333333333333333,
    "average_cat_accuracy": 0.15757575757575756,
    "average_goal_accuracy": 0.7687531500572738,
    "average_noncat_accuracy": 0.8849999999999999,
    "joint_cat_accuracy": 0.5587301587301587,
    "joint_goal_accuracy": 0.2936977777777778,
    "joint_noncat_accuracy": 0.4899720634920635,
    "requested_slots_f1": 0.9197883597883598,
    "requested_slots_precision": 0.9486772486772486,
    "requested_slots_recall": 0.926984126984127
  },
  "Movies_2": {
    "active_intent_accuracy": 0.9829545454545454,
    "average_goal_accuracy": 0.8306473829201101,
    "average_noncat_accuracy": 0.8306473829201101,
    "joint_goal_accuracy": 0.39325284090909096,
    "joint_noncat_accuracy": 0.39325284090909096,
    "requested_slots_f1": 0.9034090909090909,
    "requested_slots_precision": 0.9327651515151515,
    "requested_slots_recall": 0.9147727272727273
  },
  "Music_1": {
    "active_intent_accuracy": 0.979757085020243,
    "average_cat_accuracy": 0.7418300653594772,
    "average_goal_accuracy": 0.754316745655608,
    "average_noncat_accuracy": 0.7517892156862745,
    "joint_cat_accuracy": 0.7773279352226721,
    "joint_goal_accuracy": 0.5437246963562753,
    "joint_noncat_accuracy": 0.6849392712550605,
    "requested_slots_f1": 0.979757085020243,
    "requested_slots_precision": 0.979757085020243,
    "requested_slots_recall": 1.0
  },
  "RentalCars_1": {
    "active_intent_accuracy": 0.9908536585365854,
    "average_cat_accuracy": 0.7333333333333333,
    "average_goal_accuracy": 0.9019520697167756,
    "average_noncat_accuracy": 0.9172598684210526,
    "joint_cat_accuracy": 0.8170731707317073,
    "joint_goal_accuracy": 0.6658810975609756,
    "joint_noncat_accuracy": 0.6902713414634146,
    "requested_slots_f1": 1.0,
    "requested_slots_precision": 1.0,
    "requested_slots_recall": 1.0
  },
  "Restaurants_2": {
    "active_intent_accuracy": 0.8787878787878788,
    "average_cat_accuracy": 0.40476190476190477,
    "average_goal_accuracy": 0.7445581124202258,
    "average_noncat_accuracy": 0.8065771445020149,
    "joint_cat_accuracy": 0.6220095693779905,
    "joint_goal_accuracy": 0.37018564593301434,
    "joint_noncat_accuracy": 0.46072791068580543,
    "requested_slots_f1": 0.9093339409128882,
    "requested_slots_precision": 0.9599681020733654,
    "requested_slots_recall": 0.9242424242424242
  },
  "RideSharing_1": {
    "active_intent_accuracy": 1.0,
    "average_cat_accuracy": 0.9391304347826087,
    "average_goal_accuracy": 0.9285294117647059,
    "average_noncat_accuracy": 0.9098104265402843,