{
  "#ALL_SERVICES": {
    "active_intent_accuracy": 0.9128101945003353,
    "average_cat_accuracy": 0.6284919653893696,
    "average_goal_accuracy": 0.6982773868707859,
    "average_noncat_accuracy": 0.7133085554906922,
    "joint_cat_accuracy": 0.5520236555165404,
    "joint_goal_accuracy": 0.3090132401073105,
    "joint_noncat_accuracy": 0.4894574195171027,
    "requested_slots_f1": 0.9088195841716968,
    "requested_slots_precision": 0.9650542141739326,
    "requested_slots_recall": 0.9177565392354124
  },
  "#SEEN_SERVICES": {
    "active_intent_accuracy": 0.9501011463250169,
    "average_cat_accuracy": 0.8056982718355908,
    "average_goal_accuracy": 0.7566766963195534,
    "average_noncat_accuracy": 0.7477928444104914,
    "joint_cat_accuracy": 0.6497515968772178,
    "joint_goal_accuracy": 0.3397765677680378,
    "joint_noncat_accuracy": 0.5366230687795011,
    "requested_slots_f1": 0.9264216677905146,
    "requested_slots_precision": 0.9684760620364127,
    "requested_slots_recall": 0.9428523263654753
  },
  "#UNSEEN_SERVICES": {
    "active_intent_accuracy": 0.875917278185457,
    "average_cat_accuracy": 0.42922794117647056,
    "average_goal_accuracy": 0.6392510578092769,
    "average_noncat_accuracy": 0.6774974216580721,
    "joint_cat_accuracy": 0.4458156575395295,
    "joint_goal_accuracy": 0.27857827351567716,
    "joint_noncat_accuracy": 0.4427952061374249,
    "requested_slots_f1": 0.8914053813653547,
    "requested_slots_precision": 0.9616688903713587,
    "requested_slots_recall": 0.8929286190793863
  },
  "Alarm_1": {
    "active_intent_accuracy": 0.8253275109170306,
    "average_goal_accuracy": 0.494448051948052,
    "average_noncat_accuracy": 0.494448051948052,
    "joint_goal_accuracy": 0.36455720524017465,
    "joint_noncat_accuracy": 0.36455720524017465,
    "requested_slots_f1": 1.0,
    "requested_slots_precision": 1.0,
    "requested_slots_recall": 1.0
  },
  "Banks_2": {
    "active_intent_accuracy": 0.978328173374613,
    "average_cat_accuracy": 0.7790697674418605,
    "average_goal_accuracy": 0.5856173864894796,
    "average_noncat_accuracy": 0.05365384615384615,
    "joint_cat_accuracy": 0.6068111455108359,
    "joint_goal_accuracy": 0.4086687306501548,
    "joint_noncat_accuracy": 0.4431269349845201,
    "requested_slots_f1": 0.9009287925696594,
    "requested_slots_precision": 1.0,
    "requested_slots_recall": 0.9009287925696594
  },
  "Buses_1": {
    "active_intent_accuracy": 0.9442970822281167,
    "average_cat_accuracy": 0.972,
    "average_goal_accuracy": 0.6906964117091596,
    "average_noncat_accuracy": 0.6263404761904761,
    "joint_cat_accuracy": 0.9787798408488063,
    "joint_goal_accuracy": 0.21099389920424405,
    "joint_noncat_accuracy": 0.22160397877984087,
    "requested_slots_f1": 0.967816091954023,
    "requested_slots_precision": 0.9637488947833777,
    "requested_slots_recall": 0.9893899204244032
  },
  "Events_1": {
    "active_intent_accuracy": 0.982725527831094,
    "average_cat_accuracy": 1.0,
    "average_goal_accuracy": 0.8377310368823939,
    "average_noncat_accuracy": 0.7553505007153076,
    "joint_cat_accuracy": 0.9980806142034548,
    "joint_goal_accuracy": 0.4966794625719769,
    "joint_noncat_accuracy": 0.49859884836852203,
    "requested_slots_f1": 0.9584133077415227,
    "requested_slots_precision": 0.9712092130518234,
    "requested_slots_recall": 0.9683301343570058
  },
  "Flights_3": {
    "active_intent_accuracy": 0.7397708674304418,
    "average_cat_accuracy": 0.5643939393939394,
    "average_goal_accuracy": 0.7655972747123541,
    "average_noncat_accuracy": 0.8460252808988765,
    "joint_cat_accuracy": 0.41243862520458263,
    "joint_goal_accuracy": 0.2649679214402619,
    "joint_noncat_accuracy": 0.5761894795417349,
    "requested_slots_f1": 0.8816148390616475,
    "requested_slots_precision": 0.9934533551554828,
    "requested_slots_recall": 0.881342062193126
  },
  "Homes_1": {
    "active_intent_accuracy": 0.9727427597955707,
    "average_cat_accuracy": 0.8679487179487179,
    "average_goal_accuracy": 0.8421499644633973,
    "average_noncat_accuracy": 0.854867197875166,
    "joint_cat_accuracy": 0.23339011925042588,
    "joint_goal_accuracy": 0.1808006814310051,
    "joint_noncat_accuracy": 0.7198109028960817,
    "requested_slots_f1": 0.9075525269733107,
    "requested_slots_precision": 0.9398069278818852,
    "requested_slots_recall": 0.9437819420783645
  },
  "Hotels_1": {
    "active_intent_accuracy": 0.946236559139785,
    "average_cat_accuracy": 0.8082942097026604,
    "average_goal_accuracy": 0.7321313131313132,
    "average_noncat_accuracy": 0.7007124183006536,
    "joint_cat_accuracy": 0.6917562724014337,
    "joint_goal_accuracy": 0.3342293906810036,
    "joint_noncat_accuracy": 0.4298743870967742,
    "requested_slots_f1": 0.8500597371565113,
    "requested_slots_precision": 0.9695340501792115,
    "requested_slots_recall": 0.8566308243727598
  },
  "Hotels_4": {
    "active_intent_accuracy": 0.9607142857142857,
    "average_cat_accuracy": 0.7870370370370371,
    "average_goal_accuracy": 0.6302518280720528,
    "average_noncat_accuracy": 0.5604869281045752,
    "joint_cat_accuracy": 0.45357142857142857,
    "joint_goal_accuracy": 0.20357142857142857,
    "joint_noncat_accuracy": 0.34910714285714284,
    "requested_slots_f1": 0.8848809523809523,
    "requested_slots_precision": 0.8889880952380952,
    "requested_slots_recall": 0.9089285714285714
  },
  "Media_2": {
    "active_intent_accuracy": 0.9333333333333333,
    "average_cat_accuracy": 0.0,
    "average_goal_accuracy": 0.6643665521191294,
    "average_noncat_accuracy": 0.7863946162657502,
    "joint_cat_accuracy": 0.47619047619047616,
    "joint_goal_accuracy": 0.24720591746031745,
    "joint_noncat_accuracy": 0.37211827301587297,
    "requested_slots_f1": 0.8857142857142857,
    "requested_slots_precision": 0.9015873015873016,
    "requested_slots_recall": 0.8857142857142857
  },
  "Movies_2": {
    "active_intent_accuracy": 0.9943181818181818,
    "average_goal_accuracy": 0.5174242424242425,
    "average_noncat_accuracy": 0.5174242424242425,
    "joint_goal_accuracy": 0.5038295454545455,
    "joint_noncat_accuracy": 0.5038295454545455,
    "requested_slots_f1": 0.887310606060606,
    "requested_slots_precision": 0.9015151515151515,
    "requested_slots_recall": 0.8920454545454546
  },
  "Music_1": {
    "active_intent_accuracy": 0.9757085020242915,
    "average_cat_accuracy": 0.7026143790849673,
    "average_goal_accuracy": 0.6981737756714059,
    "average_noncat_accuracy": 0.697107843137255,
    "joint_cat_accuracy": 0.4574898785425101,
    "joint_goal_accuracy": 0.29611336032388663,
    "joint_noncat_accuracy": 0.5887449392712549,
    "requested_slots_f1": 0.9527665317139,
    "requested_slots_precision": 0.9433198380566802,
    "requested_slots_recall": 0.9919028340080972
  },
  "RentalCars_1": {
    "active_intent_accuracy": 0.7621951219512195,
    "average_cat_accuracy": 0.6051282051282051,
    "average_goal_accuracy": 0.7085141612200435,
    "average_noncat_accuracy": 0.7097341008771929,
    "joint_cat_accuracy": 0.7378048780487805,
    "joint_goal_accuracy": 0.1957640243902439,
    "joint_noncat_accuracy": 0.2191870975609756,
    "requested_slots_f1": 0.9634146341463414,
    "requested_slots_precision": 0.9939024390243902,
    "requested_slots_recall": 0.9695121951219512
  },
  "Restaurants_2": {
    "active_intent_accuracy": 0.84688995215311,
    "average_cat_accuracy": 0.34173669467787116,
    "average_goal_accuracy": 0.6671813532973326,
    "average_noncat_accuracy": 0.7229896373056994,
    "joint_cat_accuracy": 0.5853269537480064,
    "joint_goal_accuracy": 0.29312599681020735,
    "joint_noncat_accuracy": 0.36036682615629984,
    "requested_slots_f1": 0.8524720893141946,
    "requested_slots_precision": 0.9593301435406698,
    "requested_slots_recall": 0.8524720893141946
  },
  "RideSharing_1": {
    "active_intent_accuracy": 1.0,
    "average_cat_accuracy": 0.808695652173913,