{
  "#ALL_SERVICES": {
    "active_intent_accuracy": 0.9188464118041583,
    "average_cat_accuracy": 0.6962093119077051,
    "average_goal_accuracy": 0.7845029153624257,
    "average_noncat_accuracy": 0.8114360770577934,
    "joint_cat_accuracy": 0.7039364257992977,
    "joint_goal_accuracy": 0.4606840543259557,
    "joint_noncat_accuracy": 0.5958415660630448,
    "requested_slots_f1": 0.9427373766407972,
    "requested_slots_precision": 0.9841325732170803,
    "requested_slots_recall": 0.9465962441314554
  },
  "#SEEN_SERVICES": {
    "active_intent_accuracy": 0.9895482130815914,
    "average_cat_accuracy": 0.8762260625875758,
    "average_goal_accuracy": 0.8450113553113554,
    "average_noncat_accuracy": 0.8418857906799082,
    "joint_cat_accuracy": 0.872959545777147,
    "joint_goal_accuracy": 0.6102062373567093,
    "joint_noncat_accuracy": 0.6865009103169252,
    "requested_slots_f1": 0.9802090357383683,
    "requested_slots_precision": 0.9926387952348842,
    "requested_slots_recall": 0.9844908968307485
  },
  "#UNSEEN_SERVICES": {
    "active_intent_accuracy": 0.8488992661774516,
    "average_cat_accuracy": 0.49378501400560226,
    "average_goal_accuracy": 0.7233448105639887,
    "average_noncat_accuracy": 0.7798147560491868,
    "joint_cat_accuracy": 0.5202468183571153,
    "joint_goal_accuracy": 0.3127578385590393,
    "joint_noncat_accuracy": 0.5061498999332887,
    "requested_slots_f1": 0.9056656818831602,
    "requested_slots_precision": 0.9757171447631754,
    "requested_slots_recall": 0.9091060707138092
  },
  "Alarm_1": {
    "active_intent_accuracy": 0.868995633187773,
    "average_goal_accuracy": 0.7818831168831168,
    "average_noncat_accuracy": 0.7818831168831168,
    "joint_goal_accuracy": 0.5848908296943232,
    "joint_noncat_accuracy": 0.5848908296943232,
    "requested_slots_f1": 1.0,
    "requested_slots_precision": 1.0,
    "requested_slots_recall": 1.0
  },
  "Banks_2": {
    "active_intent_accuracy": 0.9845201238390093,
    "average_cat_accuracy": 0.946843853820598,
    "average_goal_accuracy": 0.788875968992248,
    "average_noncat_accuracy": 0.42991758241758243,
    "joint_cat_accuracy": 0.913312693498452,
    "joint_goal_accuracy": 0.47650154798761607,
    "joint_noncat_accuracy": 0.4926625386996904,
    "requested_slots_f1": 0.9009287925696594,
    "requested_slots_precision": 1.0,
    "requested_slots_recall": 0.9009287925696594
  },
  "Buses_1": {
    "active_intent_accuracy": 0.9893899204244032,
    "average_cat_accuracy": 1.0,
    "average_goal_accuracy": 0.9190122757318225,
    "average_noncat_accuracy": 0.9007238095238095,
    "joint_cat_accuracy": 1.0,
    "joint_goal_accuracy": 0.6976259946949602,
    "joint_noncat_accuracy": 0.6976259946949602,
    "requested_slots_f1": 0.9796640141467727,
    "requested_slots_precision": 0.9708222811671088,
    "requested_slots_recall": 0.9973474801061007
  },
  "Events_1": {
    "active_intent_accuracy": 0.9923224568138196,
    "average_cat_accuracy": 0.9808558558558559,
    "average_goal_accuracy": 0.8620842032011135,
    "average_noncat_accuracy": 0.8025017882689556,
    "joint_cat_accuracy": 0.9692898272552783,
    "joint_goal_accuracy": 0.5508445297504798,
    "joint_noncat_accuracy": 0.5574088291746641,
    "requested_slots_f1": 0.9904030710172744,
    "requested_slots_precision": 1.0,
    "requested_slots_recall": 0.989443378119002
  },
  "Flights_3": {
    "active_intent_accuracy": 0.9034369885433715,
    "average_cat_accuracy": 0.6727994227994227,
    "average_goal_accuracy": 0.8751622574955908,
    "average_noncat_accuracy": 0.9725000000000001,
    "joint_cat_accuracy": 0.4337152209492635,
    "joint_goal_accuracy": 0.4062847790507365,
    "joint_noncat_accuracy": 0.8897422258592472,
    "requested_slots_f1": 0.8805237315875614,
    "requested_slots_precision": 1.0,
    "requested_slots_recall": 0.8805237315875614
  },
  "Homes_1": {
    "active_intent_accuracy": 0.9829642248722317,
    "average_cat_accuracy": 0.9855769230769231,
    "average_goal_accuracy": 0.9247812277896234,
    "average_noncat_accuracy": 0.8840869853917662,
    "joint_cat_accuracy": 0.9471890971039182,
    "joint_goal_accuracy": 0.7390971039182284,
    "joint_noncat_accuracy": 0.7714650766609881,
    "requested_slots_f1": 0.9965928449744463,
    "requested_slots_precision": 0.9965928449744463,
    "requested_slots_recall": 1.0
  },
  "Hotels_1": {
    "active_intent_accuracy": 0.982078853046595,
    "average_cat_accuracy": 0.8826291079812206,
    "average_goal_accuracy": 0.8843892496392497,
    "average_noncat_accuracy": 0.8805816993464053,
    "joint_cat_accuracy": 0.8315412186379928,
    "joint_goal_accuracy": 0.5323297491039426,
    "joint_noncat_accuracy": 0.6167025089605734,
    "requested_slots_f1": 0.9898446833930703,
    "requested_slots_precision": 0.9910394265232975,
    "requested_slots_recall": 0.996415770609319
  },
  "Hotels_4": {
    "active_intent_accuracy": 0.9892857142857143,
    "average_cat_accuracy": 0.8603395061728395,
    "average_goal_accuracy": 0.7556646156589978,
    "average_noncat_accuracy": 0.7144509803921567,
    "joint_cat_accuracy": 0.7357142857142858,
    "joint_goal_accuracy": 0.17051785714285714,
    "joint_noncat_accuracy": 0.2251035714285714,
    "requested_slots_f1": 0.9340476190476189,
    "requested_slots_precision": 0.9288690476190475,
    "requested_slots_recall": 0.9535714285714286
  },
  "Media_2": {
    "active_intent_accuracy": 0.9365079365079365,
    "average_cat_accuracy": 0.13333333333333333,
    "average_goal_accuracy": 0.4015045819014891,
    "average_noncat_accuracy": 0.4662342497136311,
    "joint_cat_accuracy": 0.546031746031746,
    "joint_goal_accuracy": 0.08875809523809523,
    "joint_noncat_accuracy": 0.10332190476190478,
    "requested_slots_f1": 0.9042328042328044,
    "requested_slots_precision": 0.9396825396825397,
    "requested_slots_recall": 0.9095238095238095
  },
  "Movies_2": {
    "active_intent_accuracy": 0.9943181818181818,
    "average_goal_accuracy": 0.7305509641873278,
    "average_noncat_accuracy": 0.7305509641873278,
    "joint_goal_accuracy": 0.4206789772727273,
    "joint_noncat_accuracy": 0.4206789772727273,
    "requested_slots_f1": 0.9005681818181818,
    "requested_slots_precision": 0.9441287878787878,
    "requested_slots_recall": 0.9090909090909091
  },
  "Music_1": {
    "active_intent_accuracy": 0.979757085020243,
    "average_cat_accuracy": 0.7026143790849673,
    "average_goal_accuracy": 0.7053436018957345,
    "average_noncat_accuracy": 0.7148529411764707,
    "joint_cat_accuracy": 0.7408906882591093,
    "joint_goal_accuracy": 0.48566801619433203,
    "joint_noncat_accuracy": 0.6616599190283401,
    "requested_slots_f1": 0.9892037786774628,
    "requested_slots_precision": 0.9919028340080972,
    "requested_slots_recall": 0.9959514170040485
  },
  "RentalCars_1": {
    "active_intent_accuracy": 0.9939024390243902,
    "average_cat_accuracy": 0.8205128205128205,
    "average_goal_accuracy": 0.8882755991285404,
    "average_noncat_accuracy": 0.889811951754386,
    "joint_cat_accuracy": 0.8597560975609756,
    "joint_goal_accuracy": 0.5952984756097561,
    "joint_noncat_accuracy": 0.6135911585365854,
    "requested_slots_f1": 0.9969512195121951,
    "requested_slots_precision": 0.9969512195121951,
    "requested_slots_recall": 1.0
  },
  "Restaurants_2": {
    "active_intent_accuracy": 0.7623604465709729,
    "average_cat_accuracy": 0.38235294117647056,
    "average_goal_accuracy": 0.7454425216822124,
    "average_noncat_accuracy": 0.8121799078871618,
    "joint_cat_accuracy": 0.6012759170653907,
    "joint_goal_accuracy": 0.34739186602870814,
    "joint_noncat_accuracy": 0.4404465709728867,
    "requested_slots_f1": 0.8979038505354294,
    "requested_slots_precision": 0.9616427432216906,
    "requested_slots_recall": 0.9059011164274322
  },
  "RideSharing_1": {
    "active_intent_accuracy": 1.0,
    "average_cat_accuracy": 0.9630434782608696,
    "average_goal_accuracy": 0.8946358543417368,