{
  "#ALL_SERVICES": {
    "active_intent_accuracy": 0.9681421864520456,
    "average_cat_accuracy": 0.7100123609394314,
    "average_goal_accuracy": 0.8274130871276886,
    "average_noncat_accuracy": 0.8652756697152494,
    "joint_cat_accuracy": 0.705045278137128,
    "joint_goal_accuracy": 0.5109827558685447,
    "joint_noncat_accuracy": 0.6529624220321932,
    "requested_slots_f1": 0.941133307783207,
    "requested_slots_precision": 0.9791163648558014,
    "requested_slots_recall": 0.9441649899396378
  },
  "#SEEN_SERVICES": {
    "active_intent_accuracy": 0.9895482130815914,
    "average_cat_accuracy": 0.8928070994862214,
    "average_goal_accuracy": 0.8849570381998952,
    "average_noncat_accuracy": 0.8965552584670231,
    "joint_cat_accuracy": 0.8889283179559971,
    "joint_goal_accuracy": 0.7276183937963587,
    "joint_noncat_accuracy": 0.8102047380310182,
    "requested_slots_f1": 0.9791638570465272,
    "requested_slots_precision": 0.99134636997078,
    "requested_slots_recall": 0.9824679703304113
  },
  "#UNSEEN_SERVICES": {
    "active_intent_accuracy": 0.946964643095397,
    "average_cat_accuracy": 0.5044642857142857,
    "average_goal_accuracy": 0.7692513002239029,
    "average_noncat_accuracy": 0.8327925426418089,
    "joint_cat_accuracy": 0.5052063247204011,
    "joint_goal_accuracy": 0.2966594396264176,
    "joint_noncat_accuracy": 0.497398476317545,
    "requested_slots_f1": 0.9035086883319038,
    "requested_slots_precision": 0.9670169001556593,
    "requested_slots_recall": 0.9062708472314877
  },
  "Alarm_1": {
    "active_intent_accuracy": 0.9170305676855895,
    "average_goal_accuracy": 0.7516233766233766,
    "average_noncat_accuracy": 0.7516233766233766,
    "joint_goal_accuracy": 0.4983912663755458,
    "joint_noncat_accuracy": 0.4983912663755458,
    "requested_slots_f1": 1.0,
    "requested_slots_precision": 1.0,
    "requested_slots_recall": 1.0
  },
  "Banks_2": {
    "active_intent_accuracy": 0.9814241486068112,
    "average_cat_accuracy": 0.9568106312292359,
    "average_goal_accuracy": 0.8313953488372093,
    "average_noncat_accuracy": 0.532967032967033,
    "joint_cat_accuracy": 0.8947368421052632,
    "joint_goal_accuracy": 0.4891640866873065,
    "joint_noncat_accuracy": 0.5201238390092879,
    "requested_slots_f1": 0.9009287925696594,
    "requested_slots_precision": 1.0,
    "requested_slots_recall": 0.9009287925696594
  },
  "Buses_1": {
    "active_intent_accuracy": 0.9920424403183024,
    "average_cat_accuracy": 1.0,
    "average_goal_accuracy": 0.9475160528800757,
    "average_noncat_accuracy": 0.9331142857142858,
    "joint_cat_accuracy": 1.0,
    "joint_goal_accuracy": 0.8329814323607427,
    "joint_noncat_accuracy": 0.8329814323607427,
    "requested_slots_f1": 0.986737400530504,
    "requested_slots_precision": 0.9814323607427056,
    "requested_slots_recall": 0.9986737400530504
  },
  "Events_1": {
    "active_intent_accuracy": 0.9923224568138196,
    "average_cat_accuracy": 1.0,
    "average_goal_accuracy": 0.930723729993041,
    "average_noncat_accuracy": 0.897555436337625,
    "joint_cat_accuracy": 0.9923224568138196,
    "joint_goal_accuracy": 0.7464441458733205,
    "joint_noncat_accuracy": 0.7511823416506718,
    "requested_slots_f1": 0.9961612284069098,
    "requested_slots_precision": 1.0,
    "requested_slots_recall": 0.9952015355086372
  },
  "Flights_3": {
    "active_intent_accuracy": 0.9165302782324058,
    "average_cat_accuracy": 0.6630591630591631,
    "average_goal_accuracy": 0.8104492525405224,
    "average_noncat_accuracy": 0.8796566791510612,
    "joint_cat_accuracy": 0.486088379705401,
    "joint_goal_accuracy": 0.3420464811783961,
    "joint_noncat_accuracy": 0.7044703764320785,
    "requested_slots_f1": 0.8848881614839063,
    "requested_slots_precision": 1.0,
    "requested_slots_recall": 0.88379705400982
  },
  "Homes_1": {
    "active_intent_accuracy": 0.9948892674616695,
    "average_cat_accuracy": 0.9942307692307693,
    "average_goal_accuracy": 0.968526208244492,
    "average_noncat_accuracy": 0.9526394422310757,
    "joint_cat_accuracy": 0.9642248722316865,
    "joint_goal_accuracy": 0.8845485519591142,
    "joint_noncat_accuracy": 0.9101022146507667,
    "requested_slots_f1": 0.9928449744463372,
    "requested_slots_precision": 0.9903463940942645,
    "requested_slots_recall": 1.0
  },
  "Hotels_1": {
    "active_intent_accuracy": 0.9713261648745519,
    "average_cat_accuracy": 0.9366197183098591,
    "average_goal_accuracy": 0.9705441919191921,
    "average_noncat_accuracy": 0.9827418300653595,
    "joint_cat_accuracy": 0.8709677419354839,
    "joint_goal_accuracy": 0.7959283154121863,
    "joint_noncat_accuracy": 0.9205161290322579,
    "requested_slots_f1": 0.9734767025089607,
    "requested_slots_precision": 0.9761051373954599,
    "requested_slots_recall": 0.9767025089605734
  },
  "Hotels_4": {
    "active_intent_accuracy": 0.9821428571428571,
    "average_cat_accuracy": 0.9004629629629629,
    "average_goal_accuracy": 0.852951845906902,
    "average_noncat_accuracy": 0.8227483660130719,
    "joint_cat_accuracy": 0.4785714285714286,
    "joint_goal_accuracy": 0.15753571428571428,
    "joint_noncat_accuracy": 0.292,
    "requested_slots_f1": 0.9200680272108842,
    "requested_slots_precision": 0.9036904761904762,
    "requested_slots_recall": 0.9553571428571429
  },
  "Media_2": {
    "active_intent_accuracy": 0.9396825396825397,
    "average_cat_accuracy": 0.0,
    "average_goal_accuracy": 0.727491408934708,
    "average_noncat_accuracy": 0.8653665521191294,
    "joint_cat_accuracy": 0.473015873015873,
    "joint_goal_accuracy": 0.21179333333333333,
    "joint_noncat_accuracy": 0.2348085714285714,
    "requested_slots_f1": 0.9068783068783067,
    "requested_slots_precision": 0.9476190476190476,
    "requested_slots_recall": 0.9079365079365079
  },
  "Movies_2": {
    "active_intent_accuracy": 0.9943181818181818,
    "average_goal_accuracy": 0.6424380165289257,
    "average_noncat_accuracy": 0.6424380165289257,
    "joint_goal_accuracy": 0.32314943181818184,
    "joint_noncat_accuracy": 0.32314943181818184,
    "requested_slots_f1": 0.8937499999999999,
    "requested_slots_precision": 0.9138257575757575,
    "requested_slots_recall": 0.8977272727272727
  },
  "Music_1": {
    "active_intent_accuracy": 0.9757085020242915,
    "average_cat_accuracy": 0.7026143790849673,
    "average_goal_accuracy": 0.8048301737756713,
    "average_noncat_accuracy": 0.8389215686274509,
    "joint_cat_accuracy": 0.7125506072874493,
    "joint_goal_accuracy": 0.5871255060728745,
    "joint_noncat_accuracy": 0.7393117408906883,
    "requested_slots_f1": 1.0,
    "requested_slots_precision": 1.0,
    "requested_slots_recall": 1.0
  },
  "RentalCars_1": {
    "active_intent_accuracy": 0.9939024390243902,
    "average_cat_accuracy": 0.8615384615384616,
    "average_goal_accuracy": 0.9230555555555557,
    "average_noncat_accuracy": 0.9261239035087718,
    "joint_cat_accuracy": 0.8932926829268293,
    "joint_goal_accuracy": 0.6975166341463415,
    "joint_noncat_accuracy": 0.7649937591463414,
    "requested_slots_f1": 1.0,
    "requested_slots_precision": 1.0,
    "requested_slots_recall": 1.0
  },
  "Restaurants_2": {
    "active_intent_accuracy": 0.9409888357256778,
    "average_cat_accuracy": 0.48085901027077493,
    "average_goal_accuracy": 0.7933448903616429,
    "average_noncat_accuracy": 0.8414709268854347,
    "joint_cat_accuracy": 0.6491228070175439,
    "joint_goal_accuracy": 0.32944784688995216,
    "joint_noncat_accuracy": 0.38237963636363637,
    "requested_slots_f1": 0.8821903242955873,
    "requested_slots_precision": 0.9389952153110048,
    "requested_slots_recall": 0.8843700159489634
  },
  "RideSharing_1": {
    "active_intent_accuracy": 0.9961089494163424,
    "average_cat_accuracy": 0.9804347826086957,
    "average_goal_accuracy": 0.9203641456582633,
    "average_noncat_accuracy": 0.8006635071090047,
    "joint_cat_accuracy": 0.9610894941634242,