{
  "#ALL_SERVICES": {
    "active_intent_accuracy": 0.943158953722334,
    "average_cat_accuracy": 0.6864235681911824,
    "average_goal_accuracy": 0.8154111406300691,
    "average_noncat_accuracy": 0.8596313160796525,
    "joint_cat_accuracy": 0.6963592681574571,
    "joint_goal_accuracy": 0.5082874413145541,
    "joint_noncat_accuracy": 0.6424355130784708,
    "requested_slots_f1": 0.9470781035418863,
    "requested_slots_precision": 0.9830538788285267,
    "requested_slots_recall": 0.948775989268947
  },
  "#SEEN_SERVICES": {
    "active_intent_accuracy": 0.9888739042481457,
    "average_cat_accuracy": 0.8692199906585708,
    "average_goal_accuracy": 0.8656869963369963,
    "average_noncat_accuracy": 0.8762494270435446,
    "joint_cat_accuracy": 0.8694109297374024,
    "joint_goal_accuracy": 0.6707481793661497,
    "joint_noncat_accuracy": 0.7512201955495617,
    "requested_slots_f1": 0.9855585524837042,
    "requested_slots_precision": 0.9962351090132613,
    "requested_slots_recall": 0.9866824005394471
  },
  "#UNSEEN_SERVICES": {
    "active_intent_accuracy": 0.8979319546364243,
    "average_cat_accuracy": 0.4808735994397759,
    "average_goal_accuracy": 0.7645954849174028,
    "average_noncat_accuracy": 0.8423737934682004,
    "joint_cat_accuracy": 0.5082915541843425,
    "joint_goal_accuracy": 0.34756077384923284,
    "joint_noncat_accuracy": 0.5348119746497665,
    "requested_slots_f1": 0.9090083865434098,
    "requested_slots_precision": 0.970013342228152,
    "requested_slots_recall": 0.9112741827885257
  },
  "Alarm_1": {
    "active_intent_accuracy": 0.7991266375545851,
    "average_goal_accuracy": 0.7177272727272728,
    "average_noncat_accuracy": 0.7177272727272728,
    "joint_goal_accuracy": 0.524061135371179,
    "joint_noncat_accuracy": 0.524061135371179,
    "requested_slots_f1": 1.0,
    "requested_slots_precision": 1.0,
    "requested_slots_recall": 1.0
  },
  "Banks_2": {
    "active_intent_accuracy": 0.9938080495356038,
    "average_cat_accuracy": 0.9036544850498339,
    "average_goal_accuracy": 0.856312292358804,
    "average_noncat_accuracy": 0.7060439560439561,
    "joint_cat_accuracy": 0.8328173374613003,
    "joint_goal_accuracy": 0.631578947368421,
    "joint_noncat_accuracy": 0.6934984520123839,
    "requested_slots_f1": 0.9009287925696594,
    "requested_slots_precision": 1.0,
    "requested_slots_recall": 0.9009287925696594
  },
  "Buses_1": {
    "active_intent_accuracy": 0.9893899204244032,
    "average_cat_accuracy": 1.0,
    "average_goal_accuracy": 0.9265524079320113,
    "average_noncat_accuracy": 0.9099619047619047,
    "joint_cat_accuracy": 1.0,
    "joint_goal_accuracy": 0.7387413793103448,
    "joint_noncat_accuracy": 0.7387413793103448,
    "requested_slots_f1": 0.9902740937223695,
    "requested_slots_precision": 0.9920424403183024,
    "requested_slots_recall": 0.9893899204244032
  },
  "Events_1": {
    "active_intent_accuracy": 0.9942418426103646,
    "average_cat_accuracy": 1.0,
    "average_goal_accuracy": 0.8991805845511481,
    "average_noncat_accuracy": 0.850538268955651,
    "joint_cat_accuracy": 0.9923224568138196,
    "joint_goal_accuracy": 0.7058541266794626,
    "joint_noncat_accuracy": 0.7058541266794626,
    "requested_slots_f1": 0.9942418426103646,
    "requested_slots_precision": 0.9980806142034548,
    "requested_slots_recall": 0.9952015355086372
  },
  "Flights_3": {
    "active_intent_accuracy": 0.9165302782324058,
    "average_cat_accuracy": 0.6607142857142857,
    "average_goal_accuracy": 0.8649211388259007,
    "average_noncat_accuracy": 0.9629010611735331,
    "joint_cat_accuracy": 0.513911620294599,
    "joint_goal_accuracy": 0.45109721767594113,
    "joint_noncat_accuracy": 0.8702180032733224,
    "requested_slots_f1": 0.8848881614839061,
    "requested_slots_precision": 1.0,
    "requested_slots_recall": 0.88379705400982
  },
  "Homes_1": {
    "active_intent_accuracy": 0.9829642248722317,
    "average_cat_accuracy": 0.9855769230769231,
    "average_goal_accuracy": 0.9333528784648187,
    "average_noncat_accuracy": 0.8977822045152721,
    "joint_cat_accuracy": 0.9659284497444633,
    "joint_goal_accuracy": 0.77206132879046,
    "joint_noncat_accuracy": 0.7873935264054515,
    "requested_slots_f1": 0.9965928449744463,
    "requested_slots_precision": 0.9965928449744463,
    "requested_slots_recall": 1.0
  },
  "Hotels_1": {
    "active_intent_accuracy": 0.978494623655914,
    "average_cat_accuracy": 0.7832550860719873,
    "average_goal_accuracy": 0.839650974025974,
    "average_noncat_accuracy": 0.8717156862745098,
    "joint_cat_accuracy": 0.6953405017921147,
    "joint_goal_accuracy": 0.4874551971326165,
    "joint_noncat_accuracy": 0.6241935483870968,
    "requested_slots_f1": 0.9952210274790919,
    "requested_slots_precision": 0.996415770609319,
    "requested_slots_recall": 0.9946236559139785
  },
  "Hotels_4": {
    "active_intent_accuracy": 0.9928571428571429,
    "average_cat_accuracy": 0.7862654320987654,
    "average_goal_accuracy": 0.731501872659176,
    "average_noncat_accuracy": 0.7173496732026143,
    "joint_cat_accuracy": 0.525,
    "joint_goal_accuracy": 0.12621428571428572,
    "joint_noncat_accuracy": 0.22207714285714283,
    "requested_slots_f1": 0.918452380952381,
    "requested_slots_precision": 0.9407738095238096,
    "requested_slots_recall": 0.9357142857142857
  },
  "Media_2": {
    "active_intent_accuracy": 0.9523809523809523,
    "average_cat_accuracy": 0.18181818181818182,
    "average_goal_accuracy": 0.7475658648339062,
    "average_noncat_accuracy": 0.8556615120274914,
    "joint_cat_accuracy": 0.5714285714285714,
    "joint_goal_accuracy": 0.19711746031746033,
    "joint_noncat_accuracy": 0.21289936507936508,
    "requested_slots_f1": 0.9148148148148147,
    "requested_slots_precision": 0.9333333333333333,
    "requested_slots_recall": 0.9222222222222223
  },
  "Movies_2": {
    "active_intent_accuracy": 0.9943181818181818,
    "average_goal_accuracy": 0.8665426997245178,
    "average_noncat_accuracy": 0.8665426997245178,
    "joint_goal_accuracy": 0.47207272727272725,
    "joint_noncat_accuracy": 0.47207272727272725,
    "requested_slots_f1": 0.9100378787878788,
    "requested_slots_precision": 0.9384469696969696,
    "requested_slots_recall": 0.9119318181818182
  },
  "Music_1": {
    "active_intent_accuracy": 0.9757085020242915,
    "average_cat_accuracy": 0.761437908496732,
    "average_goal_accuracy": 0.7628436018957345,
    "average_noncat_accuracy": 0.7553921568627452,
    "joint_cat_accuracy": 0.7894736842105263,
    "joint_goal_accuracy": 0.5506072874493927,
    "joint_noncat_accuracy": 0.7255060728744938,
    "requested_slots_f1": 0.9946018893387314,
    "requested_slots_precision": 0.9959514170040485,
    "requested_slots_recall": 0.9979757085020243
  },
  "RentalCars_1": {
    "active_intent_accuracy": 0.9939024390243902,
    "average_cat_accuracy": 0.7692307692307693,
    "average_goal_accuracy": 0.8949509803921569,
    "average_noncat_accuracy": 0.9046195175438597,
    "joint_cat_accuracy": 0.8384146341463414,
    "joint_goal_accuracy": 0.664844512195122,
    "joint_noncat_accuracy": 0.6800884146341464,
    "requested_slots_f1": 0.9969512195121951,
    "requested_slots_precision": 0.9969512195121951,
    "requested_slots_recall": 1.0
  },
  "Restaurants_2": {
    "active_intent_accuracy": 0.94896331738437,
    "average_cat_accuracy": 0.3851540616246499,
    "average_goal_accuracy": 0.7408616020291278,
    "average_noncat_accuracy": 0.8034358088658607,
    "joint_cat_accuracy": 0.594896331738437,
    "joint_goal_accuracy": 0.36178628389154704,
    "joint_noncat_accuracy": 0.45423189792663476,
    "requested_slots_f1": 0.9102187286397811,
    "requested_slots_precision": 0.9338383838383838,
    "requested_slots_recall": 0.9154704944178629
  },
  "RideSharing_1": {
    "active_intent_accuracy": 1.0,
    "average_cat_accuracy": 0.9586956521739131,
    "average_goal_accuracy": 0.9285014005602241,