{
  "#ALL_SERVICES": {
    "active_intent_accuracy": 0.778169014084507,
    "average_cat_accuracy": 0.622764730119489,
    "average_goal_accuracy": 0.7183951740887847,
    "average_noncat_accuracy": 0.7508257443082311,
    "joint_cat_accuracy": 0.6261319534282018,
    "joint_goal_accuracy": 0.34331661636485583,
    "joint_noncat_accuracy": 0.47401643863179077,
    "requested_slots_f1": 0.9162474849094567,
    "requested_slots_precision": 0.9635311871227364,
    "requested_slots_recall": 0.926140174379611
  },
  "#SEEN_SERVICES": {
    "active_intent_accuracy": 0.7548887390424814,
    "average_cat_accuracy": 0.7977580569827184,
    "average_goal_accuracy": 0.7555001133786847,
    "average_noncat_accuracy": 0.7563001018589254,
    "joint_cat_accuracy": 0.7920511000709723,
    "joint_goal_accuracy": 0.4588339851652056,
    "joint_noncat_accuracy": 0.5620155630478759,
    "requested_slots_f1": 0.9458417621937515,
    "requested_slots_precision": 0.9653854798831197,
    "requested_slots_recall": 0.9637559002022926
  },
  "#UNSEEN_SERVICES": {
    "active_intent_accuracy": 0.8012008005336891,
    "average_cat_accuracy": 0.4259891456582633,
    "average_goal_accuracy": 0.6808918478165052,
    "average_noncat_accuracy": 0.7451407510247257,
    "joint_cat_accuracy": 0.4458156575395295,
    "joint_goal_accuracy": 0.2290322548365577,
    "joint_noncat_accuracy": 0.38695659773182123,
    "requested_slots_f1": 0.8869690905047809,
    "requested_slots_precision": 0.9616966866800088,
    "requested_slots_recall": 0.8889259506337558
  },
  "Alarm_1": {
    "active_intent_accuracy": 0.7248908296943232,
    "average_goal_accuracy": 0.7420129870129869,
    "average_noncat_accuracy": 0.7420129870129869,
    "joint_goal_accuracy": 0.4584716157205241,
    "joint_noncat_accuracy": 0.4584716157205241,
    "requested_slots_f1": 1.0,
    "requested_slots_precision": 1.0,
    "requested_slots_recall": 1.0
  },
  "Banks_2": {
    "active_intent_accuracy": 0.9535603715170279,
    "average_cat_accuracy": 0.7973421926910299,
    "average_goal_accuracy": 0.622093023255814,
    "average_noncat_accuracy": 0.20054945054945056,
    "joint_cat_accuracy": 0.5913312693498453,
    "joint_goal_accuracy": 0.3219814241486068,
    "joint_noncat_accuracy": 0.47987616099071206,
    "requested_slots_f1": 0.9009287925696594,
    "requested_slots_precision": 1.0,
    "requested_slots_recall": 0.9009287925696594
  },
  "Buses_1": {
    "active_intent_accuracy": 0.7904509283819628,
    "average_cat_accuracy": 0.976,
    "average_goal_accuracy": 0.8361595845136922,
    "average_noncat_accuracy": 0.810047619047619,
    "joint_cat_accuracy": 0.9814323607427056,
    "joint_goal_accuracy": 0.4960212201591512,
    "joint_noncat_accuracy": 0.5039787798408488,
    "requested_slots_f1": 0.980548187444739,
    "requested_slots_precision": 0.9708222811671088,
    "requested_slots_recall": 1.0
  },
  "Events_1": {
    "active_intent_accuracy": 0.46833013435700577,
    "average_cat_accuracy": 0.9628378378378378,
    "average_goal_accuracy": 0.7534133611691022,
    "average_noncat_accuracy": 0.6483476394849785,
    "joint_cat_accuracy": 0.9577735124760077,
    "joint_goal_accuracy": 0.4100767754318618,
    "joint_noncat_accuracy": 0.413915547024952,
    "requested_slots_f1": 0.9660908509277031,
    "requested_slots_precision": 0.9769673704414588,
    "requested_slots_recall": 0.9683301343570058
  },
  "Flights_3": {
    "active_intent_accuracy": 0.9607201309328969,
    "average_cat_accuracy": 0.6632395382395382,
    "average_goal_accuracy": 0.8042803183001596,
    "average_noncat_accuracy": 0.8730259051186018,
    "joint_cat_accuracy": 0.4779050736497545,
    "joint_goal_accuracy": 0.2924,
    "joint_noncat_accuracy": 0.634476923076923,
    "requested_slots_f1": 0.8805237315875614,
    "requested_slots_precision": 1.0,
    "requested_slots_recall": 0.8805237315875614
  },
  "Homes_1": {
    "active_intent_accuracy": 0.717206132879046,
    "average_cat_accuracy": 0.9528846153846153,
    "average_goal_accuracy": 0.9153489694385217,
    "average_noncat_accuracy": 0.8926992031872509,
    "joint_cat_accuracy": 0.8960817717206133,
    "joint_goal_accuracy": 0.7506473594548552,
    "joint_noncat_accuracy": 0.8065247018739353,
    "requested_slots_f1": 0.955479840999432,
    "requested_slots_precision": 0.9383872799545712,
    "requested_slots_recall": 0.995741056218058
  },
  "Hotels_1": {
    "active_intent_accuracy": 0.7921146953405018,
    "average_cat_accuracy": 0.6502347417840375,
    "average_goal_accuracy": 0.79916829004329,
    "average_noncat_accuracy": 0.8850490196078432,
    "joint_cat_accuracy": 0.45878136200716846,
    "joint_goal_accuracy": 0.3490322580645161,
    "joint_noncat_accuracy": 0.6756630824372759,
    "requested_slots_f1": 0.8966547192353644,
    "requested_slots_precision": 0.9659498207885304,
    "requested_slots_recall": 0.8960573476702509
  },
  "Hotels_4": {
    "active_intent_accuracy": 0.7928571428571428,
    "average_cat_accuracy": 0.5401234567901234,
    "average_goal_accuracy": 0.6479008382379169,
    "average_noncat_accuracy": 0.7160392156862744,
    "joint_cat_accuracy": 0.3892857142857143,
    "joint_goal_accuracy": 0.09553964285714286,
    "joint_noncat_accuracy": 0.198896,
    "requested_slots_f1": 0.8913095238095238,
    "requested_slots_precision": 0.8922619047619047,
    "requested_slots_recall": 0.8964285714285715
  },
  "Media_2": {
    "active_intent_accuracy": 0.8,
    "average_cat_accuracy": 0.0,
    "average_goal_accuracy": 0.6587531500572738,
    "average_noncat_accuracy": 0.7878121420389461,
    "joint_cat_accuracy": 0.47619047619047616,
    "joint_goal_accuracy": 0.18895333333333336,
    "joint_noncat_accuracy": 0.2680787301587302,
    "requested_slots_f1": 0.8825396825396825,
    "requested_slots_precision": 0.8984126984126984,
    "requested_slots_recall": 0.8857142857142857
  },
  "Movies_2": {
    "active_intent_accuracy": 0.8636363636363636,
    "average_goal_accuracy": 0.7372314049586777,
    "average_noncat_accuracy": 0.7372314049586777,
    "joint_goal_accuracy": 0.3764823863636364,
    "joint_noncat_accuracy": 0.3764823863636364,
    "requested_slots_f1": 0.8579545454545454,
    "requested_slots_precision": 0.8693181818181818,
    "requested_slots_recall": 0.8636363636363636
  },
  "Music_1": {
    "active_intent_accuracy": 0.6437246963562753,
    "average_cat_accuracy": 0.21241830065359477,
    "average_goal_accuracy": 0.5658025276461296,
    "average_noncat_accuracy": 0.7378921568627451,
    "joint_cat_accuracy": 0.44534412955465585,
    "joint_goal_accuracy": 0.2834008097165992,
    "joint_noncat_accuracy": 0.46817813765182187,
    "requested_slots_f1": 0.9055330634278004,
    "requested_slots_precision": 0.9149797570850202,
    "requested_slots_recall": 0.9534412955465587
  },
  "RentalCars_1": {
    "active_intent_accuracy": 0.8871951219512195,
    "average_cat_accuracy": 0.7692307692307693,
    "average_goal_accuracy": 0.6381535947712419,
    "average_noncat_accuracy": 0.6149325657894738,
    "joint_cat_accuracy": 0.8384146341463414,
    "joint_goal_accuracy": 0.13037256097560976,
    "joint_noncat_accuracy": 0.1419169512195122,
    "requested_slots_f1": 0.9908536585365854,
    "requested_slots_precision": 0.9939024390243902,
    "requested_slots_recall": 0.9969512195121951
  },
  "Restaurants_2": {
    "active_intent_accuracy": 0.6874003189792663,
    "average_cat_accuracy": 0.38935574229691877,
    "average_goal_accuracy": 0.6454657789232531,
    "average_noncat_accuracy": 0.6908143350604491,
    "joint_cat_accuracy": 0.5917065390749602,
    "joint_goal_accuracy": 0.17548644338118022,
    "joint_noncat_accuracy": 0.1914194577352472,
    "requested_slots_f1": 0.8594896331738439,
    "requested_slots_precision": 0.9526847421584262,
    "requested_slots_recall": 0.8668261562998405
  },
  "RideSharing_1": {
    "active_intent_accuracy": 0.9961089494163424,
    "average_cat_accuracy": 0.9565217391304348,
    "average_goal_accuracy": 0.8566106442577031,