{
  "#ALL_SERVICES": {
    "active_intent_accuracy": 0.8573105298457411,
    "average_cat_accuracy": 0.48838071693448704,
    "average_goal_accuracy": 0.40109676153650553,
    "average_noncat_accuracy": 0.3523935914899137,
    "joint_cat_accuracy": 0.4513029014969507,
    "joint_goal_accuracy": 0.13557578051643193,
    "joint_noncat_accuracy": 0.22399160694299125,
    "requested_slots_f1": 0.8995472837022133,
    "requested_slots_precision": 0.9720964676950592,
    "requested_slots_recall": 0.9062709590878605
  },
  "#SEEN_SERVICES": {
    "active_intent_accuracy": 0.8884018880647336,
    "average_cat_accuracy": 0.614743889148373,
    "average_goal_accuracy": 0.449530525030525,
    "average_noncat_accuracy": 0.38865482556659026,
    "joint_cat_accuracy": 0.5159687721788503,
    "joint_goal_accuracy": 0.13712381355360756,
    "joint_noncat_accuracy": 0.25219254046122724,
    "requested_slots_f1": 0.9038997527534277,
    "requested_slots_precision": 0.9667902899527984,
    "requested_slots_recall": 0.9130141604855023
  },
  "#UNSEEN_SERVICES": {
    "active_intent_accuracy": 0.8265510340226818,
    "average_cat_accuracy": 0.3462885154061624,
    "average_goal_accuracy": 0.3521429761464008,
    "average_noncat_accuracy": 0.31473714134602676,
    "joint_cat_accuracy": 0.3810258387967605,
    "joint_goal_accuracy": 0.13404427084723147,
    "joint_noncat_accuracy": 0.19609168405603736,
    "requested_slots_f1": 0.8952412719590839,
    "requested_slots_precision": 0.9773460084500777,
    "requested_slots_recall": 0.899599733155437
  },
  "Alarm_1": {
    "active_intent_accuracy": 0.15283842794759825,
    "average_goal_accuracy": 0.48129870129870134,
    "average_noncat_accuracy": 0.48129870129870134,
    "joint_goal_accuracy": 0.42132576419213974,
    "joint_noncat_accuracy": 0.42132576419213974,
    "requested_slots_f1": 1.0,
    "requested_slots_precision": 1.0,
    "requested_slots_recall": 1.0
  },
  "Banks_2": {
    "active_intent_accuracy": 0.978328173374613,
    "average_cat_accuracy": 0.867109634551495,
    "average_goal_accuracy": 0.7159191583610188,
    "average_noncat_accuracy": 0.3325549450549451,
    "joint_cat_accuracy": 0.43962848297213625,
    "joint_goal_accuracy": 0.2421671826625387,
    "joint_noncat_accuracy": 0.5844272445820433,
    "requested_slots_f1": 0.9009287925696594,
    "requested_slots_precision": 1.0,
    "requested_slots_recall": 0.9009287925696594
  },
  "Buses_1": {
    "active_intent_accuracy": 0.9416445623342176,
    "average_cat_accuracy": 1.0,
    "average_goal_accuracy": 0.4381883852691218,
    "average_noncat_accuracy": 0.3203357142857143,
    "joint_cat_accuracy": 1.0,
    "joint_goal_accuracy": 0.0800114050928382,
    "joint_noncat_accuracy": 0.0800114050928382,
    "requested_slots_f1": 0.9344827586206896,
    "requested_slots_precision": 0.9332449160035368,
    "requested_slots_recall": 0.9429708222811671
  },
  "Events_1": {
    "active_intent_accuracy": 0.9769673704414588,
    "average_cat_accuracy": 0.8220720720720721,
    "average_goal_accuracy": 0.4040417536534447,
    "average_noncat_accuracy": 0.1782331902718169,
    "joint_cat_accuracy": 0.7581573896353166,
    "joint_goal_accuracy": 0.1018809980806142,
    "joint_noncat_accuracy": 0.10495201535508637,
    "requested_slots_f1": 0.8829174664107485,
    "requested_slots_precision": 1.0,
    "requested_slots_recall": 0.8829174664107485
  },
  "Flights_3": {
    "active_intent_accuracy": 0.6923076923076923,
    "average_cat_accuracy": 0.41522366522366516,
    "average_goal_accuracy": 0.31113714621651134,
    "average_noncat_accuracy": 0.2677512484394507,
    "joint_cat_accuracy": 0.337152209492635,
    "joint_goal_accuracy": 0.08583142389525368,
    "joint_noncat_accuracy": 0.13739096693944353,
    "requested_slots_f1": 0.8805237315875614,
    "requested_slots_precision": 1.0,
    "requested_slots_recall": 0.8805237315875614
  },
  "Homes_1": {
    "active_intent_accuracy": 0.9710391822827938,
    "average_cat_accuracy": 0.832051282051282,
    "average_goal_accuracy": 0.8089308813077469,
    "average_noncat_accuracy": 0.8488247011952191,
    "joint_cat_accuracy": 0.2879045996592845,
    "joint_goal_accuracy": 0.19947427597955705,
    "joint_noncat_accuracy": 0.5970381601362863,
    "requested_slots_f1": 0.9318568994889267,
    "requested_slots_precision": 0.9185122089721748,
    "requested_slots_recall": 0.959114139693356
  },
  "Hotels_1": {
    "active_intent_accuracy": 0.9498207885304659,
    "average_cat_accuracy": 0.39436619718309857,
    "average_goal_accuracy": 0.2858966450216451,
    "average_noncat_accuracy": 0.2348300653594771,
    "joint_cat_accuracy": 0.4229390681003584,
    "joint_goal_accuracy": 0.07168458781362007,
    "joint_noncat_accuracy": 0.08960573476702509,
    "requested_slots_f1": 0.8172043010752689,
    "requested_slots_precision": 1.0,
    "requested_slots_recall": 0.8172043010752689
  },
  "Hotels_4": {
    "active_intent_accuracy": 0.9642857142857143,
    "average_cat_accuracy": 0.24537037037037038,
    "average_goal_accuracy": 0.1606437488853219,
    "average_noncat_accuracy": 0.13668300653594773,
    "joint_cat_accuracy": 0.32857142857142857,
    "joint_goal_accuracy": 0.05357142857142857,
    "joint_noncat_accuracy": 0.10357142857142858,
    "requested_slots_f1": 0.8961904761904762,
    "requested_slots_precision": 0.8752976190476189,
    "requested_slots_recall": 0.9553571428571429
  },
  "Media_2": {
    "active_intent_accuracy": 0.8031746031746032,
    "average_cat_accuracy": 0.024242424242424242,
    "average_goal_accuracy": 0.21373024054982817,
    "average_noncat_accuracy": 0.2533591065292096,
    "joint_cat_accuracy": 0.4888888888888889,
    "joint_goal_accuracy": 0.07627047619047618,
    "joint_noncat_accuracy": 0.07641607619047619,
    "requested_slots_f1": 0.8857142857142857,
    "requested_slots_precision": 1.0,
    "requested_slots_recall": 0.8857142857142857
  },
  "Movies_2": {
    "active_intent_accuracy": 1.0,
    "average_goal_accuracy": 0.12982093663911845,
    "average_noncat_accuracy": 0.12982093663911845,
    "joint_goal_accuracy": 0.25075240909090907,
    "joint_noncat_accuracy": 0.25075240909090907,
    "requested_slots_f1": 0.8787878787878788,
    "requested_slots_precision": 0.9488636363636364,
    "requested_slots_recall": 0.875
  },
  "Music_1": {
    "active_intent_accuracy": 0.27530364372469635,
    "average_cat_accuracy": 0.026143790849673203,
    "average_goal_accuracy": 0.4367172195892575,
    "average_noncat_accuracy": 0.6279493464052288,
    "joint_cat_accuracy": 0.2834008097165992,
    "joint_goal_accuracy": 0.15040485829959513,
    "joint_noncat_accuracy": 0.34821862348178134,
    "requested_slots_f1": 0.9554655870445344,
    "requested_slots_precision": 0.937246963562753,
    "requested_slots_recall": 0.9959514170040485
  },
  "RentalCars_1": {
    "active_intent_accuracy": 0.7439024390243902,
    "average_cat_accuracy": 0.31794871794871793,
    "average_goal_accuracy": 0.3888235294117648,
    "average_noncat_accuracy": 0.38983826754385964,
    "joint_cat_accuracy": 0.5823170731707317,
    "joint_goal_accuracy": 0.07398515634146342,
    "joint_noncat_accuracy": 0.07677126612195122,
    "requested_slots_f1": 0.8841463414634146,
    "requested_slots_precision": 1.0,
    "requested_slots_recall": 0.8841463414634146
  },
  "Restaurants_2": {
    "active_intent_accuracy": 0.9138755980861244,
    "average_cat_accuracy": 0.3487394957983193,
    "average_goal_accuracy": 0.44514553673703167,
    "average_noncat_accuracy": 0.46009758203799656,
    "joint_cat_accuracy": 0.5358851674641149,
    "joint_goal_accuracy": 0.11572647527910687,
    "joint_noncat_accuracy": 0.14126204146730464,
    "requested_slots_f1": 0.8516746411483254,
    "requested_slots_precision": 0.9984051036682615,
    "requested_slots_recall": 0.8508771929824561
  },
  "RideSharing_1": {
    "active_intent_accuracy": 0.9961089494163424,
    "average_cat_accuracy": 0.5152173913043478,
    "average_goal_accuracy": 0.383109243697479,