{
  "#ALL_SERVICES": {
    "active_intent_accuracy": 0.9232059020791415,
    "average_cat_accuracy": 0.7031932426864441,
    "average_goal_accuracy": 0.8323864849935555,
    "average_noncat_accuracy": 0.8791558344684439,
    "joint_cat_accuracy": 0.692293476252079,
    "joint_goal_accuracy": 0.5379456069751845,
    "joint_noncat_accuracy": 0.6760930583501006,
    "requested_slots_f1": 0.9428084379291622,
    "requested_slots_precision": 0.9820674044265593,
    "requested_slots_recall": 0.9454225352112676
  },
  "#SEEN_SERVICES": {
    "active_intent_accuracy": 0.9790964261631827,
    "average_cat_accuracy": 0.8917172660750429,
    "average_goal_accuracy": 0.8971089220303506,
    "average_noncat_accuracy": 0.9153228927934811,
    "joint_cat_accuracy": 0.8726046841731725,
    "joint_goal_accuracy": 0.7522078556979096,
    "joint_noncat_accuracy": 0.8534532029669589,
    "requested_slots_f1": 0.9779613396268824,
    "requested_slots_precision": 0.9928073724432456,
    "requested_slots_recall": 0.9802764666217127
  },
  "#UNSEEN_SERVICES": {
    "active_intent_accuracy": 0.8679119412941961,
    "average_cat_accuracy": 0.49120273109243695,
    "average_goal_accuracy": 0.7669691384143439,
    "average_noncat_accuracy": 0.841597183657279,
    "joint_cat_accuracy": 0.4963362900115696,
    "joint_goal_accuracy": 0.325970346897932,
    "joint_noncat_accuracy": 0.5006260173448966,
    "requested_slots_f1": 0.9080307506591696,
    "requested_slots_precision": 0.9714420724927729,
    "requested_slots_recall": 0.9109406270847231
  },
  "Alarm_1": {
    "active_intent_accuracy": 0.7292576419213974,
    "average_goal_accuracy": 0.7136363636363636,
    "average_noncat_accuracy": 0.7136363636363636,
    "joint_goal_accuracy": 0.5109606986899563,
    "joint_noncat_accuracy": 0.5109606986899563,
    "requested_slots_f1": 1.0,
    "requested_slots_precision": 1.0,
    "requested_slots_recall": 1.0
  },
  "Banks_2": {
    "active_intent_accuracy": 0.9442724458204335,
    "average_cat_accuracy": 0.9019933554817275,
    "average_goal_accuracy": 0.850296234772979,
    "average_noncat_accuracy": 0.6805494505494506,
    "joint_cat_accuracy": 0.8297213622291022,
    "joint_goal_accuracy": 0.6111145510835913,
    "joint_noncat_accuracy": 0.6771517027863777,
    "requested_slots_f1": 0.9009287925696594,
    "requested_slots_precision": 1.0,
    "requested_slots_recall": 0.9009287925696594
  },
  "Buses_1": {
    "active_intent_accuracy": 0.9893899204244032,
    "average_cat_accuracy": 1.0,
    "average_goal_accuracy": 0.9742190745986778,
    "average_noncat_accuracy": 0.9697357142857144,
    "joint_cat_accuracy": 1.0,
    "joint_goal_accuracy": 0.9264190981432361,
    "joint_noncat_accuracy": 0.9264190981432361,
    "requested_slots_f1": 0.986737400530504,
    "requested_slots_precision": 0.986737400530504,
    "requested_slots_recall": 0.9880636604774535
  },
  "Events_1": {
    "active_intent_accuracy": 0.9673704414587332,
    "average_cat_accuracy": 0.990990990990991,
    "average_goal_accuracy": 0.9532933194154488,
    "average_noncat_accuracy": 0.9356151645207439,
    "joint_cat_accuracy": 0.9846449136276392,
    "joint_goal_accuracy": 0.817785028790787,
    "joint_noncat_accuracy": 0.8254625719769675,
    "requested_slots_f1": 0.9897632757517594,
    "requested_slots_precision": 0.9971209213051824,
    "requested_slots_recall": 0.991362763915547
  },
  "Flights_3": {
    "active_intent_accuracy": 0.9705400981996727,
    "average_cat_accuracy": 0.6617965367965368,
    "average_goal_accuracy": 0.8082205635340556,
    "average_noncat_accuracy": 0.884403870162297,
    "joint_cat_accuracy": 0.5008183306055647,
    "joint_goal_accuracy": 0.32031162029459903,
    "joint_noncat_accuracy": 0.6353525368248772,
    "requested_slots_f1": 0.8805237315875614,
    "requested_slots_precision": 1.0,
    "requested_slots_recall": 0.8805237315875614
  },
  "Homes_1": {
    "active_intent_accuracy": 0.9880749574105622,
    "average_cat_accuracy": 0.9939102564102562,
    "average_goal_accuracy": 0.9752409381663115,
    "average_noncat_accuracy": 0.9637881806108898,
    "joint_cat_accuracy": 0.938671209540034,
    "joint_goal_accuracy": 0.8964565587734242,
    "joint_noncat_accuracy": 0.9294889267461668,
    "requested_slots_f1": 0.9982964224872232,
    "requested_slots_precision": 0.9982964224872232,
    "requested_slots_recall": 1.0
  },
  "Hotels_1": {
    "active_intent_accuracy": 0.967741935483871,
    "average_cat_accuracy": 0.8583724569640063,
    "average_goal_accuracy": 0.9469345238095238,
    "average_noncat_accuracy": 0.994892156862745,
    "joint_cat_accuracy": 0.7383512544802867,
    "joint_goal_accuracy": 0.7234408602150538,
    "joint_noncat_accuracy": 0.9741577060931899,
    "requested_slots_f1": 0.9826762246117083,
    "requested_slots_precision": 0.9946236559139785,
    "requested_slots_recall": 0.982078853046595
  },
  "Hotels_4": {
    "active_intent_accuracy": 0.9285714285714286,
    "average_cat_accuracy": 0.8163580246913581,
    "average_goal_accuracy": 0.8595883716782594,
    "average_noncat_accuracy": 0.8799934640522876,
    "joint_cat_accuracy": 0.38571428571428573,
    "joint_goal_accuracy": 0.09292142857142857,
    "joint_noncat_accuracy": 0.2054207142857143,
    "requested_slots_f1": 0.9369047619047618,
    "requested_slots_precision": 0.931845238095238,
    "requested_slots_recall": 0.9517857142857142
  },
  "Media_2": {
    "active_intent_accuracy": 0.9301587301587302,
    "average_cat_accuracy": 0.012121212121212121,
    "average_goal_accuracy": 0.6949083619702177,
    "average_noncat_accuracy": 0.8198768613974798,
    "joint_cat_accuracy": 0.473015873015873,
    "joint_goal_accuracy": 0.1967473015873016,
    "joint_noncat_accuracy": 0.20073746031746031,
    "requested_slots_f1": 0.9137566137566137,
    "requested_slots_precision": 0.9238095238095239,
    "requested_slots_recall": 0.919047619047619
  },
  "Movies_2": {
    "active_intent_accuracy": 0.9545454545454546,
    "average_goal_accuracy": 0.6490771349862259,
    "average_noncat_accuracy": 0.6490771349862259,
    "joint_goal_accuracy": 0.3348142045454546,
    "joint_noncat_accuracy": 0.3348142045454546,
    "requested_slots_f1": 0.8986742424242423,
    "requested_slots_precision": 0.9128787878787878,
    "requested_slots_recall": 0.9034090909090909
  },
  "Music_1": {
    "active_intent_accuracy": 0.9473684210526315,
    "average_cat_accuracy": 0.696078431372549,
    "average_goal_accuracy": 0.8371879936808846,
    "average_noncat_accuracy": 0.9125245098039215,
    "joint_cat_accuracy": 0.6720647773279352,
    "joint_goal_accuracy": 0.5478137651821863,
    "joint_noncat_accuracy": 0.8109716599190283,
    "requested_slots_f1": 0.9905533063427799,
    "requested_slots_precision": 0.9898785425101214,
    "requested_slots_recall": 1.0
  },
  "RentalCars_1": {
    "active_intent_accuracy": 0.9908536585365854,
    "average_cat_accuracy": 0.9333333333333333,
    "average_goal_accuracy": 0.9436677559912855,
    "average_noncat_accuracy": 0.9434605263157895,
    "joint_cat_accuracy": 0.9329268292682927,
    "joint_goal_accuracy": 0.7733256097560975,
    "joint_noncat_accuracy": 0.7975746951219511,
    "requested_slots_f1": 0.9969512195121951,
    "requested_slots_precision": 1.0,
    "requested_slots_recall": 0.9969512195121951
  },
  "Restaurants_2": {
    "active_intent_accuracy": 0.7304625199362041,
    "average_cat_accuracy": 0.3968253968253968,
    "average_goal_accuracy": 0.7905366347569956,
    "average_noncat_accuracy": 0.8581732872769141,
    "joint_cat_accuracy": 0.6124401913875598,
    "joint_goal_accuracy": 0.40546730462519937,
    "joint_noncat_accuracy": 0.5271371610845295,
    "requested_slots_f1": 0.9020885547201337,
    "requested_slots_precision": 0.9566188197767145,
    "requested_slots_recall": 0.9106858054226475
  },
  "RideSharing_1": {
    "active_intent_accuracy": 1.0,
    "average_cat_accuracy": 0.9956521739130435,
    "average_goal_accuracy": 0.8991036414565827,