{
  "#ALL_SERVICES": {
    "active_intent_accuracy": 0.9629443326626426,
    "average_cat_accuracy": 0.6680469715698393,
    "average_goal_accuracy": 0.8003758625527176,
    "average_noncat_accuracy": 0.8486596614127263,
    "joint_cat_accuracy": 0.671594899279246,
    "joint_goal_accuracy": 0.4731585718846412,
    "joint_noncat_accuracy": 0.634989031307847,
    "requested_slots_f1": 0.9337820574239086,
    "requested_slots_precision": 0.9735188911245247,
    "requested_slots_recall": 0.9424044265593562
  },
  "#SEEN_SERVICES": {
    "active_intent_accuracy": 0.9885367498314228,
    "average_cat_accuracy": 0.8612797758056983,
    "average_goal_accuracy": 0.8471190563404849,
    "average_noncat_accuracy": 0.8630406162464986,
    "joint_cat_accuracy": 0.8502484031227822,
    "joint_goal_accuracy": 0.643155866486851,
    "joint_noncat_accuracy": 0.7394362778152392,
    "requested_slots_f1": 0.9628568217576983,
    "requested_slots_precision": 0.9849685322544391,
    "requested_slots_recall": 0.9723533378287256
  },
  "#UNSEEN_SERVICES": {
    "active_intent_accuracy": 0.9376250833889259,
    "average_cat_accuracy": 0.45076155462184875,
    "average_goal_accuracy": 0.7531307981170994,
    "average_noncat_accuracy": 0.8337253735290229,
    "joint_cat_accuracy": 0.47743925954492866,
    "joint_goal_accuracy": 0.3049757914342895,
    "joint_noncat_accuracy": 0.5316566319946631,
    "requested_slots_f1": 0.9050176308014868,
    "requested_slots_precision": 0.9621914609739827,
    "requested_slots_recall": 0.9127751834556371
  },
  "Alarm_1": {
    "active_intent_accuracy": 0.7379912663755459,
    "average_goal_accuracy": 0.748474025974026,
    "average_noncat_accuracy": 0.748474025974026,
    "joint_goal_accuracy": 0.5448908296943231,
    "joint_noncat_accuracy": 0.5448908296943231,
    "requested_slots_f1": 1.0,
    "requested_slots_precision": 1.0,
    "requested_slots_recall": 1.0
  },
  "Banks_2": {
    "active_intent_accuracy": 0.9969040247678018,
    "average_cat_accuracy": 0.9451827242524917,
    "average_goal_accuracy": 0.8762458471760798,
    "average_noncat_accuracy": 0.6923076923076923,
    "joint_cat_accuracy": 0.891640866873065,
    "joint_goal_accuracy": 0.6222910216718266,
    "joint_noncat_accuracy": 0.6780185758513931,
    "requested_slots_f1": 0.9009287925696594,
    "requested_slots_precision": 1.0,
    "requested_slots_recall": 0.9009287925696594
  },
  "Buses_1": {
    "active_intent_accuracy": 0.9893899204244032,
    "average_cat_accuracy": 1.0,
    "average_goal_accuracy": 0.8862922568460813,
    "average_noncat_accuracy": 0.8629190476190476,
    "joint_cat_accuracy": 0.9840848806366048,
    "joint_goal_accuracy": 0.6477453580901856,
    "joint_noncat_accuracy": 0.6636604774535809,
    "requested_slots_f1": 0.940760389036251,
    "requested_slots_precision": 0.9986737400530504,
    "requested_slots_recall": 0.9416445623342176
  },
  "Events_1": {
    "active_intent_accuracy": 0.9865642994241842,
    "average_cat_accuracy": 0.9572072072072072,
    "average_goal_accuracy": 0.8711565762004175,
    "average_noncat_accuracy": 0.8269778254649499,
    "joint_cat_accuracy": 0.9366602687140115,
    "joint_goal_accuracy": 0.5705758157389635,
    "joint_noncat_accuracy": 0.5890786948176584,
    "requested_slots_f1": 0.9794625719769673,
    "requested_slots_precision": 0.9878438899552142,
    "requested_slots_recall": 0.9846449136276392
  },
  "Flights_3": {
    "active_intent_accuracy": 0.9034369885433715,
    "average_cat_accuracy": 0.6534992784992785,
    "average_goal_accuracy": 0.8832704921474762,
    "average_noncat_accuracy": 0.9869397627965044,
    "joint_cat_accuracy": 0.41898527004909986,
    "joint_goal_accuracy": 0.29368314238952536,
    "joint_noncat_accuracy": 0.7045996726677578,
    "requested_slots_f1": 0.8805237315875614,
    "requested_slots_precision": 1.0,
    "requested_slots_recall": 0.8805237315875614
  },
  "Homes_1": {
    "active_intent_accuracy": 0.9982964224872232,
    "average_cat_accuracy": 0.9596153846153846,
    "average_goal_accuracy": 0.9543372867803838,
    "average_noncat_accuracy": 0.9610092961487383,
    "joint_cat_accuracy": 0.9045996592844975,
    "joint_goal_accuracy": 0.8371890971039181,
    "joint_noncat_accuracy": 0.9121465076660987,
    "requested_slots_f1": 0.9931856899488927,
    "requested_slots_precision": 0.9931856899488927,
    "requested_slots_recall": 1.0
  },
  "Hotels_1": {
    "active_intent_accuracy": 0.978494623655914,
    "average_cat_accuracy": 0.7934272300469484,
    "average_goal_accuracy": 0.9173064574314573,
    "average_noncat_accuracy": 0.9707614379084968,
    "joint_cat_accuracy": 0.7168458781362007,
    "joint_goal_accuracy": 0.658415770609319,
    "joint_noncat_accuracy": 0.9131254480286738,
    "requested_slots_f1": 0.9336917562724014,
    "requested_slots_precision": 0.9778972520908004,
    "requested_slots_recall": 0.9354838709677419
  },
  "Hotels_4": {
    "active_intent_accuracy": 0.9714285714285714,
    "average_cat_accuracy": 0.8001543209876544,
    "average_goal_accuracy": 0.8072256108435883,
    "average_noncat_accuracy": 0.8050294117647058,
    "joint_cat_accuracy": 0.5535714285714286,
    "joint_goal_accuracy": 0.25027142857142853,
    "joint_noncat_accuracy": 0.4088071428571428,
    "requested_slots_f1": 0.9163435374149661,
    "requested_slots_precision": 0.9022619047619047,
    "requested_slots_recall": 0.95
  },
  "Media_2": {
    "active_intent_accuracy": 0.9333333333333333,
    "average_cat_accuracy": 0.1393939393939394,
    "average_goal_accuracy": 0.7284180985108819,
    "average_noncat_accuracy": 0.8408333333333333,
    "joint_cat_accuracy": 0.5492063492063493,
    "joint_goal_accuracy": 0.26315936507936505,
    "joint_noncat_accuracy": 0.39290793650793654,
    "requested_slots_f1": 0.9306878306878306,
    "requested_slots_precision": 0.926984126984127,
    "requested_slots_recall": 0.9412698412698413
  },
  "Movies_2": {
    "active_intent_accuracy": 0.9943181818181818,
    "average_goal_accuracy": 0.691060606060606,
    "average_noncat_accuracy": 0.691060606060606,
    "joint_goal_accuracy": 0.3254090909090909,
    "joint_noncat_accuracy": 0.3254090909090909,
    "requested_slots_f1": 0.8998106060606061,
    "requested_slots_precision": 0.9214015151515151,
    "requested_slots_recall": 0.9119318181818182
  },
  "Music_1": {
    "active_intent_accuracy": 0.9676113360323887,
    "average_cat_accuracy": 0.8006535947712419,
    "average_goal_accuracy": 0.8203357030015797,
    "average_noncat_accuracy": 0.8409803921568627,
    "joint_cat_accuracy": 0.8259109311740891,
    "joint_goal_accuracy": 0.6720647773279352,
    "joint_noncat_accuracy": 0.7773279352226721,
    "requested_slots_f1": 0.9743589743589745,
    "requested_slots_precision": 0.9878542510121457,
    "requested_slots_recall": 0.979757085020243
  },
  "RentalCars_1": {
    "active_intent_accuracy": 0.9817073170731707,
    "average_cat_accuracy": 0.841025641025641,
    "average_goal_accuracy": 0.8704749455337689,
    "average_noncat_accuracy": 0.8700202850877193,
    "joint_cat_accuracy": 0.8810975609756098,
    "joint_goal_accuracy": 0.5194536585365854,
    "joint_noncat_accuracy": 0.5564771341463415,
    "requested_slots_f1": 0.9908536585365854,
    "requested_slots_precision": 0.9908536585365854,
    "requested_slots_recall": 1.0
  },
  "Restaurants_2": {
    "active_intent_accuracy": 0.9633173843700159,
    "average_cat_accuracy": 0.21288515406162464,
    "average_goal_accuracy": 0.6610982449680903,
    "average_noncat_accuracy": 0.744863270005757,
    "joint_cat_accuracy": 0.5311004784688995,
    "joint_goal_accuracy": 0.26451965346092504,
    "joint_noncat_accuracy": 0.3717998129505582,
    "requested_slots_f1": 0.8912280701754385,
    "requested_slots_precision": 0.9216108452950559,
    "requested_slots_recall": 0.9098883572567783
  },
  "RideSharing_1": {
    "active_intent_accuracy": 1.0,
    "average_cat_accuracy": 0.9326086956521739,
    "average_goal_accuracy": 0.9299719887955181,