{
  "#ALL_SERVICES": {
    "active_intent_accuracy": 0.9188464118041583,
    "average_cat_accuracy": 0.6829625051503914,
    "average_goal_accuracy": 0.8030668144075895,
    "average_noncat_accuracy": 0.8419765518583381,
    "joint_cat_accuracy": 0.699685825170948,
    "joint_goal_accuracy": 0.4898122401073105,
    "joint_noncat_accuracy": 0.6240399731723675,
    "requested_slots_f1": 0.9434543770559867,
    "requested_slots_precision": 0.9825257098144421,
    "requested_slots_recall": 0.948859825620389
  },
  "#SEEN_SERVICES": {
    "active_intent_accuracy": 0.9851652056641942,
    "average_cat_accuracy": 0.8755254553946754,
    "average_goal_accuracy": 0.8558203209488924,
    "average_noncat_accuracy": 0.8601347720906543,
    "joint_cat_accuracy": 0.8789921930447125,
    "joint_goal_accuracy": 0.6419666554281861,
    "joint_noncat_accuracy": 0.7148493256911664,
    "requested_slots_f1": 0.9783546864463923,
    "requested_slots_precision": 0.9929759496516071,
    "requested_slots_recall": 0.9814565070802428
  },
  "#UNSEEN_SERVICES": {
    "active_intent_accuracy": 0.8532354903268846,
    "average_cat_accuracy": 0.46643032212885155,
    "average_goal_accuracy": 0.7497469059078647,
    "average_noncat_accuracy": 0.8231196615099828,
    "joint_cat_accuracy": 0.5048206710374084,
    "joint_goal_accuracy": 0.3392818879252836,
    "joint_noncat_accuracy": 0.5341998999332889,
    "requested_slots_f1": 0.9089265859779534,
    "requested_slots_precision": 0.9721870135645987,
    "requested_slots_recall": 0.9166110740493663
  },
  "Alarm_1": {
    "active_intent_accuracy": 0.7816593886462883,
    "average_goal_accuracy": 0.7437337662337662,
    "average_noncat_accuracy": 0.7437337662337662,
    "joint_goal_accuracy": 0.5574200873362445,
    "joint_noncat_accuracy": 0.5574200873362445,
    "requested_slots_f1": 1.0,
    "requested_slots_precision": 1.0,
    "requested_slots_recall": 1.0
  },
  "Banks_2": {
    "active_intent_accuracy": 0.9845201238390093,
    "average_cat_accuracy": 0.8820598006644518,
    "average_goal_accuracy": 0.7821954595791805,
    "average_noncat_accuracy": 0.5091208791208791,
    "joint_cat_accuracy": 0.8142414860681114,
    "joint_goal_accuracy": 0.5015479876160991,
    "joint_noncat_accuracy": 0.5139318885448917,
    "requested_slots_f1": 0.9009287925696594,
    "requested_slots_precision": 1.0,
    "requested_slots_recall": 0.9009287925696594
  },
  "Buses_1": {
    "active_intent_accuracy": 0.9814323607427056,
    "average_cat_accuracy": 1.0,
    "average_goal_accuracy": 0.9401185080264401,
    "average_noncat_accuracy": 0.9267928571428571,
    "joint_cat_accuracy": 1.0,
    "joint_goal_accuracy": 0.7668037135278516,
    "joint_noncat_accuracy": 0.7668037135278516,
    "requested_slots_f1": 0.980548187444739,
    "requested_slots_precision": 0.9748010610079576,
    "requested_slots_recall": 0.993368700265252
  },
  "Events_1": {
    "active_intent_accuracy": 0.9904030710172744,
    "average_cat_accuracy": 0.9898648648648649,
    "average_goal_accuracy": 0.8743451635351427,
    "average_noncat_accuracy": 0.8186266094420601,
    "joint_cat_accuracy": 0.9846449136276392,
    "joint_goal_accuracy": 0.5870057581573896,
    "joint_noncat_accuracy": 0.5908445297504799,
    "requested_slots_f1": 0.9814459373000638,
    "requested_slots_precision": 0.9990403071017274,
    "requested_slots_recall": 0.980806142034549
  },
  "Flights_3": {
    "active_intent_accuracy": 0.8707037643207856,
    "average_cat_accuracy": 0.6159812409812411,
    "average_goal_accuracy": 0.8597189888300999,
    "average_noncat_accuracy": 0.9704400749063671,
    "joint_cat_accuracy": 0.42716857610474634,
    "joint_goal_accuracy": 0.37954173486088383,
    "joint_noncat_accuracy": 0.8645643207855975,
    "requested_slots_f1": 0.8805237315875614,
    "requested_slots_precision": 1.0,
    "requested_slots_recall": 0.8805237315875614
  },
  "Homes_1": {
    "active_intent_accuracy": 0.9778534923339012,
    "average_cat_accuracy": 0.9846153846153847,
    "average_goal_accuracy": 0.9273589641080312,
    "average_noncat_accuracy": 0.8893326693227093,
    "joint_cat_accuracy": 0.9659284497444633,
    "joint_goal_accuracy": 0.7511925042589438,
    "joint_noncat_accuracy": 0.7767461669505963,
    "requested_slots_f1": 0.9965928449744463,
    "requested_slots_precision": 0.9965928449744463,
    "requested_slots_recall": 1.0
  },
  "Hotels_1": {
    "active_intent_accuracy": 0.974910394265233,
    "average_cat_accuracy": 0.8990610328638498,
    "average_goal_accuracy": 0.8887218614718615,
    "average_noncat_accuracy": 0.8765032679738561,
    "joint_cat_accuracy": 0.8637992831541219,
    "joint_goal_accuracy": 0.5646594982078854,
    "joint_noncat_accuracy": 0.6255913978494624,
    "requested_slots_f1": 0.9851851851851852,
    "requested_slots_precision": 0.9880525686977298,
    "requested_slots_recall": 0.989247311827957
  },
  "Hotels_4": {
    "active_intent_accuracy": 0.9857142857142858,
    "average_cat_accuracy": 0.7476851851851852,
    "average_goal_accuracy": 0.7007495987158908,
    "average_noncat_accuracy": 0.6829771241830066,
    "joint_cat_accuracy": 0.6464285714285715,
    "joint_goal_accuracy": 0.19962500000000002,
    "joint_noncat_accuracy": 0.2603392857142857,
    "requested_slots_f1": 0.9105612244897959,
    "requested_slots_precision": 0.9092857142857141,
    "requested_slots_recall": 0.9428571428571428
  },
  "Media_2": {
    "active_intent_accuracy": 0.9396825396825397,
    "average_cat_accuracy": 0.21818181818181817,
    "average_goal_accuracy": 0.7911592210767469,
    "average_noncat_accuracy": 0.9002548682703321,
    "joint_cat_accuracy": 0.5904761904761905,
    "joint_goal_accuracy": 0.324984126984127,
    "joint_noncat_accuracy": 0.500984126984127,
    "requested_slots_f1": 0.9335449735449736,
    "requested_slots_precision": 0.9507936507936507,
    "requested_slots_recall": 0.9444444444444444
  },
  "Movies_2": {
    "active_intent_accuracy": 0.9886363636363636,
    "average_goal_accuracy": 0.7934159779614326,
    "average_noncat_accuracy": 0.7934159779614326,
    "joint_goal_accuracy": 0.42969829545454546,
    "joint_noncat_accuracy": 0.42969829545454546,
    "requested_slots_f1": 0.9071969696969696,
    "requested_slots_precision": 0.9441287878787878,
    "requested_slots_recall": 0.9176136363636364
  },
  "Music_1": {
    "active_intent_accuracy": 0.97165991902834,
    "average_cat_accuracy": 0.7026143790849673,
    "average_goal_accuracy": 0.6811200631911531,
    "average_noncat_accuracy": 0.678014705882353,
    "joint_cat_accuracy": 0.7408906882591093,
    "joint_goal_accuracy": 0.44186234817813763,
    "joint_noncat_accuracy": 0.6044534412955466,
    "requested_slots_f1": 0.99055330634278,
    "requested_slots_precision": 0.9979757085020243,
    "requested_slots_recall": 0.9898785425101214
  },
  "RentalCars_1": {
    "active_intent_accuracy": 0.9939024390243902,
    "average_cat_accuracy": 0.8,
    "average_goal_accuracy": 0.8945196078431371,
    "average_noncat_accuracy": 0.9006480263157896,
    "joint_cat_accuracy": 0.8567073170731707,
    "joint_goal_accuracy": 0.6446006097560976,
    "joint_noncat_accuracy": 0.659844512195122,
    "requested_slots_f1": 1.0,
    "requested_slots_precision": 1.0,
    "requested_slots_recall": 1.0
  },
  "Restaurants_2": {
    "active_intent_accuracy": 0.84688995215311,
    "average_cat_accuracy": 0.39355742296918766,
    "average_goal_accuracy": 0.729084049255441,
    "average_noncat_accuracy": 0.7904858952216465,
    "joint_cat_accuracy": 0.6124401913875598,
    "joint_goal_accuracy": 0.3647942583732057,
    "joint_noncat_accuracy": 0.4295167464114833,
    "requested_slots_f1": 0.90899217741323,
    "requested_slots_precision": 0.9479266347687398,
    "requested_slots_recall": 0.9282296650717703
  },
  "RideSharing_1": {
    "active_intent_accuracy": 0.9961089494163424,
    "average_cat_accuracy": 0.9478260869565217,
    "average_goal_accuracy": 0.9257563025210084,