{
  "#ALL_SERVICES": {
    "active_intent_accuracy": 0.9565727699530516,
    "average_cat_accuracy": 0.7054594149155337,
    "average_goal_accuracy": 0.8378695715074834,
    "average_noncat_accuracy": 0.8859387364597522,
    "joint_cat_accuracy": 0.7122528183330253,
    "joint_goal_accuracy": 0.533487323943662,
    "joint_noncat_accuracy": 0.6780275653923541,
    "requested_slots_f1": 0.943109450352911,
    "requested_slots_precision": 0.9809216409568522,
    "requested_slots_recall": 0.9474346076458753
  },
  "#SEEN_SERVICES": {
    "active_intent_accuracy": 0.9915711395819286,
    "average_cat_accuracy": 0.8834656702475479,
    "average_goal_accuracy": 0.9019615646258502,
    "average_noncat_accuracy": 0.9260571683218743,
    "joint_cat_accuracy": 0.8839602555003548,
    "joint_goal_accuracy": 0.7400038098449091,
    "joint_noncat_accuracy": 0.8374932569116655,
    "requested_slots_f1": 0.9762306136210385,
    "requested_slots_precision": 0.9899415599011014,
    "requested_slots_recall": 0.9806136210384356
  },
  "#UNSEEN_SERVICES": {
    "active_intent_accuracy": 0.9219479653102068,
    "average_cat_accuracy": 0.5052958683473389,
    "average_goal_accuracy": 0.7730894377743692,
    "average_noncat_accuracy": 0.8442766759222532,
    "joint_cat_accuracy": 0.5256459699190127,
    "joint_goal_accuracy": 0.3291751501000667,
    "joint_noncat_accuracy": 0.5202639759839893,
    "requested_slots_f1": 0.9103418151783728,
    "requested_slots_precision": 0.9719979986657773,
    "requested_slots_recall": 0.914609739826551
  },
  "Alarm_1": {
    "active_intent_accuracy": 0.759825327510917,
    "average_goal_accuracy": 0.7071428571428572,
    "average_noncat_accuracy": 0.7071428571428572,
    "joint_goal_accuracy": 0.5191266375545852,
    "joint_noncat_accuracy": 0.5191266375545852,
    "requested_slots_f1": 1.0,
    "requested_slots_precision": 1.0,
    "requested_slots_recall": 1.0
  },
  "Banks_2": {
    "active_intent_accuracy": 0.9938080495356038,
    "average_cat_accuracy": 0.8970099667774086,
    "average_goal_accuracy": 0.8401965669988926,
    "average_noncat_accuracy": 0.658489010989011,
    "joint_cat_accuracy": 0.8080495356037152,
    "joint_goal_accuracy": 0.5737151702786378,
    "joint_noncat_accuracy": 0.6553869969040248,
    "requested_slots_f1": 0.9009287925696594,
    "requested_slots_precision": 1.0,
    "requested_slots_recall": 0.9009287925696594
  },
  "Buses_1": {
    "active_intent_accuracy": 0.9920424403183024,
    "average_cat_accuracy": 0.96,
    "average_goal_accuracy": 0.9286685552407934,
    "average_noncat_accuracy": 0.9201333333333332,
    "joint_cat_accuracy": 0.9708222811671088,
    "joint_goal_accuracy": 0.7547480106100795,
    "joint_noncat_accuracy": 0.7759681697612731,
    "requested_slots_f1": 0.980548187444739,
    "requested_slots_precision": 0.9708222811671088,
    "requested_slots_recall": 1.0
  },
  "Events_1": {
    "active_intent_accuracy": 0.9961612284069098,
    "average_cat_accuracy": 0.9898648648648649,
    "average_goal_accuracy": 0.9196409185803759,
    "average_noncat_accuracy": 0.8852056509298998,
    "joint_cat_accuracy": 0.980806142034549,
    "joint_goal_accuracy": 0.7022840690978887,
    "joint_noncat_accuracy": 0.708042226487524,
    "requested_slots_f1": 0.985284708893154,
    "requested_slots_precision": 0.9971209213051824,
    "requested_slots_recall": 0.9856046065259118
  },
  "Flights_3": {
    "active_intent_accuracy": 0.9574468085106383,
    "average_cat_accuracy": 0.6975108225108225,
    "average_goal_accuracy": 0.80857587973461,
    "average_noncat_accuracy": 0.8662078651685392,
    "joint_cat_accuracy": 0.502454991816694,
    "joint_goal_accuracy": 0.3194441898527005,
    "joint_noncat_accuracy": 0.5858153846153846,
    "requested_slots_f1": 0.8805237315875614,
    "requested_slots_precision": 1.0,
    "requested_slots_recall": 0.8805237315875614
  },
  "Homes_1": {
    "active_intent_accuracy": 0.9965928449744463,
    "average_cat_accuracy": 0.9817307692307692,
    "average_goal_accuracy": 0.9623303571428572,
    "average_noncat_accuracy": 0.9551992031872509,
    "joint_cat_accuracy": 0.9369676320272572,
    "joint_goal_accuracy": 0.8526916524701873,
    "joint_noncat_accuracy": 0.9140204429301533,
    "requested_slots_f1": 0.99534355479841,
    "requested_slots_precision": 0.9963089153889836,
    "requested_slots_recall": 0.9982964224872232
  },
  "Hotels_1": {
    "active_intent_accuracy": 0.982078853046595,
    "average_cat_accuracy": 0.8967136150234741,
    "average_goal_accuracy": 0.9574810606060606,
    "average_noncat_accuracy": 0.9792320261437908,
    "joint_cat_accuracy": 0.8781362007168458,
    "joint_goal_accuracy": 0.8141577060931899,
    "joint_noncat_accuracy": 0.936021505376344,
    "requested_slots_f1": 0.9946236559139785,
    "requested_slots_precision": 0.9946236559139785,
    "requested_slots_recall": 0.9946236559139785
  },
  "Hotels_4": {
    "active_intent_accuracy": 1.0,
    "average_cat_accuracy": 0.8163580246913581,
    "average_goal_accuracy": 0.8328914749420366,
    "average_noncat_accuracy": 0.8348071895424837,
    "joint_cat_accuracy": 0.6285714285714286,
    "joint_goal_accuracy": 0.13999285714285714,
    "joint_noncat_accuracy": 0.1869325,
    "requested_slots_f1": 0.9249489795918366,
    "requested_slots_precision": 0.9105357142857142,
    "requested_slots_recall": 0.9535714285714286
  },
  "Media_2": {
    "active_intent_accuracy": 0.9587301587301588,
    "average_cat_accuracy": 0.14545454545454545,
    "average_goal_accuracy": 0.7985910652920962,
    "average_noncat_accuracy": 0.9198052691867123,
    "joint_cat_accuracy": 0.5523809523809524,
    "joint_goal_accuracy": 0.2683079365079365,
    "joint_noncat_accuracy": 0.4087453968253968,
    "requested_slots_f1": 0.9153439153439152,
    "requested_slots_precision": 0.9365079365079365,
    "requested_slots_recall": 0.9174603174603174
  },
  "Movies_2": {
    "active_intent_accuracy": 0.9829545454545454,
    "average_goal_accuracy": 0.712754820936639,
    "average_noncat_accuracy": 0.712754820936639,
    "joint_goal_accuracy": 0.3504278409090909,
    "joint_noncat_accuracy": 0.3504278409090909,
    "requested_slots_f1": 0.9176136363636364,
    "requested_slots_precision": 0.9431818181818182,
    "requested_slots_recall": 0.9232954545454546
  },
  "Music_1": {
    "active_intent_accuracy": 0.979757085020243,
    "average_cat_accuracy": 0.7549019607843137,
    "average_goal_accuracy": 0.8292338072669825,
    "average_noncat_accuracy": 0.8906372549019608,
    "joint_cat_accuracy": 0.7894736842105263,
    "joint_goal_accuracy": 0.6539271255060729,
    "joint_noncat_accuracy": 0.8115789473684212,
    "requested_slots_f1": 0.99055330634278,
    "requested_slots_precision": 0.9898785425101214,
    "requested_slots_recall": 1.0
  },
  "RentalCars_1": {
    "active_intent_accuracy": 0.9847560975609756,
    "average_cat_accuracy": 0.8615384615384616,
    "average_goal_accuracy": 0.9456361655773419,
    "average_noncat_accuracy": 0.952766447368421,
    "joint_cat_accuracy": 0.8871951219512195,
    "joint_goal_accuracy": 0.7310695121951221,
    "joint_noncat_accuracy": 0.8254405487804879,
    "requested_slots_f1": 0.9786585365853658,
    "requested_slots_precision": 1.0,
    "requested_slots_recall": 0.9786585365853658
  },
  "Restaurants_2": {
    "active_intent_accuracy": 0.8947368421052632,
    "average_cat_accuracy": 0.40476190476190477,
    "average_goal_accuracy": 0.7759373261332025,
    "average_noncat_accuracy": 0.8443448474381118,
    "joint_cat_accuracy": 0.6220095693779905,
    "joint_goal_accuracy": 0.4131202551834131,
    "joint_noncat_accuracy": 0.5367480063795853,
    "requested_slots_f1": 0.9006683375104427,
    "requested_slots_precision": 0.953907496012759,
    "requested_slots_recall": 0.9106858054226475
  },
  "RideSharing_1": {
    "active_intent_accuracy": 0.9961089494163424,
    "average_cat_accuracy": 0.9804347826086957,
    "average_goal_accuracy": 0.9463305322128851,