{
  "#ALL_SERVICES": {
    "active_intent_accuracy": 0.9505365526492288,
    "average_cat_accuracy": 0.6833745364647713,
    "average_goal_accuracy": 0.806613234430211,
    "average_noncat_accuracy": 0.8523438087825127,
    "joint_cat_accuracy": 0.6939567547588246,
    "joint_goal_accuracy": 0.4935512910798122,
    "joint_noncat_accuracy": 0.6371567739771965,
    "requested_slots_f1": 0.9341014340008305,
    "requested_slots_precision": 0.9797730829420971,
    "requested_slots_recall": 0.9393024815560027
  },
  "#SEEN_SERVICES": {
    "active_intent_accuracy": 0.9875252865812543,
    "average_cat_accuracy": 0.8719445741865172,
    "average_goal_accuracy": 0.859655808477237,
    "average_noncat_accuracy": 0.8694274891774892,
    "joint_cat_accuracy": 0.8704755145493258,
    "joint_goal_accuracy": 0.6471653068105192,
    "joint_noncat_accuracy": 0.7272293661496966,
    "requested_slots_f1": 0.9689496837170474,
    "requested_slots_precision": 0.988868285007867,
    "requested_slots_recall": 0.9753877275792313
  },
  "#UNSEEN_SERVICES": {
    "active_intent_accuracy": 0.9139426284189459,
    "average_cat_accuracy": 0.47133228291316526,
    "average_goal_accuracy": 0.7530011547751273,
    "average_noncat_accuracy": 0.8346028031204549,
    "joint_cat_accuracy": 0.5021210952564596,
    "joint_goal_accuracy": 0.3415769179452969,
    "joint_noncat_accuracy": 0.5480455970647098,
    "requested_slots_f1": 0.8996251469233458,
    "requested_slots_precision": 0.9707749610851678,
    "requested_slots_recall": 0.9036024016010674
  },
  "Alarm_1": {
    "active_intent_accuracy": 0.8034934497816594,
    "average_goal_accuracy": 0.7409090909090909,
    "average_noncat_accuracy": 0.7409090909090909,
    "joint_goal_accuracy": 0.5734497816593886,
    "joint_noncat_accuracy": 0.5734497816593886,
    "requested_slots_f1": 1.0,
    "requested_slots_precision": 1.0,
    "requested_slots_recall": 1.0
  },
  "Banks_2": {
    "active_intent_accuracy": 0.9938080495356038,
    "average_cat_accuracy": 0.8853820598006644,
    "average_goal_accuracy": 0.8317691029900333,
    "average_noncat_accuracy": 0.6784890109890109,
    "joint_cat_accuracy": 0.8359133126934984,
    "joint_goal_accuracy": 0.5713931888544892,
    "joint_noncat_accuracy": 0.6535294117647059,
    "requested_slots_f1": 0.9009287925696594,
    "requested_slots_precision": 1.0,
    "requested_slots_recall": 0.9009287925696594
  },
  "Buses_1": {
    "active_intent_accuracy": 0.9840848806366048,
    "average_cat_accuracy": 1.0,
    "average_goal_accuracy": 0.9323748819641171,
    "average_noncat_accuracy": 0.9166571428571428,
    "joint_cat_accuracy": 0.9920424403183024,
    "joint_goal_accuracy": 0.7317904509283819,
    "joint_noncat_accuracy": 0.7397480106100796,
    "requested_slots_f1": 0.9778956675508399,
    "requested_slots_precision": 0.9708222811671088,
    "requested_slots_recall": 0.9973474801061007
  },
  "Events_1": {
    "active_intent_accuracy": 0.9942418426103646,
    "average_cat_accuracy": 0.9583333333333334,
    "average_goal_accuracy": 0.8767724425887263,
    "average_noncat_accuracy": 0.8327074391988556,
    "joint_cat_accuracy": 0.9577735124760077,
    "joint_goal_accuracy": 0.6376357005758156,
    "joint_noncat_accuracy": 0.6510714011516314,
    "requested_slots_f1": 0.9776071657069737,
    "requested_slots_precision": 0.989443378119002,
    "requested_slots_recall": 0.982725527831094
  },
  "Flights_3": {
    "active_intent_accuracy": 0.851063829787234,
    "average_cat_accuracy": 0.6636002886002886,
    "average_goal_accuracy": 0.8760731082556479,
    "average_noncat_accuracy": 0.9790886392009986,
    "joint_cat_accuracy": 0.45499181669394434,
    "joint_goal_accuracy": 0.3893617021276596,
    "joint_noncat_accuracy": 0.8295954173486089,
    "requested_slots_f1": 0.8805237315875614,
    "requested_slots_precision": 1.0,
    "requested_slots_recall": 0.8805237315875614
  },
  "Homes_1": {
    "active_intent_accuracy": 0.9812606473594548,
    "average_cat_accuracy": 0.9855769230769231,
    "average_goal_accuracy": 0.9267612828713574,
    "average_noncat_accuracy": 0.8892662682602921,
    "joint_cat_accuracy": 0.9574105621805792,
    "joint_goal_accuracy": 0.7472402044293015,
    "joint_noncat_accuracy": 0.7744974446337308,
    "requested_slots_f1": 0.9982964224872232,
    "requested_slots_precision": 0.9982964224872232,
    "requested_slots_recall": 1.0
  },
  "Hotels_1": {
    "active_intent_accuracy": 0.985663082437276,
    "average_cat_accuracy": 0.888888888888889,
    "average_goal_accuracy": 0.8837795815295816,
    "average_noncat_accuracy": 0.8765032679738561,
    "joint_cat_accuracy": 0.8100358422939068,
    "joint_goal_accuracy": 0.5395698924731183,
    "joint_noncat_accuracy": 0.6255913978494624,
    "requested_slots_f1": 0.9166069295101553,
    "requested_slots_precision": 0.992831541218638,
    "requested_slots_recall": 0.9139784946236559
  },
  "Hotels_4": {
    "active_intent_accuracy": 0.9928571428571429,
    "average_cat_accuracy": 0.7608024691358025,
    "average_goal_accuracy": 0.7922671660424468,
    "average_noncat_accuracy": 0.8091470588235294,
    "joint_cat_accuracy": 0.5857142857142857,
    "joint_goal_accuracy": 0.30889285714285714,
    "joint_noncat_accuracy": 0.49214285714285716,
    "requested_slots_f1": 0.9021428571428572,
    "requested_slots_precision": 0.9077380952380953,
    "requested_slots_recall": 0.9142857142857143
  },
  "Media_2": {
    "active_intent_accuracy": 0.9523809523809523,
    "average_cat_accuracy": 0.1696969696969697,
    "average_goal_accuracy": 0.7129335624284078,
    "average_noncat_accuracy": 0.8191895761741124,
    "joint_cat_accuracy": 0.5650793650793651,
    "joint_goal_accuracy": 0.20239841269841272,
    "joint_noncat_accuracy": 0.23338349206349207,
    "requested_slots_f1": 0.9296296296296296,
    "requested_slots_precision": 0.9571428571428572,
    "requested_slots_recall": 0.9380952380952381
  },
  "Movies_2": {
    "active_intent_accuracy": 0.9715909090909091,
    "average_goal_accuracy": 0.5585812672176308,
    "average_noncat_accuracy": 0.5585812672176308,
    "joint_goal_accuracy": 0.3645875,
    "joint_noncat_accuracy": 0.3645875,
    "requested_slots_f1": 0.8636363636363636,
    "requested_slots_precision": 0.9602272727272727,
    "requested_slots_recall": 0.8636363636363636
  },
  "Music_1": {
    "active_intent_accuracy": 0.97165991902834,
    "average_cat_accuracy": 0.7581699346405228,
    "average_goal_accuracy": 0.7719233807266983,
    "average_noncat_accuracy": 0.7689950980392157,
    "joint_cat_accuracy": 0.7692307692307693,
    "joint_goal_accuracy": 0.5273684210526316,
    "joint_noncat_accuracy": 0.6852631578947368,
    "requested_slots_f1": 0.9865047233468286,
    "requested_slots_precision": 1.0,
    "requested_slots_recall": 0.9817813765182186
  },
  "RentalCars_1": {
    "active_intent_accuracy": 0.9969512195121951,
    "average_cat_accuracy": 0.7743589743589744,
    "average_goal_accuracy": 0.8856710239651416,
    "average_noncat_accuracy": 0.89471875,
    "joint_cat_accuracy": 0.8414634146341463,
    "joint_goal_accuracy": 0.6021615853658537,
    "joint_noncat_accuracy": 0.6387469512195122,
    "requested_slots_f1": 0.9969512195121951,
    "requested_slots_precision": 0.9969512195121951,
    "requested_slots_recall": 1.0
  },
  "Restaurants_2": {
    "active_intent_accuracy": 0.9202551834130781,
    "average_cat_accuracy": 0.36134453781512604,
    "average_goal_accuracy": 0.7327743413516609,
    "average_noncat_accuracy": 0.7972415083477259,
    "joint_cat_accuracy": 0.5980861244019139,
    "joint_goal_accuracy": 0.3490505582137161,
    "joint_noncat_accuracy": 0.4484604465709729,
    "requested_slots_f1": 0.8819396977291712,
    "requested_slots_precision": 0.9341573631047315,
    "requested_slots_recall": 0.8963317384370016
  },
  "RideSharing_1": {
    "active_intent_accuracy": 1.0,
    "average_cat_accuracy": 0.967391304347826,
    "average_goal_accuracy": 0.9682773109243697,