{
  "#ALL_SERVICES": {
    "active_intent_accuracy": 0.9481891348088531,
    "average_cat_accuracy": 0.7052946023897816,
    "average_goal_accuracy": 0.8157455392762887,
    "average_noncat_accuracy": 0.8526435428423169,
    "joint_cat_accuracy": 0.7080022177046756,
    "joint_goal_accuracy": 0.4937973038229377,
    "joint_noncat_accuracy": 0.6161115057008718,
    "requested_slots_f1": 0.9436172591102169,
    "requested_slots_precision": 0.984504247708473,
    "requested_slots_recall": 0.9473507712944332
  },
  "#SEEN_SERVICES": {
    "active_intent_accuracy": 0.9855023600809171,
    "average_cat_accuracy": 0.8628366806788105,
    "average_goal_accuracy": 0.8609280306994592,
    "average_noncat_accuracy": 0.8706990068754774,
    "joint_cat_accuracy": 0.8616039744499645,
    "joint_goal_accuracy": 0.6467785569790964,
    "joint_noncat_accuracy": 0.7342431557653405,
    "requested_slots_f1": 0.9790964261631827,
    "requested_slots_precision": 0.9935940660822656,
    "requested_slots_recall": 0.9826365475387727
  },
  "#UNSEEN_SERVICES": {
    "active_intent_accuracy": 0.9112741827885257,
    "average_cat_accuracy": 0.5281425070028012,
    "average_goal_accuracy": 0.7700779340984821,
    "average_noncat_accuracy": 0.8338933624223192,
    "joint_cat_accuracy": 0.5410721172387196,
    "joint_goal_accuracy": 0.3424489392928619,
    "joint_noncat_accuracy": 0.4992407671781187,
    "requested_slots_f1": 0.9085167889704248,
    "requested_slots_precision": 0.9755114520791639,
    "requested_slots_recall": 0.9124416277518346
  },
  "Alarm_1": {
    "active_intent_accuracy": 0.7554585152838428,
    "average_goal_accuracy": 0.7139935064935066,
    "average_noncat_accuracy": 0.7139935064935066,
    "joint_goal_accuracy": 0.5112663755458515,
    "joint_noncat_accuracy": 0.5112663755458515,
    "requested_slots_f1": 1.0,
    "requested_slots_precision": 1.0,
    "requested_slots_recall": 1.0
  },
  "Banks_2": {
    "active_intent_accuracy": 0.9752321981424149,
    "average_cat_accuracy": 0.9136212624584718,
    "average_goal_accuracy": 0.8408084163898119,
    "average_noncat_accuracy": 0.6318681318681318,
    "joint_cat_accuracy": 0.8390092879256966,
    "joint_goal_accuracy": 0.5882352941176471,
    "joint_noncat_accuracy": 0.631578947368421,
    "requested_slots_f1": 0.9009287925696594,
    "requested_slots_precision": 1.0,
    "requested_slots_recall": 0.9009287925696594
  },
  "Buses_1": {
    "active_intent_accuracy": 0.986737400530504,
    "average_cat_accuracy": 0.972,
    "average_goal_accuracy": 0.9259707271010388,
    "average_noncat_accuracy": 0.9148666666666666,
    "joint_cat_accuracy": 0.9814323607427056,
    "joint_goal_accuracy": 0.7231803713527851,
    "joint_noncat_accuracy": 0.7311379310344828,
    "requested_slots_f1": 0.9823165340406719,
    "requested_slots_precision": 0.9748010610079576,
    "requested_slots_recall": 0.9973474801061007
  },
  "Events_1": {
    "active_intent_accuracy": 0.9846449136276392,
    "average_cat_accuracy": 1.0,
    "average_goal_accuracy": 0.8990640222686151,
    "average_noncat_accuracy": 0.84947782546495,
    "joint_cat_accuracy": 1.0,
    "joint_goal_accuracy": 0.7008061420345489,
    "joint_noncat_accuracy": 0.7008061420345489,
    "requested_slots_f1": 0.9929622520793344,
    "requested_slots_precision": 0.9990403071017274,
    "requested_slots_recall": 0.9932821497120922
  },
  "Flights_3": {
    "active_intent_accuracy": 0.900163666121113,
    "average_cat_accuracy": 0.6693722943722944,
    "average_goal_accuracy": 0.8472967582094566,
    "average_noncat_accuracy": 0.9352559300873908,
    "joint_cat_accuracy": 0.4779050736497545,
    "joint_goal_accuracy": 0.3651279869067103,
    "joint_noncat_accuracy": 0.7724615384615383,
    "requested_slots_f1": 0.8805237315875614,
    "requested_slots_precision": 1.0,
    "requested_slots_recall": 0.8805237315875614
  },
  "Homes_1": {
    "active_intent_accuracy": 0.9863713798977853,
    "average_cat_accuracy": 0.9692307692307692,
    "average_goal_accuracy": 0.9270908848614072,
    "average_noncat_accuracy": 0.9021215139442231,
    "joint_cat_accuracy": 0.9267461669505963,
    "joint_goal_accuracy": 0.7516695059625214,
    "joint_noncat_accuracy": 0.7840374787052812,
    "requested_slots_f1": 0.9965928449744463,
    "requested_slots_precision": 0.9965928449744463,
    "requested_slots_recall": 1.0
  },
  "Hotels_1": {
    "active_intent_accuracy": 0.9713261648745519,
    "average_cat_accuracy": 0.7949921752738655,
    "average_goal_accuracy": 0.8439727633477634,
    "average_noncat_accuracy": 0.8719117647058823,
    "joint_cat_accuracy": 0.7240143369175627,
    "joint_goal_accuracy": 0.4946236559139785,
    "joint_noncat_accuracy": 0.6241935483870968,
    "requested_slots_f1": 0.9916367980884109,
    "requested_slots_precision": 0.9910394265232975,
    "requested_slots_recall": 0.992831541218638
  },
  "Hotels_4": {
    "active_intent_accuracy": 0.9857142857142858,
    "average_cat_accuracy": 0.8348765432098766,
    "average_goal_accuracy": 0.7724563937934724,
    "average_noncat_accuracy": 0.7522908496732027,
    "joint_cat_accuracy": 0.6071428571428571,
    "joint_goal_accuracy": 0.0974,
    "joint_noncat_accuracy": 0.15245857142857144,
    "requested_slots_f1": 0.9288095238095238,
    "requested_slots_precision": 0.9538690476190478,
    "requested_slots_recall": 0.9446428571428571
  },
  "Media_2": {
    "active_intent_accuracy": 0.9301587301587302,
    "average_cat_accuracy": 0.05454545454545454,
    "average_goal_accuracy": 0.744971363115693,
    "average_noncat_accuracy": 0.8762628865979382,
    "joint_cat_accuracy": 0.5047619047619047,
    "joint_goal_accuracy": 0.1992136507936508,
    "joint_noncat_accuracy": 0.2253352380952381,
    "requested_slots_f1": 0.9185185185185185,
    "requested_slots_precision": 0.9396825396825397,
    "requested_slots_recall": 0.926984126984127
  },
  "Movies_2": {
    "active_intent_accuracy": 0.9943181818181818,
    "average_goal_accuracy": 0.7717493112947659,
    "average_noncat_accuracy": 0.7717493112947659,
    "joint_goal_accuracy": 0.41370738636363635,
    "joint_noncat_accuracy": 0.41370738636363635,
    "requested_slots_f1": 0.8873106060606062,
    "requested_slots_precision": 0.9299242424242423,
    "requested_slots_recall": 0.8920454545454546
  },
  "Music_1": {
    "active_intent_accuracy": 0.9757085020242915,
    "average_cat_accuracy": 0.6568627450980392,
    "average_goal_accuracy": 0.7099131121642971,
    "average_noncat_accuracy": 0.7305882352941174,
    "joint_cat_accuracy": 0.7125506072874493,
    "joint_goal_accuracy": 0.46558704453441296,
    "joint_noncat_accuracy": 0.6551417004048585,
    "requested_slots_f1": 0.9959514170040485,
    "requested_slots_precision": 0.9959514170040485,
    "requested_slots_recall": 1.0
  },
  "RentalCars_1": {
    "active_intent_accuracy": 0.9878048780487805,
    "average_cat_accuracy": 0.8461538461538461,
    "average_goal_accuracy": 0.8891601307189542,
    "average_noncat_accuracy": 0.889202302631579,
    "joint_cat_accuracy": 0.8780487804878049,
    "joint_goal_accuracy": 0.551765243902439,
    "joint_noncat_accuracy": 0.5981676829268293,
    "requested_slots_f1": 1.0,
    "requested_slots_precision": 1.0,
    "requested_slots_recall": 1.0
  },
  "Restaurants_2": {
    "active_intent_accuracy": 0.8755980861244019,
    "average_cat_accuracy": 0.4005602240896359,
    "average_goal_accuracy": 0.7443941253477335,
    "average_noncat_accuracy": 0.8047066781807715,
    "joint_cat_accuracy": 0.6188197767145136,
    "joint_goal_accuracy": 0.36467610845295056,
    "joint_noncat_accuracy": 0.44719030303030305,
    "requested_slots_f1": 0.9120148856990961,
    "requested_slots_precision": 0.9534821903242955,
    "requested_slots_recall": 0.9234449760765551
  },
  "RideSharing_1": {
    "active_intent_accuracy": 1.0,
    "average_cat_accuracy": 0.9630434782608696,
    "average_goal_accuracy": 0.9035854341736694,
    "average_noncat_accuracy": 0.7898578199052132,