{
  "#ALL_SERVICES": {
    "active_intent_accuracy": 0.869382964453387,
    "average_cat_accuracy": 0.6312731767614339,
    "average_goal_accuracy": 0.7678228292605939,
    "average_noncat_accuracy": 0.8142948044366608,
    "joint_cat_accuracy": 0.6512659397523564,
    "joint_goal_accuracy": 0.43639874245472837,
    "joint_noncat_accuracy": 0.5809429292421193,
    "requested_slots_f1": 0.9269673597138386,
    "requested_slots_precision": 0.979515984797675,
    "requested_slots_recall": 0.9324279007377599
  },
  "#SEEN_SERVICES": {
    "active_intent_accuracy": 0.9315576534052596,
    "average_cat_accuracy": 0.8324770356531216,
    "average_goal_accuracy": 0.8273558956916099,
    "average_noncat_accuracy": 0.8366825184619302,
    "joint_cat_accuracy": 0.819375443577005,
    "joint_goal_accuracy": 0.5824980107889414,
    "joint_noncat_accuracy": 0.6896272353337829,
    "requested_slots_f1": 0.965104517869184,
    "requested_slots_precision": 0.9814003146774555,
    "requested_slots_recall": 0.9742076871207013
  },
  "#UNSEEN_SERVICES": {
    "active_intent_accuracy": 0.8078719146097398,
    "average_cat_accuracy": 0.40502450980392163,
    "average_goal_accuracy": 0.7076505703355018,
    "average_noncat_accuracy": 0.7910456829300543,
    "joint_cat_accuracy": 0.4685692248360972,
    "joint_goal_accuracy": 0.2918589059372915,
    "joint_noncat_accuracy": 0.4734186957971981,
    "requested_slots_f1": 0.8892372692906382,
    "requested_slots_precision": 0.9776517678452301,
    "requested_slots_recall": 0.8910940627084724
  },
  "Alarm_1": {
    "active_intent_accuracy": 0.7248908296943232,
    "average_goal_accuracy": 0.7517532467532467,
    "average_noncat_accuracy": 0.7517532467532467,
    "joint_goal_accuracy": 0.5662838427947599,
    "joint_noncat_accuracy": 0.5662838427947599,
    "requested_slots_f1": 1.0,
    "requested_slots_precision": 1.0,
    "requested_slots_recall": 1.0
  },
  "Banks_2": {
    "active_intent_accuracy": 0.9535603715170279,
    "average_cat_accuracy": 0.7491694352159468,
    "average_goal_accuracy": 0.7249086378737543,
    "average_noncat_accuracy": 0.5815384615384616,
    "joint_cat_accuracy": 0.6222910216718266,
    "joint_goal_accuracy": 0.4526315789473684,
    "joint_noncat_accuracy": 0.5624767801857585,
    "requested_slots_f1": 0.9009287925696594,
    "requested_slots_precision": 1.0,
    "requested_slots_recall": 0.9009287925696594
  },
  "Buses_1": {
    "active_intent_accuracy": 0.9920424403183024,
    "average_cat_accuracy": 0.976,
    "average_goal_accuracy": 0.8675679886685551,
    "average_noncat_accuracy": 0.8458666666666667,
    "joint_cat_accuracy": 0.9814323607427056,
    "joint_goal_accuracy": 0.6119244031830238,
    "joint_noncat_accuracy": 0.6304920424403182,
    "requested_slots_f1": 0.9778956675508399,
    "requested_slots_precision": 0.9681697612732095,
    "requested_slots_recall": 1.0
  },
  "Events_1": {
    "active_intent_accuracy": 0.8790786948176583,
    "average_cat_accuracy": 0.9684684684684685,
    "average_goal_accuracy": 0.8971311760612386,
    "average_noncat_accuracy": 0.8596173104434908,
    "joint_cat_accuracy": 0.9673704414587332,
    "joint_goal_accuracy": 0.699947216890595,
    "joint_noncat_accuracy": 0.7095441458733206,
    "requested_slots_f1": 0.982725527831094,
    "requested_slots_precision": 0.9980806142034548,
    "requested_slots_recall": 0.9817658349328215
  },
  "Flights_3": {
    "active_intent_accuracy": 0.8183306055646481,
    "average_cat_accuracy": 0.5634920634920635,
    "average_goal_accuracy": 0.7865796590241035,
    "average_noncat_accuracy": 0.8800780274656679,
    "joint_cat_accuracy": 0.44680851063829785,
    "joint_goal_accuracy": 0.27809721767594103,
    "joint_noncat_accuracy": 0.58349705400982,
    "requested_slots_f1": 0.8805237315875614,
    "requested_slots_precision": 1.0,
    "requested_slots_recall": 0.8805237315875614
  },
  "Homes_1": {
    "active_intent_accuracy": 0.9011925042589438,
    "average_cat_accuracy": 0.9650641025641026,
    "average_goal_accuracy": 0.9257744758351102,
    "average_noncat_accuracy": 0.904910358565737,
    "joint_cat_accuracy": 0.919931856899489,
    "joint_goal_accuracy": 0.7453151618398637,
    "joint_noncat_accuracy": 0.793015332197615,
    "requested_slots_f1": 0.988756388415673,
    "requested_slots_precision": 0.9877910278250992,
    "requested_slots_recall": 0.9948892674616695
  },
  "Hotels_1": {
    "active_intent_accuracy": 0.8566308243727598,
    "average_cat_accuracy": 0.6541471048513302,
    "average_goal_accuracy": 0.8096192279942279,
    "average_noncat_accuracy": 0.8965294117647058,
    "joint_cat_accuracy": 0.4874551971326165,
    "joint_goal_accuracy": 0.35627240143369177,
    "joint_noncat_accuracy": 0.6629390681003584,
    "requested_slots_f1": 0.920310633213859,
    "requested_slots_precision": 0.9623655913978495,
    "requested_slots_recall": 0.931899641577061
  },
  "Hotels_4": {
    "active_intent_accuracy": 0.9392857142857143,
    "average_cat_accuracy": 0.6473765432098766,
    "average_goal_accuracy": 0.6402618155876583,
    "average_noncat_accuracy": 0.647359477124183,
    "joint_cat_accuracy": 0.5821428571428572,
    "joint_goal_accuracy": 0.14026142857142856,
    "joint_noncat_accuracy": 0.18999142857142856,
    "requested_slots_f1": 0.8896428571428572,
    "requested_slots_precision": 0.8767857142857142,
    "requested_slots_recall": 0.925
  },
  "Media_2": {
    "active_intent_accuracy": 0.8920634920634921,
    "average_cat_accuracy": 0.0,
    "average_goal_accuracy": 0.7320211912943871,
    "average_noncat_accuracy": 0.8680870561282933,
    "joint_cat_accuracy": 0.47619047619047616,
    "joint_goal_accuracy": 0.26432539682539685,
    "joint_noncat_accuracy": 0.4588389841269841,
    "requested_slots_f1": 0.8857142857142857,
    "requested_slots_precision": 0.9777777777777777,
    "requested_slots_recall": 0.8857142857142857
  },
  "Movies_2": {
    "active_intent_accuracy": 0.9659090909090909,
    "average_goal_accuracy": 0.7393526170798898,
    "average_noncat_accuracy": 0.7393526170798898,
    "joint_goal_accuracy": 0.34926647727272725,
    "joint_noncat_accuracy": 0.34926647727272725,
    "requested_slots_f1": 0.8693181818181818,
    "requested_slots_precision": 0.9204545454545454,
    "requested_slots_recall": 0.8693181818181818
  },
  "Music_1": {
    "active_intent_accuracy": 0.9635627530364372,
    "average_cat_accuracy": 0.6764705882352942,
    "average_goal_accuracy": 0.713147709320695,
    "average_noncat_accuracy": 0.7223529411764706,
    "joint_cat_accuracy": 0.7368421052631579,
    "joint_goal_accuracy": 0.497165991902834,
    "joint_noncat_accuracy": 0.6595951417004048,
    "requested_slots_f1": 0.9770580296896085,
    "requested_slots_precision": 0.9757085020242915,
    "requested_slots_recall": 0.9959514170040485
  },
  "RentalCars_1": {
    "active_intent_accuracy": 0.926829268292683,
    "average_cat_accuracy": 0.6512820512820513,
    "average_goal_accuracy": 0.7649362745098038,
    "average_noncat_accuracy": 0.7673843201754387,
    "joint_cat_accuracy": 0.7682926829268293,
    "joint_goal_accuracy": 0.37783506097560976,
    "joint_noncat_accuracy": 0.39913164634146336,
    "requested_slots_f1": 0.9908536585365854,
    "requested_slots_precision": 0.9969512195121951,
    "requested_slots_recall": 0.9939024390243902
  },
  "Restaurants_2": {
    "active_intent_accuracy": 0.6921850079744817,
    "average_cat_accuracy": 0.3543417366946779,
    "average_goal_accuracy": 0.6824002618229422,
    "average_noncat_accuracy": 0.7417492803684514,
    "joint_cat_accuracy": 0.5980861244019139,
    "joint_goal_accuracy": 0.31095693779904304,
    "joint_noncat_accuracy": 0.37367842105263155,
    "requested_slots_f1": 0.864167995746943,
    "requested_slots_precision": 0.9832535885167464,
    "requested_slots_recall": 0.861244019138756
  },
  "RideSharing_1": {
    "active_intent_accuracy": 1.0,
    "average_cat_accuracy": 0.9608695652173913,
    "average_goal_accuracy": 0.8876050420168067,