{
  "#ALL_SERVICES": {
    "active_intent_accuracy": 0.8507712944332663,
    "average_cat_accuracy": 0.6535640708693862,
    "average_goal_accuracy": 0.7117320496970654,
    "average_noncat_accuracy": 0.731148277875073,
    "joint_cat_accuracy": 0.6368508593605618,
    "joint_goal_accuracy": 0.35984590878604966,
    "joint_noncat_accuracy": 0.5001893563044936,
    "requested_slots_f1": 0.9299990418702692,
    "requested_slots_precision": 0.9712776659959759,
    "requested_slots_recall": 0.937374245472837
  },
  "#SEEN_SERVICES": {
    "active_intent_accuracy": 0.8833445718138908,
    "average_cat_accuracy": 0.8072551767087031,
    "average_goal_accuracy": 0.7579414268271412,
    "average_noncat_accuracy": 0.7591905398523046,
    "joint_cat_accuracy": 0.7381121362668559,
    "joint_goal_accuracy": 0.42656736345246127,
    "joint_noncat_accuracy": 0.5735093728927849,
    "requested_slots_f1": 0.9619127893908745,
    "requested_slots_precision": 0.9780849629130142,
    "requested_slots_recall": 0.9740391099123399
  },
  "#UNSEEN_SERVICES": {
    "active_intent_accuracy": 0.818545697131421,
    "average_cat_accuracy": 0.48074229691876746,
    "average_goal_accuracy": 0.6650265333826978,
    "average_noncat_accuracy": 0.7020270395345762,
    "joint_cat_accuracy": 0.5268029309679907,
    "joint_goal_accuracy": 0.2938366244162775,
    "joint_noncat_accuracy": 0.4276519416277519,
    "requested_slots_f1": 0.8984259347501509,
    "requested_slots_precision": 0.9645430286857904,
    "requested_slots_recall": 0.9011007338225484
  },
  "Alarm_1": {
    "active_intent_accuracy": 0.7467248908296943,
    "average_goal_accuracy": 0.6496103896103895,
    "average_noncat_accuracy": 0.6496103896103895,
    "joint_goal_accuracy": 0.5132270742358079,
    "joint_noncat_accuracy": 0.5132270742358079,
    "requested_slots_f1": 1.0,
    "requested_slots_precision": 1.0,
    "requested_slots_recall": 1.0
  },
  "Banks_2": {
    "active_intent_accuracy": 0.9380804953560371,
    "average_cat_accuracy": 0.9269102990033222,
    "average_goal_accuracy": 0.7185797342192691,
    "average_noncat_accuracy": 0.2391208791208791,
    "joint_cat_accuracy": 0.8854489164086687,
    "joint_goal_accuracy": 0.4473065015479877,
    "joint_noncat_accuracy": 0.4720743034055728,
    "requested_slots_f1": 0.9009287925696594,
    "requested_slots_precision": 1.0,
    "requested_slots_recall": 0.9009287925696594
  },
  "Buses_1": {
    "active_intent_accuracy": 0.9840848806366048,
    "average_cat_accuracy": 1.0,
    "average_goal_accuracy": 0.6971213408876298,
    "average_noncat_accuracy": 0.6341309523809524,
    "joint_cat_accuracy": 0.9973474801061007,
    "joint_goal_accuracy": 0.19959469496021223,
    "joint_noncat_accuracy": 0.20224721485411143,
    "requested_slots_f1": 0.9794871794871794,
    "requested_slots_precision": 0.9690539345711761,
    "requested_slots_recall": 1.0
  },
  "Events_1": {
    "active_intent_accuracy": 0.7754318618042226,
    "average_cat_accuracy": 0.9763513513513513,
    "average_goal_accuracy": 0.8474742519137091,
    "average_noncat_accuracy": 0.7841291130185981,
    "joint_cat_accuracy": 0.9750479846449136,
    "joint_goal_accuracy": 0.6087140115163148,
    "joint_noncat_accuracy": 0.6163915547024952,
    "requested_slots_f1": 0.9819577735124759,
    "requested_slots_precision": 0.9968010236724248,
    "requested_slots_recall": 0.982725527831094
  },
  "Flights_3": {
    "active_intent_accuracy": 0.9312602291325696,
    "average_cat_accuracy": 0.5678210678210678,
    "average_goal_accuracy": 0.7999235953640716,
    "average_noncat_accuracy": 0.9021192259675406,
    "joint_cat_accuracy": 0.46481178396072015,
    "joint_goal_accuracy": 0.34772569558101474,
    "joint_noncat_accuracy": 0.745565302782324,
    "requested_slots_f1": 0.8816148390616475,
    "requested_slots_precision": 1.0,
    "requested_slots_recall": 0.881342062193126
  },
  "Homes_1": {
    "active_intent_accuracy": 0.8040885860306644,
    "average_cat_accuracy": 0.9461538461538461,
    "average_goal_accuracy": 0.8989943141435679,
    "average_noncat_accuracy": 0.8817795484727755,
    "joint_cat_accuracy": 0.5792163543441227,
    "joint_goal_accuracy": 0.45315161839863716,
    "joint_noncat_accuracy": 0.7489608177172061,
    "requested_slots_f1": 0.973992049971607,
    "requested_slots_precision": 0.9642248722316865,
    "requested_slots_recall": 1.0
  },
  "Hotels_1": {
    "active_intent_accuracy": 0.8136200716845878,
    "average_cat_accuracy": 0.6705790297339592,
    "average_goal_accuracy": 0.7419374098124099,
    "average_noncat_accuracy": 0.7805359477124183,
    "joint_cat_accuracy": 0.5770609318996416,
    "joint_goal_accuracy": 0.3537992831541219,
    "joint_noncat_accuracy": 0.5222580645161291,
    "requested_slots_f1": 0.934647550776583,
    "requested_slots_precision": 0.9384707287933094,
    "requested_slots_recall": 0.9659498207885304
  },
  "Hotels_4": {
    "active_intent_accuracy": 0.9357142857142857,
    "average_cat_accuracy": 0.6898148148148148,
    "average_goal_accuracy": 0.5998032816122703,
    "average_noncat_accuracy": 0.569454248366013,
    "joint_cat_accuracy": 0.49642857142857144,
    "joint_goal_accuracy": 0.1834285714285714,
    "joint_noncat_accuracy": 0.32707142857142857,
    "requested_slots_f1": 0.8924319727891156,
    "requested_slots_precision": 0.89625,
    "requested_slots_recall": 0.9196428571428571
  },
  "Media_2": {
    "active_intent_accuracy": 0.8380952380952381,
    "average_cat_accuracy": 0.0,
    "average_goal_accuracy": 0.6632886597938145,
    "average_noncat_accuracy": 0.7924226804123712,
    "joint_cat_accuracy": 0.47619047619047616,
    "joint_goal_accuracy": 0.19467936507936506,
    "joint_noncat_accuracy": 0.29365079365079366,
    "requested_slots_f1": 0.8857142857142857,
    "requested_slots_precision": 0.9111111111111111,
    "requested_slots_recall": 0.8857142857142857
  },
  "Movies_2": {
    "active_intent_accuracy": 0.9772727272727273,
    "average_goal_accuracy": 0.5970798898071625,
    "average_noncat_accuracy": 0.5970798898071625,
    "joint_goal_accuracy": 0.43920454545454546,
    "joint_noncat_accuracy": 0.43920454545454546,
    "requested_slots_f1": 0.9003787878787878,
    "requested_slots_precision": 0.9166666666666665,
    "requested_slots_recall": 0.9147727272727273
  },
  "Music_1": {
    "active_intent_accuracy": 0.97165991902834,
    "average_cat_accuracy": 0.6503267973856209,
    "average_goal_accuracy": 0.6807330173775671,
    "average_noncat_accuracy": 0.6989215686274509,
    "joint_cat_accuracy": 0.7004048582995951,
    "joint_goal_accuracy": 0.4107692307692308,
    "joint_noncat_accuracy": 0.5969635627530364,
    "requested_slots_f1": 0.9811066126855601,
    "requested_slots_precision": 0.9777327935222672,
    "requested_slots_recall": 0.9959514170040485
  },
  "RentalCars_1": {
    "active_intent_accuracy": 0.8567073170731707,
    "average_cat_accuracy": 0.5487179487179488,
    "average_goal_accuracy": 0.6533654684095861,
    "average_noncat_accuracy": 0.659953399122807,
    "joint_cat_accuracy": 0.7012195121951219,
    "joint_goal_accuracy": 0.2530487804878049,
    "joint_noncat_accuracy": 0.2810975609756098,
    "requested_slots_f1": 0.9847560975609756,
    "requested_slots_precision": 1.0,
    "requested_slots_recall": 0.9847560975609756
  },
  "Restaurants_2": {
    "active_intent_accuracy": 0.733652312599681,
    "average_cat_accuracy": 0.38095238095238093,
    "average_goal_accuracy": 0.6384917157584683,
    "average_noncat_accuracy": 0.6877176165803108,
    "joint_cat_accuracy": 0.6124401913875598,
    "joint_goal_accuracy": 0.2554347687400319,
    "joint_noncat_accuracy": 0.310458692185008,
    "requested_slots_f1": 0.8768740031897926,
    "requested_slots_precision": 0.9544125465178098,
    "requested_slots_recall": 0.8787878787878788
  },
  "RideSharing_1": {
    "active_intent_accuracy": 1.0,
    "average_cat_accuracy": 0.8847826086956522,
    "average_goal_accuracy": 0.8396358543417366,