{
  "#ALL_SERVICES": {
    "active_intent_accuracy": 0.8972166331321261,
    "average_cat_accuracy": 0.6930572723526989,
    "average_goal_accuracy": 0.8002601708884621,
    "average_noncat_accuracy": 0.8412434974378932,
    "joint_cat_accuracy": 0.6921086675291074,
    "joint_goal_accuracy": 0.5193462226693494,
    "joint_noncat_accuracy": 0.660997480214621,
    "requested_slots_f1": 0.9325684264316056,
    "requested_slots_precision": 0.9844986586183769,
    "requested_slots_recall": 0.9342723004694836
  },
  "#SEEN_SERVICES": {
    "active_intent_accuracy": 0.9753877275792313,
    "average_cat_accuracy": 0.880429705744979,
    "average_goal_accuracy": 0.8876866998081283,
    "average_noncat_accuracy": 0.910695632798574,
    "joint_cat_accuracy": 0.868346344925479,
    "joint_goal_accuracy": 0.7393377518543492,
    "joint_noncat_accuracy": 0.8437886621712744,
    "requested_slots_f1": 0.962351090132614,
    "requested_slots_precision": 0.9905596763317599,
    "requested_slots_recall": 0.965104517869184
  },
  "#UNSEEN_SERVICES": {
    "active_intent_accuracy": 0.8198799199466311,
    "average_cat_accuracy": 0.4823616946778712,
    "average_goal_accuracy": 0.7118949639463338,
    "average_noncat_accuracy": 0.7691190665079995,
    "joint_cat_accuracy": 0.5005784805244891,
    "joint_goal_accuracy": 0.3017028352234823,
    "joint_noncat_accuracy": 0.48015737158105404,
    "requested_slots_f1": 0.9031036564058579,
    "requested_slots_precision": 0.9785023348899267,
    "requested_slots_recall": 0.9037691794529686
  },
  "Alarm_1": {
    "active_intent_accuracy": 0.8034934497816594,
    "average_goal_accuracy": 0.7106493506493506,
    "average_noncat_accuracy": 0.7106493506493506,
    "joint_goal_accuracy": 0.5472489082969432,
    "joint_noncat_accuracy": 0.5472489082969432,
    "requested_slots_f1": 1.0,
    "requested_slots_precision": 1.0,
    "requested_slots_recall": 1.0
  },
  "Banks_2": {
    "active_intent_accuracy": 0.9721362229102167,
    "average_cat_accuracy": 0.925249169435216,
    "average_goal_accuracy": 0.8320210409745293,
    "average_noncat_accuracy": 0.5880494505494506,
    "joint_cat_accuracy": 0.8544891640866873,
    "joint_goal_accuracy": 0.531640866873065,
    "joint_noncat_accuracy": 0.5595046439628483,
    "requested_slots_f1": 0.9009287925696594,
    "requested_slots_precision": 1.0,
    "requested_slots_recall": 0.9009287925696594
  },
  "Buses_1": {
    "active_intent_accuracy": 0.9787798408488063,
    "average_cat_accuracy": 1.0,
    "average_goal_accuracy": 0.9444178470254958,
    "average_noncat_accuracy": 0.9323761904761905,
    "joint_cat_accuracy": 1.0,
    "joint_goal_accuracy": 0.8540044350132625,
    "joint_noncat_accuracy": 0.8540044350132625,
    "requested_slots_f1": 0.980548187444739,
    "requested_slots_precision": 0.9708222811671088,
    "requested_slots_recall": 1.0
  },
  "Events_1": {
    "active_intent_accuracy": 0.9731285988483686,
    "average_cat_accuracy": 0.9954954954954955,
    "average_goal_accuracy": 0.9537623521224774,
    "average_noncat_accuracy": 0.9346334048640916,
    "joint_cat_accuracy": 0.9865642994241842,
    "joint_goal_accuracy": 0.8350095969289827,
    "joint_noncat_accuracy": 0.8426871401151631,
    "requested_slots_f1": 0.9916826615483044,
    "requested_slots_precision": 1.0,
    "requested_slots_recall": 0.991362763915547
  },
  "Flights_3": {
    "active_intent_accuracy": 0.9263502454991817,
    "average_cat_accuracy": 0.6993145743145744,
    "average_goal_accuracy": 0.7953415637860082,
    "average_noncat_accuracy": 0.8458676654182272,
    "joint_cat_accuracy": 0.49918166939443537,
    "joint_goal_accuracy": 0.3050743044189853,
    "joint_noncat_accuracy": 0.6062690671031097,
    "requested_slots_f1": 0.8805237315875614,
    "requested_slots_precision": 1.0,
    "requested_slots_recall": 0.8805237315875614
  },
  "Homes_1": {
    "active_intent_accuracy": 0.9710391822827938,
    "average_cat_accuracy": 0.9826923076923076,
    "average_goal_accuracy": 0.9804861407249467,
    "average_noncat_accuracy": 0.9818824701195219,
    "joint_cat_accuracy": 0.9437819420783645,
    "joint_goal_accuracy": 0.9134071550255538,
    "joint_noncat_accuracy": 0.9559965928449746,
    "requested_slots_f1": 0.9965928449744463,
    "requested_slots_precision": 0.9974446337308348,
    "requested_slots_recall": 0.9982964224872232
  },
  "Hotels_1": {
    "active_intent_accuracy": 0.9605734767025089,
    "average_cat_accuracy": 0.795774647887324,
    "average_goal_accuracy": 0.9125313852813851,
    "average_noncat_accuracy": 0.981078431372549,
    "joint_cat_accuracy": 0.6487455197132617,
    "joint_goal_accuracy": 0.6104659498207885,
    "joint_noncat_accuracy": 0.9242150537634408,
    "requested_slots_f1": 0.9390681003584229,
    "requested_slots_precision": 0.9910394265232975,
    "requested_slots_recall": 0.9354838709677419
  },
  "Hotels_4": {
    "active_intent_accuracy": 0.975,
    "average_cat_accuracy": 0.804783950617284,
    "average_goal_accuracy": 0.7009008382379169,
    "average_noncat_accuracy": 0.6603986928104576,
    "joint_cat_accuracy": 0.5428571428571428,
    "joint_goal_accuracy": 0.17829428571428574,
    "joint_noncat_accuracy": 0.3605453571428571,
    "requested_slots_f1": 0.9131122448979592,
    "requested_slots_precision": 0.9376785714285713,
    "requested_slots_recall": 0.9339285714285714
  },
  "Media_2": {
    "active_intent_accuracy": 0.8603174603174604,
    "average_cat_accuracy": 0.0,
    "average_goal_accuracy": 0.41367353951890035,
    "average_noncat_accuracy": 0.4994387170675831,
    "joint_cat_accuracy": 0.4666666666666667,
    "joint_goal_accuracy": 0.08374825396825397,
    "joint_noncat_accuracy": 0.09247142857142858,
    "requested_slots_f1": 0.8904761904761904,
    "requested_slots_precision": 0.9507936507936507,
    "requested_slots_recall": 0.8904761904761904
  },
  "Movies_2": {
    "active_intent_accuracy": 0.9431818181818182,
    "average_goal_accuracy": 0.670771349862259,
    "average_noncat_accuracy": 0.670771349862259,
    "joint_goal_accuracy": 0.34370227272727266,
    "joint_noncat_accuracy": 0.34370227272727266,
    "requested_slots_f1": 0.8664772727272727,
    "requested_slots_precision": 0.9119318181818182,
    "requested_slots_recall": 0.8664772727272727
  },
  "Music_1": {
    "active_intent_accuracy": 0.9676113360323887,
    "average_cat_accuracy": 0.7352941176470589,
    "average_goal_accuracy": 0.8257227488151658,
    "average_noncat_accuracy": 0.868921568627451,
    "joint_cat_accuracy": 0.7408906882591093,
    "joint_goal_accuracy": 0.6621862348178138,
    "joint_noncat_accuracy": 0.845991902834008,
    "requested_slots_f1": 0.9946018893387314,
    "requested_slots_precision": 0.9919028340080972,
    "requested_slots_recall": 1.0
  },
  "RentalCars_1": {
    "active_intent_accuracy": 0.9725609756097561,
    "average_cat_accuracy": 0.8769230769230769,
    "average_goal_accuracy": 0.906748366013072,
    "average_noncat_accuracy": 0.905938596491228,
    "joint_cat_accuracy": 0.9054878048780488,
    "joint_goal_accuracy": 0.6316487804878048,
    "joint_noncat_accuracy": 0.6739213414634146,
    "requested_slots_f1": 0.9207317073170732,
    "requested_slots_precision": 1.0,
    "requested_slots_recall": 0.9207317073170732
  },
  "Restaurants_2": {
    "active_intent_accuracy": 0.6858054226475279,
    "average_cat_accuracy": 0.4005602240896359,
    "average_goal_accuracy": 0.7859618106692848,
    "average_noncat_accuracy": 0.8549453080023028,
    "joint_cat_accuracy": 0.6124401913875598,
    "joint_goal_accuracy": 0.4055342902711324,
    "joint_noncat_accuracy": 0.5269280701754386,
    "requested_slots_f1": 0.8811802232854864,
    "requested_slots_precision": 0.9776714513556619,
    "requested_slots_recall": 0.8803827751196173
  },
  "RideSharing_1": {
    "active_intent_accuracy": 0.9961089494163424,
    "average_cat_accuracy": 0.9956521739130435,
    "average_goal_accuracy": 0.9185714285714286,
    "average_noncat_accuracy": 0.774218009478673,