{
  "#ALL_SERVICES": {
    "active_intent_accuracy": 0.9154929577464789,
    "average_cat_accuracy": 0.6921302018953441,
    "average_goal_accuracy": 0.8206925629762124,
    "average_noncat_accuracy": 0.8661609586819744,
    "joint_cat_accuracy": 0.705784513029015,
    "joint_goal_accuracy": 0.5433470489604293,
    "joint_noncat_accuracy": 0.7030976291079812,
    "requested_slots_f1": 0.934669125866309,
    "requested_slots_precision": 0.9812905209031969,
    "requested_slots_recall": 0.937206572769953
  },
  "#SEEN_SERVICES": {
    "active_intent_accuracy": 0.9642616318273769,
    "average_cat_accuracy": 0.8671181690798693,
    "average_goal_accuracy": 0.8918129600558171,
    "average_noncat_accuracy": 0.9249304812834224,
    "joint_cat_accuracy": 0.865152590489709,
    "joint_goal_accuracy": 0.7376103843560352,
    "joint_noncat_accuracy": 0.8444544504383007,
    "requested_slots_f1": 0.9666666666666667,
    "requested_slots_precision": 0.9891548662620813,
    "requested_slots_recall": 0.9720161834120027
  },
  "#UNSEEN_SERVICES": {
    "active_intent_accuracy": 0.867244829886591,
    "average_cat_accuracy": 0.49536064425770304,
    "average_goal_accuracy": 0.7488085629660972,
    "average_noncat_accuracy": 0.8051301732116884,
    "joint_cat_accuracy": 0.5325877362128808,
    "joint_goal_accuracy": 0.3511572381587725,
    "joint_noncat_accuracy": 0.5632496197464976,
    "requested_slots_f1": 0.903013119857683,
    "requested_slots_precision": 0.9735101178563488,
    "requested_slots_recall": 0.9027685123415611
  },
  "Alarm_1": {
    "active_intent_accuracy": 0.759825327510917,
    "average_goal_accuracy": 0.6893506493506494,
    "average_noncat_accuracy": 0.6893506493506494,
    "joint_goal_accuracy": 0.5455458515283843,
    "joint_noncat_accuracy": 0.5455458515283843,
    "requested_slots_f1": 1.0,
    "requested_slots_precision": 1.0,
    "requested_slots_recall": 1.0
  },
  "Banks_2": {
    "active_intent_accuracy": 0.9876160990712074,
    "average_cat_accuracy": 0.920265780730897,
    "average_goal_accuracy": 0.7300968992248061,
    "average_noncat_accuracy": 0.2864010989010989,
    "joint_cat_accuracy": 0.8699690402476781,
    "joint_goal_accuracy": 0.4584520123839009,
    "joint_noncat_accuracy": 0.4894117647058823,
    "requested_slots_f1": 0.9009287925696594,
    "requested_slots_precision": 1.0,
    "requested_slots_recall": 0.9009287925696594
  },
  "Buses_1": {
    "active_intent_accuracy": 0.9893899204244032,
    "average_cat_accuracy": 0.976,
    "average_goal_accuracy": 0.9107535410764872,
    "average_noncat_accuracy": 0.896704761904762,
    "joint_cat_accuracy": 0.9814323607427056,
    "joint_goal_accuracy": 0.6975862068965517,
    "joint_noncat_accuracy": 0.7161538461538461,
    "requested_slots_f1": 0.9761273209549072,
    "requested_slots_precision": 0.9694960212201591,
    "requested_slots_recall": 0.9893899204244032
  },
  "Events_1": {
    "active_intent_accuracy": 0.9942418426103646,
    "average_cat_accuracy": 1.0,
    "average_goal_accuracy": 0.9672334725121782,
    "average_noncat_accuracy": 0.9527592989985693,
    "joint_cat_accuracy": 1.0,
    "joint_goal_accuracy": 0.8874664107485605,
    "joint_noncat_accuracy": 0.8874664107485605,
    "requested_slots_f1": 0.9910428662827894,
    "requested_slots_precision": 1.0,
    "requested_slots_recall": 0.9904030710172744
  },
  "Flights_3": {
    "active_intent_accuracy": 0.972176759410802,
    "average_cat_accuracy": 0.6836219336219336,
    "average_goal_accuracy": 0.8506237927269673,
    "average_noncat_accuracy": 0.9311985018726592,
    "joint_cat_accuracy": 0.502454991816694,
    "joint_goal_accuracy": 0.42716857610474634,
    "joint_noncat_accuracy": 0.8398906710310965,
    "requested_slots_f1": 0.8805237315875614,
    "requested_slots_precision": 1.0,
    "requested_slots_recall": 0.8805237315875614
  },
  "Homes_1": {
    "active_intent_accuracy": 0.9148211243611585,
    "average_cat_accuracy": 0.9509615384615384,
    "average_goal_accuracy": 0.9407430703624734,
    "average_noncat_accuracy": 0.9471082337317397,
    "joint_cat_accuracy": 0.9063032367972743,
    "joint_goal_accuracy": 0.7984156729131174,
    "joint_noncat_accuracy": 0.8793696763202726,
    "requested_slots_f1": 0.9896081771720613,
    "requested_slots_precision": 0.9886428165814877,
    "requested_slots_recall": 1.0
  },
  "Hotels_1": {
    "active_intent_accuracy": 0.8709677419354839,
    "average_cat_accuracy": 0.8192488262910798,
    "average_goal_accuracy": 0.9261859668109669,
    "average_noncat_accuracy": 0.9792320261437908,
    "joint_cat_accuracy": 0.7598566308243727,
    "joint_goal_accuracy": 0.7173835125448029,
    "joint_noncat_accuracy": 0.925268817204301,
    "requested_slots_f1": 0.9628434886499402,
    "requested_slots_precision": 0.9934289127837513,
    "requested_slots_recall": 0.9605734767025089
  },
  "Hotels_4": {
    "active_intent_accuracy": 0.9928571428571429,
    "average_cat_accuracy": 0.8348765432098766,
    "average_goal_accuracy": 0.7072146424112716,
    "average_noncat_accuracy": 0.6491503267973856,
    "joint_cat_accuracy": 0.7357142857142858,
    "joint_goal_accuracy": 0.2892857142857143,
    "joint_noncat_accuracy": 0.3535714285714286,
    "requested_slots_f1": 0.937142857142857,
    "requested_slots_precision": 0.9538690476190478,
    "requested_slots_recall": 0.9428571428571428
  },
  "Media_2": {
    "active_intent_accuracy": 0.8952380952380953,
    "average_cat_accuracy": 0.16363636363636364,
    "average_goal_accuracy": 0.788414089347079,
    "average_noncat_accuracy": 0.9060967926689577,
    "joint_cat_accuracy": 0.5619047619047619,
    "joint_goal_accuracy": 0.29131174603174603,
    "joint_noncat_accuracy": 0.47069879365079365,
    "requested_slots_f1": 0.898941798941799,
    "requested_slots_precision": 0.926984126984127,
    "requested_slots_recall": 0.9
  },
  "Movies_2": {
    "active_intent_accuracy": 0.9772727272727273,
    "average_goal_accuracy": 0.7311983471074379,
    "average_noncat_accuracy": 0.7311983471074379,
    "joint_goal_accuracy": 0.3404897727272727,
    "joint_noncat_accuracy": 0.3404897727272727,
    "requested_slots_f1": 0.9119318181818182,
    "requested_slots_precision": 0.9488636363636364,
    "requested_slots_recall": 0.9176136363636364
  },
  "Music_1": {
    "active_intent_accuracy": 0.9838056680161943,
    "average_cat_accuracy": 0.7026143790849673,
    "average_goal_accuracy": 0.8284083728278042,
    "average_noncat_accuracy": 0.913921568627451,
    "joint_cat_accuracy": 0.7125506072874493,
    "joint_goal_accuracy": 0.6127935222672065,
    "joint_noncat_accuracy": 0.8098947368421052,
    "requested_slots_f1": 0.9824561403508771,
    "requested_slots_precision": 0.9878542510121457,
    "requested_slots_recall": 0.9898785425101214
  },
  "RentalCars_1": {
    "active_intent_accuracy": 0.9878048780487805,
    "average_cat_accuracy": 0.8512820512820513,
    "average_goal_accuracy": 0.9392908496732026,
    "average_noncat_accuracy": 0.9485625,
    "joint_cat_accuracy": 0.8871951219512195,
    "joint_goal_accuracy": 0.756169512195122,
    "joint_noncat_accuracy": 0.8242655487804879,
    "requested_slots_f1": 0.975609756097561,
    "requested_slots_precision": 0.9969512195121951,
    "requested_slots_recall": 0.9786585365853658
  },
  "Restaurants_2": {
    "active_intent_accuracy": 0.8022328548644339,
    "average_cat_accuracy": 0.4005602240896359,
    "average_goal_accuracy": 0.7709574946817216,
    "average_noncat_accuracy": 0.836862118595279,
    "joint_cat_accuracy": 0.5996810207336523,
    "joint_goal_accuracy": 0.40362041467304627,
    "joint_noncat_accuracy": 0.5203349282296651,
    "requested_slots_f1": 0.8811802232854864,
    "requested_slots_precision": 0.9449760765550239,
    "requested_slots_recall": 0.8803827751196173
  },
  "RideSharing_1": {
    "active_intent_accuracy": 0.9961089494163424,
    "average_cat_accuracy": 0.9782608695652174,
    "average_goal_accuracy": 0.944733893557423,