{
  "#ALL_SERVICES": {
    "active_intent_accuracy": 0.9406438631790744,
    "average_cat_accuracy": 0.5639884631231973,
    "average_goal_accuracy": 0.7574925844578303,
    "average_noncat_accuracy": 0.8355118700136213,
    "joint_cat_accuracy": 0.5753095546109777,
    "joint_goal_accuracy": 0.39752299765258214,
    "joint_noncat_accuracy": 0.5976274758551308,
    "requested_slots_f1": 0.9134641180415828,
    "requested_slots_precision": 0.9669405320813771,
    "requested_slots_recall": 0.9172535211267606
  },
  "#SEEN_SERVICES": {
    "active_intent_accuracy": 0.9679703304113284,
    "average_cat_accuracy": 0.7144636462712128,
    "average_goal_accuracy": 0.8090481248909821,
    "average_noncat_accuracy": 0.8760529029793735,
    "joint_cat_accuracy": 0.6941092973740242,
    "joint_goal_accuracy": 0.5169587714093055,
    "joint_noncat_accuracy": 0.7282771463250167,
    "requested_slots_f1": 0.9377051022701731,
    "requested_slots_precision": 0.9734771858844683,
    "requested_slots_recall": 0.9465610249494268
  },
  "#UNSEEN_SERVICES": {
    "active_intent_accuracy": 0.9136090727151435,
    "average_cat_accuracy": 0.39478291316526615,
    "average_goal_accuracy": 0.7053835043458331,
    "average_noncat_accuracy": 0.7934109480364934,
    "joint_cat_accuracy": 0.44620131122252216,
    "joint_goal_accuracy": 0.27936205537024683,
    "joint_noncat_accuracy": 0.4683723315543695,
    "requested_slots_f1": 0.88948187680676,
    "requested_slots_precision": 0.9604736490993996,
    "requested_slots_recall": 0.8882588392261508
  },
  "Alarm_1": {
    "active_intent_accuracy": 0.8646288209606987,
    "average_goal_accuracy": 0.6888636363636363,
    "average_noncat_accuracy": 0.6888636363636363,
    "joint_goal_accuracy": 0.4741484716157206,
    "joint_noncat_accuracy": 0.4741484716157206,
    "requested_slots_f1": 1.0,
    "requested_slots_precision": 1.0,
    "requested_slots_recall": 1.0
  },
  "Banks_2": {
    "active_intent_accuracy": 0.9628482972136223,
    "average_cat_accuracy": 0.8853820598006644,
    "average_goal_accuracy": 0.832779623477298,
    "average_noncat_accuracy": 0.7087912087912088,
    "joint_cat_accuracy": 0.8235294117647058,
    "joint_goal_accuracy": 0.5913312693498453,
    "joint_noncat_accuracy": 0.6873065015479877,
    "requested_slots_f1": 0.9009287925696594,
    "requested_slots_precision": 1.0,
    "requested_slots_recall": 0.9009287925696594
  },
  "Buses_1": {
    "active_intent_accuracy": 0.9973474801061007,
    "average_cat_accuracy": 0.38,
    "average_goal_accuracy": 0.8363101983002832,
    "average_noncat_accuracy": 0.9256261904761904,
    "joint_cat_accuracy": 0.5888594164456233,
    "joint_goal_accuracy": 0.46868328912466845,
    "joint_noncat_accuracy": 0.821723872679045,
    "requested_slots_f1": 0.9752431476569406,
    "requested_slots_precision": 0.9681697612732095,
    "requested_slots_recall": 0.9907161803713528
  },
  "Events_1": {
    "active_intent_accuracy": 0.8752399232245681,
    "average_cat_accuracy": 0.8119369369369369,
    "average_goal_accuracy": 0.7682741823242867,
    "average_noncat_accuracy": 0.7481509298998569,
    "joint_cat_accuracy": 0.7005758157389635,
    "joint_goal_accuracy": 0.45178502879078686,
    "joint_noncat_accuracy": 0.4948176583493281,
    "requested_slots_f1": 0.9737683941138835,
    "requested_slots_precision": 0.9980806142034548,
    "requested_slots_recall": 0.9702495201535508
  },
  "Flights_3": {
    "active_intent_accuracy": 0.7757774140752864,
    "average_cat_accuracy": 0.534992784992785,
    "average_goal_accuracy": 0.8271393717981019,
    "average_noncat_accuracy": 0.9705664794007491,
    "joint_cat_accuracy": 0.4337152209492635,
    "joint_goal_accuracy": 0.20499181669394434,
    "joint_noncat_accuracy": 0.489086906710311,
    "requested_slots_f1": 0.8805237315875614,
    "requested_slots_precision": 1.0,
    "requested_slots_recall": 0.8805237315875614
  },
  "Homes_1": {
    "active_intent_accuracy": 0.9931856899488927,
    "average_cat_accuracy": 0.9625,
    "average_goal_accuracy": 0.9484852967306325,
    "average_noncat_accuracy": 0.947433598937583,
    "joint_cat_accuracy": 0.948892674616695,
    "joint_goal_accuracy": 0.8619591141396934,
    "joint_noncat_accuracy": 0.9043952299829642,
    "requested_slots_f1": 0.928847245883021,
    "requested_slots_precision": 0.9153889835320841,
    "requested_slots_recall": 0.969335604770017
  },
  "Hotels_1": {
    "active_intent_accuracy": 0.985663082437276,
    "average_cat_accuracy": 0.7566510172143975,
    "average_goal_accuracy": 0.8810716991341991,
    "average_noncat_accuracy": 0.9370816993464054,
    "joint_cat_accuracy": 0.5483870967741935,
    "joint_goal_accuracy": 0.42111111111111116,
    "joint_noncat_accuracy": 0.8196917562724015,
    "requested_slots_f1": 0.8172043010752689,
    "requested_slots_precision": 1.0,
    "requested_slots_recall": 0.8172043010752689
  },
  "Hotels_4": {
    "active_intent_accuracy": 0.9928571428571429,
    "average_cat_accuracy": 0.8325617283950618,
    "average_goal_accuracy": 0.7632332798287854,
    "average_noncat_accuracy": 0.7369934640522875,
    "joint_cat_accuracy": 0.49642857142857144,
    "joint_goal_accuracy": 0.2723460714285714,
    "joint_noncat_accuracy": 0.45855824285714286,
    "requested_slots_f1": 0.8863095238095238,
    "requested_slots_precision": 0.8982142857142857,
    "requested_slots_recall": 0.8857142857142857
  },
  "Media_2": {
    "active_intent_accuracy": 0.9206349206349206,
    "average_cat_accuracy": 0.006060606060606061,
    "average_goal_accuracy": 0.5434570446735396,
    "average_noncat_accuracy": 0.6441036655211914,
    "joint_cat_accuracy": 0.4793650793650794,
    "joint_goal_accuracy": 0.18766984126984126,
    "joint_noncat_accuracy": 0.1895161904761905,
    "requested_slots_f1": 0.8857142857142857,
    "requested_slots_precision": 0.9079365079365079,
    "requested_slots_recall": 0.8857142857142857
  },
  "Movies_2": {
    "active_intent_accuracy": 0.9943181818181818,
    "average_goal_accuracy": 0.581625344352617,
    "average_noncat_accuracy": 0.581625344352617,
    "joint_goal_accuracy": 0.3352008068181819,
    "joint_noncat_accuracy": 0.3352008068181819,
    "requested_slots_f1": 0.8759469696969696,
    "requested_slots_precision": 0.9545454545454546,
    "requested_slots_recall": 0.8778409090909091
  },
  "Music_1": {
    "active_intent_accuracy": 0.9635627530364372,
    "average_cat_accuracy": 0.7026143790849673,
    "average_goal_accuracy": 0.806984992101106,
    "average_noncat_accuracy": 0.8710539215686274,
    "joint_cat_accuracy": 0.7530364372469636,
    "joint_goal_accuracy": 0.5790283400809716,
    "joint_noncat_accuracy": 0.7374898785425101,
    "requested_slots_f1": 0.9338731443994601,
    "requested_slots_precision": 0.9635627530364372,
    "requested_slots_recall": 0.9291497975708503
  },
  "RentalCars_1": {
    "active_intent_accuracy": 0.9847560975609756,
    "average_cat_accuracy": 0.9435897435897436,
    "average_goal_accuracy": 0.8283082788671023,
    "average_noncat_accuracy": 0.810202302631579,
    "joint_cat_accuracy": 0.9420731707317073,
    "joint_goal_accuracy": 0.2858652926829268,
    "joint_noncat_accuracy": 0.30662748780487803,
    "requested_slots_f1": 1.0,
    "requested_slots_precision": 1.0,
    "requested_slots_recall": 1.0
  },
  "Restaurants_2": {
    "active_intent_accuracy": 0.9250398724082934,
    "average_cat_accuracy": 0.11811391223155929,
    "average_goal_accuracy": 0.6548491449844541,
    "average_noncat_accuracy": 0.7394499136442142,
    "joint_cat_accuracy": 0.45773524720893144,
    "joint_goal_accuracy": 0.2754054226475279,
    "joint_noncat_accuracy": 0.34549585326953747,
    "requested_slots_f1": 0.8670919723551304,
    "requested_slots_precision": 0.9154704944178629,
    "requested_slots_recall": 0.8644338118022329
  },
  "RideSharing_1": {
    "active_intent_accuracy": 0.9922178988326849,
    "average_cat_accuracy": 0.5195652173913043,
    "average_goal_accuracy": 0.6409103641456584,