{
  "#ALL_SERVICES": {
    "active_intent_accuracy": 0.9324279007377599,
    "average_cat_accuracy": 0.6917593737124023,
    "average_goal_accuracy": 0.8165944160945542,
    "average_noncat_accuracy": 0.8578498086527858,
    "joint_cat_accuracy": 0.698392164110146,
    "joint_goal_accuracy": 0.5037159456740443,
    "joint_noncat_accuracy": 0.6439710093896713,
    "requested_slots_f1": 0.9436092746957938,
    "requested_slots_precision": 0.9862955510842835,
    "requested_slots_recall": 0.9468477531857814
  },
  "#SEEN_SERVICES": {
    "active_intent_accuracy": 0.9875252865812543,
    "average_cat_accuracy": 0.8757589911256423,
    "average_goal_accuracy": 0.8625959619745334,
    "average_noncat_accuracy": 0.8710112681436211,
    "joint_cat_accuracy": 0.8836053938963804,
    "joint_goal_accuracy": 0.6667668914362778,
    "joint_noncat_accuracy": 0.7377952124072824,
    "requested_slots_f1": 0.9780624859518994,
    "requested_slots_precision": 0.9942121825129243,
    "requested_slots_recall": 0.980782198246797
  },
  "#UNSEEN_SERVICES": {
    "active_intent_accuracy": 0.8779186124082722,
    "average_cat_accuracy": 0.48485644257703087,
    "average_goal_accuracy": 0.7700989624654009,
    "average_noncat_accuracy": 0.844181938384239,
    "joint_cat_accuracy": 0.49710759737755494,
    "joint_goal_accuracy": 0.34240537024683126,
    "joint_noncat_accuracy": 0.5511482655103402,
    "requested_slots_f1": 0.9095238095238095,
    "requested_slots_precision": 0.9784634200578164,
    "requested_slots_recall": 0.9132755170113409
  },
  "Alarm_1": {
    "active_intent_accuracy": 0.8078602620087336,
    "average_goal_accuracy": 0.7845454545454545,
    "average_noncat_accuracy": 0.7845454545454545,
    "joint_goal_accuracy": 0.5733589519650655,
    "joint_noncat_accuracy": 0.5733589519650655,
    "requested_slots_f1": 1.0,
    "requested_slots_precision": 1.0,
    "requested_slots_recall": 1.0
  },
  "Banks_2": {
    "active_intent_accuracy": 0.9876160990712074,
    "average_cat_accuracy": 0.920265780730897,
    "average_goal_accuracy": 0.8372314507198227,
    "average_noncat_accuracy": 0.6213186813186813,
    "joint_cat_accuracy": 0.8637770897832817,
    "joint_goal_accuracy": 0.5460061919504644,
    "joint_noncat_accuracy": 0.5955417956656347,
    "requested_slots_f1": 0.9009287925696594,
    "requested_slots_precision": 1.0,
    "requested_slots_recall": 0.9009287925696594
  },
  "Buses_1": {
    "active_intent_accuracy": 0.9814323607427056,
    "average_cat_accuracy": 0.972,
    "average_goal_accuracy": 0.9096576959395658,
    "average_noncat_accuracy": 0.8938523809523811,
    "joint_cat_accuracy": 0.9814323607427056,
    "joint_goal_accuracy": 0.7096419098143235,
    "joint_noncat_accuracy": 0.7175994694960212,
    "requested_slots_f1": 0.9885057471264367,
    "requested_slots_precision": 0.9893899204244032,
    "requested_slots_recall": 0.9907161803713528
  },
  "Events_1": {
    "active_intent_accuracy": 0.9961612284069098,
    "average_cat_accuracy": 1.0,
    "average_goal_accuracy": 0.9111440501043842,
    "average_noncat_accuracy": 0.8680919170243205,
    "joint_cat_accuracy": 0.9942418426103646,
    "joint_goal_accuracy": 0.7081381957773513,
    "joint_noncat_accuracy": 0.7100575815738963,
    "requested_slots_f1": 0.983365323096609,
    "requested_slots_precision": 0.9980806142034548,
    "requested_slots_recall": 0.9846449136276392
  },
  "Flights_3": {
    "active_intent_accuracy": 0.9148936170212766,
    "average_cat_accuracy": 0.6237373737373737,
    "average_goal_accuracy": 0.8688865373309819,
    "average_noncat_accuracy": 0.9829712858926344,
    "joint_cat_accuracy": 0.45662847790507366,
    "joint_goal_accuracy": 0.4491986906710311,
    "joint_noncat_accuracy": 0.9493178396072013,
    "requested_slots_f1": 0.8848881614839061,
    "requested_slots_precision": 1.0,
    "requested_slots_recall": 0.88379705400982
  },
  "Homes_1": {
    "active_intent_accuracy": 0.9846678023850085,
    "average_cat_accuracy": 0.9836538461538461,
    "average_goal_accuracy": 0.9350672974413645,
    "average_noncat_accuracy": 0.9017828685258964,
    "joint_cat_accuracy": 0.969335604770017,
    "joint_goal_accuracy": 0.7692504258943782,
    "joint_noncat_accuracy": 0.7862862010221465,
    "requested_slots_f1": 0.9965928449744463,
    "requested_slots_precision": 0.9965928449744463,
    "requested_slots_recall": 1.0
  },
  "Hotels_1": {
    "active_intent_accuracy": 0.9713261648745519,
    "average_cat_accuracy": 0.931924882629108,
    "average_goal_accuracy": 0.8988481240981241,
    "average_noncat_accuracy": 0.8772875816993463,
    "joint_cat_accuracy": 0.921146953405018,
    "joint_goal_accuracy": 0.6112544802867383,
    "joint_noncat_accuracy": 0.6255913978494624,
    "requested_slots_f1": 0.992831541218638,
    "requested_slots_precision": 0.996415770609319,
    "requested_slots_recall": 0.9910394265232975
  },
  "Hotels_4": {
    "active_intent_accuracy": 0.9857142857142858,
    "average_cat_accuracy": 0.9212962962962963,
    "average_goal_accuracy": 0.7954570180131978,
    "average_noncat_accuracy": 0.7353267973856209,
    "joint_cat_accuracy": 0.5035714285714286,
    "joint_goal_accuracy": 0.19409071428571428,
    "joint_noncat_accuracy": 0.33416214285714285,
    "requested_slots_f1": 0.9285714285714286,
    "requested_slots_precision": 0.944047619047619,
    "requested_slots_recall": 0.9375
  },
  "Media_2": {
    "active_intent_accuracy": 0.9428571428571428,
    "average_cat_accuracy": 0.13333333333333333,
    "average_goal_accuracy": 0.7558367697594502,
    "average_noncat_accuracy": 0.8738373424971363,
    "joint_cat_accuracy": 0.546031746031746,
    "joint_goal_accuracy": 0.2178838095238095,
    "joint_noncat_accuracy": 0.27191809523809524,
    "requested_slots_f1": 0.919047619047619,
    "requested_slots_precision": 0.9476190476190476,
    "requested_slots_recall": 0.9253968253968254
  },
  "Movies_2": {
    "active_intent_accuracy": 0.9943181818181818,
    "average_goal_accuracy": 0.7868181818181817,
    "average_noncat_accuracy": 0.7868181818181817,
    "joint_goal_accuracy": 0.36379772727272724,
    "joint_noncat_accuracy": 0.36379772727272724,
    "requested_slots_f1": 0.90625,
    "requested_slots_precision": 0.9356060606060606,
    "requested_slots_recall": 0.9176136363636364
  },
  "Music_1": {
    "active_intent_accuracy": 0.979757085020243,
    "average_cat_accuracy": 0.7026143790849673,
    "average_goal_accuracy": 0.732885466034755,
    "average_noncat_accuracy": 0.7489460784313726,
    "joint_cat_accuracy": 0.7408906882591093,
    "joint_goal_accuracy": 0.4875708502024292,
    "joint_noncat_accuracy": 0.6652226720647771,
    "requested_slots_f1": 0.979757085020243,
    "requested_slots_precision": 0.979757085020243,
    "requested_slots_recall": 1.0
  },
  "RentalCars_1": {
    "active_intent_accuracy": 0.9908536585365854,
    "average_cat_accuracy": 0.764102564102564,
    "average_goal_accuracy": 0.9043703703703703,
    "average_noncat_accuracy": 0.9162335526315788,
    "joint_cat_accuracy": 0.8292682926829268,
    "joint_goal_accuracy": 0.6550274390243902,
    "joint_noncat_accuracy": 0.685515243902439,
    "requested_slots_f1": 1.0,
    "requested_slots_precision": 1.0,
    "requested_slots_recall": 1.0
  },
  "Restaurants_2": {
    "active_intent_accuracy": 0.8803827751196173,
    "average_cat_accuracy": 0.38375350140056025,
    "average_goal_accuracy": 0.7470966903943708,
    "average_noncat_accuracy": 0.8134444444444444,
    "joint_cat_accuracy": 0.6124401913875598,
    "joint_goal_accuracy": 0.3563070175438596,
    "joint_noncat_accuracy": 0.44306937799043056,
    "requested_slots_f1": 0.9071010860484544,
    "requested_slots_precision": 0.9664008506113768,
    "requested_slots_recall": 0.9210526315789473
  },
  "RideSharing_1": {
    "active_intent_accuracy": 1.0,
    "average_cat_accuracy": 0.9586956521739131,
    "average_goal_accuracy": 0.9340336134453782,
    "average_noncat_accuracy": 0.8881516587677724,