{
  "#ALL_SERVICES": {
    "active_intent_accuracy": 0.9273977196512407,
    "average_cat_accuracy": 0.6727029254223321,
    "average_goal_accuracy": 0.8054527448246838,
    "average_noncat_accuracy": 0.8500684309528443,
    "joint_cat_accuracy": 0.698392164110146,
    "joint_goal_accuracy": 0.49707674379611,
    "joint_noncat_accuracy": 0.6434933601609657,
    "requested_slots_f1": 0.9434424004343521,
    "requested_slots_precision": 0.9883215962441315,
    "requested_slots_recall": 0.9450871898054997
  },
  "#SEEN_SERVICES": {
    "active_intent_accuracy": 0.9892110586648685,
    "average_cat_accuracy": 0.8703876693134049,
    "average_goal_accuracy": 0.8577513256584686,
    "average_noncat_accuracy": 0.8651273873185638,
    "joint_cat_accuracy": 0.8754435770049681,
    "joint_goal_accuracy": 0.6500976399190829,
    "joint_noncat_accuracy": 0.7259708698583952,
    "requested_slots_f1": 0.9793661496965609,
    "requested_slots_precision": 0.9970218026522815,
    "requested_slots_recall": 0.9801078894133514
  },
  "#UNSEEN_SERVICES": {
    "active_intent_accuracy": 0.8662441627751835,
    "average_cat_accuracy": 0.45041141456582634,
    "average_goal_accuracy": 0.7525926464625095,
    "average_noncat_accuracy": 0.8344300542112918,
    "joint_cat_accuracy": 0.5059776320863865,
    "joint_goal_accuracy": 0.3456891594396264,
    "joint_noncat_accuracy": 0.5618961974649767,
    "requested_slots_f1": 0.9079020934591314,
    "requested_slots_precision": 0.9797142539470759,
    "requested_slots_recall": 0.9104402935290193
  },
  "Alarm_1": {
    "active_intent_accuracy": 0.8296943231441049,
    "average_goal_accuracy": 0.7370454545454546,
    "average_noncat_accuracy": 0.7370454545454546,
    "joint_goal_accuracy": 0.5526078602620087,
    "joint_noncat_accuracy": 0.5526078602620087,
    "requested_slots_f1": 1.0,
    "requested_slots_precision": 1.0,
    "requested_slots_recall": 1.0
  },
  "Banks_2": {
    "active_intent_accuracy": 0.9845201238390093,
    "average_cat_accuracy": 0.8787375415282392,
    "average_goal_accuracy": 0.7823366555924696,
    "average_noncat_accuracy": 0.5263736263736264,
    "joint_cat_accuracy": 0.7956656346749226,
    "joint_goal_accuracy": 0.4891640866873065,
    "joint_noncat_accuracy": 0.5150464396284831,
    "requested_slots_f1": 0.9009287925696594,
    "requested_slots_precision": 1.0,
    "requested_slots_recall": 0.9009287925696594
  },
  "Buses_1": {
    "active_intent_accuracy": 0.9920424403183024,
    "average_cat_accuracy": 1.0,
    "average_goal_accuracy": 0.9133361661945233,
    "average_noncat_accuracy": 0.8940476190476191,
    "joint_cat_accuracy": 1.0,
    "joint_goal_accuracy": 0.7043368700265251,
    "joint_noncat_accuracy": 0.7043368700265251,
    "requested_slots_f1": 0.9885057471264367,
    "requested_slots_precision": 0.9880636604774535,
    "requested_slots_recall": 0.9920424403183024
  },
  "Events_1": {
    "active_intent_accuracy": 0.9942418426103646,
    "average_cat_accuracy": 1.0,
    "average_goal_accuracy": 0.8923253305497565,
    "average_noncat_accuracy": 0.8408118741058656,
    "joint_cat_accuracy": 0.9980806142034548,
    "joint_goal_accuracy": 0.6558925143953935,
    "joint_noncat_accuracy": 0.6558925143953935,
    "requested_slots_f1": 0.9878438899552142,
    "requested_slots_precision": 0.9990403071017274,
    "requested_slots_recall": 0.9875239923224568
  },
  "Flights_3": {
    "active_intent_accuracy": 0.9132569558101473,
    "average_cat_accuracy": 0.5936147186147186,
    "average_goal_accuracy": 0.8581476862349878,
    "average_noncat_accuracy": 0.9795880149812732,
    "joint_cat_accuracy": 0.44680851063829785,
    "joint_goal_accuracy": 0.4011299509001637,
    "joint_noncat_accuracy": 0.9005126022913258,
    "requested_slots_f1": 0.88379705400982,
    "requested_slots_precision": 1.0,
    "requested_slots_recall": 0.8829787234042553
  },
  "Homes_1": {
    "active_intent_accuracy": 0.9812606473594548,
    "average_cat_accuracy": 0.9740384615384615,
    "average_goal_accuracy": 0.9245768923240938,
    "average_noncat_accuracy": 0.893761620185923,
    "joint_cat_accuracy": 0.948892674616695,
    "joint_goal_accuracy": 0.7540545144804088,
    "joint_noncat_accuracy": 0.7779045996592845,
    "requested_slots_f1": 0.9982964224872232,
    "requested_slots_precision": 0.9982964224872232,
    "requested_slots_recall": 1.0
  },
  "Hotels_1": {
    "active_intent_accuracy": 0.978494623655914,
    "average_cat_accuracy": 0.9154929577464789,
    "average_goal_accuracy": 0.8947294372294372,
    "average_noncat_accuracy": 0.8781470588235295,
    "joint_cat_accuracy": 0.8888888888888888,
    "joint_goal_accuracy": 0.5940143369175628,
    "joint_noncat_accuracy": 0.6298566308243728,
    "requested_slots_f1": 0.9916367980884109,
    "requested_slots_precision": 0.996415770609319,
    "requested_slots_recall": 0.9910394265232975
  },
  "Hotels_4": {
    "active_intent_accuracy": 0.9857142857142858,
    "average_cat_accuracy": 0.8209876543209877,
    "average_goal_accuracy": 0.781946227929374,
    "average_noncat_accuracy": 0.7745032679738563,
    "joint_cat_accuracy": 0.7428571428571429,
    "joint_goal_accuracy": 0.3431428571428572,
    "joint_noncat_accuracy": 0.4239428571428572,
    "requested_slots_f1": 0.9277380952380951,
    "requested_slots_precision": 0.95,
    "requested_slots_recall": 0.9339285714285714
  },
  "Media_2": {
    "active_intent_accuracy": 0.946031746031746,
    "average_cat_accuracy": 0.06060606060606061,
    "average_goal_accuracy": 0.7364747995418098,
    "average_noncat_accuracy": 0.8676918671248568,
    "joint_cat_accuracy": 0.5079365079365079,
    "joint_goal_accuracy": 0.2646349206349206,
    "joint_noncat_accuracy": 0.45701587301587293,
    "requested_slots_f1": 0.917989417989418,
    "requested_slots_precision": 0.953968253968254,
    "requested_slots_recall": 0.9238095238095239
  },
  "Movies_2": {
    "active_intent_accuracy": 0.9829545454545454,
    "average_goal_accuracy": 0.7721763085399449,
    "average_noncat_accuracy": 0.7721763085399449,
    "joint_goal_accuracy": 0.40734374999999995,
    "joint_noncat_accuracy": 0.40734374999999995,
    "requested_slots_f1": 0.8977272727272727,
    "requested_slots_precision": 0.9384469696969696,
    "requested_slots_recall": 0.9090909090909091
  },
  "Music_1": {
    "active_intent_accuracy": 0.9878542510121457,
    "average_cat_accuracy": 0.7026143790849673,
    "average_goal_accuracy": 0.6932962085308058,
    "average_noncat_accuracy": 0.6974509803921569,
    "joint_cat_accuracy": 0.7408906882591093,
    "joint_goal_accuracy": 0.4491093117408907,
    "joint_noncat_accuracy": 0.6196356275303643,
    "requested_slots_f1": 0.9878542510121457,
    "requested_slots_precision": 1.0,
    "requested_slots_recall": 0.9878542510121457
  },
  "RentalCars_1": {
    "active_intent_accuracy": 0.9939024390243902,
    "average_cat_accuracy": 0.764102564102564,
    "average_goal_accuracy": 0.9030522875816993,
    "average_noncat_accuracy": 0.9150252192982457,
    "joint_cat_accuracy": 0.8353658536585366,
    "joint_goal_accuracy": 0.6491737804878048,
    "joint_noncat_accuracy": 0.6827103658536584,
    "requested_slots_f1": 1.0,
    "requested_slots_precision": 1.0,
    "requested_slots_recall": 1.0
  },
  "Restaurants_2": {
    "active_intent_accuracy": 0.8516746411483254,
    "average_cat_accuracy": 0.36834733893557425,
    "average_goal_accuracy": 0.7329693994436262,
    "average_noncat_accuracy": 0.7996686816350028,
    "joint_cat_accuracy": 0.6060606060606061,
    "joint_goal_accuracy": 0.35343859649122805,
    "joint_noncat_accuracy": 0.44535550239234456,
    "requested_slots_f1": 0.9037062352851827,
    "requested_slots_precision": 0.9657363104731526,
    "requested_slots_recall": 0.9130781499202552
  },
  "RideSharing_1": {
    "active_intent_accuracy": 1.0,
    "average_cat_accuracy": 0.9195652173913044,
    "average_goal_accuracy": 0.895812324929972,
    "average_noncat_accuracy": 0.8654502369668247,