{
  "#ALL_SERVICES": {
    "active_intent_accuracy": 0.8998993963782697,
    "average_cat_accuracy": 0.6880098887515451,
    "average_goal_accuracy": 0.8128405735153572,
    "average_noncat_accuracy": 0.8604549523253553,
    "joint_cat_accuracy": 0.6919238588061356,
    "joint_goal_accuracy": 0.5001408563044937,
    "joint_noncat_accuracy": 0.6229255575117371,
    "requested_slots_f1": 0.9385926671137939,
    "requested_slots_precision": 0.9833724569640062,
    "requested_slots_recall": 0.9412307176391683
  },
  "#SEEN_SERVICES": {
    "active_intent_accuracy": 0.978422117329737,
    "average_cat_accuracy": 0.8829207535419586,
    "average_goal_accuracy": 0.8891213849642421,
    "average_noncat_accuracy": 0.9121107079195314,
    "joint_cat_accuracy": 0.8811213626685592,
    "joint_goal_accuracy": 0.7264995505731624,
    "joint_noncat_accuracy": 0.8271591857720837,
    "requested_slots_f1": 0.970712519667341,
    "requested_slots_precision": 0.991795909193077,
    "requested_slots_recall": 0.973701955495617
  },
  "#UNSEEN_SERVICES": {
    "active_intent_accuracy": 0.8222148098732488,
    "average_cat_accuracy": 0.46883753501400566,
    "average_goal_accuracy": 0.7357407529839036,
    "average_noncat_accuracy": 0.806811648816607,
    "joint_cat_accuracy": 0.4863092942537601,
    "joint_goal_accuracy": 0.27619826551034027,
    "joint_noncat_accuracy": 0.4208718745830554,
    "requested_slots_f1": 0.9068156548810318,
    "requested_slots_precision": 0.9750389148321104,
    "requested_slots_recall": 0.9091060707138092
  },
  "Alarm_1": {
    "active_intent_accuracy": 0.777292576419214,
    "average_goal_accuracy": 0.6604545454545455,
    "average_noncat_accuracy": 0.6604545454545455,
    "joint_goal_accuracy": 0.505938864628821,
    "joint_noncat_accuracy": 0.505938864628821,
    "requested_slots_f1": 1.0,
    "requested_slots_precision": 1.0,
    "requested_slots_recall": 1.0
  },
  "Banks_2": {
    "active_intent_accuracy": 0.9628482972136223,
    "average_cat_accuracy": 0.9102990033222591,
    "average_goal_accuracy": 0.8388012181616833,
    "average_noncat_accuracy": 0.6507692307692308,
    "joint_cat_accuracy": 0.8575851393188855,
    "joint_goal_accuracy": 0.5775541795665635,
    "joint_noncat_accuracy": 0.6157275541795666,
    "requested_slots_f1": 0.9009287925696594,
    "requested_slots_precision": 1.0,
    "requested_slots_recall": 0.9009287925696594
  },
  "Buses_1": {
    "active_intent_accuracy": 0.9893899204244032,
    "average_cat_accuracy": 1.0,
    "average_goal_accuracy": 0.978675165250236,
    "average_noncat_accuracy": 0.9748642857142856,
    "joint_cat_accuracy": 1.0,
    "joint_goal_accuracy": 0.933580901856764,
    "joint_noncat_accuracy": 0.933580901856764,
    "requested_slots_f1": 0.9602122015915119,
    "requested_slots_precision": 0.9814323607427056,
    "requested_slots_recall": 0.9615384615384616
  },
  "Events_1": {
    "active_intent_accuracy": 0.9424184261036468,
    "average_cat_accuracy": 0.9932432432432432,
    "average_goal_accuracy": 0.9025643702157273,
    "average_noncat_accuracy": 0.8581133762517882,
    "joint_cat_accuracy": 0.9865642994241842,
    "joint_goal_accuracy": 0.6208829174664108,
    "joint_noncat_accuracy": 0.6285604606525912,
    "requested_slots_f1": 0.9776071657069737,
    "requested_slots_precision": 0.9942418426103646,
    "requested_slots_recall": 0.982725527831094
  },
  "Flights_3": {
    "active_intent_accuracy": 0.855973813420622,
    "average_cat_accuracy": 0.6825396825396827,
    "average_goal_accuracy": 0.7920198202737885,
    "average_noncat_accuracy": 0.8497003745318352,
    "joint_cat_accuracy": 0.4909983633387889,
    "joint_goal_accuracy": 0.26654729950900163,
    "joint_noncat_accuracy": 0.5316500818330606,
    "requested_slots_f1": 0.8805237315875614,
    "requested_slots_precision": 1.0,
    "requested_slots_recall": 0.8805237315875614
  },
  "Homes_1": {
    "active_intent_accuracy": 0.9914821124361158,
    "average_cat_accuracy": 0.9951923076923077,
    "average_goal_accuracy": 0.9792691009239517,
    "average_noncat_accuracy": 0.9688745019920318,
    "joint_cat_accuracy": 0.969335604770017,
    "joint_goal_accuracy": 0.916984667802385,
    "joint_noncat_accuracy": 0.9442419080068143,
    "requested_slots_f1": 0.9948892674616695,
    "requested_slots_precision": 0.9948892674616695,
    "requested_slots_recall": 1.0
  },
  "Hotels_1": {
    "active_intent_accuracy": 0.9713261648745519,
    "average_cat_accuracy": 0.8348982785602505,
    "average_goal_accuracy": 0.9424399350649351,
    "average_noncat_accuracy": 0.9963823529411764,
    "joint_cat_accuracy": 0.7526881720430108,
    "joint_goal_accuracy": 0.7526881720430108,
    "joint_noncat_accuracy": 0.9872759856630824,
    "requested_slots_f1": 0.9808841099163679,
    "requested_slots_precision": 0.996415770609319,
    "requested_slots_recall": 0.978494623655914
  },
  "Hotels_4": {
    "active_intent_accuracy": 0.95,
    "average_cat_accuracy": 0.742283950617284,
    "average_goal_accuracy": 0.8171804886748708,
    "average_noncat_accuracy": 0.8581666666666666,
    "joint_cat_accuracy": 0.46785714285714286,
    "joint_goal_accuracy": 0.09721428571428571,
    "joint_noncat_accuracy": 0.18353571428571427,
    "requested_slots_f1": 0.9299999999999999,
    "requested_slots_precision": 0.944047619047619,
    "requested_slots_recall": 0.9392857142857143
  },
  "Media_2": {
    "active_intent_accuracy": 0.9301587301587302,
    "average_cat_accuracy": 0.0,
    "average_goal_accuracy": 0.6870750286368843,
    "average_noncat_accuracy": 0.810171821305842,
    "joint_cat_accuracy": 0.4666666666666667,
    "joint_goal_accuracy": 0.19621079365079364,
    "joint_noncat_accuracy": 0.20032285714285716,
    "requested_slots_f1": 0.9243386243386242,
    "requested_slots_precision": 0.9333333333333333,
    "requested_slots_recall": 0.9317460317460318
  },
  "Movies_2": {
    "active_intent_accuracy": 0.9431818181818182,
    "average_goal_accuracy": 0.6722589531680441,
    "average_noncat_accuracy": 0.6722589531680441,
    "joint_goal_accuracy": 0.3231681818181818,
    "joint_noncat_accuracy": 0.3231681818181818,
    "requested_slots_f1": 0.8926136363636363,
    "requested_slots_precision": 0.9479166666666665,
    "requested_slots_recall": 0.8948863636363636
  },
  "Music_1": {
    "active_intent_accuracy": 0.9595141700404858,
    "average_cat_accuracy": 0.696078431372549,
    "average_goal_accuracy": 0.8247551342812005,
    "average_noncat_accuracy": 0.9036029411764707,
    "joint_cat_accuracy": 0.7408906882591093,
    "joint_goal_accuracy": 0.63834008097166,
    "joint_noncat_accuracy": 0.8691093117408908,
    "requested_slots_f1": 0.9905533063427799,
    "requested_slots_precision": 0.9959514170040485,
    "requested_slots_recall": 0.9919028340080972
  },
  "RentalCars_1": {
    "active_intent_accuracy": 0.9939024390243902,
    "average_cat_accuracy": 0.8564102564102564,
    "average_goal_accuracy": 0.9038943355119826,
    "average_noncat_accuracy": 0.9045230263157895,
    "joint_cat_accuracy": 0.8871951219512195,
    "joint_goal_accuracy": 0.6125776432926828,
    "joint_noncat_accuracy": 0.6781766615853658,
    "requested_slots_f1": 0.9939024390243902,
    "requested_slots_precision": 0.9969512195121951,
    "requested_slots_recall": 0.9969512195121951
  },
  "Restaurants_2": {
    "active_intent_accuracy": 0.6889952153110048,
    "average_cat_accuracy": 0.4005602240896359,
    "average_goal_accuracy": 0.7548697226313205,
    "average_noncat_accuracy": 0.8186018998272884,
    "joint_cat_accuracy": 0.5933014354066986,
    "joint_goal_accuracy": 0.2916555023923445,
    "joint_noncat_accuracy": 0.3707897926634769,
    "requested_slots_f1": 0.901063264221159,
    "requested_slots_precision": 0.9537480063795853,
    "requested_slots_recall": 0.9082934609250398
  },
  "RideSharing_1": {
    "active_intent_accuracy": 1.0,
    "average_cat_accuracy": 0.9956521739130435,
    "average_goal_accuracy": 0.9493977591036414,