{
  "#ALL_SERVICES": {
    "active_intent_accuracy": 0.9512072434607646,
    "average_cat_accuracy": 0.6990729295426452,
    "average_goal_accuracy": 0.8070216920500477,
    "average_noncat_accuracy": 0.8435248102743724,
    "joint_cat_accuracy": 0.7048604694141564,
    "joint_goal_accuracy": 0.4898182595573441,
    "joint_noncat_accuracy": 0.615266331321261,
    "requested_slots_f1": 0.9396098815112899,
    "requested_slots_precision": 0.9855382293762576,
    "requested_slots_recall": 0.9416498993963782
  },
  "#SEEN_SERVICES": {
    "active_intent_accuracy": 0.9841537424140256,
    "average_cat_accuracy": 0.8675073952981472,
    "average_goal_accuracy": 0.8544582592011164,
    "average_noncat_accuracy": 0.8634017697988285,
    "joint_cat_accuracy": 0.8679914833215047,
    "joint_goal_accuracy": 0.6464757923128793,
    "joint_noncat_accuracy": 0.7306699932569116,
    "requested_slots_f1": 0.9719599910092155,
    "requested_slots_precision": 0.9954484153742414,
    "requested_slots_recall": 0.9731962238705327
  },
  "#UNSEEN_SERVICES": {
    "active_intent_accuracy": 0.9186124082721815,
    "average_cat_accuracy": 0.5096726190476191,
    "average_goal_accuracy": 0.7590758096648508,
    "average_noncat_accuracy": 0.8228830490546081,
    "joint_cat_accuracy": 0.5275742383339761,
    "joint_goal_accuracy": 0.3348328552368246,
    "joint_noncat_accuracy": 0.5010944629753169,
    "requested_slots_f1": 0.9076050700466978,
    "requested_slots_precision": 0.9757338225483656,
    "requested_slots_recall": 0.9104402935290193
  },
  "Alarm_1": {
    "active_intent_accuracy": 0.8122270742358079,
    "average_goal_accuracy": 0.6923701298701299,
    "average_noncat_accuracy": 0.6923701298701299,
    "joint_goal_accuracy": 0.4815860262008733,
    "joint_noncat_accuracy": 0.4815860262008733,
    "requested_slots_f1": 1.0,
    "requested_slots_precision": 1.0,
    "requested_slots_recall": 1.0
  },
  "Banks_2": {
    "active_intent_accuracy": 0.9845201238390093,
    "average_cat_accuracy": 0.925249169435216,
    "average_goal_accuracy": 0.8480066445182723,
    "average_noncat_accuracy": 0.6346153846153846,
    "joint_cat_accuracy": 0.8606811145510835,
    "joint_goal_accuracy": 0.5789473684210527,
    "joint_noncat_accuracy": 0.6470588235294118,
    "requested_slots_f1": 0.9009287925696594,
    "requested_slots_precision": 1.0,
    "requested_slots_recall": 0.9009287925696594
  },
  "Buses_1": {
    "active_intent_accuracy": 0.9920424403183024,
    "average_cat_accuracy": 0.972,
    "average_goal_accuracy": 0.9332440982058546,
    "average_noncat_accuracy": 0.9243166666666667,
    "joint_cat_accuracy": 0.9814323607427056,
    "joint_goal_accuracy": 0.73815649867374,
    "joint_noncat_accuracy": 0.7461140583554375,
    "requested_slots_f1": 0.9540229885057472,
    "requested_slots_precision": 0.9907161803713528,
    "requested_slots_recall": 0.9562334217506632
  },
  "Events_1": {
    "active_intent_accuracy": 0.9673704414587332,
    "average_cat_accuracy": 1.0,
    "average_goal_accuracy": 0.8965368823938762,
    "average_noncat_accuracy": 0.8456366237482117,
    "joint_cat_accuracy": 1.0,
    "joint_goal_accuracy": 0.6969865642994242,
    "joint_noncat_accuracy": 0.6969865642994242,
    "requested_slots_f1": 0.982725527831094,
    "requested_slots_precision": 0.9980806142034548,
    "requested_slots_recall": 0.9836852207293666
  },
  "Flights_3": {
    "active_intent_accuracy": 0.9067103109656302,
    "average_cat_accuracy": 0.6188672438672438,
    "average_goal_accuracy": 0.83151431930797,
    "average_noncat_accuracy": 0.9288295880149812,
    "joint_cat_accuracy": 0.48117839607201307,
    "joint_goal_accuracy": 0.38250474631751225,
    "joint_noncat_accuracy": 0.7878612111292962,
    "requested_slots_f1": 0.8805237315875614,
    "requested_slots_precision": 1.0,
    "requested_slots_recall": 0.8805237315875614
  },
  "Homes_1": {
    "active_intent_accuracy": 0.989778534923339,
    "average_cat_accuracy": 0.9778846153846154,
    "average_goal_accuracy": 0.9332933546552948,
    "average_noncat_accuracy": 0.9033864541832669,
    "joint_cat_accuracy": 0.9540034071550255,
    "joint_goal_accuracy": 0.7700170357751278,
    "joint_noncat_accuracy": 0.787052810902896,
    "requested_slots_f1": 0.9960249858035206,
    "requested_slots_precision": 0.9974446337308348,
    "requested_slots_recall": 0.9982964224872232
  },
  "Hotels_1": {
    "active_intent_accuracy": 0.9713261648745519,
    "average_cat_accuracy": 0.8043818466353678,
    "average_goal_accuracy": 0.8466810966810967,
    "average_noncat_accuracy": 0.8754901960784314,
    "joint_cat_accuracy": 0.7096774193548387,
    "joint_goal_accuracy": 0.48028673835125446,
    "joint_noncat_accuracy": 0.6344086021505376,
    "requested_slots_f1": 0.9946236559139785,
    "requested_slots_precision": 0.9946236559139785,
    "requested_slots_recall": 0.9946236559139785
  },
  "Hotels_4": {
    "active_intent_accuracy": 0.975,
    "average_cat_accuracy": 0.8240740740740741,
    "average_goal_accuracy": 0.7582530765115034,
    "average_noncat_accuracy": 0.7296470588235293,
    "joint_cat_accuracy": 0.48928571428571427,
    "joint_goal_accuracy": 0.08764285714285713,
    "joint_noncat_accuracy": 0.1648842857142857,
    "requested_slots_f1": 0.9341666666666668,
    "requested_slots_precision": 0.9541666666666665,
    "requested_slots_recall": 0.9410714285714286
  },
  "Media_2": {
    "active_intent_accuracy": 0.926984126984127,
    "average_cat_accuracy": 0.08484848484848485,
    "average_goal_accuracy": 0.7632325315005728,
    "average_noncat_accuracy": 0.8895017182130586,
    "joint_cat_accuracy": 0.5206349206349207,
    "joint_goal_accuracy": 0.2012742857142857,
    "joint_noncat_accuracy": 0.2428146031746032,
    "requested_slots_f1": 0.9148148148148147,
    "requested_slots_precision": 0.9396825396825397,
    "requested_slots_recall": 0.919047619047619
  },
  "Movies_2": {
    "active_intent_accuracy": 0.9886363636363636,
    "average_goal_accuracy": 0.7267906336088155,
    "average_noncat_accuracy": 0.7267906336088155,
    "joint_goal_accuracy": 0.39588806818181815,
    "joint_noncat_accuracy": 0.39588806818181815,
    "requested_slots_f1": 0.9053030303030302,
    "requested_slots_precision": 0.9441287878787878,
    "requested_slots_recall": 0.9176136363636364
  },
  "Music_1": {
    "active_intent_accuracy": 0.9757085020242915,
    "average_cat_accuracy": 0.6895424836601307,
    "average_goal_accuracy": 0.7091232227488151,
    "average_noncat_accuracy": 0.72078431372549,
    "joint_cat_accuracy": 0.7408906882591093,
    "joint_goal_accuracy": 0.4939271255060729,
    "joint_noncat_accuracy": 0.6834817813765184,
    "requested_slots_f1": 1.0,
    "requested_slots_precision": 1.0,
    "requested_slots_recall": 1.0
  },
  "RentalCars_1": {
    "active_intent_accuracy": 0.9908536585365854,
    "average_cat_accuracy": 0.8358974358974359,
    "average_goal_accuracy": 0.9010588235294117,
    "average_noncat_accuracy": 0.9040076754385965,
    "joint_cat_accuracy": 0.8719512195121951,
    "joint_goal_accuracy": 0.5971006097560976,
    "joint_noncat_accuracy": 0.6367347560975609,
    "requested_slots_f1": 0.9939024390243902,
    "requested_slots_precision": 0.9969512195121951,
    "requested_slots_recall": 0.9969512195121951
  },
  "Restaurants_2": {
    "active_intent_accuracy": 0.8947368421052632,
    "average_cat_accuracy": 0.37254901960784315,
    "average_goal_accuracy": 0.7283225740468008,
    "average_noncat_accuracy": 0.7909870466321243,
    "joint_cat_accuracy": 0.6060606060606061,
    "joint_goal_accuracy": 0.3448446570972887,
    "joint_noncat_accuracy": 0.426319298245614,
    "requested_slots_f1": 0.9031366294524189,
    "requested_slots_precision": 0.9504253056884635,
    "requested_slots_recall": 0.9130781499202552
  },
  "RideSharing_1": {
    "active_intent_accuracy": 1.0,
    "average_cat_accuracy": 0.9652173913043478,
    "average_goal_accuracy": 0.9161904761904762,