{
  "#ALL_SERVICES": {
    "active_intent_accuracy": 0.9538900067069082,
    "average_cat_accuracy": 0.6865265760197775,
    "average_goal_accuracy": 0.7620599753618995,
    "average_noncat_accuracy": 0.7898995913601867,
    "joint_cat_accuracy": 0.6935871373128811,
    "joint_goal_accuracy": 0.4162715606975184,
    "joint_noncat_accuracy": 0.5473949962441315,
    "requested_slots_f1": 0.9280851777330651,
    "requested_slots_precision": 0.9787894030851777,
    "requested_slots_recall": 0.9304996646545942
  },
  "#SEEN_SERVICES": {
    "active_intent_accuracy": 0.987862440997977,
    "average_cat_accuracy": 0.8661840261560019,
    "average_goal_accuracy": 0.8400082068724926,
    "average_noncat_accuracy": 0.8559169213139801,
    "joint_cat_accuracy": 0.8534421575585521,
    "joint_goal_accuracy": 0.5771150370869859,
    "joint_noncat_accuracy": 0.6845544167228591,
    "requested_slots_f1": 0.9616430658574961,
    "requested_slots_precision": 0.9871881321645314,
    "requested_slots_recall": 0.965104517869184
  },
  "#UNSEEN_SERVICES": {
    "active_intent_accuracy": 0.9202801867911942,
    "average_cat_accuracy": 0.4845063025210084,
    "average_goal_accuracy": 0.6832748320727772,
    "average_noncat_accuracy": 0.7213421261404205,
    "joint_cat_accuracy": 0.5198611646741227,
    "joint_goal_accuracy": 0.2571448925950634,
    "joint_noncat_accuracy": 0.4116995855903936,
    "requested_slots_f1": 0.8948854792083611,
    "requested_slots_precision": 0.9704803202134756,
    "requested_slots_recall": 0.8962641761174116
  },
  "Alarm_1": {
    "active_intent_accuracy": 0.8165938864628821,
    "average_goal_accuracy": 0.7881818181818182,
    "average_noncat_accuracy": 0.7881818181818182,
    "joint_goal_accuracy": 0.6285589519650655,
    "joint_noncat_accuracy": 0.6285589519650655,
    "requested_slots_f1": 1.0,
    "requested_slots_precision": 1.0,
    "requested_slots_recall": 1.0
  },
  "Banks_2": {
    "active_intent_accuracy": 0.9907120743034056,
    "average_cat_accuracy": 0.9568106312292359,
    "average_goal_accuracy": 0.7646899224806202,
    "average_noncat_accuracy": 0.3132417582417582,
    "joint_cat_accuracy": 0.9195046439628483,
    "joint_goal_accuracy": 0.4623529411764706,
    "joint_noncat_accuracy": 0.46445820433436524,
    "requested_slots_f1": 0.9009287925696594,
    "requested_slots_precision": 1.0,
    "requested_slots_recall": 0.9009287925696594
  },
  "Buses_1": {
    "active_intent_accuracy": 0.9893899204244032,
    "average_cat_accuracy": 1.0,
    "average_goal_accuracy": 0.7958550519357884,
    "average_noncat_accuracy": 0.7513761904761905,
    "joint_cat_accuracy": 0.9973474801061007,
    "joint_goal_accuracy": 0.3704925729442971,
    "joint_noncat_accuracy": 0.3731450928381963,
    "requested_slots_f1": 0.980548187444739,
    "requested_slots_precision": 0.9708222811671088,
    "requested_slots_recall": 1.0
  },
  "Events_1": {
    "active_intent_accuracy": 0.9942418426103646,
    "average_cat_accuracy": 0.9673423423423423,
    "average_goal_accuracy": 0.8900135699373696,
    "average_noncat_accuracy": 0.8498837625178826,
    "joint_cat_accuracy": 0.9673704414587332,
    "joint_goal_accuracy": 0.6045297504798465,
    "joint_noncat_accuracy": 0.6249904030710173,
    "requested_slots_f1": 0.982085732565579,
    "requested_slots_precision": 0.9990403071017274,
    "requested_slots_recall": 0.9798464491362764
  },
  "Flights_3": {
    "active_intent_accuracy": 0.9018003273322422,
    "average_cat_accuracy": 0.6875901875901875,
    "average_goal_accuracy": 0.7639362139917696,
    "average_noncat_accuracy": 0.8059675405742821,
    "joint_cat_accuracy": 0.47299509001636664,
    "joint_goal_accuracy": 0.22181669394435352,
    "joint_noncat_accuracy": 0.4598090016366613,
    "requested_slots_f1": 0.8805237315875614,
    "requested_slots_precision": 1.0,
    "requested_slots_recall": 0.8805237315875614
  },
  "Homes_1": {
    "active_intent_accuracy": 0.989778534923339,
    "average_cat_accuracy": 0.9490384615384615,
    "average_goal_accuracy": 0.9362977967306325,
    "average_noncat_accuracy": 0.9373738379814076,
    "joint_cat_accuracy": 0.9028960817717206,
    "joint_goal_accuracy": 0.7866950596252129,
    "joint_noncat_accuracy": 0.8548381601362861,
    "requested_slots_f1": 0.9938671209540035,
    "requested_slots_precision": 0.9948892674616695,
    "requested_slots_recall": 0.9982964224872232
  },
  "Hotels_1": {
    "active_intent_accuracy": 0.982078853046595,
    "average_cat_accuracy": 0.812206572769953,
    "average_goal_accuracy": 0.8994044913419914,
    "average_noncat_accuracy": 0.9434967320261437,
    "joint_cat_accuracy": 0.7383512544802867,
    "joint_goal_accuracy": 0.6223655913978494,
    "joint_noncat_accuracy": 0.8178681003584227,
    "requested_slots_f1": 0.9097968936678614,
    "requested_slots_precision": 0.9659498207885304,
    "requested_slots_recall": 0.9032258064516129
  },
  "Hotels_4": {
    "active_intent_accuracy": 0.9928571428571429,
    "average_cat_accuracy": 0.73070987654321,
    "average_goal_accuracy": 0.6473154093097914,
    "average_noncat_accuracy": 0.613921568627451,
    "joint_cat_accuracy": 0.65,
    "joint_goal_accuracy": 0.10201550000000001,
    "joint_noncat_accuracy": 0.12827764285714283,
    "requested_slots_f1": 0.9109523809523812,
    "requested_slots_precision": 0.9130952380952381,
    "requested_slots_recall": 0.9339285714285714
  },
  "Media_2": {
    "active_intent_accuracy": 0.926984126984127,
    "average_cat_accuracy": 0.12727272727272726,
    "average_goal_accuracy": 0.4610607101947308,
    "average_noncat_accuracy": 0.5328121420389462,
    "joint_cat_accuracy": 0.5428571428571428,
    "joint_goal_accuracy": 0.0767480888888889,
    "joint_noncat_accuracy": 0.08245402412698412,
    "requested_slots_f1": 0.8857142857142857,
    "requested_slots_precision": 0.9047619047619048,
    "requested_slots_recall": 0.8857142857142857
  },
  "Movies_2": {
    "active_intent_accuracy": 0.9886363636363636,
    "average_goal_accuracy": 0.7119421487603305,
    "average_noncat_accuracy": 0.7119421487603305,
    "joint_goal_accuracy": 0.3452636363636364,
    "joint_noncat_accuracy": 0.3452636363636364,
    "requested_slots_f1": 0.887310606060606,
    "requested_slots_precision": 0.918560606060606,
    "requested_slots_recall": 0.8920454545454546
  },
  "Music_1": {
    "active_intent_accuracy": 0.9554655870445344,
    "average_cat_accuracy": 0.7352941176470589,
    "average_goal_accuracy": 0.8121303317535545,
    "average_noncat_accuracy": 0.8737745098039216,
    "joint_cat_accuracy": 0.6882591093117408,
    "joint_goal_accuracy": 0.5698785425101214,
    "joint_noncat_accuracy": 0.8335222672064777,
    "requested_slots_f1": 0.9770580296896085,
    "requested_slots_precision": 0.9878542510121457,
    "requested_slots_recall": 0.979757085020243
  },
  "RentalCars_1": {
    "active_intent_accuracy": 0.9908536585365854,
    "average_cat_accuracy": 0.882051282051282,
    "average_goal_accuracy": 0.841139433551198,
    "average_noncat_accuracy": 0.8308377192982456,
    "joint_cat_accuracy": 0.8841463414634146,
    "joint_goal_accuracy": 0.3691728658536585,
    "joint_noncat_accuracy": 0.3974960365853658,
    "requested_slots_f1": 0.9664634146341463,
    "requested_slots_precision": 0.9969512195121951,
    "requested_slots_recall": 0.9695121951219512
  },
  "Restaurants_2": {
    "active_intent_accuracy": 0.9330143540669856,
    "average_cat_accuracy": 0.3865546218487395,
    "average_goal_accuracy": 0.6944423375879561,
    "average_noncat_accuracy": 0.7503169257340242,
    "joint_cat_accuracy": 0.5980861244019139,
    "joint_goal_accuracy": 0.3103732057416268,
    "joint_noncat_accuracy": 0.39022647527910687,
    "requested_slots_f1": 0.8776714513556618,
    "requested_slots_precision": 0.968367889420521,
    "requested_slots_recall": 0.8763955342902712
  },
  "RideSharing_1": {
    "active_intent_accuracy": 1.0,
    "average_cat_accuracy": 0.9739130434782609,