{
  "#ALL_SERVICES": {
    "active_intent_accuracy": 0.880784708249497,
    "average_cat_accuracy": 0.6813143798928718,
    "average_goal_accuracy": 0.7301082520100657,
    "average_noncat_accuracy": 0.7499671142245573,
    "joint_cat_accuracy": 0.6741822214008502,
    "joint_goal_accuracy": 0.4018124684775318,
    "joint_noncat_accuracy": 0.49895626794097925,
    "requested_slots_f1": 0.9197909680304046,
    "requested_slots_precision": 0.9902190923317684,
    "requested_slots_recall": 0.9208584842387659
  },
  "#SEEN_SERVICES": {
    "active_intent_accuracy": 0.9416722859069454,
    "average_cat_accuracy": 0.8703098240697493,
    "average_goal_accuracy": 0.8300476626548055,
    "average_noncat_accuracy": 0.8357930353959765,
    "joint_cat_accuracy": 0.8591199432221434,
    "joint_goal_accuracy": 0.5714023937963588,
    "joint_noncat_accuracy": 0.6767076534052596,
    "requested_slots_f1": 0.9534726904922455,
    "requested_slots_precision": 0.9912339851652057,
    "requested_slots_recall": 0.9539784221173297
  },
  "#UNSEEN_SERVICES": {
    "active_intent_accuracy": 0.8205470313542361,
    "average_cat_accuracy": 0.4687937675070028,
    "average_goal_accuracy": 0.6290958154828018,
    "average_noncat_accuracy": 0.6608388866851778,
    "joint_cat_accuracy": 0.47319706903200925,
    "joint_goal_accuracy": 0.23403270913942628,
    "joint_noncat_accuracy": 0.323102162108072,
    "requested_slots_f1": 0.8864687569490771,
    "requested_slots_precision": 0.9892150322437181,
    "requested_slots_recall": 0.8880920613742495
  },
  "Alarm_1": {
    "active_intent_accuracy": 0.7947598253275109,
    "average_goal_accuracy": 0.6885714285714286,
    "average_noncat_accuracy": 0.6885714285714286,
    "joint_goal_accuracy": 0.5963318777292577,
    "joint_noncat_accuracy": 0.5963318777292577,
    "requested_slots_f1": 1.0,
    "requested_slots_precision": 1.0,
    "requested_slots_recall": 1.0
  },
  "Banks_2": {
    "active_intent_accuracy": 0.9752321981424149,
    "average_cat_accuracy": 0.9368770764119602,
    "average_goal_accuracy": 0.7682724252491694,
    "average_noncat_accuracy": 0.3598901098901099,
    "joint_cat_accuracy": 0.8730650154798761,
    "joint_goal_accuracy": 0.49226006191950467,
    "joint_noncat_accuracy": 0.5201238390092879,
    "requested_slots_f1": 0.9009287925696594,
    "requested_slots_precision": 1.0,
    "requested_slots_recall": 0.9009287925696594
  },
  "Buses_1": {
    "active_intent_accuracy": 0.9893899204244032,
    "average_cat_accuracy": 1.0,
    "average_goal_accuracy": 0.8535514636449482,
    "average_noncat_accuracy": 0.8220976190476191,
    "joint_cat_accuracy": 1.0,
    "joint_goal_accuracy": 0.5247986737400531,
    "joint_noncat_accuracy": 0.5247986737400531,
    "requested_slots_f1": 0.9770114942528735,
    "requested_slots_precision": 0.9694960212201591,
    "requested_slots_recall": 0.9920424403183024
  },
  "Events_1": {
    "active_intent_accuracy": 0.744721689059501,
    "average_cat_accuracy": 0.9853603603603603,
    "average_goal_accuracy": 0.8432825330549757,
    "average_noncat_accuracy": 0.7752503576537911,
    "joint_cat_accuracy": 0.9769673704414588,
    "joint_goal_accuracy": 0.4961612284069098,
    "joint_noncat_accuracy": 0.5057581573896354,
    "requested_slots_f1": 0.9680102367242482,
    "requested_slots_precision": 1.0,
    "requested_slots_recall": 0.9644913627639156
  },
  "Flights_3": {
    "active_intent_accuracy": 0.8346972176759411,
    "average_cat_accuracy": 0.5993867243867245,
    "average_goal_accuracy": 0.7335755647938188,
    "average_noncat_accuracy": 0.7958629837702872,
    "joint_cat_accuracy": 0.44680851063829785,
    "joint_goal_accuracy": 0.21268412438625203,
    "joint_noncat_accuracy": 0.4422104746317513,
    "requested_slots_f1": 0.8805237315875614,
    "requested_slots_precision": 1.0,
    "requested_slots_recall": 0.8805237315875614
  },
  "Homes_1": {
    "active_intent_accuracy": 0.9829642248722317,
    "average_cat_accuracy": 0.975,
    "average_goal_accuracy": 0.953474591329069,
    "average_noncat_accuracy": 0.945527888446215,
    "joint_cat_accuracy": 0.9522998296422487,
    "joint_goal_accuracy": 0.8348040885860306,
    "joint_noncat_accuracy": 0.8637649063032368,
    "requested_slots_f1": 0.9937535491198182,
    "requested_slots_precision": 0.9982964224872232,
    "requested_slots_recall": 0.9931856899488927
  },
  "Hotels_1": {
    "active_intent_accuracy": 0.96415770609319,
    "average_cat_accuracy": 0.8161189358372457,
    "average_goal_accuracy": 0.9254289321789322,
    "average_noncat_accuracy": 0.9767156862745098,
    "joint_cat_accuracy": 0.6344086021505376,
    "joint_goal_accuracy": 0.5962724014336918,
    "joint_noncat_accuracy": 0.9146594982078853,
    "requested_slots_f1": 0.8805256869772999,
    "requested_slots_precision": 0.978494623655914,
    "requested_slots_recall": 0.8745519713261649
  },
  "Hotels_4": {
    "active_intent_accuracy": 0.9035714285714286,
    "average_cat_accuracy": 0.8495370370370371,
    "average_goal_accuracy": 0.7576285892634207,
    "average_noncat_accuracy": 0.7159901960784313,
    "joint_cat_accuracy": 0.4107142857142857,
    "joint_goal_accuracy": 0.06626214285714285,
    "joint_noncat_accuracy": 0.11533185714285712,
    "requested_slots_f1": 0.9171428571428571,
    "requested_slots_precision": 0.9416666666666665,
    "requested_slots_recall": 0.9321428571428572
  },
  "Media_2": {
    "active_intent_accuracy": 0.8793650793650793,
    "average_cat_accuracy": 0.0,
    "average_goal_accuracy": 0.3210939289805269,
    "average_noncat_accuracy": 0.3903694158075601,
    "joint_cat_accuracy": 0.47619047619047616,
    "joint_goal_accuracy": 0.07301587301587302,
    "joint_noncat_accuracy": 0.07301587301587302,
    "requested_slots_f1": 0.8857142857142857,
    "requested_slots_precision": 0.9936507936507937,
    "requested_slots_recall": 0.8857142857142857
  },
  "Movies_2": {
    "active_intent_accuracy": 0.9829545454545454,
    "average_goal_accuracy": 0.4549862258953168,
    "average_noncat_accuracy": 0.4549862258953168,
    "joint_goal_accuracy": 0.3180369318181818,
    "joint_noncat_accuracy": 0.3180369318181818,
    "requested_slots_f1": 0.8636363636363636,
    "requested_slots_precision": 0.9829545454545454,
    "requested_slots_recall": 0.8636363636363636
  },
  "Music_1": {
    "active_intent_accuracy": 0.9635627530364372,
    "average_cat_accuracy": 0.6633986928104575,
    "average_goal_accuracy": 0.7404510268562401,
    "average_noncat_accuracy": 0.7881372549019607,
    "joint_cat_accuracy": 0.7125506072874493,
    "joint_goal_accuracy": 0.5623481781376517,
    "joint_noncat_accuracy": 0.7409716599190282,
    "requested_slots_f1": 0.9757085020242915,
    "requested_slots_precision": 1.0,
    "requested_slots_recall": 0.97165991902834
  },
  "RentalCars_1": {
    "active_intent_accuracy": 0.9878048780487805,
    "average_cat_accuracy": 0.841025641025641,
    "average_goal_accuracy": 0.8156535947712418,
    "average_noncat_accuracy": 0.8044665570175438,
    "joint_cat_accuracy": 0.8780487804878049,
    "joint_goal_accuracy": 0.36805,
    "joint_noncat_accuracy": 0.42940792682926826,
    "requested_slots_f1": 0.9634146341463414,
    "requested_slots_precision": 1.0,
    "requested_slots_recall": 0.9634146341463414
  },
  "Restaurants_2": {
    "active_intent_accuracy": 0.6889952153110048,
    "average_cat_accuracy": 0.4206349206349206,
    "average_goal_accuracy": 0.6161118883979708,
    "average_noncat_accuracy": 0.6464994242947611,
    "joint_cat_accuracy": 0.594896331738437,
    "joint_goal_accuracy": 0.23698909409888358,
    "joint_noncat_accuracy": 0.25386309728867623,
    "requested_slots_f1": 0.8561935140882508,
    "requested_slots_precision": 0.9824561403508771,
    "requested_slots_recall": 0.8572567783094099
  },
  "RideSharing_1": {
    "active_intent_accuracy": 1.0,
    "average_cat_accuracy": 0.9804347826086957,
    "average_goal_accuracy": 0.9068627450980391,
    "average_noncat_accuracy": 0.7748815165876777,