{
  "#ALL_SERVICES": {
    "active_intent_accuracy": 0.9109657947686117,
    "average_cat_accuracy": 0.6513185002060156,
    "average_goal_accuracy": 0.7829182931320198,
    "average_noncat_accuracy": 0.8305781604722061,
    "joint_cat_accuracy": 0.6758454999075957,
    "joint_goal_accuracy": 0.43432588866532523,
    "joint_noncat_accuracy": 0.5470079979879275,
    "requested_slots_f1": 0.9277897543994125,
    "requested_slots_precision": 0.9846104404202995,
    "requested_slots_recall": 0.931841046277666
  },
  "#SEEN_SERVICES": {
    "active_intent_accuracy": 0.9588671611598112,
    "average_cat_accuracy": 0.8291296901759302,
    "average_goal_accuracy": 0.8391978632478634,
    "average_noncat_accuracy": 0.8538570155334861,
    "joint_cat_accuracy": 0.836763662171753,
    "joint_goal_accuracy": 0.5952138233310856,
    "joint_noncat_accuracy": 0.6859656776803776,
    "requested_slots_f1": 0.9596313778377162,
    "requested_slots_precision": 0.9903910991233985,
    "requested_slots_recall": 0.9640930546190155
  },
  "#UNSEEN_SERVICES": {
    "active_intent_accuracy": 0.8635757171447632,
    "average_cat_accuracy": 0.45137429971988796,
    "average_goal_accuracy": 0.7260344625447365,
    "average_noncat_accuracy": 0.8064036096786988,
    "joint_cat_accuracy": 0.5009641342074816,
    "joint_goal_accuracy": 0.2751552368245497,
    "joint_noncat_accuracy": 0.40953352234823215,
    "requested_slots_f1": 0.896288001524826,
    "requested_slots_precision": 0.9788914832110295,
    "requested_slots_recall": 0.8999332888592395
  },
  "Alarm_1": {
    "active_intent_accuracy": 0.7292576419213974,
    "average_goal_accuracy": 0.5953246753246753,
    "average_noncat_accuracy": 0.5953246753246753,
    "joint_goal_accuracy": 0.3936244541484717,
    "joint_noncat_accuracy": 0.3936244541484717,
    "requested_slots_f1": 1.0,
    "requested_slots_precision": 1.0,
    "requested_slots_recall": 1.0
  },
  "Banks_2": {
    "active_intent_accuracy": 0.9535603715170279,
    "average_cat_accuracy": 0.872093023255814,
    "average_goal_accuracy": 0.8054900332225914,
    "average_noncat_accuracy": 0.6165934065934066,
    "joint_cat_accuracy": 0.7987616099071208,
    "joint_goal_accuracy": 0.5648297213622291,
    "joint_noncat_accuracy": 0.6143653250773994,
    "requested_slots_f1": 0.9009287925696594,
    "requested_slots_precision": 1.0,
    "requested_slots_recall": 0.9009287925696594
  },
  "Buses_1": {
    "active_intent_accuracy": 0.9920424403183024,
    "average_cat_accuracy": 0.88,
    "average_goal_accuracy": 0.9054173748819642,
    "average_noncat_accuracy": 0.9044428571428572,
    "joint_cat_accuracy": 0.9204244031830239,
    "joint_goal_accuracy": 0.6931114058355438,
    "joint_noncat_accuracy": 0.7302466843501326,
    "requested_slots_f1": 0.967285587975243,
    "requested_slots_precision": 0.9748010610079576,
    "requested_slots_recall": 0.9814323607427056
  },
  "Events_1": {
    "active_intent_accuracy": 0.8157389635316699,
    "average_cat_accuracy": 1.0,
    "average_goal_accuracy": 0.8441840640222685,
    "average_noncat_accuracy": 0.7690754649499285,
    "joint_cat_accuracy": 0.9980806142034548,
    "joint_goal_accuracy": 0.5207293666026872,
    "joint_noncat_accuracy": 0.5207293666026872,
    "requested_slots_f1": 0.9500959692898272,
    "requested_slots_precision": 1.0,
    "requested_slots_recall": 0.9472168905950096
  },
  "Flights_3": {
    "active_intent_accuracy": 0.7741407528641571,
    "average_cat_accuracy": 0.5586219336219336,
    "average_goal_accuracy": 0.83473591164861,
    "average_noncat_accuracy": 0.960553995006242,
    "joint_cat_accuracy": 0.45171849427168576,
    "joint_goal_accuracy": 0.18014729950900163,
    "joint_noncat_accuracy": 0.33654304418985265,
    "requested_slots_f1": 0.8805237315875614,
    "requested_slots_precision": 1.0,
    "requested_slots_recall": 0.8805237315875614
  },
  "Homes_1": {
    "active_intent_accuracy": 0.9880749574105622,
    "average_cat_accuracy": 0.975,
    "average_goal_accuracy": 0.9286580490405117,
    "average_noncat_accuracy": 0.9006440903054449,
    "joint_cat_accuracy": 0.9557069846678024,
    "joint_goal_accuracy": 0.7624531516183987,
    "joint_noncat_accuracy": 0.7811925042589438,
    "requested_slots_f1": 0.9960249858035206,
    "requested_slots_precision": 0.995741056218058,
    "requested_slots_recall": 1.0
  },
  "Hotels_1": {
    "active_intent_accuracy": 0.978494623655914,
    "average_cat_accuracy": 0.6557120500782474,
    "average_goal_accuracy": 0.7908116883116884,
    "average_noncat_accuracy": 0.8747058823529412,
    "joint_cat_accuracy": 0.5770609318996416,
    "joint_goal_accuracy": 0.4050179211469534,
    "joint_noncat_accuracy": 0.6344086021505376,
    "requested_slots_f1": 0.9078853046594982,
    "requested_slots_precision": 0.9862604540023894,
    "requested_slots_recall": 0.9050179211469535
  },
  "Hotels_4": {
    "active_intent_accuracy": 0.9892857142857143,
    "average_cat_accuracy": 0.6095679012345678,
    "average_goal_accuracy": 0.7086334046727306,
    "average_noncat_accuracy": 0.7759542483660131,
    "joint_cat_accuracy": 0.45357142857142857,
    "joint_goal_accuracy": 0.12191464285714286,
    "joint_noncat_accuracy": 0.32259678571428574,
    "requested_slots_f1": 0.9174999999999999,
    "requested_slots_precision": 0.9193452380952379,
    "requested_slots_recall": 0.9446428571428571
  },
  "Media_2": {
    "active_intent_accuracy": 0.9047619047619048,
    "average_cat_accuracy": 0.1393939393939394,
    "average_goal_accuracy": 0.6752760595647194,
    "average_noncat_accuracy": 0.7764060710194731,
    "joint_cat_accuracy": 0.5492063492063493,
    "joint_goal_accuracy": 0.18555714285714286,
    "joint_noncat_accuracy": 0.18786603174603173,
    "requested_slots_f1": 0.9195767195767196,
    "requested_slots_precision": 0.9634920634920635,
    "requested_slots_recall": 0.9238095238095239
  },
  "Movies_2": {
    "active_intent_accuracy": 0.9886363636363636,
    "average_goal_accuracy": 0.6969146005509642,
    "average_noncat_accuracy": 0.6969146005509642,
    "joint_goal_accuracy": 0.37802329545454555,
    "joint_noncat_accuracy": 0.37802329545454555,
    "requested_slots_f1": 0.8731060606060607,
    "requested_slots_precision": 0.9545454545454546,
    "requested_slots_recall": 0.8721590909090909
  },
  "Music_1": {
    "active_intent_accuracy": 0.9838056680161943,
    "average_cat_accuracy": 0.6830065359477124,
    "average_goal_accuracy": 0.660172195892575,
    "average_noncat_accuracy": 0.6339705882352943,
    "joint_cat_accuracy": 0.7327935222672065,
    "joint_goal_accuracy": 0.4125506072874494,
    "joint_noncat_accuracy": 0.5174089068825911,
    "requested_slots_f1": 0.9784075573549257,
    "requested_slots_precision": 1.0,
    "requested_slots_recall": 0.9736842105263158
  },
  "RentalCars_1": {
    "active_intent_accuracy": 0.9908536585365854,
    "average_cat_accuracy": 0.7128205128205128,
    "average_goal_accuracy": 0.842954248366013,
    "average_noncat_accuracy": 0.8532735745614035,
    "joint_cat_accuracy": 0.7957317073170732,
    "joint_goal_accuracy": 0.43635365853658536,
    "joint_noncat_accuracy": 0.4691585365853658,
    "requested_slots_f1": 0.9939024390243902,
    "requested_slots_precision": 0.9969512195121951,
    "requested_slots_recall": 0.9969512195121951
  },
  "Restaurants_2": {
    "active_intent_accuracy": 0.7974481658692185,
    "average_cat_accuracy": 0.28898225957049484,
    "average_goal_accuracy": 0.68808196285387,
    "average_noncat_accuracy": 0.7557918825561312,
    "joint_cat_accuracy": 0.5582137161084529,
    "joint_goal_accuracy": 0.3097555023923445,
    "joint_noncat_accuracy": 0.38315263157894736,
    "requested_slots_f1": 0.8748082327029695,
    "requested_slots_precision": 0.966188197767145,
    "requested_slots_recall": 0.8803827751196173
  },
  "RideSharing_1": {
    "active_intent_accuracy": 1.0,
    "average_cat_accuracy": 0.9608695652173913,
    "average_goal_accuracy": 0.9429411764705882,