{
  "#ALL_SERVICES": {
    "active_intent_accuracy": 0.9428236083165661,
    "average_cat_accuracy": 0.711289658014009,
    "average_goal_accuracy": 0.7984640139060596,
    "average_noncat_accuracy": 0.8217474865408315,
    "joint_cat_accuracy": 0.7094806874884495,
    "joint_goal_accuracy": 0.465133953722334,
    "joint_noncat_accuracy": 0.5856057344064386,
    "requested_slots_f1": 0.9344287949921752,
    "requested_slots_precision": 0.9844902749832327,
    "requested_slots_recall": 0.9353621730382293
  },
  "#SEEN_SERVICES": {
    "active_intent_accuracy": 0.9733648010788941,
    "average_cat_accuracy": 0.8714775027245835,
    "average_goal_accuracy": 0.8432704430490144,
    "average_noncat_accuracy": 0.844032722179781,
    "joint_cat_accuracy": 0.8733144073811213,
    "joint_goal_accuracy": 0.6091763991908293,
    "joint_noncat_accuracy": 0.6845742414025624,
    "requested_slots_f1": 0.9667902899527984,
    "requested_slots_precision": 0.9922454484153742,
    "requested_slots_recall": 0.968981793661497
  },
  "#UNSEEN_SERVICES": {
    "active_intent_accuracy": 0.9126084056037358,
    "average_cat_accuracy": 0.5311624649859944,
    "average_goal_accuracy": 0.7531765087004813,
    "average_noncat_accuracy": 0.7986047864603993,
    "joint_cat_accuracy": 0.5314307751639028,
    "joint_goal_accuracy": 0.3226289859906604,
    "joint_noncat_accuracy": 0.487693595730487,
    "requested_slots_f1": 0.9024127195908384,
    "requested_slots_precision": 0.9768178785857238,
    "requested_slots_recall": 0.902101400933956
  },
  "Alarm_1": {
    "active_intent_accuracy": 0.7947598253275109,
    "average_goal_accuracy": 0.7432142857142856,
    "average_noncat_accuracy": 0.7432142857142856,
    "joint_goal_accuracy": 0.5216593886462882,
    "joint_noncat_accuracy": 0.5216593886462882,
    "requested_slots_f1": 1.0,
    "requested_slots_precision": 1.0,
    "requested_slots_recall": 1.0
  },
  "Banks_2": {
    "active_intent_accuracy": 0.9597523219814241,
    "average_cat_accuracy": 0.9501661129568106,
    "average_goal_accuracy": 0.7436323366555924,
    "average_noncat_accuracy": 0.260989010989011,
    "joint_cat_accuracy": 0.9102167182662538,
    "joint_goal_accuracy": 0.47368421052631576,
    "joint_noncat_accuracy": 0.47678018575851394,
    "requested_slots_f1": 0.9009287925696594,
    "requested_slots_precision": 1.0,
    "requested_slots_recall": 0.9009287925696594
  },
  "Buses_1": {
    "active_intent_accuracy": 0.9814323607427056,
    "average_cat_accuracy": 1.0,
    "average_goal_accuracy": 0.9175514636449481,
    "average_noncat_accuracy": 0.8982523809523809,
    "joint_cat_accuracy": 1.0,
    "joint_goal_accuracy": 0.7090265251989389,
    "joint_noncat_accuracy": 0.7090265251989389,
    "requested_slots_f1": 0.9513704686118478,
    "requested_slots_precision": 0.9854111405835544,
    "requested_slots_recall": 0.9588859416445623
  },
  "Events_1": {
    "active_intent_accuracy": 0.9193857965451055,
    "average_cat_accuracy": 0.9887387387387387,
    "average_goal_accuracy": 0.8489171885873347,
    "average_noncat_accuracy": 0.7794939198855508,
    "joint_cat_accuracy": 0.9904030710172744,
    "joint_goal_accuracy": 0.5329942418426104,
    "joint_noncat_accuracy": 0.5387523992322457,
    "requested_slots_f1": 0.983365323096609,
    "requested_slots_precision": 0.9971209213051824,
    "requested_slots_recall": 0.9846449136276392
  },
  "Flights_3": {
    "active_intent_accuracy": 0.9312602291325696,
    "average_cat_accuracy": 0.6002886002886003,
    "average_goal_accuracy": 0.8385348114554464,
    "average_noncat_accuracy": 0.9482240948813982,
    "joint_cat_accuracy": 0.4582651391162029,
    "joint_goal_accuracy": 0.3478126022913257,
    "joint_noncat_accuracy": 0.7462459901800327,
    "requested_slots_f1": 0.8805237315875614,
    "requested_slots_precision": 1.0,
    "requested_slots_recall": 0.8805237315875614
  },
  "Homes_1": {
    "active_intent_accuracy": 0.9863713798977853,
    "average_cat_accuracy": 0.9788461538461538,
    "average_goal_accuracy": 0.919142013148543,
    "average_noncat_accuracy": 0.8824734395750332,
    "joint_cat_accuracy": 0.9676320272572402,
    "joint_goal_accuracy": 0.7424872231686542,
    "joint_noncat_accuracy": 0.7578194207836457,
    "requested_slots_f1": 0.9965928449744463,
    "requested_slots_precision": 0.9965928449744463,
    "requested_slots_recall": 1.0
  },
  "Hotels_1": {
    "active_intent_accuracy": 0.978494623655914,
    "average_cat_accuracy": 0.7949921752738655,
    "average_goal_accuracy": 0.8383630952380954,
    "average_noncat_accuracy": 0.8650490196078431,
    "joint_cat_accuracy": 0.7060931899641577,
    "joint_goal_accuracy": 0.45161290322580644,
    "joint_noncat_accuracy": 0.6026881720430107,
    "requested_slots_f1": 0.9802867383512545,
    "requested_slots_precision": 0.9910394265232975,
    "requested_slots_recall": 0.9802867383512545
  },
  "Hotels_4": {
    "active_intent_accuracy": 0.9857142857142858,
    "average_cat_accuracy": 0.9027777777777778,
    "average_goal_accuracy": 0.8047254324950953,
    "average_noncat_accuracy": 0.7614575163398692,
    "joint_cat_accuracy": 0.44642857142857145,
    "joint_goal_accuracy": 0.10026785714285714,
    "joint_noncat_accuracy": 0.190625,
    "requested_slots_f1": 0.9370238095238096,
    "requested_slots_precision": 0.955952380952381,
    "requested_slots_recall": 0.9428571428571428
  },
  "Media_2": {
    "active_intent_accuracy": 0.8888888888888888,
    "average_cat_accuracy": 0.16363636363636364,
    "average_goal_accuracy": 0.7397279495990836,
    "average_noncat_accuracy": 0.8481300114547538,
    "joint_cat_accuracy": 0.5523809523809524,
    "joint_goal_accuracy": 0.20620539682539685,
    "joint_noncat_accuracy": 0.22383301587301588,
    "requested_slots_f1": 0.8894179894179893,
    "requested_slots_precision": 0.9285714285714286,
    "requested_slots_recall": 0.8888888888888888
  },
  "Movies_2": {
    "active_intent_accuracy": 0.9886363636363636,
    "average_goal_accuracy": 0.7182369146005511,
    "average_noncat_accuracy": 0.7182369146005511,
    "joint_goal_accuracy": 0.41715056818181817,
    "joint_noncat_accuracy": 0.41715056818181817,
    "requested_slots_f1": 0.8797348484848485,
    "requested_slots_precision": 0.9147727272727273,
    "requested_slots_recall": 0.8806818181818182
  },
  "Music_1": {
    "active_intent_accuracy": 0.9595141700404858,
    "average_cat_accuracy": 0.7026143790849673,
    "average_goal_accuracy": 0.6496208530805687,
    "average_noncat_accuracy": 0.6198039215686276,
    "joint_cat_accuracy": 0.7327935222672065,
    "joint_goal_accuracy": 0.43404858299595145,
    "joint_noncat_accuracy": 0.5383400809716598,
    "requested_slots_f1": 0.99055330634278,
    "requested_slots_precision": 0.9939271255060729,
    "requested_slots_recall": 0.9939271255060729
  },
  "RentalCars_1": {
    "active_intent_accuracy": 0.9847560975609756,
    "average_cat_accuracy": 0.8564102564102564,
    "average_goal_accuracy": 0.8816339869281045,
    "average_noncat_accuracy": 0.8799046052631578,
    "joint_cat_accuracy": 0.8871951219512195,
    "joint_goal_accuracy": 0.5587774390243903,
    "joint_noncat_accuracy": 0.5740213414634147,
    "requested_slots_f1": 0.9939024390243902,
    "requested_slots_precision": 1.0,
    "requested_slots_recall": 0.9939024390243902
  },
  "Restaurants_2": {
    "active_intent_accuracy": 0.8389154704944178,
    "average_cat_accuracy": 0.38375350140056025,
    "average_goal_accuracy": 0.7271921330387825,
    "average_noncat_accuracy": 0.786520149683362,
    "joint_cat_accuracy": 0.6092503987240829,
    "joint_goal_accuracy": 0.3481658692185008,
    "joint_noncat_accuracy": 0.43149059011164276,
    "requested_slots_f1": 0.896969696969697,
    "requested_slots_precision": 0.9686337054758108,
    "requested_slots_recall": 0.89792663476874
  },
  "RideSharing_1": {
    "active_intent_accuracy": 1.0,
    "average_cat_accuracy": 0.9739130434782609,
    "average_goal_accuracy": 0.927233893557423,