{
  "#ALL_SERVICES": {
    "active_intent_accuracy": 0.7878940308517773,
    "average_cat_accuracy": 0.6260609806345282,
    "average_goal_accuracy": 0.7445671147118395,
    "average_noncat_accuracy": 0.7903488032691185,
    "joint_cat_accuracy": 0.628719275549806,
    "joint_goal_accuracy": 0.41786056338028166,
    "joint_noncat_accuracy": 0.5760116700201207,
    "requested_slots_f1": 0.9257936507936508,
    "requested_slots_precision": 0.9774200760116253,
    "requested_slots_recall": 0.9300804828973843
  },
  "#SEEN_SERVICES": {
    "active_intent_accuracy": 0.8297370195549562,
    "average_cat_accuracy": 0.8322434999221549,
    "average_goal_accuracy": 0.8333019710448283,
    "average_noncat_accuracy": 0.8483504583651642,
    "joint_cat_accuracy": 0.7955997161107168,
    "joint_goal_accuracy": 0.5451015509103169,
    "joint_noncat_accuracy": 0.683038165879973,
    "requested_slots_f1": 0.9587660148347943,
    "requested_slots_precision": 0.9842099348168127,
    "requested_slots_recall": 0.9657788267026298
  },
  "#UNSEEN_SERVICES": {
    "active_intent_accuracy": 0.7464976651100734,
    "average_cat_accuracy": 0.3942139355742297,
    "average_goal_accuracy": 0.6548795331535058,
    "average_noncat_accuracy": 0.730115430384768,
    "joint_cat_accuracy": 0.4473582722715002,
    "joint_goal_accuracy": 0.291977718478986,
    "joint_noncat_accuracy": 0.47012755170113407,
    "requested_slots_f1": 0.893173226595508,
    "requested_slots_precision": 0.9707026906826774,
    "requested_slots_recall": 0.8947631754503002
  },
  "Alarm_1": {
    "active_intent_accuracy": 0.834061135371179,
    "average_goal_accuracy": 0.47500000000000003,
    "average_noncat_accuracy": 0.47500000000000003,
    "joint_goal_accuracy": 0.4235135371179039,
    "joint_noncat_accuracy": 0.4235135371179039,
    "requested_slots_f1": 1.0,
    "requested_slots_precision": 1.0,
    "requested_slots_recall": 1.0
  },
  "Banks_2": {
    "active_intent_accuracy": 0.8111455108359134,
    "average_cat_accuracy": 0.6411960132890365,
    "average_goal_accuracy": 0.5194905869324474,
    "average_noncat_accuracy": 0.20304945054945053,
    "joint_cat_accuracy": 0.541795665634675,
    "joint_goal_accuracy": 0.3397832817337461,
    "joint_noncat_accuracy": 0.45674922600619194,
    "requested_slots_f1": 0.9009287925696594,
    "requested_slots_precision": 1.0,
    "requested_slots_recall": 0.9009287925696594
  },
  "Buses_1": {
    "active_intent_accuracy": 0.9734748010610079,
    "average_cat_accuracy": 1.0,
    "average_goal_accuracy": 0.884236071765817,
    "average_noncat_accuracy": 0.85745,
    "joint_cat_accuracy": 0.9840848806366048,
    "joint_goal_accuracy": 0.6437798408488064,
    "joint_noncat_accuracy": 0.6596949602122015,
    "requested_slots_f1": 0.9778956675508399,
    "requested_slots_precision": 0.9708222811671088,
    "requested_slots_recall": 0.9973474801061007
  },
  "Events_1": {
    "active_intent_accuracy": 0.8023032629558541,
    "average_cat_accuracy": 0.9808558558558559,
    "average_goal_accuracy": 0.8373907446068198,
    "average_noncat_accuracy": 0.7674481402002861,
    "joint_cat_accuracy": 0.9712092130518234,
    "joint_goal_accuracy": 0.5018234165067179,
    "joint_noncat_accuracy": 0.5083877159309022,
    "requested_slots_f1": 0.9782469609724888,
    "requested_slots_precision": 0.9952015355086372,
    "requested_slots_recall": 0.9769673704414588
  },
  "Flights_3": {
    "active_intent_accuracy": 0.8985270049099836,
    "average_cat_accuracy": 0.6231962481962481,
    "average_goal_accuracy": 0.7946795162509448,
    "average_noncat_accuracy": 0.8824282147315855,
    "joint_cat_accuracy": 0.48936170212765956,
    "joint_goal_accuracy": 0.3788713584288052,
    "joint_noncat_accuracy": 0.7212490998363339,
    "requested_slots_f1": 0.881342062193126,
    "requested_slots_precision": 0.9959083469721768,
    "requested_slots_recall": 0.881342062193126
  },
  "Homes_1": {
    "active_intent_accuracy": 0.645655877342419,
    "average_cat_accuracy": 0.9092948717948718,
    "average_goal_accuracy": 0.884933368869936,
    "average_noncat_accuracy": 0.8941699867197875,
    "joint_cat_accuracy": 0.7223168654173765,
    "joint_goal_accuracy": 0.5411243611584327,
    "joint_noncat_accuracy": 0.760885860306644,
    "requested_slots_f1": 0.984213515048268,
    "requested_slots_precision": 0.9829642248722317,
    "requested_slots_recall": 0.9965928449744463
  },
  "Hotels_1": {
    "active_intent_accuracy": 0.6702508960573477,
    "average_cat_accuracy": 0.7323943661971831,
    "average_goal_accuracy": 0.8129725829725829,
    "average_noncat_accuracy": 0.8653366013071895,
    "joint_cat_accuracy": 0.6594982078853047,
    "joint_goal_accuracy": 0.38039426523297487,
    "joint_noncat_accuracy": 0.5882795698924731,
    "requested_slots_f1": 0.8947431302270011,
    "requested_slots_precision": 0.9629629629629628,
    "requested_slots_recall": 0.9086021505376344
  },
  "Hotels_4": {
    "active_intent_accuracy": 0.7571428571428571,
    "average_cat_accuracy": 0.5794753086419754,
    "average_goal_accuracy": 0.605582129481006,
    "average_noncat_accuracy": 0.6416470588235295,
    "joint_cat_accuracy": 0.42142857142857143,
    "joint_goal_accuracy": 0.1834285714285714,
    "joint_noncat_accuracy": 0.3424642857142857,
    "requested_slots_f1": 0.895595238095238,
    "requested_slots_precision": 0.8904761904761904,
    "requested_slots_recall": 0.9214285714285714
  },
  "Media_2": {
    "active_intent_accuracy": 0.7365079365079366,
    "average_cat_accuracy": 0.0,
    "average_goal_accuracy": 0.7032302405498282,
    "average_noncat_accuracy": 0.8401116838487972,
    "joint_cat_accuracy": 0.47619047619047616,
    "joint_goal_accuracy": 0.2599447619047619,
    "joint_noncat_accuracy": 0.486664761904762,
    "requested_slots_f1": 0.8857142857142857,
    "requested_slots_precision": 0.9365079365079365,
    "requested_slots_recall": 0.8857142857142857
  },
  "Movies_2": {
    "active_intent_accuracy": 0.9545454545454546,
    "average_goal_accuracy": 0.8179476584022038,
    "average_noncat_accuracy": 0.8179476584022038,
    "joint_goal_accuracy": 0.5215909090909091,
    "joint_noncat_accuracy": 0.5215909090909091,
    "requested_slots_f1": 0.903219696969697,
    "requested_slots_precision": 0.8967803030303029,
    "requested_slots_recall": 0.9147727272727273
  },
  "Music_1": {
    "active_intent_accuracy": 0.979757085020243,
    "average_cat_accuracy": 0.7777777777777778,
    "average_goal_accuracy": 0.7776342812006318,
    "average_noncat_accuracy": 0.768235294117647,
    "joint_cat_accuracy": 0.8016194331983806,
    "joint_goal_accuracy": 0.52,
    "joint_noncat_accuracy": 0.6738461538461539,
    "requested_slots_f1": 0.9784075573549257,
    "requested_slots_precision": 0.9838056680161943,
    "requested_slots_recall": 0.9878542510121457
  },
  "RentalCars_1": {
    "active_intent_accuracy": 0.7987804878048781,
    "average_cat_accuracy": 0.7435897435897436,
    "average_goal_accuracy": 0.8666579520697169,
    "average_noncat_accuracy": 0.8757039473684213,
    "joint_cat_accuracy": 0.823170731707317,
    "joint_goal_accuracy": 0.5357274390243902,
    "joint_noncat_accuracy": 0.5673128048780488,
    "requested_slots_f1": 0.9939024390243902,
    "requested_slots_precision": 1.0,
    "requested_slots_recall": 0.9939024390243902
  },
  "Restaurants_2": {
    "active_intent_accuracy": 0.5933014354066986,
    "average_cat_accuracy": 0.40476190476190477,
    "average_goal_accuracy": 0.6859150711831125,
    "average_noncat_accuracy": 0.7361315486470927,
    "joint_cat_accuracy": 0.6140350877192983,
    "joint_goal_accuracy": 0.28561658692185005,
    "joint_noncat_accuracy": 0.35529856459330145,
    "requested_slots_f1": 0.8631047315257843,
    "requested_slots_precision": 0.9736842105263158,
    "requested_slots_recall": 0.861244019138756
  },
  "RideSharing_1": {
    "active_intent_accuracy": 1.0,
    "average_cat_accuracy": 0.8847826086956522,
    "average_goal_accuracy": 0.8517226890756302,