{
  "#ALL_SERVICES": {
    "active_intent_accuracy": 0.9652917505030181,
    "average_cat_accuracy": 0.704367531932427,
    "average_goal_accuracy": 0.8451700993415227,
    "average_noncat_accuracy": 0.8939211260297074,
    "joint_cat_accuracy": 0.7203844021437812,
    "joint_goal_accuracy": 0.5561460596914822,
    "joint_noncat_accuracy": 0.709608199195171,
    "requested_slots_f1": 0.9427749033885854,
    "requested_slots_precision": 0.9834004024144869,
    "requested_slots_recall": 0.9455063715627096
  },
  "#SEEN_SERVICES": {
    "active_intent_accuracy": 0.9888739042481457,
    "average_cat_accuracy": 0.8867351704810836,
    "average_goal_accuracy": 0.9087912611198324,
    "average_noncat_accuracy": 0.9342175961293608,
    "joint_cat_accuracy": 0.8946061036195884,
    "joint_goal_accuracy": 0.7771996628455831,
    "joint_noncat_accuracy": 0.8608704989885367,
    "requested_slots_f1": 0.9738705327039784,
    "requested_slots_precision": 0.9934254888739042,
    "requested_slots_recall": 0.9769049224544841
  },
  "#UNSEEN_SERVICES": {
    "active_intent_accuracy": 0.9419613075383589,
    "average_cat_accuracy": 0.49929971988795524,
    "average_goal_accuracy": 0.7808658521535234,
    "average_noncat_accuracy": 0.852074176913923,
    "joint_cat_accuracy": 0.5310451214809101,
    "joint_goal_accuracy": 0.3374519346230821,
    "joint_noncat_accuracy": 0.559960440293529,
    "requested_slots_f1": 0.9120111820578798,
    "requested_slots_precision": 0.9734823215476984,
    "requested_slots_recall": 0.9144429619746498
  },
  "Alarm_1": {
    "active_intent_accuracy": 0.851528384279476,
    "average_goal_accuracy": 0.7525,
    "average_noncat_accuracy": 0.7525,
    "joint_goal_accuracy": 0.5292576419213973,
    "joint_noncat_accuracy": 0.5292576419213973,
    "requested_slots_f1": 0.9956331877729258,
    "requested_slots_precision": 0.9956331877729258,
    "requested_slots_recall": 1.0
  },
  "Banks_2": {
    "active_intent_accuracy": 0.9969040247678018,
    "average_cat_accuracy": 0.9053156146179402,
    "average_goal_accuracy": 0.8006312292358805,
    "average_noncat_accuracy": 0.5273626373626373,
    "joint_cat_accuracy": 0.826625386996904,
    "joint_goal_accuracy": 0.5108359133126935,
    "joint_noncat_accuracy": 0.5341795665634674,
    "requested_slots_f1": 0.9009287925696594,
    "requested_slots_precision": 1.0,
    "requested_slots_recall": 0.9009287925696594
  },
  "Buses_1": {
    "active_intent_accuracy": 0.9920424403183024,
    "average_cat_accuracy": 0.996,
    "average_goal_accuracy": 0.9611402266288953,
    "average_noncat_accuracy": 0.9519619047619048,
    "joint_cat_accuracy": 0.9973474801061007,
    "joint_goal_accuracy": 0.8918302387267906,
    "joint_noncat_accuracy": 0.8944827586206897,
    "requested_slots_f1": 0.9814323607427056,
    "requested_slots_precision": 1.0,
    "requested_slots_recall": 0.980106100795756
  },
  "Events_1": {
    "active_intent_accuracy": 0.9961612284069098,
    "average_cat_accuracy": 1.0,
    "average_goal_accuracy": 0.9428973556019485,
    "average_noncat_accuracy": 0.9157689556509299,
    "joint_cat_accuracy": 1.0,
    "joint_goal_accuracy": 0.7681190019193858,
    "joint_noncat_accuracy": 0.7681190019193858,
    "requested_slots_f1": 0.9654510556621881,
    "requested_slots_precision": 0.9980806142034548,
    "requested_slots_recall": 0.963531669865643
  },
  "Flights_3": {
    "active_intent_accuracy": 0.9590834697217676,
    "average_cat_accuracy": 0.7171717171717172,
    "average_goal_accuracy": 0.8461401276560007,
    "average_noncat_accuracy": 0.9086298377028715,
    "joint_cat_accuracy": 0.5073649754500819,
    "joint_goal_accuracy": 0.36674369885433716,
    "joint_noncat_accuracy": 0.7297597381342062,
    "requested_slots_f1": 0.8805237315875614,
    "requested_slots_precision": 1.0,
    "requested_slots_recall": 0.8805237315875614
  },
  "Homes_1": {
    "active_intent_accuracy": 0.9982964224872232,
    "average_cat_accuracy": 0.9855769230769231,
    "average_goal_accuracy": 0.9592030028429283,
    "average_noncat_accuracy": 0.9460325365205843,
    "joint_cat_accuracy": 0.9505962521294719,
    "joint_goal_accuracy": 0.8508177172061328,
    "joint_noncat_accuracy": 0.891703577512777,
    "requested_slots_f1": 0.9960249858035206,
    "requested_slots_precision": 0.995741056218058,
    "requested_slots_recall": 1.0
  },
  "Hotels_1": {
    "active_intent_accuracy": 0.967741935483871,
    "average_cat_accuracy": 0.960093896713615,
    "average_goal_accuracy": 0.9777411616161616,
    "average_noncat_accuracy": 0.977624183006536,
    "joint_cat_accuracy": 0.956989247311828,
    "joint_goal_accuracy": 0.8806379928315412,
    "joint_noncat_accuracy": 0.9202939068100359,
    "requested_slots_f1": 0.994026284348865,
    "requested_slots_precision": 0.996415770609319,
    "requested_slots_recall": 0.992831541218638
  },
  "Hotels_4": {
    "active_intent_accuracy": 1.0,
    "average_cat_accuracy": 0.841820987654321,
    "average_goal_accuracy": 0.8172388086320671,
    "average_noncat_accuracy": 0.8066601307189543,
    "joint_cat_accuracy": 0.775,
    "joint_goal_accuracy": 0.15190250000000002,
    "joint_noncat_accuracy": 0.20336535714285717,
    "requested_slots_f1": 0.9409523809523809,
    "requested_slots_precision": 0.9470238095238094,
    "requested_slots_recall": 0.9464285714285714
  },
  "Media_2": {
    "active_intent_accuracy": 0.9587301587301588,
    "average_cat_accuracy": 0.2,
    "average_goal_accuracy": 0.8163069873997709,
    "average_noncat_accuracy": 0.929012027491409,
    "joint_cat_accuracy": 0.580952380952381,
    "joint_goal_accuracy": 0.3280914285714286,
    "joint_noncat_accuracy": 0.4648317460317461,
    "requested_slots_f1": 0.9322751322751321,
    "requested_slots_precision": 0.9349206349206349,
    "requested_slots_recall": 0.9412698412698413
  },
  "Movies_2": {
    "active_intent_accuracy": 0.9829545454545454,
    "average_goal_accuracy": 0.7476308539944903,
    "average_noncat_accuracy": 0.7476308539944903,
    "joint_goal_accuracy": 0.3548806818181818,
    "joint_noncat_accuracy": 0.3548806818181818,
    "requested_slots_f1": 0.9071969696969696,
    "requested_slots_precision": 0.9356060606060606,
    "requested_slots_recall": 0.9090909090909091
  },
  "Music_1": {
    "active_intent_accuracy": 0.97165991902834,
    "average_cat_accuracy": 0.7418300653594772,
    "average_goal_accuracy": 0.8496895734597155,
    "average_noncat_accuracy": 0.9202205882352942,
    "joint_cat_accuracy": 0.7773279352226721,
    "joint_goal_accuracy": 0.675748987854251,
    "joint_noncat_accuracy": 0.8610121457489877,
    "requested_slots_f1": 0.9959514170040485,
    "requested_slots_precision": 0.9959514170040485,
    "requested_slots_recall": 1.0
  },
  "RentalCars_1": {
    "active_intent_accuracy": 0.9969512195121951,
    "average_cat_accuracy": 0.7948717948717948,
    "average_goal_accuracy": 0.9338033769063181,
    "average_noncat_accuracy": 0.9488623903508772,
    "joint_cat_accuracy": 0.8536585365853658,
    "joint_goal_accuracy": 0.7226411585365854,
    "joint_noncat_accuracy": 0.8183536585365853,
    "requested_slots_f1": 0.9939024390243902,
    "requested_slots_precision": 0.9969512195121951,
    "requested_slots_recall": 0.9969512195121951
  },
  "Restaurants_2": {
    "active_intent_accuracy": 0.9234449760765551,
    "average_cat_accuracy": 0.3697478991596639,
    "average_goal_accuracy": 0.7870437326133203,
    "average_noncat_accuracy": 0.8649939550949913,
    "joint_cat_accuracy": 0.583732057416268,
    "joint_goal_accuracy": 0.41317384370015947,
    "joint_noncat_accuracy": 0.5803189792663477,
    "requested_slots_f1": 0.9187818029923294,
    "requested_slots_precision": 0.9492291334396596,
    "requested_slots_recall": 0.9250398724082934
  },
  "RideSharing_1": {
    "active_intent_accuracy": 1.0,
    "average_cat_accuracy": 0.9565217391304348,
    "average_goal_accuracy": 0.9385994397759103,
    "average_noncat_accuracy": 0.9130805687203791,