{
  "#ALL_SERVICES": {
    "active_intent_accuracy": 0.9114688128772636,
    "average_cat_accuracy": 0.6857437165224556,
    "average_goal_accuracy": 0.8064086505159972,
    "average_noncat_accuracy": 0.8514377959395472,
    "joint_cat_accuracy": 0.6952504158196267,
    "joint_goal_accuracy": 0.5021637994634472,
    "joint_noncat_accuracy": 0.637416595908786,
    "requested_slots_f1": 0.9411636485580147,
    "requested_slots_precision": 0.9814693717862732,
    "requested_slots_recall": 0.9448356807511737
  },
  "#SEEN_SERVICES": {
    "active_intent_accuracy": 0.966621712744437,
    "average_cat_accuracy": 0.8786392651409,
    "average_goal_accuracy": 0.8843812489098204,
    "average_noncat_accuracy": 0.9053612172141585,
    "joint_cat_accuracy": 0.8779276082327893,
    "joint_goal_accuracy": 0.7153350640593391,
    "joint_noncat_accuracy": 0.8165473027646662,
    "requested_slots_f1": 0.9785682175769836,
    "requested_slots_precision": 0.98859294223421,
    "requested_slots_recall": 0.9833108563722185
  },
  "#UNSEEN_SERVICES": {
    "active_intent_accuracy": 0.8569046030687125,
    "average_cat_accuracy": 0.46883753501400566,
    "average_goal_accuracy": 0.7275988787221663,
    "average_noncat_accuracy": 0.7954395742430252,
    "joint_cat_accuracy": 0.4967219436945623,
    "joint_goal_accuracy": 0.2912678785857238,
    "joint_noncat_accuracy": 0.46019789126084065,
    "requested_slots_f1": 0.9041583277740716,
    "requested_slots_precision": 0.9744218367800755,
    "requested_slots_recall": 0.9067711807871914
  },
  "Alarm_1": {
    "active_intent_accuracy": 0.7379912663755459,
    "average_goal_accuracy": 0.547922077922078,
    "average_noncat_accuracy": 0.547922077922078,
    "joint_goal_accuracy": 0.4573799126637555,
    "joint_noncat_accuracy": 0.4573799126637555,
    "requested_slots_f1": 1.0,
    "requested_slots_precision": 1.0,
    "requested_slots_recall": 1.0
  },
  "Banks_2": {
    "active_intent_accuracy": 0.9566563467492261,
    "average_cat_accuracy": 0.925249169435216,
    "average_goal_accuracy": 0.8196345514950165,
    "average_noncat_accuracy": 0.5435164835164835,
    "joint_cat_accuracy": 0.8606811145510835,
    "joint_goal_accuracy": 0.5536842105263158,
    "joint_noncat_accuracy": 0.5846439628482972,
    "requested_slots_f1": 0.9009287925696594,
    "requested_slots_precision": 1.0,
    "requested_slots_recall": 0.9009287925696594
  },
  "Buses_1": {
    "active_intent_accuracy": 0.9946949602122016,
    "average_cat_accuracy": 1.0,
    "average_goal_accuracy": 0.9696491973559962,
    "average_noncat_accuracy": 0.9629809523809524,
    "joint_cat_accuracy": 1.0,
    "joint_goal_accuracy": 0.916631299734748,
    "joint_noncat_accuracy": 0.916631299734748,
    "requested_slots_f1": 0.9752431476569406,
    "requested_slots_precision": 0.9734748010610079,
    "requested_slots_recall": 0.9840848806366048
  },
  "Events_1": {
    "active_intent_accuracy": 0.8848368522072937,
    "average_cat_accuracy": 0.9954954954954955,
    "average_goal_accuracy": 0.8927244258872652,
    "average_noncat_accuracy": 0.8426913447782547,
    "joint_cat_accuracy": 0.9961612284069098,
    "joint_goal_accuracy": 0.5978310940499041,
    "joint_noncat_accuracy": 0.5978310940499041,
    "requested_slots_f1": 0.9896353166986565,
    "requested_slots_precision": 0.9920025591810622,
    "requested_slots_recall": 0.9952015355086372
  },
  "Flights_3": {
    "active_intent_accuracy": 0.8854337152209493,
    "average_cat_accuracy": 0.6482683982683982,
    "average_goal_accuracy": 0.7913146258503402,
    "average_noncat_accuracy": 0.8665230961298378,
    "joint_cat_accuracy": 0.5057283142389526,
    "joint_goal_accuracy": 0.3143253682487725,
    "joint_noncat_accuracy": 0.5990723404255318,
    "requested_slots_f1": 0.8805237315875614,
    "requested_slots_precision": 1.0,
    "requested_slots_recall": 0.8805237315875614
  },
  "Homes_1": {
    "active_intent_accuracy": 0.9880749574105622,
    "average_cat_accuracy": 0.9951923076923077,
    "average_goal_accuracy": 0.9675573471926083,
    "average_noncat_accuracy": 0.9494057104913679,
    "joint_cat_accuracy": 0.9727427597955707,
    "joint_goal_accuracy": 0.8718228279386712,
    "joint_noncat_accuracy": 0.8990800681431005,
    "requested_slots_f1": 0.9965928449744463,
    "requested_slots_precision": 0.9965928449744463,
    "requested_slots_recall": 1.0
  },
  "Hotels_1": {
    "active_intent_accuracy": 0.978494623655914,
    "average_cat_accuracy": 0.7989045383411582,
    "average_goal_accuracy": 0.9321044372294373,
    "average_noncat_accuracy": 0.9935588235294118,
    "joint_cat_accuracy": 0.7168458781362007,
    "joint_goal_accuracy": 0.7112544802867383,
    "joint_noncat_accuracy": 0.9769534050179212,
    "requested_slots_f1": 0.9910394265232975,
    "requested_slots_precision": 0.9946236559139785,
    "requested_slots_recall": 0.989247311827957
  },
  "Hotels_4": {
    "active_intent_accuracy": 0.9035714285714286,
    "average_cat_accuracy": 0.7615740740740741,
    "average_goal_accuracy": 0.8131682718031034,
    "average_noncat_accuracy": 0.8406274509803923,
    "joint_cat_accuracy": 0.44285714285714284,
    "joint_goal_accuracy": 0.09562607142857144,
    "joint_noncat_accuracy": 0.18904607142857144,
    "requested_slots_f1": 0.9321428571428572,
    "requested_slots_precision": 0.9244047619047618,
    "requested_slots_recall": 0.9517857142857142
  },
  "Media_2": {
    "active_intent_accuracy": 0.9142857142857143,
    "average_cat_accuracy": 0.14545454545454545,
    "average_goal_accuracy": 0.7301128293241695,
    "average_noncat_accuracy": 0.842766323024055,
    "joint_cat_accuracy": 0.5523809523809524,
    "joint_goal_accuracy": 0.21050920634920636,
    "joint_noncat_accuracy": 0.24345174603174605,
    "requested_slots_f1": 0.9232804232804233,
    "requested_slots_precision": 0.9365079365079365,
    "requested_slots_recall": 0.9285714285714286
  },
  "Movies_2": {
    "active_intent_accuracy": 0.9886363636363636,
    "average_goal_accuracy": 0.671831955922865,
    "average_noncat_accuracy": 0.671831955922865,
    "joint_goal_accuracy": 0.33332045454545456,
    "joint_noncat_accuracy": 0.33332045454545456,
    "requested_slots_f1": 0.8835227272727273,
    "requested_slots_precision": 0.9270833333333333,
    "requested_slots_recall": 0.8863636363636364
  },
  "Music_1": {
    "active_intent_accuracy": 0.9392712550607287,
    "average_cat_accuracy": 0.696078431372549,
    "average_goal_accuracy": 0.8263981042654028,
    "average_noncat_accuracy": 0.9026470588235294,
    "joint_cat_accuracy": 0.7408906882591093,
    "joint_goal_accuracy": 0.6477732793522267,
    "joint_noncat_accuracy": 0.8553846153846154,
    "requested_slots_f1": 1.0,
    "requested_slots_precision": 1.0,
    "requested_slots_recall": 1.0
  },
  "RentalCars_1": {
    "active_intent_accuracy": 0.9878048780487805,
    "average_cat_accuracy": 0.8512820512820513,
    "average_goal_accuracy": 0.9047058823529411,
    "average_noncat_accuracy": 0.906016447368421,
    "joint_cat_accuracy": 0.8780487804878049,
    "joint_goal_accuracy": 0.6527408536585366,
    "joint_noncat_accuracy": 0.7143125,
    "requested_slots_f1": 0.9939024390243902,
    "requested_slots_precision": 0.9969512195121951,
    "requested_slots_recall": 0.9969512195121951
  },
  "Restaurants_2": {
    "active_intent_accuracy": 0.6985645933014354,
    "average_cat_accuracy": 0.3534080298786181,
    "average_goal_accuracy": 0.7377555841924398,
    "average_noncat_accuracy": 0.8050544041450778,
    "joint_cat_accuracy": 0.5885167464114832,
    "joint_goal_accuracy": 0.33785996810207336,
    "joint_noncat_accuracy": 0.444941307814992,
    "requested_slots_f1": 0.886762360446571,
    "requested_slots_precision": 0.9638224348750666,
    "requested_slots_recall": 0.8923444976076556
  },
  "RideSharing_1": {
    "active_intent_accuracy": 0.9961089494163424,
    "average_cat_accuracy": 0.9956521739130435,
    "average_goal_accuracy": 0.945532212885154,