{
  "#ALL_SERVICES": {
    "active_intent_accuracy": 0.1529175050301811,
    "average_cat_accuracy": 0.06728471363823652,
    "average_goal_accuracy": 0.016633348238945734,
    "average_noncat_accuracy": 0.0,
    "joint_cat_accuracy": 0.2522639068564036,
    "joint_goal_accuracy": 0.08953722334004025,
    "joint_noncat_accuracy": 0.13832997987927564,
    "requested_slots_f1": 0.869382964453387,
    "requested_slots_precision": 1.0,
    "requested_slots_recall": 0.869382964453387
  },
  "#SEEN_SERVICES": {
    "active_intent_accuracy": 0.1894807821982468,
    "average_cat_accuracy": 0.06515646893974777,
    "average_goal_accuracy": 0.018131868131868133,
    "average_noncat_accuracy": 0.0,
    "joint_cat_accuracy": 0.2320794889992903,
    "joint_goal_accuracy": 0.07956844234659474,
    "joint_noncat_accuracy": 0.11732973701955496,
    "requested_slots_f1": 0.8624409979770735,
    "requested_slots_precision": 1.0,
    "requested_slots_recall": 0.8624409979770735
  },
  "#UNSEEN_SERVICES": {
    "active_intent_accuracy": 0.11674449633088725,
    "average_cat_accuracy": 0.06967787114845937,
    "average_goal_accuracy": 0.015118739091341832,
    "average_noncat_accuracy": 0.0,
    "joint_cat_accuracy": 0.2741997686077902,
    "joint_goal_accuracy": 0.09939959973315543,
    "joint_noncat_accuracy": 0.1591060707138092,
    "requested_slots_f1": 0.8762508338892595,
    "requested_slots_precision": 1.0,
    "requested_slots_recall": 0.8762508338892595
  },
  "Alarm_1": {
    "active_intent_accuracy": 0.11353711790393013,
    "average_goal_accuracy": 0.0,
    "average_noncat_accuracy": 0.0,
    "joint_goal_accuracy": 0.32751091703056767,
    "joint_noncat_accuracy": 0.32751091703056767,
    "requested_slots_f1": 1.0,
    "requested_slots_precision": 1.0,
    "requested_slots_recall": 1.0
  },
  "Banks_2": {
    "active_intent_accuracy": 0.06501547987616099,
    "average_cat_accuracy": 0.0,
    "average_goal_accuracy": 0.0,
    "average_noncat_accuracy": 0.0,
    "joint_cat_accuracy": 0.06811145510835913,
    "joint_goal_accuracy": 0.06811145510835913,
    "joint_noncat_accuracy": 0.43653250773993807,
    "requested_slots_f1": 0.9009287925696594,
    "requested_slots_precision": 1.0,
    "requested_slots_recall": 0.9009287925696594
  },
  "Buses_1": {
    "active_intent_accuracy": 0.09018567639257294,
    "average_cat_accuracy": 0.024,
    "average_goal_accuracy": 0.00339943342776204,
    "average_noncat_accuracy": 0.0,
    "joint_cat_accuracy": 0.3395225464190981,
    "joint_goal_accuracy": 0.0636604774535809,
    "joint_noncat_accuracy": 0.07161803713527852,
    "requested_slots_f1": 0.8567639257294429,
    "requested_slots_precision": 1.0,
    "requested_slots_recall": 0.8567639257294429
  },
  "Events_1": {
    "active_intent_accuracy": 0.19577735124760076,
    "average_cat_accuracy": 0.21509009009009009,
    "average_goal_accuracy": 0.06645789839944329,
    "average_noncat_accuracy": 0.0,
    "joint_cat_accuracy": 0.16506717850287908,
    "joint_goal_accuracy": 0.08061420345489444,
    "joint_noncat_accuracy": 0.10556621880998081,
    "requested_slots_f1": 0.8829174664107485,
    "requested_slots_precision": 1.0,
    "requested_slots_recall": 0.8829174664107485
  },
  "Flights_3": {
    "active_intent_accuracy": 0.1260229132569558,
    "average_cat_accuracy": 0.04112554112554113,
    "average_goal_accuracy": 0.012971361384059797,
    "average_noncat_accuracy": 0.0,
    "joint_cat_accuracy": 0.19312602291325695,
    "joint_goal_accuracy": 0.07201309328968904,
    "joint_noncat_accuracy": 0.1260229132569558,
    "requested_slots_f1": 0.8805237315875614,
    "requested_slots_precision": 1.0,
    "requested_slots_recall": 0.8805237315875614
  },
  "Homes_1": {
    "active_intent_accuracy": 0.27597955706984667,
    "average_cat_accuracy": 0.015384615384615385,
    "average_goal_accuracy": 0.008022388059701494,
    "average_noncat_accuracy": 0.0,
    "joint_cat_accuracy": 0.1141396933560477,
    "joint_goal_accuracy": 0.0868824531516184,
    "joint_noncat_accuracy": 0.14480408858603067,
    "requested_slots_f1": 0.8398637137989778,
    "requested_slots_precision": 1.0,
    "requested_slots_recall": 0.8398637137989778
  },
  "Hotels_1": {
    "active_intent_accuracy": 0.2007168458781362,
    "average_cat_accuracy": 0.03286384976525822,
    "average_goal_accuracy": 0.007133838383838384,
    "average_noncat_accuracy": 0.0,
    "joint_cat_accuracy": 0.2078853046594982,
    "joint_goal_accuracy": 0.053763440860215055,
    "joint_noncat_accuracy": 0.08602150537634409,
    "requested_slots_f1": 0.8172043010752689,
    "requested_slots_precision": 1.0,
    "requested_slots_recall": 0.8172043010752689
  },
  "Hotels_4": {
    "active_intent_accuracy": 0.11428571428571428,
    "average_cat_accuracy": 0.035493827160493825,
    "average_goal_accuracy": 0.01110219368646335,
    "average_noncat_accuracy": 0.0,
    "joint_cat_accuracy": 0.19285714285714287,
    "joint_goal_accuracy": 0.04642857142857143,
    "joint_noncat_accuracy": 0.08928571428571429,
    "requested_slots_f1": 0.825,
    "requested_slots_precision": 1.0,
    "requested_slots_recall": 0.825
  },
  "Media_2": {
    "active_intent_accuracy": 0.07301587301587302,
    "average_cat_accuracy": 0.04242424242424243,
    "average_goal_accuracy": 0.00584192439862543,
    "average_noncat_accuracy": 0.0,
    "joint_cat_accuracy": 0.40634920634920635,
    "joint_goal_accuracy": 0.0761904761904762,
    "joint_noncat_accuracy": 0.0761904761904762,
    "requested_slots_f1": 0.8857142857142857,
    "requested_slots_precision": 1.0,
    "requested_slots_recall": 0.8857142857142857
  },
  "Movies_2": {
    "active_intent_accuracy": 0.17613636363636365,
    "average_goal_accuracy": 0.0,
    "average_noncat_accuracy": 0.0,
    "joint_goal_accuracy": 0.3125,
    "joint_noncat_accuracy": 0.3125,
    "requested_slots_f1": 0.8636363636363636,
    "requested_slots_precision": 1.0,
    "requested_slots_recall": 0.8636363636363636
  },
  "Music_1": {
    "active_intent_accuracy": 0.06882591093117409,
    "average_cat_accuracy": 0.0,
    "average_goal_accuracy": 0.0,
    "average_noncat_accuracy": 0.0,
    "joint_cat_accuracy": 0.3805668016194332,
    "joint_goal_accuracy": 0.145748987854251,
    "joint_noncat_accuracy": 0.17408906882591094,
    "requested_slots_f1": 0.8582995951417004,
    "requested_slots_precision": 1.0,
    "requested_slots_recall": 0.8582995951417004
  },
  "RentalCars_1": {
    "active_intent_accuracy": 0.2621951219512195,
    "average_cat_accuracy": 0.035897435897435895,
    "average_goal_accuracy": 0.00392156862745098,
    "average_noncat_accuracy": 0.0,
    "joint_cat_accuracy": 0.36585365853658536,
    "joint_goal_accuracy": 0.06707317073170732,
    "joint_noncat_accuracy": 0.07317073170731707,
    "requested_slots_f1": 0.8841463414634146,
    "requested_slots_precision": 1.0,
    "requested_slots_recall": 0.8841463414634146
  },
  "Restaurants_2": {
    "active_intent_accuracy": 0.12759170653907495,
    "average_cat_accuracy": 0.0028011204481792717,
    "average_goal_accuracy": 0.0003436426116838488,
    "average_noncat_accuracy": 0.0,
    "joint_cat_accuracy": 0.4098883572567783,
    "joint_goal_accuracy": 0.07177033492822966,
    "joint_noncat_accuracy": 0.07655502392344497,
    "requested_slots_f1": 0.8484848484848485,
    "requested_slots_precision": 1.0,
    "requested_slots_recall": 0.8484848484848485
  },
  "RideSharing_1": {
    "active_intent_accuracy": 0.09727626459143969,
    "average_cat_accuracy": 0.013043478260869565,
    "average_goal_accuracy": 0.008403361344537815,
    "average_noncat_accuracy": 0.0,
    "joint_cat_accuracy": 0.10505836575875487,
    "joint_goal_accuracy": 0.07392996108949416,
    "joint_noncat_accuracy": 0.17898832684824903,
    "requested_slots_f1": 0.8832684824902723,
    "requested_slots_precision": 1.0,
    "requested_slots_recall": 0.8832684824902723
  },
  "Services_4": {
    "active_intent_accuracy": 0.13729977116704806,