{
  "#ALL_SERVICES": {
    "active_intent_accuracy": 0.8836351441985245,
    "average_cat_accuracy": 0.6863823650597446,
    "average_goal_accuracy": 0.810198387125058,
    "average_noncat_accuracy": 0.858353765323993,
    "joint_cat_accuracy": 0.6725189428941046,
    "joint_goal_accuracy": 0.48369148222669345,
    "joint_noncat_accuracy": 0.625569464453387,
    "requested_slots_f1": 0.9328526715850659,
    "requested_slots_precision": 0.9803431701319025,
    "requested_slots_recall": 0.9385479543930249
  },
  "#SEEN_SERVICES": {
    "active_intent_accuracy": 0.9254888739042482,
    "average_cat_accuracy": 0.8806632414759458,
    "average_goal_accuracy": 0.8783304552590266,
    "average_noncat_accuracy": 0.9016998344792461,
    "joint_cat_accuracy": 0.8708303761533002,
    "joint_goal_accuracy": 0.6954912677006069,
    "joint_noncat_accuracy": 0.8000811530681052,
    "requested_slots_f1": 0.9657579552387374,
    "requested_slots_precision": 0.9891211508204092,
    "requested_slots_recall": 0.9716790289952798
  },
  "#UNSEEN_SERVICES": {
    "active_intent_accuracy": 0.8422281521014009,
    "average_cat_accuracy": 0.46791841736694684,
    "average_goal_accuracy": 0.7413348010437051,
    "average_noncat_accuracy": 0.8133398783551502,
    "joint_cat_accuracy": 0.45699961434631703,
    "joint_goal_accuracy": 0.27415240160106735,
    "joint_noncat_accuracy": 0.4529204756504336,
    "requested_slots_f1": 0.900298611772928,
    "requested_slots_precision": 0.9716588837002446,
    "requested_slots_recall": 0.9057705136757839
  },
  "Alarm_1": {
    "active_intent_accuracy": 0.7379912663755459,
    "average_goal_accuracy": 0.6862987012987013,
    "average_noncat_accuracy": 0.6862987012987013,
    "joint_goal_accuracy": 0.5257205240174673,
    "joint_noncat_accuracy": 0.5257205240174673,
    "requested_slots_f1": 1.0,
    "requested_slots_precision": 1.0,
    "requested_slots_recall": 1.0
  },
  "Banks_2": {
    "active_intent_accuracy": 0.9845201238390093,
    "average_cat_accuracy": 0.8621262458471761,
    "average_goal_accuracy": 0.8149750830564784,
    "average_noncat_accuracy": 0.6285164835164835,
    "joint_cat_accuracy": 0.7554179566563467,
    "joint_goal_accuracy": 0.5575851393188855,
    "joint_noncat_accuracy": 0.6525696594427245,
    "requested_slots_f1": 0.9009287925696594,
    "requested_slots_precision": 1.0,
    "requested_slots_recall": 0.9009287925696594
  },
  "Buses_1": {
    "active_intent_accuracy": 0.9946949602122016,
    "average_cat_accuracy": 1.0,
    "average_goal_accuracy": 0.9682988668555239,
    "average_noncat_accuracy": 0.9613976190476191,
    "joint_cat_accuracy": 1.0,
    "joint_goal_accuracy": 0.903368700265252,
    "joint_noncat_accuracy": 0.903368700265252,
    "requested_slots_f1": 0.9628647214854111,
    "requested_slots_precision": 0.9840848806366048,
    "requested_slots_recall": 0.9734748010610079
  },
  "Events_1": {
    "active_intent_accuracy": 0.7005758157389635,
    "average_cat_accuracy": 0.9954954954954955,
    "average_goal_accuracy": 0.8877661795407098,
    "average_noncat_accuracy": 0.8364449213161659,
    "joint_cat_accuracy": 0.9923224568138196,
    "joint_goal_accuracy": 0.5993090211132438,
    "joint_noncat_accuracy": 0.603147792706334,
    "requested_slots_f1": 0.9634676903390914,
    "requested_slots_precision": 0.9942418426103646,
    "requested_slots_recall": 0.9644913627639156
  },
  "Flights_3": {
    "active_intent_accuracy": 0.851063829787234,
    "average_cat_accuracy": 0.637987012987013,
    "average_goal_accuracy": 0.7825315780633242,
    "average_noncat_accuracy": 0.853480024968789,
    "joint_cat_accuracy": 0.44189852700491,
    "joint_goal_accuracy": 0.15922094926350247,
    "joint_noncat_accuracy": 0.35685626841243867,
    "requested_slots_f1": 0.8805237315875614,
    "requested_slots_precision": 1.0,
    "requested_slots_recall": 0.8805237315875614
  },
  "Homes_1": {
    "active_intent_accuracy": 0.9710391822827938,
    "average_cat_accuracy": 0.9762820512820513,
    "average_goal_accuracy": 0.968883972992182,
    "average_noncat_accuracy": 0.9676460823373174,
    "joint_cat_accuracy": 0.9403747870528109,
    "joint_goal_accuracy": 0.9002555366269166,
    "joint_noncat_accuracy": 0.9394378194207837,
    "requested_slots_f1": 0.9982964224872232,
    "requested_slots_precision": 1.0,
    "requested_slots_recall": 0.9982964224872232
  },
  "Hotels_1": {
    "active_intent_accuracy": 0.978494623655914,
    "average_cat_accuracy": 0.8067292644757432,
    "average_goal_accuracy": 0.9315593434343434,
    "average_noncat_accuracy": 0.9925196078431373,
    "joint_cat_accuracy": 0.6989247311827957,
    "joint_goal_accuracy": 0.6887096774193548,
    "joint_noncat_accuracy": 0.9756630824372761,
    "requested_slots_f1": 0.9384707287933096,
    "requested_slots_precision": 0.9868578255675029,
    "requested_slots_recall": 0.9372759856630825
  },
  "Hotels_4": {
    "active_intent_accuracy": 0.8892857142857142,
    "average_cat_accuracy": 0.8379629629629629,
    "average_goal_accuracy": 0.8591767433565187,
    "average_noncat_accuracy": 0.8662091503267974,
    "joint_cat_accuracy": 0.4107142857142857,
    "joint_goal_accuracy": 0.13760714285714287,
    "joint_noncat_accuracy": 0.33735714285714286,
    "requested_slots_f1": 0.9180952380952381,
    "requested_slots_precision": 0.919047619047619,
    "requested_slots_recall": 0.9464285714285714
  },
  "Media_2": {
    "active_intent_accuracy": 0.8920634920634921,
    "average_cat_accuracy": 0.09090909090909091,
    "average_goal_accuracy": 0.6685893470790378,
    "average_noncat_accuracy": 0.767852233676976,
    "joint_cat_accuracy": 0.5142857142857142,
    "joint_goal_accuracy": 0.20806031746031747,
    "joint_noncat_accuracy": 0.21015207619047618,
    "requested_slots_f1": 0.9338624338624337,
    "requested_slots_precision": 0.9365079365079365,
    "requested_slots_recall": 0.9412698412698413
  },
  "Movies_2": {
    "active_intent_accuracy": 0.9318181818181818,
    "average_goal_accuracy": 0.6683333333333333,
    "average_noncat_accuracy": 0.6683333333333333,
    "joint_goal_accuracy": 0.3393153409090909,
    "joint_noncat_accuracy": 0.3393153409090909,
    "requested_slots_f1": 0.8636363636363636,
    "requested_slots_precision": 0.9488636363636364,
    "requested_slots_recall": 0.8636363636363636
  },
  "Music_1": {
    "active_intent_accuracy": 0.9473684210526315,
    "average_cat_accuracy": 0.6895424836601307,
    "average_goal_accuracy": 0.7391350710900473,
    "average_noncat_accuracy": 0.7723529411764706,
    "joint_cat_accuracy": 0.7206477732793523,
    "joint_goal_accuracy": 0.46558704453441296,
    "joint_noncat_accuracy": 0.6644534412955466,
    "requested_slots_f1": 0.979757085020243,
    "requested_slots_precision": 0.9959514170040485,
    "requested_slots_recall": 0.979757085020243
  },
  "RentalCars_1": {
    "active_intent_accuracy": 0.9908536585365854,
    "average_cat_accuracy": 0.9487179487179487,
    "average_goal_accuracy": 0.897260348583878,
    "average_noncat_accuracy": 0.8863711622807017,
    "joint_cat_accuracy": 0.9359756097560976,
    "joint_goal_accuracy": 0.5606298780487804,
    "joint_noncat_accuracy": 0.5955189024390244,
    "requested_slots_f1": 0.9878048780487805,
    "requested_slots_precision": 0.9969512195121951,
    "requested_slots_recall": 0.9908536585365854
  },
  "Restaurants_2": {
    "active_intent_accuracy": 0.7783094098883573,
    "average_cat_accuracy": 0.3940242763772176,
    "average_goal_accuracy": 0.7560790991654395,
    "average_noncat_accuracy": 0.8191232009211283,
    "joint_cat_accuracy": 0.5741626794258373,
    "joint_goal_accuracy": 0.360999043062201,
    "joint_noncat_accuracy": 0.4815062232854864,
    "requested_slots_f1": 0.881757423862687,
    "requested_slots_precision": 0.9468899521531101,
    "requested_slots_recall": 0.8955342902711324
  },
  "RideSharing_1": {
    "active_intent_accuracy": 0.9961089494163424,
    "average_cat_accuracy": 0.9717391304347827,