{
  "#ALL_SERVICES": {
    "active_intent_accuracy": 0.9456740442655935,
    "average_cat_accuracy": 0.6814379892871859,
    "average_goal_accuracy": 0.8316097776433349,
    "average_noncat_accuracy": 0.8879175585392748,
    "joint_cat_accuracy": 0.6893365366845315,
    "joint_goal_accuracy": 0.5391816901408452,
    "joint_noncat_accuracy": 0.6899821763916835,
    "requested_slots_f1": 0.94517741368848,
    "requested_slots_precision": 0.9809356136820926,
    "requested_slots_recall": 0.9495305164319249
  },
  "#SEEN_SERVICES": {
    "active_intent_accuracy": 0.9828051247471342,
    "average_cat_accuracy": 0.8792620270901448,
    "average_goal_accuracy": 0.9020408860980288,
    "average_noncat_accuracy": 0.9331984339190221,
    "joint_cat_accuracy": 0.872959545777147,
    "joint_goal_accuracy": 0.7744524275118003,
    "joint_noncat_accuracy": 0.8815237356709373,
    "requested_slots_f1": 0.9803438975050572,
    "requested_slots_precision": 0.9934816812766913,
    "requested_slots_recall": 0.9836480107889414
  },
  "#UNSEEN_SERVICES": {
    "active_intent_accuracy": 0.9089392928619079,
    "average_cat_accuracy": 0.4589898459383754,
    "average_goal_accuracy": 0.7604224669875355,
    "average_noncat_accuracy": 0.8408944202036229,
    "joint_cat_accuracy": 0.4897801774006942,
    "joint_goal_accuracy": 0.3064221814543029,
    "joint_noncat_accuracy": 0.5004850900600399,
    "requested_slots_f1": 0.9103862892722131,
    "requested_slots_precision": 0.9685234600845007,
    "requested_slots_recall": 0.9157771847898599
  },
  "Alarm_1": {
    "active_intent_accuracy": 0.7554585152838428,
    "average_goal_accuracy": 0.6571103896103896,
    "average_noncat_accuracy": 0.6571103896103896,
    "joint_goal_accuracy": 0.4979912663755458,
    "joint_noncat_accuracy": 0.4979912663755458,
    "requested_slots_f1": 1.0,
    "requested_slots_precision": 1.0,
    "requested_slots_recall": 1.0
  },
  "Banks_2": {
    "active_intent_accuracy": 0.9628482972136223,
    "average_cat_accuracy": 0.9186046511627907,
    "average_goal_accuracy": 0.8270542635658914,
    "average_noncat_accuracy": 0.5753846153846154,
    "joint_cat_accuracy": 0.848297213622291,
    "joint_goal_accuracy": 0.5617337461300309,
    "joint_noncat_accuracy": 0.6081733746130031,
    "requested_slots_f1": 0.9009287925696594,
    "requested_slots_precision": 1.0,
    "requested_slots_recall": 0.9009287925696594
  },
  "Buses_1": {
    "active_intent_accuracy": 0.9946949602122016,
    "average_cat_accuracy": 1.0,
    "average_goal_accuracy": 0.9648498583569405,
    "average_noncat_accuracy": 0.9572619047619049,
    "joint_cat_accuracy": 1.0,
    "joint_goal_accuracy": 0.9005305039787799,
    "joint_noncat_accuracy": 0.9005305039787799,
    "requested_slots_f1": 0.9946949602122016,
    "requested_slots_precision": 0.9946949602122016,
    "requested_slots_recall": 0.9960212201591512
  },
  "Events_1": {
    "active_intent_accuracy": 0.9884836852207294,
    "average_cat_accuracy": 1.0,
    "average_goal_accuracy": 0.9558535142658316,
    "average_noncat_accuracy": 0.9340307582260372,
    "joint_cat_accuracy": 0.9923224568138196,
    "joint_goal_accuracy": 0.8224952015355086,
    "joint_noncat_accuracy": 0.830172744721689,
    "requested_slots_f1": 0.9916826615483044,
    "requested_slots_precision": 1.0,
    "requested_slots_recall": 0.991362763915547
  },
  "Flights_3": {
    "active_intent_accuracy": 0.967266775777414,
    "average_cat_accuracy": 0.6603535353535355,
    "average_goal_accuracy": 0.8076655328798186,
    "average_noncat_accuracy": 0.8834004369538077,
    "joint_cat_accuracy": 0.5073649754500819,
    "joint_goal_accuracy": 0.32595810147299503,
    "joint_noncat_accuracy": 0.6146533551554827,
    "requested_slots_f1": 0.8805237315875614,
    "requested_slots_precision": 1.0,
    "requested_slots_recall": 0.8805237315875614
  },
  "Homes_1": {
    "active_intent_accuracy": 0.9846678023850085,
    "average_cat_accuracy": 1.0,
    "average_goal_accuracy": 0.9887153073916134,
    "average_noncat_accuracy": 0.9797841965471448,
    "joint_cat_accuracy": 0.9761499148211243,
    "joint_goal_accuracy": 0.936984667802385,
    "joint_noncat_accuracy": 0.9489097103918228,
    "requested_slots_f1": 0.9982964224872232,
    "requested_slots_precision": 0.9982964224872232,
    "requested_slots_recall": 1.0
  },
  "Hotels_1": {
    "active_intent_accuracy": 0.9713261648745519,
    "average_cat_accuracy": 0.7793427230046949,
    "average_goal_accuracy": 0.924656746031746,
    "average_noncat_accuracy": 0.9955980392156862,
    "joint_cat_accuracy": 0.6451612903225806,
    "joint_goal_accuracy": 0.6418064516129032,
    "joint_noncat_accuracy": 0.9848100358422939,
    "requested_slots_f1": 0.9772998805256868,
    "requested_slots_precision": 0.9910394265232975,
    "requested_slots_recall": 0.978494623655914
  },
  "Hotels_4": {
    "active_intent_accuracy": 0.9821428571428571,
    "average_cat_accuracy": 0.6983024691358025,
    "average_goal_accuracy": 0.8090506509719995,
    "average_noncat_accuracy": 0.8593986928104574,
    "joint_cat_accuracy": 0.43214285714285716,
    "joint_goal_accuracy": 0.09566535714285715,
    "joint_noncat_accuracy": 0.18317678571428572,
    "requested_slots_f1": 0.923095238095238,
    "requested_slots_precision": 0.9306547619047618,
    "requested_slots_recall": 0.9392857142857143
  },
  "Media_2": {
    "active_intent_accuracy": 0.9523809523809523,
    "average_cat_accuracy": 0.006060606060606061,
    "average_goal_accuracy": 0.7489432989690722,
    "average_noncat_accuracy": 0.891815578465063,
    "joint_cat_accuracy": 0.4793650793650794,
    "joint_goal_accuracy": 0.25139809523809525,
    "joint_noncat_accuracy": 0.4135079365079365,
    "requested_slots_f1": 0.9213756613756614,
    "requested_slots_precision": 0.9232804232804233,
    "requested_slots_recall": 0.9301587301587302
  },
  "Movies_2": {
    "active_intent_accuracy": 0.9431818181818182,
    "average_goal_accuracy": 0.7561845730027549,
    "average_noncat_accuracy": 0.7561845730027549,
    "joint_goal_accuracy": 0.3624352272727273,
    "joint_noncat_accuracy": 0.3624352272727273,
    "requested_slots_f1": 0.9043560606060606,
    "requested_slots_precision": 0.9128787878787878,
    "requested_slots_recall": 0.9119318181818182
  },
  "Music_1": {
    "active_intent_accuracy": 0.9433198380566802,
    "average_cat_accuracy": 0.6633986928104575,
    "average_goal_accuracy": 0.8140600315955765,
    "average_noncat_accuracy": 0.9044117647058824,
    "joint_cat_accuracy": 0.7165991902834008,
    "joint_goal_accuracy": 0.6153846153846154,
    "joint_noncat_accuracy": 0.8582995951417004,
    "requested_slots_f1": 0.9865047233468286,
    "requested_slots_precision": 0.9919028340080972,
    "requested_slots_recall": 0.9939271255060729
  },
  "RentalCars_1": {
    "active_intent_accuracy": 0.9939024390243902,
    "average_cat_accuracy": 0.8871794871794871,
    "average_goal_accuracy": 0.9463888888888888,
    "average_noncat_accuracy": 0.9516918859649122,
    "joint_cat_accuracy": 0.9054878048780488,
    "joint_goal_accuracy": 0.7823853658536585,
    "joint_noncat_accuracy": 0.8450545731707317,
    "requested_slots_f1": 0.9939024390243902,
    "requested_slots_precision": 0.9969512195121951,
    "requested_slots_recall": 0.9969512195121951
  },
  "Restaurants_2": {
    "active_intent_accuracy": 0.8325358851674641,
    "average_cat_accuracy": 0.39355742296918766,
    "average_goal_accuracy": 0.7819533832433317,
    "average_noncat_accuracy": 0.8521758779504892,
    "joint_cat_accuracy": 0.6060606060606061,
    "joint_goal_accuracy": 0.3528676236044657,
    "joint_noncat_accuracy": 0.45779888357256776,
    "requested_slots_f1": 0.9172856383382699,
    "requested_slots_precision": 0.9434609250398723,
    "requested_slots_recall": 0.9346092503987241
  },
  "RideSharing_1": {
    "active_intent_accuracy": 1.0,
    "average_cat_accuracy": 0.991304347826087,
    "average_goal_accuracy": 0.9528851540616247,