{
  "#ALL_SERVICES": {
    "active_intent_accuracy": 0.9592555331991952,
    "average_cat_accuracy": 0.6997939843428101,
    "average_goal_accuracy": 0.844087070696443,
    "average_noncat_accuracy": 0.8977217681779853,
    "joint_cat_accuracy": 0.720569210866753,
    "joint_goal_accuracy": 0.5563861837692824,
    "joint_noncat_accuracy": 0.7065271629778672,
    "requested_slots_f1": 0.9466241895819361,
    "requested_slots_precision": 0.9844763022579923,
    "requested_slots_recall": 0.9483568075117371
  },
  "#SEEN_SERVICES": {
    "active_intent_accuracy": 0.9885367498314228,
    "average_cat_accuracy": 0.8785614198972442,
    "average_goal_accuracy": 0.9103337519623235,
    "average_noncat_accuracy": 0.9406543162719634,
    "joint_cat_accuracy": 0.8789921930447125,
    "joint_goal_accuracy": 0.7732668914362778,
    "joint_noncat_accuracy": 0.869542582602832,
    "requested_slots_f1": 0.981568891885817,
    "requested_slots_precision": 0.9925264104293099,
    "requested_slots_recall": 0.984322319622387
  },
  "#UNSEEN_SERVICES": {
    "active_intent_accuracy": 0.9302868579052702,
    "average_cat_accuracy": 0.49877450980392163,
    "average_goal_accuracy": 0.7771291144373336,
    "average_noncat_accuracy": 0.8531373132354886,
    "joint_cat_accuracy": 0.5483995372155804,
    "joint_goal_accuracy": 0.34182041360907267,
    "joint_noncat_accuracy": 0.5452517344896598,
    "requested_slots_f1": 0.9120524794307315,
    "requested_slots_precision": 0.9765121191905716,
    "requested_slots_recall": 0.9127751834556371
  },
  "Alarm_1": {
    "active_intent_accuracy": 0.8384279475982532,
    "average_goal_accuracy": 0.7675000000000002,
    "average_noncat_accuracy": 0.7675000000000002,
    "joint_goal_accuracy": 0.5187336244541484,
    "joint_noncat_accuracy": 0.5187336244541484,
    "requested_slots_f1": 1.0,
    "requested_slots_precision": 1.0,
    "requested_slots_recall": 1.0
  },
  "Banks_2": {
    "active_intent_accuracy": 0.9938080495356038,
    "average_cat_accuracy": 0.8986710963455149,
    "average_goal_accuracy": 0.834407530454042,
    "average_noncat_accuracy": 0.6427472527472528,
    "joint_cat_accuracy": 0.8235294117647058,
    "joint_goal_accuracy": 0.5944272445820433,
    "joint_noncat_accuracy": 0.6656346749226006,
    "requested_slots_f1": 0.9009287925696594,
    "requested_slots_precision": 1.0,
    "requested_slots_recall": 0.9009287925696594
  },
  "Buses_1": {
    "active_intent_accuracy": 0.9920424403183024,
    "average_cat_accuracy": 0.996,
    "average_goal_accuracy": 0.9707672332389047,
    "average_noncat_accuracy": 0.9656357142857142,
    "joint_cat_accuracy": 0.9973474801061007,
    "joint_goal_accuracy": 0.9121750663129973,
    "joint_noncat_accuracy": 0.9148275862068965,
    "requested_slots_f1": 0.9929266136162689,
    "requested_slots_precision": 0.9907161803713528,
    "requested_slots_recall": 0.9986737400530504
  },
  "Events_1": {
    "active_intent_accuracy": 0.9961612284069098,
    "average_cat_accuracy": 1.0,
    "average_goal_accuracy": 0.9432800974251915,
    "average_noncat_accuracy": 0.9165289699570816,
    "joint_cat_accuracy": 1.0,
    "joint_goal_accuracy": 0.7626295585412668,
    "joint_noncat_accuracy": 0.7626295585412668,
    "requested_slots_f1": 0.985284708893154,
    "requested_slots_precision": 0.9942418426103646,
    "requested_slots_recall": 0.9875239923224568
  },
  "Flights_3": {
    "active_intent_accuracy": 0.9574468085106383,
    "average_cat_accuracy": 0.6727994227994227,
    "average_goal_accuracy": 0.8101124548584866,
    "average_noncat_accuracy": 0.8808754681647941,
    "joint_cat_accuracy": 0.5171849427168577,
    "joint_goal_accuracy": 0.3319482815057283,
    "joint_noncat_accuracy": 0.6418873977086744,
    "requested_slots_f1": 0.8816148390616477,
    "requested_slots_precision": 1.0,
    "requested_slots_recall": 0.881342062193126
  },
  "Homes_1": {
    "active_intent_accuracy": 0.989778534923339,
    "average_cat_accuracy": 0.9846153846153847,
    "average_goal_accuracy": 0.9530416222459134,
    "average_noncat_accuracy": 0.9365205843293493,
    "joint_cat_accuracy": 0.9284497444633731,
    "joint_goal_accuracy": 0.8251788756388415,
    "joint_noncat_accuracy": 0.8737308347529813,
    "requested_slots_f1": 0.995457126632595,
    "requested_slots_precision": 0.9965928449744463,
    "requested_slots_recall": 0.9982964224872232
  },
  "Hotels_1": {
    "active_intent_accuracy": 0.978494623655914,
    "average_cat_accuracy": 0.8990610328638498,
    "average_goal_accuracy": 0.961554292929293,
    "average_noncat_accuracy": 0.9840065359477125,
    "joint_cat_accuracy": 0.8709677419354839,
    "joint_goal_accuracy": 0.8360931899641576,
    "joint_noncat_accuracy": 0.9389964157706094,
    "requested_slots_f1": 0.9952210274790919,
    "requested_slots_precision": 0.996415770609319,
    "requested_slots_recall": 0.9946236559139785
  },
  "Hotels_4": {
    "active_intent_accuracy": 0.9964285714285714,
    "average_cat_accuracy": 0.8395061728395062,
    "average_goal_accuracy": 0.8579642411271625,
    "average_noncat_accuracy": 0.8676274509803922,
    "joint_cat_accuracy": 0.8035714285714286,
    "joint_goal_accuracy": 0.21775,
    "joint_noncat_accuracy": 0.3033071428571429,
    "requested_slots_f1": 0.9416666666666665,
    "requested_slots_precision": 0.9416666666666665,
    "requested_slots_recall": 0.95
  },
  "Media_2": {
    "active_intent_accuracy": 0.9587301587301588,
    "average_cat_accuracy": 0.11515151515151516,
    "average_goal_accuracy": 0.7826282932416954,
    "average_noncat_accuracy": 0.9078293241695304,
    "joint_cat_accuracy": 0.5365079365079365,
    "joint_goal_accuracy": 0.24373269841269843,
    "joint_noncat_accuracy": 0.3854571428571429,
    "requested_slots_f1": 0.9201058201058202,
    "requested_slots_precision": 0.9317460317460318,
    "requested_slots_recall": 0.9238095238095239
  },
  "Movies_2": {
    "active_intent_accuracy": 0.9886363636363636,
    "average_goal_accuracy": 0.6860192837465564,
    "average_noncat_accuracy": 0.6860192837465564,
    "joint_goal_accuracy": 0.3360375,
    "joint_noncat_accuracy": 0.3360375,
    "requested_slots_f1": 0.9157196969696969,
    "requested_slots_precision": 0.9441287878787878,
    "requested_slots_recall": 0.9176136363636364
  },
  "Music_1": {
    "active_intent_accuracy": 0.9838056680161943,
    "average_cat_accuracy": 0.7418300653594772,
    "average_goal_accuracy": 0.8464320695102686,
    "average_noncat_accuracy": 0.9179411764705881,
    "joint_cat_accuracy": 0.7773279352226721,
    "joint_goal_accuracy": 0.6767206477732793,
    "joint_noncat_accuracy": 0.8548582995951417,
    "requested_slots_f1": 0.9959514170040485,
    "requested_slots_precision": 0.9959514170040485,
    "requested_slots_recall": 1.0
  },
  "RentalCars_1": {
    "active_intent_accuracy": 0.9939024390243902,
    "average_cat_accuracy": 0.7743589743589744,
    "average_goal_accuracy": 0.9422211328976035,
    "average_noncat_accuracy": 0.9609473684210526,
    "joint_cat_accuracy": 0.8414634146341463,
    "joint_goal_accuracy": 0.7321060975609756,
    "joint_noncat_accuracy": 0.867452743902439,
    "requested_slots_f1": 0.9969512195121951,
    "requested_slots_precision": 0.9969512195121951,
    "requested_slots_recall": 1.0
  },
  "Restaurants_2": {
    "active_intent_accuracy": 0.9186602870813397,
    "average_cat_accuracy": 0.453781512605042,
    "average_goal_accuracy": 0.7907225495009,
    "average_noncat_accuracy": 0.851178756476684,
    "joint_cat_accuracy": 0.6475279106858054,
    "joint_goal_accuracy": 0.4390411483253589,
    "joint_noncat_accuracy": 0.5558180223285487,
    "requested_slots_f1": 0.913343965975545,
    "requested_slots_precision": 0.9637161084529505,
    "requested_slots_recall": 0.916267942583732
  },
  "RideSharing_1": {
    "active_intent_accuracy": 1.0,
    "average_cat_accuracy": 0.9565217391304348,
    "average_goal_accuracy": 0.9519047619047619,
    "average_noncat_accuracy": 0.9462559241706161,