{
  "#ALL_SERVICES": {
    "active_intent_accuracy": 0.9111334674714956,
    "average_cat_accuracy": 0.6802637000412031,
    "average_goal_accuracy": 0.8081339729594654,
    "average_noncat_accuracy": 0.8515093403385872,
    "joint_cat_accuracy": 0.6943263722047681,
    "joint_goal_accuracy": 0.4971889699865862,
    "joint_noncat_accuracy": 0.6264856668343394,
    "requested_slots_f1": 0.9361646066877455,
    "requested_slots_precision": 0.9782780013413815,
    "requested_slots_recall": 0.9425720992622401
  },
  "#SEEN_SERVICES": {
    "active_intent_accuracy": 0.9743762643290627,
    "average_cat_accuracy": 0.8787949556282111,
    "average_goal_accuracy": 0.857866884702599,
    "average_noncat_accuracy": 0.8672535014005603,
    "joint_cat_accuracy": 0.8782824698367636,
    "joint_goal_accuracy": 0.6421205664194201,
    "joint_noncat_accuracy": 0.7192412677006067,
    "requested_slots_f1": 0.9679141380085413,
    "requested_slots_precision": 0.9855023600809171,
    "requested_slots_recall": 0.977242076871207
  },
  "#UNSEEN_SERVICES": {
    "active_intent_accuracy": 0.8485657104736491,
    "average_cat_accuracy": 0.45702030812324934,
    "average_goal_accuracy": 0.7578670906718853,
    "average_noncat_accuracy": 0.8351593944202036,
    "joint_cat_accuracy": 0.49440802159660624,
    "joint_goal_accuracy": 0.3538043418945964,
    "joint_noncat_accuracy": 0.5347201190793862,
    "requested_slots_f1": 0.9047539629594332,
    "requested_slots_precision": 0.9711307538358905,
    "requested_slots_recall": 0.9082721814543029
  },
  "Alarm_1": {
    "active_intent_accuracy": 0.7554585152838428,
    "average_goal_accuracy": 0.7933441558441557,
    "average_noncat_accuracy": 0.7933441558441557,
    "joint_goal_accuracy": 0.5860331877729257,
    "joint_noncat_accuracy": 0.5860331877729257,
    "requested_slots_f1": 1.0,
    "requested_slots_precision": 1.0,
    "requested_slots_recall": 1.0
  },
  "Banks_2": {
    "active_intent_accuracy": 0.9876160990712074,
    "average_cat_accuracy": 0.920265780730897,
    "average_goal_accuracy": 0.858014950166113,
    "average_noncat_accuracy": 0.6858241758241758,
    "joint_cat_accuracy": 0.848297213622291,
    "joint_goal_accuracy": 0.5871207430340557,
    "joint_noncat_accuracy": 0.6583281733746129,
    "requested_slots_f1": 0.9009287925696594,
    "requested_slots_precision": 1.0,
    "requested_slots_recall": 0.9009287925696594
  },
  "Buses_1": {
    "active_intent_accuracy": 0.9840848806366048,
    "average_cat_accuracy": 1.0,
    "average_goal_accuracy": 0.9229622285174692,
    "average_noncat_accuracy": 0.906502380952381,
    "joint_cat_accuracy": 0.9973474801061007,
    "joint_goal_accuracy": 0.7197413793103448,
    "joint_noncat_accuracy": 0.7223938992042439,
    "requested_slots_f1": 0.9814323607427056,
    "requested_slots_precision": 0.9787798408488063,
    "requested_slots_recall": 0.9946949602122016
  },
  "Events_1": {
    "active_intent_accuracy": 0.9731285988483686,
    "average_cat_accuracy": 0.9954954954954955,
    "average_goal_accuracy": 0.906178148921364,
    "average_noncat_accuracy": 0.8628218884120171,
    "joint_cat_accuracy": 0.9904030710172744,
    "joint_goal_accuracy": 0.6947053742802304,
    "joint_noncat_accuracy": 0.7004635316698656,
    "requested_slots_f1": 0.9577735124760077,
    "requested_slots_precision": 0.9865642994241842,
    "requested_slots_recall": 0.9616122840690979
  },
  "Flights_3": {
    "active_intent_accuracy": 0.9345335515548282,
    "average_cat_accuracy": 0.6302308802308801,
    "average_goal_accuracy": 0.8611754010246073,
    "average_noncat_accuracy": 0.9674516229712858,
    "joint_cat_accuracy": 0.5155482815057283,
    "joint_goal_accuracy": 0.5031751227495909,
    "joint_noncat_accuracy": 0.9005944353518823,
    "requested_slots_f1": 0.8805237315875614,
    "requested_slots_precision": 1.0,
    "requested_slots_recall": 0.8805237315875614
  },
  "Homes_1": {
    "active_intent_accuracy": 0.9727427597955707,
    "average_cat_accuracy": 0.9439102564102564,
    "average_goal_accuracy": 0.91329513148543,
    "average_noncat_accuracy": 0.8985059760956174,
    "joint_cat_accuracy": 0.9182282793867121,
    "joint_goal_accuracy": 0.7359454855195912,
    "joint_noncat_accuracy": 0.7887563884156729,
    "requested_slots_f1": 0.9914821124361158,
    "requested_slots_precision": 0.9906303236797275,
    "requested_slots_recall": 1.0
  },
  "Hotels_1": {
    "active_intent_accuracy": 0.96415770609319,
    "average_cat_accuracy": 0.8693270735524258,
    "average_goal_accuracy": 0.8766132756132755,
    "average_noncat_accuracy": 0.8817091503267973,
    "joint_cat_accuracy": 0.8064516129032258,
    "joint_goal_accuracy": 0.5256989247311827,
    "joint_noncat_accuracy": 0.6188888888888888,
    "requested_slots_f1": 0.9790919952210273,
    "requested_slots_precision": 0.9874551971326165,
    "requested_slots_recall": 0.978494623655914
  },
  "Hotels_4": {
    "active_intent_accuracy": 0.9785714285714285,
    "average_cat_accuracy": 0.8796296296296297,
    "average_goal_accuracy": 0.8009690565364722,
    "average_noncat_accuracy": 0.7636895424836602,
    "joint_cat_accuracy": 0.5214285714285715,
    "joint_goal_accuracy": 0.2255714285714286,
    "joint_noncat_accuracy": 0.3916071428571429,
    "requested_slots_f1": 0.9150000000000001,
    "requested_slots_precision": 0.9041666666666667,
    "requested_slots_recall": 0.9446428571428571
  },
  "Media_2": {
    "active_intent_accuracy": 0.9492063492063492,
    "average_cat_accuracy": 0.15151515151515152,
    "average_goal_accuracy": 0.7368671248568156,
    "average_noncat_accuracy": 0.84487686139748,
    "joint_cat_accuracy": 0.5555555555555556,
    "joint_goal_accuracy": 0.20747428571428572,
    "joint_noncat_accuracy": 0.22407396825396828,
    "requested_slots_f1": 0.9185185185185185,
    "requested_slots_precision": 0.9412698412698413,
    "requested_slots_recall": 0.9238095238095239
  },
  "Movies_2": {
    "active_intent_accuracy": 0.9659090909090909,
    "average_goal_accuracy": 0.7004132231404959,
    "average_noncat_accuracy": 0.7004132231404959,
    "joint_goal_accuracy": 0.3632519431818182,
    "joint_noncat_accuracy": 0.3632519431818182,
    "requested_slots_f1": 0.8977272727272727,
    "requested_slots_precision": 0.9365530303030302,
    "requested_slots_recall": 0.9119318181818182
  },
  "Music_1": {
    "active_intent_accuracy": 0.97165991902834,
    "average_cat_accuracy": 0.7843137254901961,
    "average_goal_accuracy": 0.7665837282780411,
    "average_noncat_accuracy": 0.7451715686274509,
    "joint_cat_accuracy": 0.7935222672064778,
    "joint_goal_accuracy": 0.4677732793522267,
    "joint_noncat_accuracy": 0.6094736842105263,
    "requested_slots_f1": 0.9784075573549257,
    "requested_slots_precision": 0.9817813765182186,
    "requested_slots_recall": 0.9959514170040485
  },
  "RentalCars_1": {
    "active_intent_accuracy": 0.975609756097561,
    "average_cat_accuracy": 0.8461538461538461,
    "average_goal_accuracy": 0.8844291938997821,
    "average_noncat_accuracy": 0.8845328947368422,
    "joint_cat_accuracy": 0.8780487804878049,
    "joint_goal_accuracy": 0.5633201219512195,
    "joint_noncat_accuracy": 0.5871006097560976,
    "requested_slots_f1": 0.9908536585365854,
    "requested_slots_precision": 0.9908536585365854,
    "requested_slots_recall": 1.0
  },
  "Restaurants_2": {
    "active_intent_accuracy": 0.7751196172248804,
    "average_cat_accuracy": 0.23809523809523808,
    "average_goal_accuracy": 0.7263608042873506,
    "average_noncat_accuracy": 0.8127636729994242,
    "joint_cat_accuracy": 0.5358851674641149,
    "joint_goal_accuracy": 0.3221324960127592,
    "joint_noncat_accuracy": 0.4270651913875597,
    "requested_slots_f1": 0.8892914103440419,
    "requested_slots_precision": 0.9520733652312601,
    "requested_slots_recall": 0.8907496012759171
  },
  "RideSharing_1": {
    "active_intent_accuracy": 0.9961089494163424,
    "average_cat_accuracy": 0.9847826086956522,