{
  "#ALL_SERVICES": {
    "active_intent_accuracy": 0.9651240778001341,
    "average_cat_accuracy": 0.7101153687680263,
    "average_goal_accuracy": 0.8370764175675794,
    "average_noncat_accuracy": 0.8826613478627492,
    "joint_cat_accuracy": 0.7146553317316577,
    "joint_goal_accuracy": 0.5384624272300469,
    "joint_noncat_accuracy": 0.6770625105633802,
    "requested_slots_f1": 0.945481220657277,
    "requested_slots_precision": 0.9824155248954042,
    "requested_slots_recall": 0.9476022803487593
  },
  "#SEEN_SERVICES": {
    "active_intent_accuracy": 0.9888739042481457,
    "average_cat_accuracy": 0.8897711349836525,
    "average_goal_accuracy": 0.8966073085644514,
    "average_noncat_accuracy": 0.9163025210084034,
    "joint_cat_accuracy": 0.897444996451384,
    "joint_goal_accuracy": 0.7671248671611598,
    "joint_noncat_accuracy": 0.8496262484828051,
    "requested_slots_f1": 0.9819510002247697,
    "requested_slots_precision": 0.9962913014160486,
    "requested_slots_recall": 0.9829737019554956
  },
  "#UNSEEN_SERVICES": {
    "active_intent_accuracy": 0.9416277518345564,
    "average_cat_accuracy": 0.5080969887955182,
    "average_goal_accuracy": 0.7769063574337546,
    "average_noncat_accuracy": 0.8477257701970118,
    "joint_cat_accuracy": 0.5160046278441959,
    "joint_goal_accuracy": 0.31224068045363573,
    "joint_noncat_accuracy": 0.5063406804536358,
    "requested_slots_f1": 0.9094007115855014,
    "requested_slots_precision": 0.9686878553956606,
    "requested_slots_recall": 0.9126084056037358
  },
  "Alarm_1": {
    "active_intent_accuracy": 0.8602620087336245,
    "average_goal_accuracy": 0.7399025974025975,
    "average_noncat_accuracy": 0.7399025974025975,
    "joint_goal_accuracy": 0.5081659388646288,
    "joint_noncat_accuracy": 0.5081659388646288,
    "requested_slots_f1": 1.0,
    "requested_slots_precision": 1.0,
    "requested_slots_recall": 1.0
  },
  "Banks_2": {
    "active_intent_accuracy": 0.9721362229102167,
    "average_cat_accuracy": 0.9219269102990033,
    "average_goal_accuracy": 0.8624031007751938,
    "average_noncat_accuracy": 0.6895604395604396,
    "joint_cat_accuracy": 0.8544891640866873,
    "joint_goal_accuracy": 0.6037151702786377,
    "joint_noncat_accuracy": 0.6656346749226006,
    "requested_slots_f1": 0.9009287925696594,
    "requested_slots_precision": 1.0,
    "requested_slots_recall": 0.9009287925696594
  },
  "Buses_1": {
    "active_intent_accuracy": 0.9920424403183024,
    "average_cat_accuracy": 1.0,
    "average_goal_accuracy": 0.9653923512747875,
    "average_noncat_accuracy": 0.9576476190476191,
    "joint_cat_accuracy": 1.0,
    "joint_goal_accuracy": 0.8973244031830239,
    "joint_noncat_accuracy": 0.8973244031830239,
    "requested_slots_f1": 0.9964633068081343,
    "requested_slots_precision": 0.9973474801061007,
    "requested_slots_recall": 0.9960212201591512
  },
  "Events_1": {
    "active_intent_accuracy": 0.982725527831094,
    "average_cat_accuracy": 1.0,
    "average_goal_accuracy": 0.9457313848295058,
    "average_noncat_accuracy": 0.9198354792560801,
    "joint_cat_accuracy": 0.9923224568138196,
    "joint_goal_accuracy": 0.7838621880998081,
    "joint_noncat_accuracy": 0.784761612284069,
    "requested_slots_f1": 0.992642354446577,
    "requested_slots_precision": 0.9977607165706972,
    "requested_slots_recall": 0.9932821497120922
  },
  "Flights_3": {
    "active_intent_accuracy": 0.9492635024549918,
    "average_cat_accuracy": 0.7018398268398268,
    "average_goal_accuracy": 0.8089184513311497,
    "average_noncat_accuracy": 0.8649313358302122,
    "joint_cat_accuracy": 0.5253682487725041,
    "joint_goal_accuracy": 0.34371587561374795,
    "joint_noncat_accuracy": 0.6368126022913256,
    "requested_slots_f1": 0.88379705400982,
    "requested_slots_precision": 1.0,
    "requested_slots_recall": 0.8829787234042553
  },
  "Homes_1": {
    "active_intent_accuracy": 0.9948892674616695,
    "average_cat_accuracy": 0.9778846153846154,
    "average_goal_accuracy": 0.9675933724235964,
    "average_noncat_accuracy": 0.9605046480743692,
    "joint_cat_accuracy": 0.969335604770017,
    "joint_goal_accuracy": 0.9000851788756387,
    "joint_noncat_accuracy": 0.9221124361158433,
    "requested_slots_f1": 0.9982964224872232,
    "requested_slots_precision": 0.9982964224872232,
    "requested_slots_recall": 1.0
  },
  "Hotels_1": {
    "active_intent_accuracy": 0.9713261648745519,
    "average_cat_accuracy": 0.9295774647887324,
    "average_goal_accuracy": 0.9677799422799424,
    "average_noncat_accuracy": 0.9799477124183007,
    "joint_cat_accuracy": 0.8853046594982079,
    "joint_goal_accuracy": 0.8156487455197132,
    "joint_noncat_accuracy": 0.9246379928315411,
    "requested_slots_f1": 0.9946236559139785,
    "requested_slots_precision": 0.9982078853046595,
    "requested_slots_recall": 0.9946236559139785
  },
  "Hotels_4": {
    "active_intent_accuracy": 0.9857142857142858,
    "average_cat_accuracy": 0.9050925925925926,
    "average_goal_accuracy": 0.8684942928482254,
    "average_noncat_accuracy": 0.8466209150326797,
    "joint_cat_accuracy": 0.5214285714285715,
    "joint_goal_accuracy": 0.14808428571428572,
    "joint_noncat_accuracy": 0.2565571428571429,
    "requested_slots_f1": 0.9306632653061224,
    "requested_slots_precision": 0.9248214285714286,
    "requested_slots_recall": 0.95
  },
  "Media_2": {
    "active_intent_accuracy": 0.9333333333333333,
    "average_cat_accuracy": 0.0,
    "average_goal_accuracy": 0.7220670103092784,
    "average_noncat_accuracy": 0.8577233676975944,
    "joint_cat_accuracy": 0.47619047619047616,
    "joint_goal_accuracy": 0.2025247619047619,
    "joint_noncat_accuracy": 0.22960349206349204,
    "requested_slots_f1": 0.9195767195767195,
    "requested_slots_precision": 0.9285714285714286,
    "requested_slots_recall": 0.9206349206349206
  },
  "Movies_2": {
    "active_intent_accuracy": 0.9943181818181818,
    "average_goal_accuracy": 0.648870523415978,
    "average_noncat_accuracy": 0.648870523415978,
    "joint_goal_accuracy": 0.3071534090909091,
    "joint_noncat_accuracy": 0.3071534090909091,
    "requested_slots_f1": 0.8920454545454546,
    "requested_slots_precision": 0.9071969696969696,
    "requested_slots_recall": 0.8948863636363636
  },
  "Music_1": {
    "active_intent_accuracy": 0.979757085020243,
    "average_cat_accuracy": 0.7352941176470589,
    "average_goal_accuracy": 0.8267867298578199,
    "average_noncat_accuracy": 0.8643872549019607,
    "joint_cat_accuracy": 0.7773279352226721,
    "joint_goal_accuracy": 0.6272874493927125,
    "joint_noncat_accuracy": 0.7976923076923077,
    "requested_slots_f1": 0.9946018893387315,
    "requested_slots_precision": 0.9959514170040485,
    "requested_slots_recall": 0.9979757085020243
  },
  "RentalCars_1": {
    "active_intent_accuracy": 0.9939024390243902,
    "average_cat_accuracy": 0.8461538461538461,
    "average_goal_accuracy": 0.9255822440087146,
    "average_noncat_accuracy": 0.9331414473684209,
    "joint_cat_accuracy": 0.8841463414634146,
    "joint_goal_accuracy": 0.7184312682926829,
    "joint_noncat_accuracy": 0.8118230274390243,
    "requested_slots_f1": 0.9969512195121951,
    "requested_slots_precision": 1.0,
    "requested_slots_recall": 0.9969512195121951
  },
  "Restaurants_2": {
    "active_intent_accuracy": 0.9011164274322169,
    "average_cat_accuracy": 0.47665732959850604,
    "average_goal_accuracy": 0.8073582474226805,
    "average_noncat_accuracy": 0.8602374784110535,
    "joint_cat_accuracy": 0.6555023923444976,
    "joint_goal_accuracy": 0.3531088676236045,
    "joint_noncat_accuracy": 0.4135658054226475,
    "requested_slots_f1": 0.908768132452343,
    "requested_slots_precision": 0.945788714209767,
    "requested_slots_recall": 0.9202551834130781
  },
  "RideSharing_1": {
    "active_intent_accuracy": 1.0,
    "average_cat_accuracy": 0.9869565217391304,
    "average_goal_accuracy": 0.9463305322128851,
    "average_noncat_accuracy": 0.8681516587677726,