{
  "#ALL_SERVICES": {
    "active_intent_accuracy": 0.07863849765258216,
    "average_cat_accuracy": 0.0,
    "average_goal_accuracy": 0.17553519478128207,
    "average_noncat_accuracy": 0.2527443730946358,
    "joint_cat_accuracy": 0.25244871557937537,
    "joint_goal_accuracy": 0.0046567881918175725,
    "joint_noncat_accuracy": 0.0180133194639336,
    "requested_slots_f1": 0.6437596790475673,
    "requested_slots_precision": 0.730243558691082,
    "requested_slots_recall": 0.8950368879946344
  },
  "#SEEN_SERVICES": {
    "active_intent_accuracy": 0.0815913688469319,
    "average_cat_accuracy": 0.0,
    "average_goal_accuracy": 0.1717125763125763,
    "average_noncat_accuracy": 0.25909281894576014,
    "joint_cat_accuracy": 0.24024130589070264,
    "joint_goal_accuracy": 0.007766539527983816,
    "joint_noncat_accuracy": 0.03250602768071477,
    "requested_slots_f1": 0.6429729332628861,
    "requested_slots_precision": 0.73760636419099,
    "requested_slots_recall": 0.891267700606878
  },
  "#UNSEEN_SERVICES": {
    "active_intent_accuracy": 0.07571714476317545,
    "average_cat_accuracy": 0.0,
    "average_goal_accuracy": 0.1793988558029654,
    "average_noncat_accuracy": 0.24615165939442024,
    "joint_cat_accuracy": 0.2657153875819514,
    "joint_goal_accuracy": 0.0015802296651100736,
    "joint_noncat_accuracy": 0.0036753032628085397,
    "requested_slots_f1": 0.6445380272788432,
    "requested_slots_precision": 0.7229593421758296,
    "requested_slots_recall": 0.8987658438959306
  },
  "Alarm_1": {
    "active_intent_accuracy": 0.09170305676855896,
    "average_goal_accuracy": 0.1966883116883117,
    "average_noncat_accuracy": 0.1966883116883117,
    "joint_goal_accuracy": 0.019103493449781662,
    "joint_noncat_accuracy": 0.019103493449781662,
    "requested_slots_f1": 0.8646288209606987,
    "requested_slots_precision": 0.8646288209606987,
    "requested_slots_recall": 1.0
  },
  "Banks_2": {
    "active_intent_accuracy": 0.06501547987616099,
    "average_cat_accuracy": 0.0,
    "average_goal_accuracy": 0.05662236987818383,
    "average_noncat_accuracy": 0.18373626373626373,
    "joint_cat_accuracy": 0.06811145510835913,
    "joint_goal_accuracy": 0.0,
    "joint_noncat_accuracy": 0.014268421052631581,
    "requested_slots_f1": 0.8596491228070174,
    "requested_slots_precision": 0.955108359133127,
    "requested_slots_recall": 0.9040247678018576
  },
  "Buses_1": {
    "active_intent_accuracy": 0.07161803713527852,
    "average_cat_accuracy": 0.0,
    "average_goal_accuracy": 0.1973087818696884,
    "average_noncat_accuracy": 0.23576666666666665,
    "joint_cat_accuracy": 0.33687002652519893,
    "joint_goal_accuracy": 0.00011914917771883289,
    "joint_noncat_accuracy": 0.0010737377984084881,
    "requested_slots_f1": 0.6286644390092666,
    "requested_slots_precision": 0.7114647804302977,
    "requested_slots_recall": 0.889920424403183
  },
  "Events_1": {
    "active_intent_accuracy": 0.09788867562380038,
    "average_cat_accuracy": 0.0,
    "average_goal_accuracy": 0.18159777313848297,
    "average_noncat_accuracy": 0.27300786838340485,
    "joint_cat_accuracy": 0.14779270633397312,
    "joint_goal_accuracy": 0.0,
    "joint_noncat_accuracy": 0.0010641952975047983,
    "requested_slots_f1": 0.5226038836403519,
    "requested_slots_precision": 0.5862809615208847,
    "requested_slots_recall": 0.9174664107485605
  },
  "Flights_3": {
    "active_intent_accuracy": 0.07692307692307693,
    "average_cat_accuracy": 0.0,
    "average_goal_accuracy": 0.17470498446292096,
    "average_noncat_accuracy": 0.25778089887640454,
    "joint_cat_accuracy": 0.24386252045826515,
    "joint_goal_accuracy": 0.0,
    "joint_noncat_accuracy": 0.000998075433715221,
    "requested_slots_f1": 0.6273868661053047,
    "requested_slots_precision": 0.706953804435031,
    "requested_slots_recall": 0.9018003273322422
  },
  "Homes_1": {
    "active_intent_accuracy": 0.07155025553662692,
    "average_cat_accuracy": 0.0,
    "average_goal_accuracy": 0.15652691897654586,
    "average_noncat_accuracy": 0.2986354581673307,
    "joint_cat_accuracy": 0.1141396933560477,
    "joint_goal_accuracy": 0.0,
    "joint_noncat_accuracy": 0.006117870528109029,
    "requested_slots_f1": 0.47138899336514334,
    "requested_slots_precision": 0.5434527189637922,
    "requested_slots_recall": 0.9080068143100511
  },
  "Hotels_1": {
    "active_intent_accuracy": 0.05734767025089606,
    "average_cat_accuracy": 0.0,
    "average_goal_accuracy": 0.16212463924963924,
    "average_noncat_accuracy": 0.25102287581699345,
    "joint_cat_accuracy": 0.23655913978494625,
    "joint_goal_accuracy": 2.2354838709677416e-05,
    "joint_noncat_accuracy": 0.0008112776702508959,
    "requested_slots_f1": 0.613251046046745,
    "requested_slots_precision": 0.7611992945326279,
    "requested_slots_recall": 0.8351254480286738
  },
  "Hotels_4": {
    "active_intent_accuracy": 0.05357142857142857,
    "average_cat_accuracy": 0.0,
    "average_goal_accuracy": 0.1647633315498484,
    "average_noncat_accuracy": 0.2443235294117647,
    "joint_cat_accuracy": 0.22857142857142856,
    "joint_goal_accuracy": 8.601814285714288e-05,
    "joint_noncat_accuracy": 0.0010033341428571428,
    "requested_slots_f1": 0.5406132756132755,
    "requested_slots_precision": 0.6778769841269842,
    "requested_slots_recall": 0.8464285714285714
  },
  "Media_2": {
    "active_intent_accuracy": 0.07301587301587302,
    "average_cat_accuracy": 0.0,
    "average_goal_accuracy": 0.25639977090492555,
    "average_noncat_accuracy": 0.30168384879725085,
    "joint_cat_accuracy": 0.47619047619047616,
    "joint_goal_accuracy": 0.00015664146031746032,
    "joint_noncat_accuracy": 0.000752683492063492,
    "requested_slots_f1": 0.6323960695389267,
    "requested_slots_precision": 0.6877777777777777,
    "requested_slots_recall": 0.8968253968253969
  },
  "Movies_2": {
    "active_intent_accuracy": 0.1590909090909091,
    "average_goal_accuracy": 0.3400137741046832,
    "average_noncat_accuracy": 0.3400137741046832,
    "joint_goal_accuracy": 0.0016325284090909088,
    "joint_noncat_accuracy": 0.0016325284090909088,
    "requested_slots_f1": 0.7119588744588744,
    "requested_slots_precision": 0.8161931818181819,
    "requested_slots_recall": 0.8863636363636364
  },
  "Music_1": {
    "active_intent_accuracy": 0.06072874493927125,
    "average_cat_accuracy": 0.0,
    "average_goal_accuracy": 0.20078357030015798,
    "average_noncat_accuracy": 0.2975,
    "joint_cat_accuracy": 0.3805668016194332,
    "joint_goal_accuracy": 0.0,
    "joint_noncat_accuracy": 8.045344129554656e-06,
    "requested_slots_f1": 0.7874493927125507,
    "requested_slots_precision": 0.9203778677462888,
    "requested_slots_recall": 0.8623481781376519
  },
  "RentalCars_1": {
    "active_intent_accuracy": 0.07926829268292683,
    "average_cat_accuracy": 0.0,
    "average_goal_accuracy": 0.20624564270152504,
    "average_noncat_accuracy": 0.2355235745614035,
    "joint_cat_accuracy": 0.4054878048780488,
    "joint_goal_accuracy": 0.0,
    "joint_noncat_accuracy": 0.00030399247256097565,
    "requested_slots_f1": 0.7697323848238482,
    "requested_slots_precision": 0.8727678571428571,
    "requested_slots_recall": 0.8902439024390244
  },
  "Restaurants_2": {
    "active_intent_accuracy": 0.07496012759170653,
    "average_cat_accuracy": 0.0,
    "average_goal_accuracy": 0.18612962281132384,
    "average_noncat_accuracy": 0.218811168681635,
    "joint_cat_accuracy": 0.430622009569378,
    "joint_goal_accuracy": 3.3116363636363636e-06,
    "joint_noncat_accuracy": 8.995265055821371e-05,
    "requested_slots_f1": 0.6587771080594047,
    "requested_slots_precision": 0.750021518442571,
    "requested_slots_recall": 0.879585326953748
  },
  "RideSharing_1": {
    "active_intent_accuracy": 0.09727626459143969,
    "average_cat_accuracy": 0.0,
    "average_goal_accuracy": 0.0649439775910364,
    "average_noncat_accuracy": 0.19862559241706162,